ISO-10303-21;
HEADER;
/* Generated by software containing ST-Developer
 * from STEP Tools, Inc. (www.steptools.com) 
 */

FILE_DESCRIPTION(
/* description */ ('STEP AP214'),
/* implementation_level */ '2;1');

FILE_NAME(
/* name */ 'Ball Socket.step',
/* time_stamp */ '2026-08-17T19:33:11+05:30',
/* author */ (''),
/* organization */ (''),
/* preprocessor_version */ 'ST-DEVELOPER v20.1',
/* originating_system */ 'Autodesk Translation Framework v15.8.0.0',
/* authorisation */ '');

FILE_SCHEMA (('AUTOMOTIVE_DESIGN { 1 0 10303 214 3 1 1 }'));
ENDSEC;

DATA;
#10=MECHANICAL_DESIGN_GEOMETRIC_PRESENTATION_REPRESENTATION('',(#13),#2124);
#11=SHAPE_REPRESENTATION_RELATIONSHIP('SRR','None',#2131,#12);
#12=ADVANCED_BREP_SHAPE_REPRESENTATION('',(#14),#2123);
#13=STYLED_ITEM('',(#2141),#14);
#14=MANIFOLD_SOLID_BREP('Body1',#395);
#15=(
BOUNDED_SURFACE()
B_SPLINE_SURFACE(1,2,((#1230,#1231,#1232,#1233,#1234,#1235,#1236,#1237,
#1238,#1239,#1240,#1241,#1242,#1243,#1244,#1245,#1246,#1247,#1248,#1249,
#1250,#1251,#1252,#1253,#1254,#1255,#1256,#1257,#1258,#1259,#1260,#1261,
#1262,#1263,#1264,#1265,#1266,#1267,#1268,#1269,#1270,#1271,#1272,#1273,
#1274,#1275,#1276,#1277,#1278,#1279,#1280,#1281,#1282,#1283,#1284,#1285,
#1286,#1287,#1288,#1289,#1290,#1291,#1292,#1293,#1294,#1295,#1296,#1297,
#1298,#1299,#1300,#1301,#1302,#1303,#1304,#1305,#1306,#1307,#1308,#1309,
#1310,#1311,#1312,#1313,#1314,#1315,#1316,#1317,#1318,#1319,#1320,#1321,
#1322,#1323,#1324,#1325,#1326,#1327,#1328,#1329,#1330,#1331,#1332,#1333,
#1334,#1335,#1336,#1337,#1338,#1339,#1340,#1341,#1342,#1343,#1344,#1345,
#1346,#1347,#1348,#1349,#1350,#1351,#1352,#1353,#1354,#1355,#1356,#1357,
#1358,#1359,#1360,#1361,#1362,#1363,#1364,#1365,#1366,#1367,#1368,#1369,
#1370,#1371,#1372,#1373,#1374,#1375,#1376,#1377,#1378,#1379,#1380,#1381,
#1382,#1383,#1384,#1385,#1386,#1387,#1388,#1389,#1390,#1391,#1392,#1393,
#1394,#1395,#1396,#1397,#1398,#1399,#1400,#1401,#1402,#1403,#1404,#1405,
#1406,#1407,#1408,#1409,#1410,#1411,#1412,#1413,#1414,#1415,#1416,#1417,
#1418,#1419,#1420,#1421,#1422,#1423,#1424,#1425,#1426,#1427,#1428,#1429,
#1430,#1431,#1432,#1433,#1434,#1435,#1436,#1437,#1438,#1439,#1440),(#1441,
#1442,#1443,#1444,#1445,#1446,#1447,#1448,#1449,#1450,#1451,#1452,#1453,
#1454,#1455,#1456,#1457,#1458,#1459,#1460,#1461,#1462,#1463,#1464,#1465,
#1466,#1467,#1468,#1469,#1470,#1471,#1472,#1473,#1474,#1475,#1476,#1477,
#1478,#1479,#1480,#1481,#1482,#1483,#1484,#1485,#1486,#1487,#1488,#1489,
#1490,#1491,#1492,#1493,#1494,#1495,#1496,#1497,#1498,#1499,#1500,#1501,
#1502,#1503,#1504,#1505,#1506,#1507,#1508,#1509,#1510,#1511,#1512,#1513,
#1514,#1515,#1516,#1517,#1518,#1519,#1520,#1521,#1522,#1523,#1524,#1525,
#1526,#1527,#1528,#1529,#1530,#1531,#1532,#1533,#1534,#1535,#1536,#1537,
#1538,#1539,#1540,#1541,#1542,#1543,#1544,#1545,#1546,#1547,#1548,#1549,
#1550,#1551,#1552,#1553,#1554,#1555,#1556,#1557,#1558,#1559,#1560,#1561,
#1562,#1563,#1564,#1565,#1566,#1567,#1568,#1569,#1570,#1571,#1572,#1573,
#1574,#1575,#1576,#1577,#1578,#1579,#1580,#1581,#1582,#1583,#1584,#1585,
#1586,#1587,#1588,#1589,#1590,#1591,#1592,#1593,#1594,#1595,#1596,#1597,
#1598,#1599,#1600,#1601,#1602,#1603,#1604,#1605,#1606,#1607,#1608,#1609,
#1610,#1611,#1612,#1613,#1614,#1615,#1616,#1617,#1618,#1619,#1620,#1621,
#1622,#1623,#1624,#1625,#1626,#1627,#1628,#1629,#1630,#1631,#1632,#1633,
#1634,#1635,#1636,#1637,#1638,#1639,#1640,#1641,#1642,#1643,#1644,#1645,
#1646,#1647,#1648,#1649,#1650,#1651)),.UNSPECIFIED.,.F.,.F.,.F.)
B_SPLINE_SURFACE_WITH_KNOTS((2,2),(3,2,2,2,2,2,2,2,2,2,2,2,2,2,2,2,2,2,
2,2,2,2,2,2,2,2,2,2,2,2,2,2,2,2,2,2,2,2,2,2,2,2,2,2,2,2,2,2,2,2,2,2,2,2,
2,2,2,2,2,2,2,2,2,2,2,2,2,2,2,2,2,2,2,2,2,2,2,2,2,2,2,2,2,2,2,2,2,2,2,2,
2,2,2,2,2,2,2,2,2,2,2,2,2,2,2,3),(0.,1.),(0.,0.00909090909090909,0.0181818181818182,
0.0272727272727273,0.0363636363636364,0.0454545454545455,0.0545454545454545,
0.0636363636363636,0.0727272727272727,0.0818181818181818,0.0909090909090909,
0.1,0.109090909090909,0.118181818181818,0.127272727272727,0.136363636363636,
0.145454545454545,0.154545454545455,0.163636363636364,0.172727272727273,
0.181818181818182,0.190909090909091,0.2,0.209090909090909,0.218181818181818,
0.227272727272727,0.236363636363636,0.245454545454545,0.254545454545455,
0.263636363636364,0.272727272727273,0.281818181818182,0.290909090909091,
0.3,0.309090909090909,0.318181818181818,0.327272727272727,0.336363636363636,
0.345454545454545,0.354545454545455,0.363636363636364,0.372727272727273,
0.381818181818182,0.390909090909091,0.4,0.409090909090909,0.418181818181818,
0.427272727272727,0.436363636363636,0.445454545454545,0.454545454545455,
0.463636363636364,0.472727272727273,0.481818181818182,0.490909090909091,
0.5,0.509090909090909,0.518181818181818,0.527272727272727,0.536363636363636,
0.545454545454545,0.554545454545455,0.563636363636364,0.572727272727273,
0.581818181818182,0.590909090909091,0.6,0.609090909090909,0.618181818181818,
0.627272727272727,0.636363636363636,0.645454545454546,0.654545454545455,
0.663636363636364,0.672727272727273,0.681818181818182,0.690909090909091,
0.7,0.709090909090909,0.718181818181818,0.727272727272727,0.736363636363636,
0.745454545454545,0.754545454545455,0.763636363636364,0.772727272727273,
0.781818181818182,0.790909090909091,0.8,0.809090909090909,0.818181818181818,
0.827272727272727,0.836363636363636,0.845454545454545,0.854545454545454,
0.863636363636364,0.872727272727273,0.881818181818182,0.890909090909091,
0.9,0.909090909090909,0.918181818181818,0.927272727272727,0.936363636363636,
0.945454545454545,0.954545454545455),.UNSPECIFIED.)
GEOMETRIC_REPRESENTATION_ITEM()
RATIONAL_B_SPLINE_SURFACE(((1.,0.951056516295154,1.,0.951056516295154,1.,
0.951056516295154,1.,0.951056516295154,1.,0.951056516295154,1.,0.951056516295154,
1.,0.951056516295154,1.,0.951056516295154,1.,0.951056516295154,1.,0.951056516295154,
1.,0.951056516295154,1.,0.951056516295154,1.,0.951056516295154,1.,0.951056516295154,
1.,0.951056516295154,1.,0.951056516295154,1.,0.951056516295154,1.,0.951056516295154,
1.,0.951056516295154,1.,0.951056516295154,1.,0.951056516295154,1.,0.951056516295154,
1.,0.951056516295154,1.,0.951056516295154,1.,0.951056516295154,1.,0.951056516295154,
1.,0.951056516295154,1.,0.951056516295154,1.,0.951056516295154,1.,0.951056516295154,
1.,0.951056516295154,1.,0.951056516295154,1.,0.951056516295154,1.,0.951056516295154,
1.,0.951056516295154,1.,0.951056516295154,1.,0.951056516295154,1.,0.951056516295154,
1.,0.951056516295154,1.,0.951056516295154,1.,0.951056516295154,1.,0.951056516295154,
1.,0.951056516295154,1.,0.951056516295154,1.,0.951056516295154,1.,0.951056516295154,
1.,0.951056516295154,1.,0.951056516295154,1.,0.951056516295154,1.,0.951056516295154,
1.,0.951056516295154,1.,0.951056516295154,1.,0.951056516295154,1.,0.951056516295154,
1.,0.951056516295154,1.,0.951056516295154,1.,0.951056516295154,1.,0.951056516295154,
1.,0.951056516295154,1.,0.951056516295154,1.,0.951056516295154,1.,0.951056516295154,
1.,0.951056516295154,1.,0.951056516295154,1.,0.951056516295154,1.,0.951056516295154,
1.,0.951056516295154,1.,0.951056516295154,1.,0.951056516295154,1.,0.951056516295154,
1.,0.951056516295154,1.,0.951056516295154,1.,0.951056516295154,1.,0.951056516295154,
1.,0.951056516295154,1.,0.951056516295154,1.,0.951056516295154,1.,0.951056516295154,
1.,0.951056516295154,1.,0.951056516295154,1.,0.951056516295154,1.,0.951056516295154,
1.,0.951056516295154,1.,0.951056516295154,1.,0.951056516295154,1.,0.951056516295154,
1.,0.951056516295154,1.,0.951056516295154,1.,0.951056516295154,1.,0.951056516295154,
1.,0.951056516295154,1.,0.951056516295154,1.,0.951056516295154,1.,0.951056516295154,
1.,0.951056516295154,1.,0.951056516295154,1.,0.951056516295154,1.,0.951056516295154,
1.,0.951056516295154,1.,0.951056516295154,1.,0.951056516295154,1.,0.951056516295154,
1.,0.951056516295154,1.,0.951056516295154,1.,0.951056516295154,1.),(1.,
0.951056516295154,1.,0.951056516295154,1.,0.951056516295154,1.,0.951056516295154,
1.,0.951056516295154,1.,0.951056516295154,1.,0.951056516295154,1.,0.951056516295154,
1.,0.951056516295154,1.,0.951056516295154,1.,0.951056516295154,1.,0.951056516295154,
1.,0.951056516295154,1.,0.951056516295154,1.,0.951056516295154,1.,0.951056516295154,
1.,0.951056516295154,1.,0.951056516295154,1.,0.951056516295154,1.,0.951056516295154,
1.,0.951056516295154,1.,0.951056516295154,1.,0.951056516295154,1.,0.951056516295154,
1.,0.951056516295154,1.,0.951056516295154,1.,0.951056516295154,1.,0.951056516295154,
1.,0.951056516295154,1.,0.951056516295154,1.,0.951056516295154,1.,0.951056516295154,
1.,0.951056516295154,1.,0.951056516295154,1.,0.951056516295154,1.,0.951056516295154,
1.,0.951056516295154,1.,0.951056516295154,1.,0.951056516295154,1.,0.951056516295154,
1.,0.951056516295154,1.,0.951056516295154,1.,0.951056516295154,1.,0.951056516295154,
1.,0.951056516295154,1.,0.951056516295154,1.,0.951056516295154,1.,0.951056516295154,
1.,0.951056516295154,1.,0.951056516295154,1.,0.951056516295154,1.,0.951056516295154,
1.,0.951056516295154,1.,0.951056516295154,1.,0.951056516295154,1.,0.951056516295154,
1.,0.951056516295154,1.,0.951056516295154,1.,0.951056516295154,1.,0.951056516295154,
1.,0.951056516295154,1.,0.951056516295154,1.,0.951056516295154,1.,0.951056516295154,
1.,0.951056516295154,1.,0.951056516295154,1.,0.951056516295154,1.,0.951056516295154,
1.,0.951056516295154,1.,0.951056516295154,1.,0.951056516295154,1.,0.951056516295154,
1.,0.951056516295154,1.,0.951056516295154,1.,0.951056516295154,1.,0.951056516295154,
1.,0.951056516295154,1.,0.951056516295154,1.,0.951056516295154,1.,0.951056516295154,
1.,0.951056516295154,1.,0.951056516295154,1.,0.951056516295154,1.,0.951056516295154,
1.,0.951056516295154,1.,0.951056516295154,1.,0.951056516295154,1.,0.951056516295154,
1.,0.951056516295154,1.,0.951056516295154,1.,0.951056516295154,1.,0.951056516295154,
1.,0.951056516295154,1.,0.951056516295154,1.,0.951056516295154,1.,0.951056516295154,
1.,0.951056516295154,1.,0.951056516295154,1.,0.951056516295154,1.,0.951056516295154,
1.,0.951056516295154,1.,0.951056516295154,1.,0.951056516295154,1.,0.951056516295154,
1.,0.951056516295154,1.)))
REPRESENTATION_ITEM('')
SURFACE()
);
#16=(
BOUNDED_SURFACE()
B_SPLINE_SURFACE(1,2,((#1680,#1681,#1682,#1683,#1684,#1685,#1686,#1687,
#1688,#1689,#1690,#1691,#1692,#1693,#1694,#1695,#1696,#1697,#1698,#1699,
#1700,#1701,#1702,#1703,#1704,#1705,#1706,#1707,#1708,#1709,#1710,#1711,
#1712,#1713,#1714,#1715,#1716,#1717,#1718,#1719,#1720,#1721,#1722,#1723,
#1724,#1725,#1726,#1727,#1728,#1729,#1730,#1731,#1732,#1733,#1734,#1735,
#1736,#1737,#1738,#1739,#1740,#1741,#1742,#1743,#1744,#1745,#1746,#1747,
#1748,#1749,#1750,#1751,#1752,#1753,#1754,#1755,#1756,#1757,#1758,#1759,
#1760,#1761,#1762,#1763,#1764,#1765,#1766,#1767,#1768,#1769,#1770,#1771,
#1772,#1773,#1774,#1775,#1776,#1777,#1778,#1779,#1780,#1781,#1782,#1783,
#1784,#1785,#1786,#1787,#1788,#1789,#1790,#1791,#1792,#1793,#1794,#1795,
#1796,#1797,#1798,#1799,#1800,#1801,#1802,#1803,#1804,#1805,#1806,#1807,
#1808,#1809,#1810,#1811,#1812,#1813,#1814,#1815,#1816,#1817,#1818,#1819,
#1820,#1821,#1822,#1823,#1824,#1825,#1826,#1827,#1828,#1829,#1830,#1831,
#1832,#1833,#1834,#1835,#1836,#1837,#1838,#1839,#1840,#1841,#1842,#1843,
#1844,#1845,#1846,#1847,#1848,#1849,#1850,#1851,#1852,#1853,#1854,#1855,
#1856,#1857,#1858,#1859,#1860,#1861,#1862,#1863,#1864,#1865,#1866,#1867,
#1868,#1869,#1870,#1871,#1872,#1873,#1874,#1875,#1876,#1877,#1878,#1879,
#1880,#1881,#1882,#1883,#1884,#1885,#1886,#1887,#1888,#1889,#1890),(#1891,
#1892,#1893,#1894,#1895,#1896,#1897,#1898,#1899,#1900,#1901,#1902,#1903,
#1904,#1905,#1906,#1907,#1908,#1909,#1910,#1911,#1912,#1913,#1914,#1915,
#1916,#1917,#1918,#1919,#1920,#1921,#1922,#1923,#1924,#1925,#1926,#1927,
#1928,#1929,#1930,#1931,#1932,#1933,#1934,#1935,#1936,#1937,#1938,#1939,
#1940,#1941,#1942,#1943,#1944,#1945,#1946,#1947,#1948,#1949,#1950,#1951,
#1952,#1953,#1954,#1955,#1956,#1957,#1958,#1959,#1960,#1961,#1962,#1963,
#1964,#1965,#1966,#1967,#1968,#1969,#1970,#1971,#1972,#1973,#1974,#1975,
#1976,#1977,#1978,#1979,#1980,#1981,#1982,#1983,#1984,#1985,#1986,#1987,
#1988,#1989,#1990,#1991,#1992,#1993,#1994,#1995,#1996,#1997,#1998,#1999,
#2000,#2001,#2002,#2003,#2004,#2005,#2006,#2007,#2008,#2009,#2010,#2011,
#2012,#2013,#2014,#2015,#2016,#2017,#2018,#2019,#2020,#2021,#2022,#2023,
#2024,#2025,#2026,#2027,#2028,#2029,#2030,#2031,#2032,#2033,#2034,#2035,
#2036,#2037,#2038,#2039,#2040,#2041,#2042,#2043,#2044,#2045,#2046,#2047,
#2048,#2049,#2050,#2051,#2052,#2053,#2054,#2055,#2056,#2057,#2058,#2059,
#2060,#2061,#2062,#2063,#2064,#2065,#2066,#2067,#2068,#2069,#2070,#2071,
#2072,#2073,#2074,#2075,#2076,#2077,#2078,#2079,#2080,#2081,#2082,#2083,
#2084,#2085,#2086,#2087,#2088,#2089,#2090,#2091,#2092,#2093,#2094,#2095,
#2096,#2097,#2098,#2099,#2100,#2101)),.UNSPECIFIED.,.F.,.F.,.F.)
B_SPLINE_SURFACE_WITH_KNOTS((2,2),(3,2,2,2,2,2,2,2,2,2,2,2,2,2,2,2,2,2,
2,2,2,2,2,2,2,2,2,2,2,2,2,2,2,2,2,2,2,2,2,2,2,2,2,2,2,2,2,2,2,2,2,2,2,2,
2,2,2,2,2,2,2,2,2,2,2,2,2,2,2,2,2,2,2,2,2,2,2,2,2,2,2,2,2,2,2,2,2,2,2,2,
2,2,2,2,2,2,2,2,2,2,2,2,2,2,2,3),(-1.07317923304472E-5,1.),(0.,0.00909090909090909,
0.0181818181818182,0.0272727272727273,0.0363636363636364,0.0454545454545455,
0.0545454545454545,0.0636363636363636,0.0727272727272727,0.0818181818181818,
0.0909090909090909,0.1,0.109090909090909,0.118181818181818,0.127272727272727,
0.136363636363636,0.145454545454545,0.154545454545455,0.163636363636364,
0.172727272727273,0.181818181818182,0.190909090909091,0.2,0.209090909090909,
0.218181818181818,0.227272727272727,0.236363636363636,0.245454545454545,
0.254545454545455,0.263636363636364,0.272727272727273,0.281818181818182,
0.290909090909091,0.3,0.309090909090909,0.318181818181818,0.327272727272727,
0.336363636363636,0.345454545454545,0.354545454545455,0.363636363636364,
0.372727272727273,0.381818181818182,0.390909090909091,0.4,0.409090909090909,
0.418181818181818,0.427272727272727,0.436363636363636,0.445454545454545,
0.454545454545455,0.463636363636364,0.472727272727273,0.481818181818182,
0.490909090909091,0.5,0.509090909090909,0.518181818181818,0.527272727272727,
0.536363636363636,0.545454545454545,0.554545454545455,0.563636363636364,
0.572727272727273,0.581818181818182,0.590909090909091,0.6,0.609090909090909,
0.618181818181818,0.627272727272727,0.636363636363636,0.645454545454546,
0.654545454545455,0.663636363636364,0.672727272727273,0.681818181818182,
0.690909090909091,0.7,0.709090909090909,0.718181818181818,0.727272727272727,
0.736363636363636,0.745454545454545,0.754545454545455,0.763636363636364,
0.772727272727273,0.781818181818182,0.790909090909091,0.8,0.809090909090909,
0.818181818181818,0.827272727272727,0.836363636363636,0.845454545454545,
0.854545454545454,0.863636363636364,0.872727272727273,0.881818181818182,
0.890909090909091,0.9,0.909090909090909,0.918181818181818,0.927272727272727,
0.936363636363636,0.945454545454545,0.954545454545455),.UNSPECIFIED.)
GEOMETRIC_REPRESENTATION_ITEM()
RATIONAL_B_SPLINE_SURFACE(((1.,0.951056516295154,1.,0.951056516295154,1.,
0.951056516295154,1.,0.951056516295154,1.,0.951056516295154,1.,0.951056516295154,
1.,0.951056516295154,1.,0.951056516295154,1.,0.951056516295154,1.,0.951056516295154,
1.,0.951056516295154,1.,0.951056516295154,1.,0.951056516295154,1.,0.951056516295154,
1.,0.951056516295154,1.,0.951056516295154,1.,0.951056516295154,1.,0.951056516295154,
1.,0.951056516295154,1.,0.951056516295154,1.,0.951056516295154,1.,0.951056516295154,
1.,0.951056516295154,1.,0.951056516295154,1.,0.951056516295154,1.,0.951056516295154,
1.,0.951056516295154,1.,0.951056516295154,1.,0.951056516295154,1.,0.951056516295154,
1.,0.951056516295154,1.,0.951056516295154,1.,0.951056516295154,1.,0.951056516295154,
1.,0.951056516295154,1.,0.951056516295154,1.,0.951056516295154,1.,0.951056516295154,
1.,0.951056516295154,1.,0.951056516295154,1.,0.951056516295154,1.,0.951056516295154,
1.,0.951056516295154,1.,0.951056516295154,1.,0.951056516295154,1.,0.951056516295154,
1.,0.951056516295154,1.,0.951056516295154,1.,0.951056516295154,1.,0.951056516295154,
1.,0.951056516295154,1.,0.951056516295154,1.,0.951056516295154,1.,0.951056516295154,
1.,0.951056516295154,1.,0.951056516295154,1.,0.951056516295154,1.,0.951056516295154,
1.,0.951056516295154,1.,0.951056516295154,1.,0.951056516295154,1.,0.951056516295154,
1.,0.951056516295154,1.,0.951056516295154,1.,0.951056516295154,1.,0.951056516295154,
1.,0.951056516295154,1.,0.951056516295154,1.,0.951056516295154,1.,0.951056516295154,
1.,0.951056516295154,1.,0.951056516295154,1.,0.951056516295154,1.,0.951056516295154,
1.,0.951056516295154,1.,0.951056516295154,1.,0.951056516295154,1.,0.951056516295154,
1.,0.951056516295154,1.,0.951056516295154,1.,0.951056516295154,1.,0.951056516295154,
1.,0.951056516295154,1.,0.951056516295154,1.,0.951056516295154,1.,0.951056516295154,
1.,0.951056516295154,1.,0.951056516295154,1.,0.951056516295154,1.,0.951056516295154,
1.,0.951056516295154,1.,0.951056516295154,1.,0.951056516295154,1.,0.951056516295154,
1.,0.951056516295154,1.,0.951056516295154,1.,0.951056516295154,1.,0.951056516295154,
1.,0.951056516295154,1.,0.951056516295154,1.,0.951056516295154,1.,0.951056516295154,
1.,0.951056516295154,1.,0.951056516295154,1.,0.951056516295154,1.),(1.,
0.951056516295154,1.,0.951056516295154,1.,0.951056516295154,1.,0.951056516295154,
1.,0.951056516295154,1.,0.951056516295154,1.,0.951056516295154,1.,0.951056516295154,
1.,0.951056516295154,1.,0.951056516295154,1.,0.951056516295154,1.,0.951056516295154,
1.,0.951056516295154,1.,0.951056516295154,1.,0.951056516295154,1.,0.951056516295154,
1.,0.951056516295154,1.,0.951056516295154,1.,0.951056516295154,1.,0.951056516295154,
1.,0.951056516295154,1.,0.951056516295154,1.,0.951056516295154,1.,0.951056516295154,
1.,0.951056516295154,1.,0.951056516295154,1.,0.951056516295154,1.,0.951056516295154,
1.,0.951056516295154,1.,0.951056516295154,1.,0.951056516295154,1.,0.951056516295154,
1.,0.951056516295154,1.,0.951056516295154,1.,0.951056516295154,1.,0.951056516295154,
1.,0.951056516295154,1.,0.951056516295154,1.,0.951056516295154,1.,0.951056516295154,
1.,0.951056516295154,1.,0.951056516295154,1.,0.951056516295154,1.,0.951056516295154,
1.,0.951056516295154,1.,0.951056516295154,1.,0.951056516295154,1.,0.951056516295154,
1.,0.951056516295154,1.,0.951056516295154,1.,0.951056516295154,1.,0.951056516295154,
1.,0.951056516295154,1.,0.951056516295154,1.,0.951056516295154,1.,0.951056516295154,
1.,0.951056516295154,1.,0.951056516295154,1.,0.951056516295154,1.,0.951056516295154,
1.,0.951056516295154,1.,0.951056516295154,1.,0.951056516295154,1.,0.951056516295154,
1.,0.951056516295154,1.,0.951056516295154,1.,0.951056516295154,1.,0.951056516295154,
1.,0.951056516295154,1.,0.951056516295154,1.,0.951056516295154,1.,0.951056516295154,
1.,0.951056516295154,1.,0.951056516295154,1.,0.951056516295154,1.,0.951056516295154,
1.,0.951056516295154,1.,0.951056516295154,1.,0.951056516295154,1.,0.951056516295154,
1.,0.951056516295154,1.,0.951056516295154,1.,0.951056516295154,1.,0.951056516295154,
1.,0.951056516295154,1.,0.951056516295154,1.,0.951056516295154,1.,0.951056516295154,
1.,0.951056516295154,1.,0.951056516295154,1.,0.951056516295154,1.,0.951056516295154,
1.,0.951056516295154,1.,0.951056516295154,1.,0.951056516295154,1.,0.951056516295154,
1.,0.951056516295154,1.,0.951056516295154,1.,0.951056516295154,1.,0.951056516295154,
1.,0.951056516295154,1.,0.951056516295154,1.,0.951056516295154,1.,0.951056516295154,
1.,0.951056516295154,1.)))
REPRESENTATION_ITEM('')
SURFACE()
);
#17=CONICAL_SURFACE('',#433,14.8,0.785398163397454);
#18=SPHERICAL_SURFACE('',#430,10.1);
#19=FACE_BOUND('',#76,.T.);
#20=FACE_BOUND('',#87,.T.);
#21=FACE_BOUND('',#89,.T.);
#22=FACE_BOUND('',#91,.T.);
#23=PLANE('',#422);
#24=PLANE('',#442);
#25=PLANE('',#443);
#26=PLANE('',#444);
#27=B_SPLINE_CURVE_WITH_KNOTS('',3,(#788,#789,#790,#791,#792,#793,#794,
#795,#796,#797,#798,#799,#800,#801,#802,#803,#804,#805,#806,#807,#808,#809,
#810,#811,#812,#813,#814,#815,#816,#817,#818,#819),.UNSPECIFIED.,.F.,.F.,
(4,2,2,2,2,2,2,2,2,2,2,2,2,2,2,4),(-8.11100165854561,-7.75440675430163,
-7.17734780756084,-6.60886710108968,-6.02819996964956,-5.45736138851029,
-4.88526462617193,-4.30174265268739,-3.73358966782293,-3.15661736587519,
-2.58171792502416,-2.01259930828891,-1.43048563086162,-0.860779640213078,
-0.427604301044784,-9.99999997475243E-7),.UNSPECIFIED.);
#28=B_SPLINE_CURVE_WITH_KNOTS('',3,(#822,#823,#824,#825,#826,#827,#828,
#829,#830,#831,#832,#833,#834,#835,#836,#837,#838,#839,#840,#841,#842,#843,
#844,#845,#846,#847,#848,#849),.UNSPECIFIED.,.F.,.F.,(4,2,2,2,2,2,2,2,2,
2,2,2,2,4),(-43.0918013435562,-42.6592244322785,-42.2253598695232,-41.6558733481949,
-41.0817496179404,-40.5041828499732,-39.9361041491377,-39.353720905975,
-38.7810728703848,-38.2107014454433,-37.6294567662333,-37.0607517518041,
-36.4845589455452,-36.1420715677113),.UNSPECIFIED.);
#29=B_SPLINE_CURVE_WITH_KNOTS('',3,(#854,#855,#856,#857,#858,#859,#860,
#861,#862,#863,#864,#865,#866,#867,#868,#869,#870,#871,#872,#873,#874,#875,
#876,#877,#878,#879,#880,#881,#882,#883,#884,#885,#886,#887,#888,#889),
 .UNSPECIFIED.,.F.,.F.,(4,2,2,2,2,2,2,2,2,2,2,2,2,2,2,2,2,4),(-17.3786388901974,
-16.9502019962595,-16.3680628503243,-15.8000065890943,-15.2223303549083,
-14.6483742507663,-14.0788189639806,-13.4959840723061,-12.9267124596505,
-12.3525593243152,-11.7731321809607,-11.2050317404479,-10.6258582819264,
-10.0536448390647,-9.48293232474282,-8.89857960413218,-8.32998274090223,
-8.11100165854561),.UNSPECIFIED.);
#30=B_SPLINE_CURVE_WITH_KNOTS('',3,(#890,#891,#892,#893,#894,#895,#896,
#897,#898,#899,#900,#901,#902,#903,#904,#905,#906,#907,#908,#909,#910,#911,
#912,#913,#914,#915,#916,#917,#918,#919,#920,#921,#922,#923,#924,#925),
 .UNSPECIFIED.,.F.,.F.,(4,2,2,2,2,2,2,2,2,2,2,2,2,2,2,2,2,4),(-36.1420715677113,
-35.908427612479,-35.340027859951,-34.7550780861926,-34.1838246901792,-33.6122345971614,
-33.0324663737689,-32.464266744009,-31.8858680498896,-31.3111516365896,
-30.7422119573733,-30.1587770006727,-29.5888067356635,-29.0156191863406,
-28.4373536762529,-27.8693383065998,-27.288356392944,-26.8746099280236),
 .UNSPECIFIED.);
#31=B_SPLINE_CURVE_WITH_KNOTS('',3,(#930,#931,#932,#933,#934,#935,#936,
#937,#938,#939,#940,#941,#942,#943,#944,#945,#946,#947,#948,#949,#950,#951,
#952,#953,#954,#955,#956,#957,#958,#959,#960,#961,#962,#963,#964,#965),
 .UNSPECIFIED.,.F.,.F.,(4,2,2,2,2,2,2,2,2,2,2,2,2,2,2,2,2,4),(-26.6460816745404,
-26.1474292571087,-25.57471950968,-25.004492058143,-24.4231807092136,-23.8544754491236,
-23.2785106568332,-22.7023164041042,-22.1340044080589,-21.5489637097841,
-20.9639026132681,-20.3955515668939,-19.8193177247548,-19.2433133539575,
-18.6745690179935,-18.0932177281186,-17.5229510936992,-17.3786388901974),
 .UNSPECIFIED.);
#32=B_SPLINE_CURVE_WITH_KNOTS('',3,(#966,#967,#968,#969,#970,#971,#972,
#973,#974,#975,#976,#977,#978,#979,#980,#981,#982,#983,#984,#985,#986,#987,
#988,#989,#990,#991,#992,#993,#994,#995,#996,#997,#998,#999,#1000,#1001),
 .UNSPECIFIED.,.F.,.F.,(4,2,2,2,2,2,2,2,2,2,2,2,2,2,2,2,2,4),(-26.8746099280236,
-26.7150583736712,-26.1452504426743,-25.5633201576677,-24.9943062484569,
-24.4191844207679,-23.8423905822288,-23.2742156692811,-22.690369514631,
-22.1184381871092,-21.5474670273196,-20.9713667389043,-20.3951488768444,
-19.826462400233,-19.2452496701906,-18.6748691304758,-18.1022518193109,
-17.6070377619237),.UNSPECIFIED.);
#33=B_SPLINE_CURVE_WITH_KNOTS('',3,(#1006,#1007,#1008,#1009,#1010,#1011,
#1012,#1013,#1014,#1015,#1016,#1017,#1018,#1019,#1020,#1021,#1022,#1023,
#1024,#1025,#1026,#1027,#1028,#1029,#1030,#1031,#1032,#1033,#1034,#1035,
#1036,#1037,#1038,#1039,#1040,#1041),.UNSPECIFIED.,.F.,.F.,(4,2,2,2,2,2,
2,2,2,2,2,2,2,2,2,2,2,4),(-35.9128868856571,-35.3425927286501,-34.7670562422745,
-34.1984984463389,-33.6141858727998,-33.0435125686466,-32.4713384430044,
-31.8922047757166,-31.3241433674006,-30.7447560382487,-30.170642349328,
-29.6014098507783,-29.0186150018961,-28.4490988462101,-27.8751821794912,
-27.297545633704,-26.7295284021071,-26.6460816745404),.UNSPECIFIED.);
#34=B_SPLINE_CURVE_WITH_KNOTS('',3,(#1042,#1043,#1044,#1045,#1046,#1047,
#1048,#1049,#1050,#1051,#1052,#1053,#1054,#1055,#1056,#1057,#1058,#1059,
#1060,#1061,#1062,#1063,#1064,#1065,#1066,#1067,#1068,#1069,#1070,#1071,
#1072,#1073,#1074,#1075,#1076,#1077),.UNSPECIFIED.,.F.,.F.,(4,2,2,2,2,2,
2,2,2,2,2,2,2,2,2,2,2,4),(-17.6070377619237,-17.519832900404,-16.9517608445843,
-16.3742265313823,-15.8000816301869,-15.2306193400759,-14.6479294813605,
-14.0785730549302,-13.5045565059476,-12.9248775868134,-12.35679498657,-11.7777662106713,
-11.2053972067394,-10.6348093964159,-10.0506024253052,-9.48195289554159,
-8.90651285625488,-8.33958062575038),.UNSPECIFIED.);
#35=B_SPLINE_CURVE_WITH_KNOTS('',3,(#1099,#1100,#1101,#1102,#1103,#1104,
#1105,#1106,#1107,#1108,#1109,#1110),.UNSPECIFIED.,.F.,.F.,(4,2,2,2,2,4),
(-2.02528433267787,-1.69055853277132,-1.34250571947755,-0.809862497974667,
-0.403872664911201,-9.99999998363421E-7),.UNSPECIFIED.);
#36=B_SPLINE_CURVE_WITH_KNOTS('',3,(#1114,#1115,#1116,#1117,#1118,#1119,
#1120,#1121,#1122,#1123,#1124,#1125,#1126,#1127,#1128,#1129,#1130,#1131,
#1132,#1133,#1134,#1135,#1136,#1137,#1138,#1139,#1140,#1141),
 .UNSPECIFIED.,.F.,.F.,(4,2,2,2,2,2,2,2,2,2,2,2,2,4),(-7.58429185689875,
-7.28411716840443,-6.97700586905327,-6.41346380056977,-6.1333033480331,
-5.57038006675739,-5.2977476096103,-4.73144529078321,-4.16906187117514,
-3.89225237431763,-3.34095386230395,-2.80214408924474,-2.25390453631407,
-2.19003733375691),.UNSPECIFIED.);
#37=B_SPLINE_CURVE_WITH_KNOTS('',3,(#1145,#1146,#1147,#1148,#1149,#1150,
#1151,#1152,#1153,#1154,#1155,#1156,#1157,#1158),.UNSPECIFIED.,.F.,.F.,
(4,2,2,2,2,2,4),(-2.19003733375691,-1.98376935239293,-1.4375656798316,-0.899325460538403,
-0.671465942263125,-0.338991590545425,0.),.UNSPECIFIED.);
#38=B_SPLINE_CURVE_WITH_KNOTS('',3,(#1166,#1167,#1168,#1169,#1170,#1171,
#1172,#1173,#1174,#1175,#1176,#1177,#1178,#1179,#1180,#1181,#1182,#1183,
#1184,#1185,#1186,#1187,#1188,#1189,#1190,#1191,#1192,#1193,#1194,#1195,
#1196,#1197,#1198,#1199),.UNSPECIFIED.,.F.,.F.,(4,2,2,2,2,2,2,2,2,2,2,2,
2,2,2,2,4),(-8.33958062575038,-8.32923927545138,-7.76080753292994,-7.18028218714425,
-6.60932507794276,-6.03736404436269,-5.45355981603423,-4.88538285422939,
-4.30855734129218,-3.73346269906984,-3.16442821953101,-2.58246547227527,
-2.01266717596303,-1.43933811848822,-0.858394489284135,-0.429963653609926,
0.),.UNSPECIFIED.);
#39=B_SPLINE_CURVE_WITH_KNOTS('',3,(#1200,#1201,#1202,#1203,#1204,#1205,
#1206,#1207,#1208,#1209,#1210,#1211,#1212,#1213,#1214,#1215,#1216,#1217,
#1218,#1219,#1220,#1221,#1222,#1223,#1224,#1225,#1226,#1227,#1228,#1229),
 .UNSPECIFIED.,.F.,.F.,(4,2,2,2,2,2,2,2,2,2,2,2,2,2,4),(-43.0964656551659,
-42.6688917400017,-42.235746169252,-41.6660793317135,-41.0840056567122,
-40.5149261502564,-39.9400662208622,-39.3631335680666,-38.7950196286308,
-38.2115377603892,-37.639480312295,-37.0686809624712,-36.4880537341701,
-35.9196120946307,-35.9128868856571),.UNSPECIFIED.);
#40=B_SPLINE_CURVE_WITH_KNOTS('',3,(#1653,#1654,#1655,#1656,#1657,#1658,
#1659,#1660,#1661,#1662,#1663,#1664,#1665,#1666,#1667,#1668,#1669,#1670,
#1671,#1672),.UNSPECIFIED.,.F.,.F.,(4,2,2,2,2,2,2,2,2,4),(0.,0.285451414726263,
0.563031677724724,1.09546264317988,1.3421175665163,1.58793613143906,1.83312935537163,
2.19948531988735,2.38233568488452,2.56738449661108),.UNSPECIFIED.);
#41=B_SPLINE_CURVE_WITH_KNOTS('',3,(#2102,#2103,#2104,#2105,#2106,#2107,
#2108,#2109,#2110,#2111,#2112,#2113,#2114,#2115,#2116,#2117),
 .UNSPECIFIED.,.F.,.F.,(4,2,2,2,2,2,2,4),(0.,0.206205148450589,0.419792439025347,
0.8409830061716,1.44569866850408,2.09952959913069,2.59653915551811,3.08868531129767),
 .UNSPECIFIED.);
#42=FACE_OUTER_BOUND('',#65,.T.);
#43=FACE_OUTER_BOUND('',#66,.T.);
#44=FACE_OUTER_BOUND('',#67,.T.);
#45=FACE_OUTER_BOUND('',#68,.T.);
#46=FACE_OUTER_BOUND('',#69,.T.);
#47=FACE_OUTER_BOUND('',#70,.T.);
#48=FACE_OUTER_BOUND('',#71,.T.);
#49=FACE_OUTER_BOUND('',#72,.T.);
#50=FACE_OUTER_BOUND('',#73,.T.);
#51=FACE_OUTER_BOUND('',#74,.T.);
#52=FACE_OUTER_BOUND('',#75,.T.);
#53=FACE_OUTER_BOUND('',#77,.T.);
#54=FACE_OUTER_BOUND('',#78,.T.);
#55=FACE_OUTER_BOUND('',#79,.T.);
#56=FACE_OUTER_BOUND('',#80,.T.);
#57=FACE_OUTER_BOUND('',#81,.T.);
#58=FACE_OUTER_BOUND('',#82,.T.);
#59=FACE_OUTER_BOUND('',#83,.T.);
#60=FACE_OUTER_BOUND('',#84,.T.);
#61=FACE_OUTER_BOUND('',#85,.T.);
#62=FACE_OUTER_BOUND('',#86,.T.);
#63=FACE_OUTER_BOUND('',#88,.T.);
#64=FACE_OUTER_BOUND('',#90,.T.);
#65=EDGE_LOOP('',(#243,#244,#245,#246));
#66=EDGE_LOOP('',(#247,#248,#249,#250));
#67=EDGE_LOOP('',(#251,#252,#253,#254));
#68=EDGE_LOOP('',(#255,#256,#257,#258));
#69=EDGE_LOOP('',(#259,#260,#261,#262));
#70=EDGE_LOOP('',(#263,#264,#265,#266,#267));
#71=EDGE_LOOP('',(#268,#269,#270,#271));
#72=EDGE_LOOP('',(#272,#273,#274,#275));
#73=EDGE_LOOP('',(#276,#277,#278,#279));
#74=EDGE_LOOP('',(#280,#281,#282,#283));
#75=EDGE_LOOP('',(#284));
#76=EDGE_LOOP('',(#285));
#77=EDGE_LOOP('',(#286,#287,#288,#289,#290));
#78=EDGE_LOOP('',(#291,#292,#293,#294));
#79=EDGE_LOOP('',(#295,#296,#297,#298,#299));
#80=EDGE_LOOP('',(#300,#301,#302,#303,#304,#305,#306,#307));
#81=EDGE_LOOP('',(#308,#309,#310,#311));
#82=EDGE_LOOP('',(#312,#313,#314,#315));
#83=EDGE_LOOP('',(#316,#317,#318,#319,#320,#321,#322,#323,#324,#325,#326,
#327,#328,#329,#330));
#84=EDGE_LOOP('',(#331,#332,#333));
#85=EDGE_LOOP('',(#334,#335,#336,#337,#338,#339,#340,#341,#342,#343,#344,
#345,#346));
#86=EDGE_LOOP('',(#347));
#87=EDGE_LOOP('',(#348));
#88=EDGE_LOOP('',(#349));
#89=EDGE_LOOP('',(#350,#351,#352,#353,#354));
#90=EDGE_LOOP('',(#355));
#91=EDGE_LOOP('',(#356));
#92=CIRCLE('',#410,13.61746825);
#93=CIRCLE('',#416,13.61746825);
#94=CIRCLE('',#418,14.7);
#95=CIRCLE('',#423,5.);
#96=CIRCLE('',#424,3.00000005960464);
#97=CIRCLE('',#426,5.);
#98=CIRCLE('',#427,5.);
#99=CIRCLE('',#429,3.00000005960464);
#100=CIRCLE('',#431,10.1);
#101=CIRCLE('',#432,10.1);
#102=CIRCLE('',#434,14.7);
#103=CIRCLE('',#435,13.);
#104=CIRCLE('',#437,15.);
#105=CIRCLE('',#438,15.);
#106=CIRCLE('',#441,13.61746825);
#107=(
BOUNDED_CURVE()
B_SPLINE_CURVE(2,(#539,#540,#541,#542,#543,#544,#545),.UNSPECIFIED.,.F.,
 .F.)
B_SPLINE_CURVE_WITH_KNOTS((3,2,2,3),(0.204211435109839,0.209090909090909,
0.218181818181818,0.227272727272727),.UNSPECIFIED.)
CURVE()
GEOMETRIC_REPRESENTATION_ITEM()
RATIONAL_B_SPLINE_CURVE((0.975660404055788,0.973729969919121,1.,0.951056516295154,
1.,0.951056516295154,1.))
REPRESENTATION_ITEM('')
);
#108=(
BOUNDED_CURVE()
B_SPLINE_CURVE(2,(#548,#549,#550),.UNSPECIFIED.,.F.,.F.)
B_SPLINE_CURVE_WITH_KNOTS((3,3),(0.226914814736727,0.227272727272727),
 .UNSPECIFIED.)
CURVE()
GEOMETRIC_REPRESENTATION_ITEM()
RATIONAL_B_SPLINE_CURVE((0.996297880414762,0.998073076498916,1.))
REPRESENTATION_ITEM('')
);
#109=(
BOUNDED_CURVE()
B_SPLINE_CURVE(2,(#555,#556,#557,#558,#559,#560,#561,#562,#563,#564,#565,
#566,#567,#568,#569,#570,#571,#572,#573,#574,#575),.UNSPECIFIED.,.F.,.F.)
B_SPLINE_CURVE_WITH_KNOTS((3,2,2,2,2,2,2,2,2,2,3),(0.227272727272727,0.236363636363636,
0.245454545454545,0.254545454545455,0.263636363636364,0.272727272727273,
0.281818181818182,0.290909090909091,0.3,0.309090909090909,0.318181818181818),
 .UNSPECIFIED.)
CURVE()
GEOMETRIC_REPRESENTATION_ITEM()
RATIONAL_B_SPLINE_CURVE((1.,0.951056516295154,1.,0.951056516295154,1.,0.951056516295154,
1.,0.951056516295154,1.,0.951056516295154,1.,0.951056516295154,1.,0.951056516295154,
1.,0.951056516295154,1.,0.951056516295154,1.,0.951056516295154,1.))
REPRESENTATION_ITEM('')
);
#110=(
BOUNDED_CURVE()
B_SPLINE_CURVE(2,(#576,#577,#578,#579,#580,#581,#582,#583,#584,#585,#586,
#587,#588,#589,#590,#591,#592,#593,#594,#595,#596),.UNSPECIFIED.,.F.,.F.)
B_SPLINE_CURVE_WITH_KNOTS((3,2,2,2,2,2,2,2,2,2,3),(0.227272727272727,0.236363636363636,
0.245454545454545,0.254545454545455,0.263636363636364,0.272727272727273,
0.281818181818182,0.290909090909091,0.3,0.309090909090909,0.318181818181818),
 .UNSPECIFIED.)
CURVE()
GEOMETRIC_REPRESENTATION_ITEM()
RATIONAL_B_SPLINE_CURVE((1.,0.951056516295154,1.,0.951056516295154,1.,0.951056516295154,
1.,0.951056516295154,1.,0.951056516295154,1.,0.951056516295154,1.,0.951056516295154,
1.,0.951056516295154,1.,0.951056516295154,1.,0.951056516295154,1.))
REPRESENTATION_ITEM('')
);
#111=(
BOUNDED_CURVE()
B_SPLINE_CURVE(2,(#601,#602,#603,#604,#605,#606,#607,#608,#609,#610,#611,
#612,#613,#614,#615,#616,#617,#618,#619,#620,#621),.UNSPECIFIED.,.F.,.F.)
B_SPLINE_CURVE_WITH_KNOTS((3,2,2,2,2,2,2,2,2,2,3),(0.318181818181818,0.327272727272727,
0.336363636363636,0.345454545454545,0.354545454545455,0.363636363636364,
0.372727272727273,0.381818181818182,0.390909090909091,0.4,0.409090909090909),
 .UNSPECIFIED.)
CURVE()
GEOMETRIC_REPRESENTATION_ITEM()
RATIONAL_B_SPLINE_CURVE((1.,0.951056516295154,1.,0.951056516295154,1.,0.951056516295154,
1.,0.951056516295154,1.,0.951056516295154,1.,0.951056516295154,1.,0.951056516295154,
1.,0.951056516295154,1.,0.951056516295154,1.,0.951056516295154,1.))
REPRESENTATION_ITEM('')
);
#112=(
BOUNDED_CURVE()
B_SPLINE_CURVE(2,(#622,#623,#624,#625,#626,#627,#628,#629,#630,#631,#632,
#633,#634,#635,#636,#637,#638,#639,#640,#641,#642),.UNSPECIFIED.,.F.,.F.)
B_SPLINE_CURVE_WITH_KNOTS((3,2,2,2,2,2,2,2,2,2,3),(0.318181818181818,0.327272727272727,
0.336363636363636,0.345454545454545,0.354545454545455,0.363636363636364,
0.372727272727273,0.381818181818182,0.390909090909091,0.4,0.409090909090909),
 .UNSPECIFIED.)
CURVE()
GEOMETRIC_REPRESENTATION_ITEM()
RATIONAL_B_SPLINE_CURVE((1.,0.951056516295154,1.,0.951056516295154,1.,0.951056516295154,
1.,0.951056516295154,1.,0.951056516295154,1.,0.951056516295154,1.,0.951056516295154,
1.,0.951056516295154,1.,0.951056516295154,1.,0.951056516295154,1.))
REPRESENTATION_ITEM('')
);
#113=(
BOUNDED_CURVE()
B_SPLINE_CURVE(2,(#647,#648,#649,#650,#651,#652,#653,#654,#655,#656,#657,
#658,#659,#660,#661,#662,#663,#664,#665,#666,#667),.UNSPECIFIED.,.F.,.F.)
B_SPLINE_CURVE_WITH_KNOTS((3,2,2,2,2,2,2,2,2,2,3),(0.409090909090909,0.418181818181818,
0.427272727272727,0.436363636363636,0.445454545454545,0.454545454545454,
0.463636363636364,0.472727272727273,0.481818181818182,0.490909090909091,
0.5),.UNSPECIFIED.)
CURVE()
GEOMETRIC_REPRESENTATION_ITEM()
RATIONAL_B_SPLINE_CURVE((1.,0.951056516295154,1.,0.951056516295154,1.,0.951056516295154,
1.,0.951056516295154,1.,0.951056516295154,1.,0.951056516295154,1.,0.951056516295154,
1.,0.951056516295154,1.,0.951056516295154,1.,0.951056516295154,1.))
REPRESENTATION_ITEM('')
);
#114=(
BOUNDED_CURVE()
B_SPLINE_CURVE(2,(#668,#669,#670,#671,#672,#673,#674,#675,#676,#677,#678,
#679,#680,#681,#682,#683,#684,#685,#686,#687,#688),.UNSPECIFIED.,.F.,.F.)
B_SPLINE_CURVE_WITH_KNOTS((3,2,2,2,2,2,2,2,2,2,3),(0.409090909090909,0.418181818181818,
0.427272727272727,0.436363636363636,0.445454545454545,0.454545454545455,
0.463636363636364,0.472727272727273,0.481818181818182,0.490909090909091,
0.5),.UNSPECIFIED.)
CURVE()
GEOMETRIC_REPRESENTATION_ITEM()
RATIONAL_B_SPLINE_CURVE((1.,0.951056516295154,1.,0.951056516295154,1.,0.951056516295154,
1.,0.951056516295154,1.,0.951056516295154,1.,0.951056516295154,1.,0.951056516295154,
1.,0.951056516295154,1.,0.951056516295154,1.,0.951056516295154,1.))
REPRESENTATION_ITEM('')
);
#115=(
BOUNDED_CURVE()
B_SPLINE_CURVE(2,(#693,#694,#695,#696,#697,#698,#699,#700,#701,#702,#703,
#704,#705,#706,#707,#708,#709,#710,#711,#712,#713),.UNSPECIFIED.,.F.,.F.)
B_SPLINE_CURVE_WITH_KNOTS((3,2,2,2,2,2,2,2,2,2,3),(0.5,0.509090909090909,
0.518181818181818,0.527272727272727,0.536363636363636,0.545454545454545,
0.554545454545455,0.563636363636364,0.572727272727273,0.581818181818182,
0.590909090909091),.UNSPECIFIED.)
CURVE()
GEOMETRIC_REPRESENTATION_ITEM()
RATIONAL_B_SPLINE_CURVE((1.,0.951056516295154,1.,0.951056516295154,1.,0.951056516295154,
1.,0.951056516295154,1.,0.951056516295154,1.,0.951056516295154,1.,0.951056516295154,
1.,0.951056516295154,1.,0.951056516295154,1.,0.951056516295154,1.))
REPRESENTATION_ITEM('')
);
#116=(
BOUNDED_CURVE()
B_SPLINE_CURVE(2,(#714,#715,#716,#717,#718,#719,#720,#721,#722,#723,#724,
#725,#726,#727,#728,#729,#730,#731,#732,#733,#734),.UNSPECIFIED.,.F.,.F.)
B_SPLINE_CURVE_WITH_KNOTS((3,2,2,2,2,2,2,2,2,2,3),(0.5,0.509090909090909,
0.518181818181818,0.527272727272727,0.536363636363636,0.545454545454545,
0.554545454545455,0.563636363636364,0.572727272727273,0.581818181818182,
0.590909090909091),.UNSPECIFIED.)
CURVE()
GEOMETRIC_REPRESENTATION_ITEM()
RATIONAL_B_SPLINE_CURVE((1.,0.951056516295154,1.,0.951056516295154,1.,0.951056516295154,
1.,0.951056516295154,1.,0.951056516295154,1.,0.951056516295154,1.,0.951056516295154,
1.,0.951056516295154,1.,0.951056516295154,1.,0.951056516295154,1.))
REPRESENTATION_ITEM('')
);
#117=(
BOUNDED_CURVE()
B_SPLINE_CURVE(2,(#741,#742,#743,#744,#745,#746,#747,#748,#749,#750,#751,
#752,#753,#754,#755,#756,#757,#758,#759,#760,#761),.UNSPECIFIED.,.F.,.F.)
B_SPLINE_CURVE_WITH_KNOTS((3,2,2,2,2,2,2,2,2,2,3),(0.590909090909091,0.6,
0.609090909090909,0.618181818181818,0.627272727272727,0.636363636363636,
0.645454545454546,0.654545454545455,0.663636363636364,0.672727272727273,
0.676162513576804),.UNSPECIFIED.)
CURVE()
GEOMETRIC_REPRESENTATION_ITEM()
RATIONAL_B_SPLINE_CURVE((1.,0.951056516295154,1.,0.951056516295154,1.,0.951056516295154,
1.,0.951056516295154,1.,0.951056516295154,1.,0.951056516295154,1.,0.951056516295154,
1.,0.951056516295154,1.,0.951056516295154,1.,0.981505408000463,0.976988159146014))
REPRESENTATION_ITEM('')
);
#118=(
BOUNDED_CURVE()
B_SPLINE_CURVE(2,(#762,#763,#764,#765,#766,#767,#768,#769,#770,#771,#772,
#773,#774,#775,#776,#777,#778,#779,#780,#781,#782),.UNSPECIFIED.,.F.,.F.)
B_SPLINE_CURVE_WITH_KNOTS((3,2,2,2,2,2,2,2,2,2,3),(0.590909090909091,0.6,
0.609090909090909,0.618181818181818,0.627272727272727,0.636363636363636,
0.645454545454546,0.654545454545455,0.663636363636364,0.672727272727273,
0.681818181818182),.UNSPECIFIED.)
CURVE()
GEOMETRIC_REPRESENTATION_ITEM()
RATIONAL_B_SPLINE_CURVE((1.,0.951056516295154,1.,0.951056516295154,1.,0.951056516295154,
1.,0.951056516295154,1.,0.951056516295154,1.,0.951056516295154,1.,0.951056516295154,
1.,0.951056516295154,1.,0.951056516295154,1.,0.951056516295154,1.))
REPRESENTATION_ITEM('')
);
#119=(
BOUNDED_CURVE()
B_SPLINE_CURVE(2,(#1673,#1674,#1675,#1676,#1677),.UNSPECIFIED.,.F.,.F.)
B_SPLINE_CURVE_WITH_KNOTS((3,2,3),(0.681818181818182,0.690909090909091,
0.698826109998342),.UNSPECIFIED.)
CURVE()
GEOMETRIC_REPRESENTATION_ITEM()
RATIONAL_B_SPLINE_CURVE((1.,0.951056516295154,1.,0.957376485573572,0.988992230167442))
REPRESENTATION_ITEM('')
);
#120=LINE('',#537,#134);
#121=LINE('',#554,#135);
#122=LINE('',#600,#136);
#123=LINE('',#646,#137);
#124=LINE('',#692,#138);
#125=LINE('',#738,#139);
#126=LINE('',#786,#140);
#127=LINE('',#853,#141);
#128=LINE('',#929,#142);
#129=LINE('',#1005,#143);
#130=LINE('',#1087,#144);
#131=LINE('',#1092,#145);
#132=LINE('',#1143,#146);
#133=LINE('',#1163,#147);
#134=VECTOR('',#449,13.61746825);
#135=VECTOR('',#454,13.61746825);
#136=VECTOR('',#457,13.61746825);
#137=VECTOR('',#460,13.61746825);
#138=VECTOR('',#463,13.61746825);
#139=VECTOR('',#466,13.61746825);
#140=VECTOR('',#471,14.7);
#141=VECTOR('',#476,14.7);
#142=VECTOR('',#479,14.7);
#143=VECTOR('',#482,14.7);
#144=VECTOR('',#493,5.);
#145=VECTOR('',#500,4.00000005960464);
#146=VECTOR('',#511,14.8);
#147=VECTOR('',#518,15.);
#148=VERTEX_POINT('',#535);
#149=VERTEX_POINT('',#536);
#150=VERTEX_POINT('',#538);
#151=VERTEX_POINT('',#546);
#152=VERTEX_POINT('',#552);
#153=VERTEX_POINT('',#553);
#154=VERTEX_POINT('',#598);
#155=VERTEX_POINT('',#599);
#156=VERTEX_POINT('',#644);
#157=VERTEX_POINT('',#645);
#158=VERTEX_POINT('',#690);
#159=VERTEX_POINT('',#691);
#160=VERTEX_POINT('',#736);
#161=VERTEX_POINT('',#737);
#162=VERTEX_POINT('',#739);
#163=VERTEX_POINT('',#784);
#164=VERTEX_POINT('',#785);
#165=VERTEX_POINT('',#787);
#166=VERTEX_POINT('',#820);
#167=VERTEX_POINT('',#851);
#168=VERTEX_POINT('',#852);
#169=VERTEX_POINT('',#927);
#170=VERTEX_POINT('',#928);
#171=VERTEX_POINT('',#1003);
#172=VERTEX_POINT('',#1004);
#173=VERTEX_POINT('',#1079);
#174=VERTEX_POINT('',#1081);
#175=VERTEX_POINT('',#1084);
#176=VERTEX_POINT('',#1085);
#177=VERTEX_POINT('',#1090);
#178=VERTEX_POINT('',#1094);
#179=VERTEX_POINT('',#1098);
#180=VERTEX_POINT('',#1111);
#181=VERTEX_POINT('',#1113);
#182=VERTEX_POINT('',#1142);
#183=VERTEX_POINT('',#1160);
#184=VERTEX_POINT('',#1162);
#185=VERTEX_POINT('',#1652);
#186=EDGE_CURVE('',#148,#149,#120,.T.);
#187=EDGE_CURVE('',#150,#148,#107,.T.);
#188=EDGE_CURVE('',#151,#150,#92,.T.);
#189=EDGE_CURVE('',#151,#149,#108,.T.);
#190=EDGE_CURVE('',#152,#153,#121,.T.);
#191=EDGE_CURVE('',#148,#152,#109,.T.);
#192=EDGE_CURVE('',#149,#153,#110,.T.);
#193=EDGE_CURVE('',#154,#155,#122,.T.);
#194=EDGE_CURVE('',#152,#154,#111,.T.);
#195=EDGE_CURVE('',#153,#155,#112,.T.);
#196=EDGE_CURVE('',#156,#157,#123,.T.);
#197=EDGE_CURVE('',#154,#156,#113,.T.);
#198=EDGE_CURVE('',#155,#157,#114,.T.);
#199=EDGE_CURVE('',#158,#159,#124,.T.);
#200=EDGE_CURVE('',#156,#158,#115,.T.);
#201=EDGE_CURVE('',#157,#159,#116,.T.);
#202=EDGE_CURVE('',#160,#161,#125,.T.);
#203=EDGE_CURVE('',#160,#162,#93,.T.);
#204=EDGE_CURVE('',#158,#162,#117,.T.);
#205=EDGE_CURVE('',#159,#161,#118,.T.);
#206=EDGE_CURVE('',#163,#164,#126,.T.);
#207=EDGE_CURVE('',#163,#165,#27,.T.);
#208=EDGE_CURVE('',#165,#166,#94,.T.);
#209=EDGE_CURVE('',#164,#166,#28,.F.);
#210=EDGE_CURVE('',#167,#168,#127,.T.);
#211=EDGE_CURVE('',#167,#163,#29,.T.);
#212=EDGE_CURVE('',#168,#164,#30,.F.);
#213=EDGE_CURVE('',#169,#170,#128,.T.);
#214=EDGE_CURVE('',#169,#167,#31,.T.);
#215=EDGE_CURVE('',#170,#168,#32,.F.);
#216=EDGE_CURVE('',#171,#172,#129,.T.);
#217=EDGE_CURVE('',#171,#169,#33,.T.);
#218=EDGE_CURVE('',#172,#170,#34,.F.);
#219=EDGE_CURVE('',#173,#173,#95,.T.);
#220=EDGE_CURVE('',#174,#174,#96,.T.);
#221=EDGE_CURVE('',#175,#176,#97,.T.);
#222=EDGE_CURVE('',#175,#173,#130,.T.);
#223=EDGE_CURVE('',#176,#175,#98,.T.);
#224=EDGE_CURVE('',#177,#177,#99,.T.);
#225=EDGE_CURVE('',#177,#174,#131,.T.);
#226=EDGE_CURVE('',#176,#178,#100,.T.);
#227=EDGE_CURVE('',#178,#178,#101,.F.);
#228=EDGE_CURVE('',#150,#179,#35,.T.);
#229=EDGE_CURVE('',#179,#180,#102,.T.);
#230=EDGE_CURVE('',#180,#181,#36,.T.);
#231=EDGE_CURVE('',#181,#182,#132,.T.);
#232=EDGE_CURVE('',#182,#182,#103,.T.);
#233=EDGE_CURVE('',#181,#151,#37,.T.);
#234=EDGE_CURVE('',#183,#183,#104,.T.);
#235=EDGE_CURVE('',#183,#184,#133,.T.);
#236=EDGE_CURVE('',#184,#184,#105,.T.);
#237=EDGE_CURVE('',#180,#172,#38,.F.);
#238=EDGE_CURVE('',#179,#171,#39,.T.);
#239=EDGE_CURVE('',#166,#185,#40,.T.);
#240=EDGE_CURVE('',#161,#185,#119,.T.);
#241=EDGE_CURVE('',#185,#160,#106,.T.);
#242=EDGE_CURVE('',#162,#165,#41,.T.);
#243=ORIENTED_EDGE('',*,*,#186,.F.);
#244=ORIENTED_EDGE('',*,*,#187,.F.);
#245=ORIENTED_EDGE('',*,*,#188,.F.);
#246=ORIENTED_EDGE('',*,*,#189,.T.);
#247=ORIENTED_EDGE('',*,*,#190,.F.);
#248=ORIENTED_EDGE('',*,*,#191,.F.);
#249=ORIENTED_EDGE('',*,*,#186,.T.);
#250=ORIENTED_EDGE('',*,*,#192,.T.);
#251=ORIENTED_EDGE('',*,*,#193,.F.);
#252=ORIENTED_EDGE('',*,*,#194,.F.);
#253=ORIENTED_EDGE('',*,*,#190,.T.);
#254=ORIENTED_EDGE('',*,*,#195,.T.);
#255=ORIENTED_EDGE('',*,*,#196,.F.);
#256=ORIENTED_EDGE('',*,*,#197,.F.);
#257=ORIENTED_EDGE('',*,*,#193,.T.);
#258=ORIENTED_EDGE('',*,*,#198,.T.);
#259=ORIENTED_EDGE('',*,*,#199,.F.);
#260=ORIENTED_EDGE('',*,*,#200,.F.);
#261=ORIENTED_EDGE('',*,*,#196,.T.);
#262=ORIENTED_EDGE('',*,*,#201,.T.);
#263=ORIENTED_EDGE('',*,*,#202,.F.);
#264=ORIENTED_EDGE('',*,*,#203,.T.);
#265=ORIENTED_EDGE('',*,*,#204,.F.);
#266=ORIENTED_EDGE('',*,*,#199,.T.);
#267=ORIENTED_EDGE('',*,*,#205,.T.);
#268=ORIENTED_EDGE('',*,*,#206,.F.);
#269=ORIENTED_EDGE('',*,*,#207,.T.);
#270=ORIENTED_EDGE('',*,*,#208,.T.);
#271=ORIENTED_EDGE('',*,*,#209,.F.);
#272=ORIENTED_EDGE('',*,*,#210,.F.);
#273=ORIENTED_EDGE('',*,*,#211,.T.);
#274=ORIENTED_EDGE('',*,*,#206,.T.);
#275=ORIENTED_EDGE('',*,*,#212,.F.);
#276=ORIENTED_EDGE('',*,*,#213,.F.);
#277=ORIENTED_EDGE('',*,*,#214,.T.);
#278=ORIENTED_EDGE('',*,*,#210,.T.);
#279=ORIENTED_EDGE('',*,*,#215,.F.);
#280=ORIENTED_EDGE('',*,*,#216,.F.);
#281=ORIENTED_EDGE('',*,*,#217,.T.);
#282=ORIENTED_EDGE('',*,*,#213,.T.);
#283=ORIENTED_EDGE('',*,*,#218,.F.);
#284=ORIENTED_EDGE('',*,*,#219,.F.);
#285=ORIENTED_EDGE('',*,*,#220,.F.);
#286=ORIENTED_EDGE('',*,*,#221,.F.);
#287=ORIENTED_EDGE('',*,*,#222,.T.);
#288=ORIENTED_EDGE('',*,*,#219,.T.);
#289=ORIENTED_EDGE('',*,*,#222,.F.);
#290=ORIENTED_EDGE('',*,*,#223,.F.);
#291=ORIENTED_EDGE('',*,*,#224,.F.);
#292=ORIENTED_EDGE('',*,*,#225,.T.);
#293=ORIENTED_EDGE('',*,*,#220,.T.);
#294=ORIENTED_EDGE('',*,*,#225,.F.);
#295=ORIENTED_EDGE('',*,*,#221,.T.);
#296=ORIENTED_EDGE('',*,*,#226,.T.);
#297=ORIENTED_EDGE('',*,*,#227,.T.);
#298=ORIENTED_EDGE('',*,*,#226,.F.);
#299=ORIENTED_EDGE('',*,*,#223,.T.);
#300=ORIENTED_EDGE('',*,*,#188,.T.);
#301=ORIENTED_EDGE('',*,*,#228,.T.);
#302=ORIENTED_EDGE('',*,*,#229,.T.);
#303=ORIENTED_EDGE('',*,*,#230,.T.);
#304=ORIENTED_EDGE('',*,*,#231,.T.);
#305=ORIENTED_EDGE('',*,*,#232,.F.);
#306=ORIENTED_EDGE('',*,*,#231,.F.);
#307=ORIENTED_EDGE('',*,*,#233,.T.);
#308=ORIENTED_EDGE('',*,*,#234,.T.);
#309=ORIENTED_EDGE('',*,*,#235,.T.);
#310=ORIENTED_EDGE('',*,*,#236,.F.);
#311=ORIENTED_EDGE('',*,*,#235,.F.);
#312=ORIENTED_EDGE('',*,*,#216,.T.);
#313=ORIENTED_EDGE('',*,*,#237,.F.);
#314=ORIENTED_EDGE('',*,*,#229,.F.);
#315=ORIENTED_EDGE('',*,*,#238,.T.);
#316=ORIENTED_EDGE('',*,*,#230,.F.);
#317=ORIENTED_EDGE('',*,*,#237,.T.);
#318=ORIENTED_EDGE('',*,*,#218,.T.);
#319=ORIENTED_EDGE('',*,*,#215,.T.);
#320=ORIENTED_EDGE('',*,*,#212,.T.);
#321=ORIENTED_EDGE('',*,*,#209,.T.);
#322=ORIENTED_EDGE('',*,*,#239,.T.);
#323=ORIENTED_EDGE('',*,*,#240,.F.);
#324=ORIENTED_EDGE('',*,*,#205,.F.);
#325=ORIENTED_EDGE('',*,*,#201,.F.);
#326=ORIENTED_EDGE('',*,*,#198,.F.);
#327=ORIENTED_EDGE('',*,*,#195,.F.);
#328=ORIENTED_EDGE('',*,*,#192,.F.);
#329=ORIENTED_EDGE('',*,*,#189,.F.);
#330=ORIENTED_EDGE('',*,*,#233,.F.);
#331=ORIENTED_EDGE('',*,*,#202,.T.);
#332=ORIENTED_EDGE('',*,*,#240,.T.);
#333=ORIENTED_EDGE('',*,*,#241,.T.);
#334=ORIENTED_EDGE('',*,*,#228,.F.);
#335=ORIENTED_EDGE('',*,*,#187,.T.);
#336=ORIENTED_EDGE('',*,*,#191,.T.);
#337=ORIENTED_EDGE('',*,*,#194,.T.);
#338=ORIENTED_EDGE('',*,*,#197,.T.);
#339=ORIENTED_EDGE('',*,*,#200,.T.);
#340=ORIENTED_EDGE('',*,*,#204,.T.);
#341=ORIENTED_EDGE('',*,*,#242,.T.);
#342=ORIENTED_EDGE('',*,*,#207,.F.);
#343=ORIENTED_EDGE('',*,*,#211,.F.);
#344=ORIENTED_EDGE('',*,*,#214,.F.);
#345=ORIENTED_EDGE('',*,*,#217,.F.);
#346=ORIENTED_EDGE('',*,*,#238,.F.);
#347=ORIENTED_EDGE('',*,*,#236,.T.);
#348=ORIENTED_EDGE('',*,*,#224,.T.);
#349=ORIENTED_EDGE('',*,*,#234,.F.);
#350=ORIENTED_EDGE('',*,*,#208,.F.);
#351=ORIENTED_EDGE('',*,*,#242,.F.);
#352=ORIENTED_EDGE('',*,*,#203,.F.);
#353=ORIENTED_EDGE('',*,*,#241,.F.);
#354=ORIENTED_EDGE('',*,*,#239,.F.);
#355=ORIENTED_EDGE('',*,*,#232,.T.);
#356=ORIENTED_EDGE('',*,*,#227,.F.);
#357=CYLINDRICAL_SURFACE('',#409,13.61746825);
#358=CYLINDRICAL_SURFACE('',#411,13.61746825);
#359=CYLINDRICAL_SURFACE('',#412,13.61746825);
#360=CYLINDRICAL_SURFACE('',#413,13.61746825);
#361=CYLINDRICAL_SURFACE('',#414,13.61746825);
#362=CYLINDRICAL_SURFACE('',#415,13.61746825);
#363=CYLINDRICAL_SURFACE('',#417,14.7);
#364=CYLINDRICAL_SURFACE('',#419,14.7);
#365=CYLINDRICAL_SURFACE('',#420,14.7);
#366=CYLINDRICAL_SURFACE('',#421,14.7);
#367=CYLINDRICAL_SURFACE('',#425,5.);
#368=CYLINDRICAL_SURFACE('',#428,3.00000005960464);
#369=CYLINDRICAL_SURFACE('',#436,15.);
#370=CYLINDRICAL_SURFACE('',#439,14.7);
#371=CYLINDRICAL_SURFACE('',#440,13.61746825);
#372=ADVANCED_FACE('',(#42),#357,.T.);
#373=ADVANCED_FACE('',(#43),#358,.T.);
#374=ADVANCED_FACE('',(#44),#359,.T.);
#375=ADVANCED_FACE('',(#45),#360,.T.);
#376=ADVANCED_FACE('',(#46),#361,.T.);
#377=ADVANCED_FACE('',(#47),#362,.T.);
#378=ADVANCED_FACE('',(#48),#363,.T.);
#379=ADVANCED_FACE('',(#49),#364,.T.);
#380=ADVANCED_FACE('',(#50),#365,.T.);
#381=ADVANCED_FACE('',(#51),#366,.T.);
#382=ADVANCED_FACE('',(#52,#19),#23,.T.);
#383=ADVANCED_FACE('',(#53),#367,.F.);
#384=ADVANCED_FACE('',(#54),#368,.F.);
#385=ADVANCED_FACE('',(#55),#18,.F.);
#386=ADVANCED_FACE('',(#56),#17,.T.);
#387=ADVANCED_FACE('',(#57),#369,.T.);
#388=ADVANCED_FACE('',(#58),#370,.T.);
#389=ADVANCED_FACE('',(#59),#15,.T.);
#390=ADVANCED_FACE('',(#60),#371,.T.);
#391=ADVANCED_FACE('',(#61),#16,.T.);
#392=ADVANCED_FACE('',(#62,#20),#24,.T.);
#393=ADVANCED_FACE('',(#63,#21),#25,.F.);
#394=ADVANCED_FACE('',(#64,#22),#26,.T.);
#395=CLOSED_SHELL('',(#372,#373,#374,#375,#376,#377,#378,#379,#380,#381,
#382,#383,#384,#385,#386,#387,#388,#389,#390,#391,#392,#393,#394));
#396=DERIVED_UNIT_ELEMENT(#398,1.);
#397=DERIVED_UNIT_ELEMENT(#2126,-3.);
#398=(
MASS_UNIT()
NAMED_UNIT(*)
SI_UNIT(.KILO.,.GRAM.)
);
#399=DERIVED_UNIT((#396,#397));
#400=MEASURE_REPRESENTATION_ITEM('density measure',
POSITIVE_RATIO_MEASURE(7850.),#399);
#401=PROPERTY_DEFINITION_REPRESENTATION(#406,#403);
#402=PROPERTY_DEFINITION_REPRESENTATION(#407,#404);
#403=REPRESENTATION('material name',(#405),#2123);
#404=REPRESENTATION('density',(#400),#2123);
#405=DESCRIPTIVE_REPRESENTATION_ITEM('Steel','Steel');
#406=PROPERTY_DEFINITION('material property','material name',#2133);
#407=PROPERTY_DEFINITION('material property','density of part',#2133);
#408=AXIS2_PLACEMENT_3D('',#533,#445,#446);
#409=AXIS2_PLACEMENT_3D('',#534,#447,#448);
#410=AXIS2_PLACEMENT_3D('',#547,#450,#451);
#411=AXIS2_PLACEMENT_3D('',#551,#452,#453);
#412=AXIS2_PLACEMENT_3D('',#597,#455,#456);
#413=AXIS2_PLACEMENT_3D('',#643,#458,#459);
#414=AXIS2_PLACEMENT_3D('',#689,#461,#462);
#415=AXIS2_PLACEMENT_3D('',#735,#464,#465);
#416=AXIS2_PLACEMENT_3D('',#740,#467,#468);
#417=AXIS2_PLACEMENT_3D('',#783,#469,#470);
#418=AXIS2_PLACEMENT_3D('',#821,#472,#473);
#419=AXIS2_PLACEMENT_3D('',#850,#474,#475);
#420=AXIS2_PLACEMENT_3D('',#926,#477,#478);
#421=AXIS2_PLACEMENT_3D('',#1002,#480,#481);
#422=AXIS2_PLACEMENT_3D('',#1078,#483,#484);
#423=AXIS2_PLACEMENT_3D('',#1080,#485,#486);
#424=AXIS2_PLACEMENT_3D('',#1082,#487,#488);
#425=AXIS2_PLACEMENT_3D('',#1083,#489,#490);
#426=AXIS2_PLACEMENT_3D('',#1086,#491,#492);
#427=AXIS2_PLACEMENT_3D('',#1088,#494,#495);
#428=AXIS2_PLACEMENT_3D('',#1089,#496,#497);
#429=AXIS2_PLACEMENT_3D('',#1091,#498,#499);
#430=AXIS2_PLACEMENT_3D('',#1093,#501,#502);
#431=AXIS2_PLACEMENT_3D('',#1095,#503,#504);
#432=AXIS2_PLACEMENT_3D('',#1096,#505,#506);
#433=AXIS2_PLACEMENT_3D('',#1097,#507,#508);
#434=AXIS2_PLACEMENT_3D('',#1112,#509,#510);
#435=AXIS2_PLACEMENT_3D('',#1144,#512,#513);
#436=AXIS2_PLACEMENT_3D('',#1159,#514,#515);
#437=AXIS2_PLACEMENT_3D('',#1161,#516,#517);
#438=AXIS2_PLACEMENT_3D('',#1164,#519,#520);
#439=AXIS2_PLACEMENT_3D('',#1165,#521,#522);
#440=AXIS2_PLACEMENT_3D('',#1678,#523,#524);
#441=AXIS2_PLACEMENT_3D('',#1679,#525,#526);
#442=AXIS2_PLACEMENT_3D('',#2118,#527,#528);
#443=AXIS2_PLACEMENT_3D('',#2119,#529,#530);
#444=AXIS2_PLACEMENT_3D('',#2120,#531,#532);
#445=DIRECTION('axis',(0.,0.,1.));
#446=DIRECTION('refdir',(1.,0.,0.));
#447=DIRECTION('center_axis',(0.,-1.,0.));
#448=DIRECTION('ref_axis',(-1.,0.,-6.92565418091952E-16));
#449=DIRECTION('',(0.,1.,0.));
#450=DIRECTION('center_axis',(-4.005460264581E-16,1.,4.1043152213056E-16));
#451=DIRECTION('ref_axis',(1.96300987401337E-14,4.89175963215551E-16,-1.));
#452=DIRECTION('center_axis',(0.,-1.,0.));
#453=DIRECTION('ref_axis',(-1.,0.,-6.92565418091952E-16));
#454=DIRECTION('',(0.,1.,0.));
#455=DIRECTION('center_axis',(0.,-1.,0.));
#456=DIRECTION('ref_axis',(-1.,0.,-6.92565418091952E-16));
#457=DIRECTION('',(0.,1.,0.));
#458=DIRECTION('center_axis',(0.,-1.,0.));
#459=DIRECTION('ref_axis',(-1.,0.,-6.92565418091952E-16));
#460=DIRECTION('',(0.,1.,0.));
#461=DIRECTION('center_axis',(0.,-1.,0.));
#462=DIRECTION('ref_axis',(-1.,0.,-6.92565418091952E-16));
#463=DIRECTION('',(0.,1.,0.));
#464=DIRECTION('center_axis',(0.,-1.,0.));
#465=DIRECTION('ref_axis',(-1.,0.,-6.92565418091952E-16));
#466=DIRECTION('',(0.,1.,0.));
#467=DIRECTION('center_axis',(0.,1.,0.));
#468=DIRECTION('ref_axis',(-1.,0.,-6.92565418091952E-16));
#469=DIRECTION('center_axis',(0.,1.,0.));
#470=DIRECTION('ref_axis',(0.,0.,1.));
#471=DIRECTION('',(0.,-1.,0.));
#472=DIRECTION('center_axis',(0.,1.,0.));
#473=DIRECTION('ref_axis',(0.,0.,1.));
#474=DIRECTION('center_axis',(0.,1.,0.));
#475=DIRECTION('ref_axis',(0.,0.,1.));
#476=DIRECTION('',(0.,-1.,0.));
#477=DIRECTION('center_axis',(0.,1.,0.));
#478=DIRECTION('ref_axis',(0.,0.,1.));
#479=DIRECTION('',(0.,-1.,0.));
#480=DIRECTION('center_axis',(0.,1.,0.));
#481=DIRECTION('ref_axis',(0.,0.,1.));
#482=DIRECTION('',(0.,-1.,0.));
#483=DIRECTION('center_axis',(0.,1.,0.));
#484=DIRECTION('ref_axis',(1.,0.,0.));
#485=DIRECTION('center_axis',(0.,-1.,0.));
#486=DIRECTION('ref_axis',(1.,0.,0.));
#487=DIRECTION('center_axis',(0.,1.,0.));
#488=DIRECTION('ref_axis',(1.,0.,0.));
#489=DIRECTION('center_axis',(0.,-1.,0.));
#490=DIRECTION('ref_axis',(1.,0.,0.));
#491=DIRECTION('center_axis',(0.,-1.,0.));
#492=DIRECTION('ref_axis',(1.,0.,0.));
#493=DIRECTION('',(0.,-1.,0.));
#494=DIRECTION('center_axis',(0.,-1.,0.));
#495=DIRECTION('ref_axis',(1.,0.,0.));
#496=DIRECTION('center_axis',(0.,1.,0.));
#497=DIRECTION('ref_axis',(1.,0.,0.));
#498=DIRECTION('center_axis',(0.,1.,0.));
#499=DIRECTION('ref_axis',(1.,0.,0.));
#500=DIRECTION('',(0.,1.,0.));
#501=DIRECTION('center_axis',(0.,1.,-6.12323399573677E-17));
#502=DIRECTION('ref_axis',(0.,0.,-1.));
#503=DIRECTION('center_axis',(-1.,0.,1.22464679914735E-16));
#504=DIRECTION('ref_axis',(1.22464679914735E-16,0.,1.));
#505=DIRECTION('center_axis',(0.,-1.,0.));
#506=DIRECTION('ref_axis',(0.,0.,-1.));
#507=DIRECTION('center_axis',(0.,-1.,0.));
#508=DIRECTION('ref_axis',(0.,0.,-1.));
#509=DIRECTION('center_axis',(0.,1.,0.));
#510=DIRECTION('ref_axis',(-3.5527136788005E-15,0.,-1.));
#511=DIRECTION('',(8.65956056235498E-17,0.707106781186544,-0.707106781186551));
#512=DIRECTION('center_axis',(0.,1.,0.));
#513=DIRECTION('ref_axis',(0.,0.,1.));
#514=DIRECTION('center_axis',(0.,1.,0.));
#515=DIRECTION('ref_axis',(0.,0.,1.));
#516=DIRECTION('center_axis',(0.,-1.,0.));
#517=DIRECTION('ref_axis',(0.,0.,-1.));
#518=DIRECTION('',(0.,-1.,0.));
#519=DIRECTION('center_axis',(0.,-1.,0.));
#520=DIRECTION('ref_axis',(0.,0.,-1.));
#521=DIRECTION('center_axis',(0.,1.,0.));
#522=DIRECTION('ref_axis',(0.,0.,1.));
#523=DIRECTION('center_axis',(0.,-1.,0.));
#524=DIRECTION('ref_axis',(-1.,0.,-6.92565418091952E-16));
#525=DIRECTION('center_axis',(0.,1.,0.));
#526=DIRECTION('ref_axis',(-1.,0.,-6.92565418091952E-16));
#527=DIRECTION('center_axis',(0.,-1.,0.));
#528=DIRECTION('ref_axis',(0.,0.,-1.));
#529=DIRECTION('center_axis',(0.,-1.,0.));
#530=DIRECTION('ref_axis',(0.,0.,-1.));
#531=DIRECTION('center_axis',(0.,1.,0.));
#532=DIRECTION('ref_axis',(0.,0.,1.));
#533=CARTESIAN_POINT('',(0.,0.,0.));
#534=CARTESIAN_POINT('Origin',(-8.88178419700125E-15,15.1250000027312,9.43098759191512E-15));
#535=CARTESIAN_POINT('',(13.61746825,9.87500000273118,9.43098759191513E-15));
#536=CARTESIAN_POINT('',(13.61746825,10.3750000027312,9.43098759191513E-15));
#537=CARTESIAN_POINT('',(13.61746825,15.1250000027312,2.05296340743156E-14));
#538=CARTESIAN_POINT('',(-0.316938117534154,10.38253175,-13.613779481445));
#539=CARTESIAN_POINT('Ctrl Pts',(-0.316938117534154,10.38253175,-13.613779481445));
#540=CARTESIAN_POINT('Ctrl Pts',(2.00199503878938,10.3274244041162,-13.6677658347758));
#541=CARTESIAN_POINT('Ctrl Pts',(4.20802910961127,10.2750000027312,-12.9509819146049));
#542=CARTESIAN_POINT('Ctrl Pts',(8.41605821922255,10.1750000027312,-11.5837103745707));
#543=CARTESIAN_POINT('Ctrl Pts',(11.0167632346113,10.0750000027312,-8.004147010911));
#544=CARTESIAN_POINT('Ctrl Pts',(13.61746825,9.97500000273118,-4.42458364725125));
#545=CARTESIAN_POINT('Ctrl Pts',(13.61746825,9.87500000273118,-1.66765889048532E-15));
#546=CARTESIAN_POINT('',(13.6134221083779,10.38253175,-0.331933786901588));
#547=CARTESIAN_POINT('Origin',(-1.33226762955019E-14,10.38253175,5.13478148889135E-15));
#548=CARTESIAN_POINT('Ctrl Pts',(13.6134221083779,10.38253175,-0.331933786901588));
#549=CARTESIAN_POINT('Ctrl Pts',(13.61746825,10.3787515772742,-0.165991553746137));
#550=CARTESIAN_POINT('Ctrl Pts',(13.61746825,10.3750000027312,-1.66765889048532E-15));
#551=CARTESIAN_POINT('Origin',(-8.88178419700125E-15,15.1250000027312,9.43098759191512E-15));
#552=CARTESIAN_POINT('',(13.61746825,7.87500000273118,9.43098759191513E-15));
#553=CARTESIAN_POINT('',(13.61746825,8.37500000273118,9.43098759191513E-15));
#554=CARTESIAN_POINT('',(13.61746825,15.1250000027312,2.05296340743156E-14));
#555=CARTESIAN_POINT('Ctrl Pts',(13.61746825,9.87500000273118,-1.66765889048532E-15));
#556=CARTESIAN_POINT('Ctrl Pts',(13.61746825,9.77500000273118,4.42458364725124));
#557=CARTESIAN_POINT('Ctrl Pts',(11.0167632346113,9.67500000273118,8.00414701091099));
#558=CARTESIAN_POINT('Ctrl Pts',(8.41605821922256,9.57500000273118,11.5837103745707));
#559=CARTESIAN_POINT('Ctrl Pts',(4.20802910961128,9.47500000273118,12.9509819146049));
#560=CARTESIAN_POINT('Ctrl Pts',(2.63022048939062E-15,9.37500000273118,
14.318253454639));
#561=CARTESIAN_POINT('Ctrl Pts',(-4.20802910961127,9.27500000273118,12.9509819146049));
#562=CARTESIAN_POINT('Ctrl Pts',(-8.41605821922255,9.17500000273118,11.5837103745707));
#563=CARTESIAN_POINT('Ctrl Pts',(-11.0167632346113,9.07500000273118,8.004147010911));
#564=CARTESIAN_POINT('Ctrl Pts',(-13.61746825,8.97500000273118,4.42458364725125));
#565=CARTESIAN_POINT('Ctrl Pts',(-13.61746825,8.87500000273118,0.));
#566=CARTESIAN_POINT('Ctrl Pts',(-13.61746825,8.77500000273118,-4.42458364725125));
#567=CARTESIAN_POINT('Ctrl Pts',(-11.0167632346113,8.67500000273118,-8.00414701091099));
#568=CARTESIAN_POINT('Ctrl Pts',(-8.41605821922255,8.57500000273118,-11.5837103745707));
#569=CARTESIAN_POINT('Ctrl Pts',(-4.20802910961128,8.47500000273118,-12.9509819146049));
#570=CARTESIAN_POINT('Ctrl Pts',(-8.76740163130208E-16,8.37500000273118,
-14.318253454639));
#571=CARTESIAN_POINT('Ctrl Pts',(4.20802910961127,8.27500000273118,-12.9509819146049));
#572=CARTESIAN_POINT('Ctrl Pts',(8.41605821922255,8.17500000273118,-11.5837103745707));
#573=CARTESIAN_POINT('Ctrl Pts',(11.0167632346113,8.07500000273118,-8.004147010911));
#574=CARTESIAN_POINT('Ctrl Pts',(13.61746825,7.97500000273118,-4.42458364725125));
#575=CARTESIAN_POINT('Ctrl Pts',(13.61746825,7.87500000273118,-1.66765889048532E-15));
#576=CARTESIAN_POINT('Ctrl Pts',(13.61746825,10.3750000027312,-1.66765889048532E-15));
#577=CARTESIAN_POINT('Ctrl Pts',(13.61746825,10.2750000027312,4.42458364725124));
#578=CARTESIAN_POINT('Ctrl Pts',(11.0167632346113,10.1750000027312,8.00414701091099));
#579=CARTESIAN_POINT('Ctrl Pts',(8.41605821922256,10.0750000027312,11.5837103745707));
#580=CARTESIAN_POINT('Ctrl Pts',(4.20802910961128,9.97500000273118,12.9509819146049));
#581=CARTESIAN_POINT('Ctrl Pts',(2.63022048939062E-15,9.87500000273118,
14.318253454639));
#582=CARTESIAN_POINT('Ctrl Pts',(-4.20802910961127,9.77500000273118,12.9509819146049));
#583=CARTESIAN_POINT('Ctrl Pts',(-8.41605821922255,9.67500000273118,11.5837103745707));
#584=CARTESIAN_POINT('Ctrl Pts',(-11.0167632346113,9.57500000273118,8.004147010911));
#585=CARTESIAN_POINT('Ctrl Pts',(-13.61746825,9.47500000273118,4.42458364725125));
#586=CARTESIAN_POINT('Ctrl Pts',(-13.61746825,9.37500000273118,0.));
#587=CARTESIAN_POINT('Ctrl Pts',(-13.61746825,9.27500000273118,-4.42458364725125));
#588=CARTESIAN_POINT('Ctrl Pts',(-11.0167632346113,9.17500000273118,-8.00414701091099));
#589=CARTESIAN_POINT('Ctrl Pts',(-8.41605821922255,9.07500000273118,-11.5837103745707));
#590=CARTESIAN_POINT('Ctrl Pts',(-4.20802910961128,8.97500000273118,-12.9509819146049));
#591=CARTESIAN_POINT('Ctrl Pts',(-8.76740163130208E-16,8.87500000273118,
-14.318253454639));
#592=CARTESIAN_POINT('Ctrl Pts',(4.20802910961127,8.77500000273118,-12.9509819146049));
#593=CARTESIAN_POINT('Ctrl Pts',(8.41605821922255,8.67500000273118,-11.5837103745707));
#594=CARTESIAN_POINT('Ctrl Pts',(11.0167632346113,8.57500000273118,-8.004147010911));
#595=CARTESIAN_POINT('Ctrl Pts',(13.61746825,8.47500000273118,-4.42458364725125));
#596=CARTESIAN_POINT('Ctrl Pts',(13.61746825,8.37500000273118,-1.66765889048532E-15));
#597=CARTESIAN_POINT('Origin',(-8.88178419700125E-15,15.1250000027312,9.43098759191512E-15));
#598=CARTESIAN_POINT('',(13.61746825,5.87500000273118,9.43098759191513E-15));
#599=CARTESIAN_POINT('',(13.61746825,6.37500000273118,9.43098759191513E-15));
#600=CARTESIAN_POINT('',(13.61746825,15.1250000027312,2.05296340743156E-14));
#601=CARTESIAN_POINT('Ctrl Pts',(13.61746825,7.87500000273118,-1.66765889048532E-15));
#602=CARTESIAN_POINT('Ctrl Pts',(13.61746825,7.77500000273118,4.42458364725124));
#603=CARTESIAN_POINT('Ctrl Pts',(11.0167632346113,7.67500000273118,8.00414701091099));
#604=CARTESIAN_POINT('Ctrl Pts',(8.41605821922256,7.57500000273118,11.5837103745707));
#605=CARTESIAN_POINT('Ctrl Pts',(4.20802910961128,7.47500000273118,12.9509819146049));
#606=CARTESIAN_POINT('Ctrl Pts',(2.63022048939062E-15,7.37500000273118,
14.318253454639));
#607=CARTESIAN_POINT('Ctrl Pts',(-4.20802910961127,7.27500000273118,12.9509819146049));
#608=CARTESIAN_POINT('Ctrl Pts',(-8.41605821922255,7.17500000273118,11.5837103745707));
#609=CARTESIAN_POINT('Ctrl Pts',(-11.0167632346113,7.07500000273118,8.004147010911));
#610=CARTESIAN_POINT('Ctrl Pts',(-13.61746825,6.97500000273118,4.42458364725125));
#611=CARTESIAN_POINT('Ctrl Pts',(-13.61746825,6.87500000273118,0.));
#612=CARTESIAN_POINT('Ctrl Pts',(-13.61746825,6.77500000273118,-4.42458364725125));
#613=CARTESIAN_POINT('Ctrl Pts',(-11.0167632346113,6.67500000273118,-8.00414701091099));
#614=CARTESIAN_POINT('Ctrl Pts',(-8.41605821922255,6.57500000273118,-11.5837103745707));
#615=CARTESIAN_POINT('Ctrl Pts',(-4.20802910961128,6.47500000273118,-12.9509819146049));
#616=CARTESIAN_POINT('Ctrl Pts',(-8.76740163130208E-16,6.37500000273118,
-14.318253454639));
#617=CARTESIAN_POINT('Ctrl Pts',(4.20802910961127,6.27500000273118,-12.9509819146049));
#618=CARTESIAN_POINT('Ctrl Pts',(8.41605821922255,6.17500000273118,-11.5837103745707));
#619=CARTESIAN_POINT('Ctrl Pts',(11.0167632346113,6.07500000273118,-8.004147010911));
#620=CARTESIAN_POINT('Ctrl Pts',(13.61746825,5.97500000273118,-4.42458364725125));
#621=CARTESIAN_POINT('Ctrl Pts',(13.61746825,5.87500000273118,-1.66765889048532E-15));
#622=CARTESIAN_POINT('Ctrl Pts',(13.61746825,8.37500000273118,-1.66765889048532E-15));
#623=CARTESIAN_POINT('Ctrl Pts',(13.61746825,8.27500000273118,4.42458364725124));
#624=CARTESIAN_POINT('Ctrl Pts',(11.0167632346113,8.17500000273118,8.00414701091099));
#625=CARTESIAN_POINT('Ctrl Pts',(8.41605821922256,8.07500000273118,11.5837103745707));
#626=CARTESIAN_POINT('Ctrl Pts',(4.20802910961128,7.97500000273118,12.9509819146049));
#627=CARTESIAN_POINT('Ctrl Pts',(2.63022048939062E-15,7.87500000273118,
14.318253454639));
#628=CARTESIAN_POINT('Ctrl Pts',(-4.20802910961127,7.77500000273118,12.9509819146049));
#629=CARTESIAN_POINT('Ctrl Pts',(-8.41605821922255,7.67500000273118,11.5837103745707));
#630=CARTESIAN_POINT('Ctrl Pts',(-11.0167632346113,7.57500000273118,8.004147010911));
#631=CARTESIAN_POINT('Ctrl Pts',(-13.61746825,7.47500000273118,4.42458364725125));
#632=CARTESIAN_POINT('Ctrl Pts',(-13.61746825,7.37500000273118,0.));
#633=CARTESIAN_POINT('Ctrl Pts',(-13.61746825,7.27500000273118,-4.42458364725125));
#634=CARTESIAN_POINT('Ctrl Pts',(-11.0167632346113,7.17500000273118,-8.00414701091099));
#635=CARTESIAN_POINT('Ctrl Pts',(-8.41605821922255,7.07500000273118,-11.5837103745707));
#636=CARTESIAN_POINT('Ctrl Pts',(-4.20802910961128,6.97500000273118,-12.9509819146049));
#637=CARTESIAN_POINT('Ctrl Pts',(-8.76740163130208E-16,6.87500000273118,
-14.318253454639));
#638=CARTESIAN_POINT('Ctrl Pts',(4.20802910961127,6.77500000273118,-12.9509819146049));
#639=CARTESIAN_POINT('Ctrl Pts',(8.41605821922255,6.67500000273118,-11.5837103745707));
#640=CARTESIAN_POINT('Ctrl Pts',(11.0167632346113,6.57500000273118,-8.004147010911));
#641=CARTESIAN_POINT('Ctrl Pts',(13.61746825,6.47500000273118,-4.42458364725125));
#642=CARTESIAN_POINT('Ctrl Pts',(13.61746825,6.37500000273118,-1.66765889048532E-15));
#643=CARTESIAN_POINT('Origin',(-8.88178419700125E-15,15.1250000027312,9.43098759191512E-15));
#644=CARTESIAN_POINT('',(13.61746825,3.87500000273118,9.43098759191513E-15));
#645=CARTESIAN_POINT('',(13.61746825,4.37500000273118,9.43098759191513E-15));
#646=CARTESIAN_POINT('',(13.61746825,15.1250000027312,2.05296340743156E-14));
#647=CARTESIAN_POINT('Ctrl Pts',(13.61746825,5.87500000273118,-1.66765889048532E-15));
#648=CARTESIAN_POINT('Ctrl Pts',(13.61746825,5.77500000273118,4.42458364725124));
#649=CARTESIAN_POINT('Ctrl Pts',(11.0167632346113,5.67500000273118,8.00414701091099));
#650=CARTESIAN_POINT('Ctrl Pts',(8.41605821922256,5.57500000273118,11.5837103745707));
#651=CARTESIAN_POINT('Ctrl Pts',(4.20802910961128,5.47500000273118,12.9509819146049));
#652=CARTESIAN_POINT('Ctrl Pts',(2.63022048939062E-15,5.37500000273118,
14.318253454639));
#653=CARTESIAN_POINT('Ctrl Pts',(-4.20802910961127,5.27500000273118,12.9509819146049));
#654=CARTESIAN_POINT('Ctrl Pts',(-8.41605821922255,5.17500000273118,11.5837103745707));
#655=CARTESIAN_POINT('Ctrl Pts',(-11.0167632346113,5.07500000273118,8.004147010911));
#656=CARTESIAN_POINT('Ctrl Pts',(-13.61746825,4.97500000273118,4.42458364725125));
#657=CARTESIAN_POINT('Ctrl Pts',(-13.61746825,4.87500000273118,0.));
#658=CARTESIAN_POINT('Ctrl Pts',(-13.61746825,4.77500000273118,-4.42458364725125));
#659=CARTESIAN_POINT('Ctrl Pts',(-11.0167632346113,4.67500000273118,-8.00414701091099));
#660=CARTESIAN_POINT('Ctrl Pts',(-8.41605821922255,4.57500000273118,-11.5837103745707));
#661=CARTESIAN_POINT('Ctrl Pts',(-4.20802910961128,4.47500000273118,-12.9509819146049));
#662=CARTESIAN_POINT('Ctrl Pts',(-8.76740163130208E-16,4.37500000273118,
-14.318253454639));
#663=CARTESIAN_POINT('Ctrl Pts',(4.20802910961127,4.27500000273118,-12.9509819146049));
#664=CARTESIAN_POINT('Ctrl Pts',(8.41605821922255,4.17500000273118,-11.5837103745707));
#665=CARTESIAN_POINT('Ctrl Pts',(11.0167632346113,4.07500000273118,-8.004147010911));
#666=CARTESIAN_POINT('Ctrl Pts',(13.61746825,3.97500000273118,-4.42458364725125));
#667=CARTESIAN_POINT('Ctrl Pts',(13.61746825,3.87500000273118,-1.66765889048532E-15));
#668=CARTESIAN_POINT('Ctrl Pts',(13.61746825,6.37500000273118,-1.66765889048532E-15));
#669=CARTESIAN_POINT('Ctrl Pts',(13.61746825,6.27500000273118,4.42458364725124));
#670=CARTESIAN_POINT('Ctrl Pts',(11.0167632346113,6.17500000273118,8.00414701091099));
#671=CARTESIAN_POINT('Ctrl Pts',(8.41605821922256,6.07500000273118,11.5837103745707));
#672=CARTESIAN_POINT('Ctrl Pts',(4.20802910961128,5.97500000273118,12.9509819146049));
#673=CARTESIAN_POINT('Ctrl Pts',(2.63022048939062E-15,5.87500000273118,
14.318253454639));
#674=CARTESIAN_POINT('Ctrl Pts',(-4.20802910961127,5.77500000273118,12.9509819146049));
#675=CARTESIAN_POINT('Ctrl Pts',(-8.41605821922255,5.67500000273118,11.5837103745707));
#676=CARTESIAN_POINT('Ctrl Pts',(-11.0167632346113,5.57500000273118,8.004147010911));
#677=CARTESIAN_POINT('Ctrl Pts',(-13.61746825,5.47500000273118,4.42458364725125));
#678=CARTESIAN_POINT('Ctrl Pts',(-13.61746825,5.37500000273118,0.));
#679=CARTESIAN_POINT('Ctrl Pts',(-13.61746825,5.27500000273118,-4.42458364725125));
#680=CARTESIAN_POINT('Ctrl Pts',(-11.0167632346113,5.17500000273118,-8.00414701091099));
#681=CARTESIAN_POINT('Ctrl Pts',(-8.41605821922255,5.07500000273118,-11.5837103745707));
#682=CARTESIAN_POINT('Ctrl Pts',(-4.20802910961128,4.97500000273118,-12.9509819146049));
#683=CARTESIAN_POINT('Ctrl Pts',(-8.76740163130208E-16,4.87500000273118,
-14.318253454639));
#684=CARTESIAN_POINT('Ctrl Pts',(4.20802910961127,4.77500000273118,-12.9509819146049));
#685=CARTESIAN_POINT('Ctrl Pts',(8.41605821922255,4.67500000273118,-11.5837103745707));
#686=CARTESIAN_POINT('Ctrl Pts',(11.0167632346113,4.57500000273118,-8.004147010911));
#687=CARTESIAN_POINT('Ctrl Pts',(13.61746825,4.47500000273118,-4.42458364725125));
#688=CARTESIAN_POINT('Ctrl Pts',(13.61746825,4.37500000273118,-1.66765889048532E-15));
#689=CARTESIAN_POINT('Origin',(-8.88178419700125E-15,15.1250000027312,9.43098759191512E-15));
#690=CARTESIAN_POINT('',(13.61746825,1.87500000273118,9.43098759191513E-15));
#691=CARTESIAN_POINT('',(13.61746825,2.37500000273118,9.43098759191513E-15));
#692=CARTESIAN_POINT('',(13.61746825,15.1250000027312,2.05296340743156E-14));
#693=CARTESIAN_POINT('Ctrl Pts',(13.61746825,3.87500000273118,-1.66765889048532E-15));
#694=CARTESIAN_POINT('Ctrl Pts',(13.61746825,3.77500000273118,4.42458364725124));
#695=CARTESIAN_POINT('Ctrl Pts',(11.0167632346113,3.67500000273118,8.00414701091099));
#696=CARTESIAN_POINT('Ctrl Pts',(8.41605821922256,3.57500000273118,11.5837103745707));
#697=CARTESIAN_POINT('Ctrl Pts',(4.20802910961128,3.47500000273118,12.9509819146049));
#698=CARTESIAN_POINT('Ctrl Pts',(2.63022048939062E-15,3.37500000273118,
14.318253454639));
#699=CARTESIAN_POINT('Ctrl Pts',(-4.20802910961127,3.27500000273118,12.9509819146049));
#700=CARTESIAN_POINT('Ctrl Pts',(-8.41605821922255,3.17500000273118,11.5837103745707));
#701=CARTESIAN_POINT('Ctrl Pts',(-11.0167632346113,3.07500000273118,8.004147010911));
#702=CARTESIAN_POINT('Ctrl Pts',(-13.61746825,2.97500000273118,4.42458364725125));
#703=CARTESIAN_POINT('Ctrl Pts',(-13.61746825,2.87500000273118,0.));
#704=CARTESIAN_POINT('Ctrl Pts',(-13.61746825,2.77500000273118,-4.42458364725125));
#705=CARTESIAN_POINT('Ctrl Pts',(-11.0167632346113,2.67500000273118,-8.00414701091099));
#706=CARTESIAN_POINT('Ctrl Pts',(-8.41605821922255,2.57500000273118,-11.5837103745707));
#707=CARTESIAN_POINT('Ctrl Pts',(-4.20802910961128,2.47500000273118,-12.9509819146049));
#708=CARTESIAN_POINT('Ctrl Pts',(-8.76740163130208E-16,2.37500000273118,
-14.318253454639));
#709=CARTESIAN_POINT('Ctrl Pts',(4.20802910961127,2.27500000273118,-12.9509819146049));
#710=CARTESIAN_POINT('Ctrl Pts',(8.41605821922255,2.17500000273118,-11.5837103745707));
#711=CARTESIAN_POINT('Ctrl Pts',(11.0167632346113,2.07500000273118,-8.004147010911));
#712=CARTESIAN_POINT('Ctrl Pts',(13.61746825,1.97500000273118,-4.42458364725125));
#713=CARTESIAN_POINT('Ctrl Pts',(13.61746825,1.87500000273118,-1.66765889048532E-15));
#714=CARTESIAN_POINT('Ctrl Pts',(13.61746825,4.37500000273118,-1.66765889048532E-15));
#715=CARTESIAN_POINT('Ctrl Pts',(13.61746825,4.27500000273118,4.42458364725124));
#716=CARTESIAN_POINT('Ctrl Pts',(11.0167632346113,4.17500000273118,8.00414701091099));
#717=CARTESIAN_POINT('Ctrl Pts',(8.41605821922256,4.07500000273118,11.5837103745707));
#718=CARTESIAN_POINT('Ctrl Pts',(4.20802910961128,3.97500000273118,12.9509819146049));
#719=CARTESIAN_POINT('Ctrl Pts',(2.63022048939062E-15,3.87500000273118,
14.318253454639));
#720=CARTESIAN_POINT('Ctrl Pts',(-4.20802910961127,3.77500000273118,12.9509819146049));
#721=CARTESIAN_POINT('Ctrl Pts',(-8.41605821922255,3.67500000273118,11.5837103745707));
#722=CARTESIAN_POINT('Ctrl Pts',(-11.0167632346113,3.57500000273118,8.004147010911));
#723=CARTESIAN_POINT('Ctrl Pts',(-13.61746825,3.47500000273118,4.42458364725125));
#724=CARTESIAN_POINT('Ctrl Pts',(-13.61746825,3.37500000273118,0.));
#725=CARTESIAN_POINT('Ctrl Pts',(-13.61746825,3.27500000273118,-4.42458364725125));
#726=CARTESIAN_POINT('Ctrl Pts',(-11.0167632346113,3.17500000273118,-8.00414701091099));
#727=CARTESIAN_POINT('Ctrl Pts',(-8.41605821922255,3.07500000273118,-11.5837103745707));
#728=CARTESIAN_POINT('Ctrl Pts',(-4.20802910961128,2.97500000273118,-12.9509819146049));
#729=CARTESIAN_POINT('Ctrl Pts',(-8.76740163130208E-16,2.87500000273118,
-14.318253454639));
#730=CARTESIAN_POINT('Ctrl Pts',(4.20802910961127,2.77500000273118,-12.9509819146049));
#731=CARTESIAN_POINT('Ctrl Pts',(8.41605821922255,2.67500000273118,-11.5837103745707));
#732=CARTESIAN_POINT('Ctrl Pts',(11.0167632346113,2.57500000273118,-8.004147010911));
#733=CARTESIAN_POINT('Ctrl Pts',(13.61746825,2.47500000273118,-4.42458364725125));
#734=CARTESIAN_POINT('Ctrl Pts',(13.61746825,2.37500000273118,-1.66765889048532E-15));
#735=CARTESIAN_POINT('Origin',(-8.88178419700125E-15,15.1250000027312,9.43098759191512E-15));
#736=CARTESIAN_POINT('',(13.61746825,-4.44089209850063E-15,2.05296340743156E-14));
#737=CARTESIAN_POINT('',(13.61746825,0.375000002731182,9.43098759191513E-15));
#738=CARTESIAN_POINT('',(13.61746825,15.1250000027312,2.05296340743156E-14));
#739=CARTESIAN_POINT('',(12.5871888476019,-1.51895569019659E-15,-5.19597136775834));
#740=CARTESIAN_POINT('Origin',(-8.88178419700125E-15,0.,9.43098759191512E-15));
#741=CARTESIAN_POINT('Ctrl Pts',(13.61746825,1.87500000273118,-1.66765889048532E-15));
#742=CARTESIAN_POINT('Ctrl Pts',(13.61746825,1.77500000273118,4.42458364725124));
#743=CARTESIAN_POINT('Ctrl Pts',(11.0167632346113,1.67500000273118,8.00414701091099));
#744=CARTESIAN_POINT('Ctrl Pts',(8.41605821922256,1.57500000273118,11.5837103745707));
#745=CARTESIAN_POINT('Ctrl Pts',(4.20802910961128,1.47500000273118,12.9509819146049));
#746=CARTESIAN_POINT('Ctrl Pts',(2.63022048939062E-15,1.37500000273118,
14.318253454639));
#747=CARTESIAN_POINT('Ctrl Pts',(-4.20802910961127,1.27500000273118,12.9509819146049));
#748=CARTESIAN_POINT('Ctrl Pts',(-8.41605821922255,1.17500000273118,11.5837103745707));
#749=CARTESIAN_POINT('Ctrl Pts',(-11.0167632346113,1.07500000273118,8.004147010911));
#750=CARTESIAN_POINT('Ctrl Pts',(-13.61746825,0.975000002731182,4.42458364725125));
#751=CARTESIAN_POINT('Ctrl Pts',(-13.61746825,0.875000002731182,0.));
#752=CARTESIAN_POINT('Ctrl Pts',(-13.61746825,0.775000002731181,-4.42458364725125));
#753=CARTESIAN_POINT('Ctrl Pts',(-11.0167632346113,0.675000002731182,-8.00414701091099));
#754=CARTESIAN_POINT('Ctrl Pts',(-8.41605821922255,0.575000002731182,-11.5837103745707));
#755=CARTESIAN_POINT('Ctrl Pts',(-4.20802910961128,0.475000002731181,-12.9509819146049));
#756=CARTESIAN_POINT('Ctrl Pts',(-8.76740163130208E-16,0.375000002731182,
-14.318253454639));
#757=CARTESIAN_POINT('Ctrl Pts',(4.20802910961127,0.275000002731183,-12.9509819146049));
#758=CARTESIAN_POINT('Ctrl Pts',(8.41605821922255,0.175000002731181,-11.5837103745707));
#759=CARTESIAN_POINT('Ctrl Pts',(11.0167632346113,0.075000002731182,-8.004147010911));
#760=CARTESIAN_POINT('Ctrl Pts',(11.9690211701453,0.0383846261352428,-6.6934764048167));
#761=CARTESIAN_POINT('Ctrl Pts',(12.5871888476019,-1.51895569019659E-15,
-5.19597136775834));
#762=CARTESIAN_POINT('Ctrl Pts',(13.61746825,2.37500000273118,-1.66765889048532E-15));
#763=CARTESIAN_POINT('Ctrl Pts',(13.61746825,2.27500000273118,4.42458364725124));
#764=CARTESIAN_POINT('Ctrl Pts',(11.0167632346113,2.17500000273118,8.00414701091099));
#765=CARTESIAN_POINT('Ctrl Pts',(8.41605821922256,2.07500000273118,11.5837103745707));
#766=CARTESIAN_POINT('Ctrl Pts',(4.20802910961128,1.97500000273118,12.9509819146049));
#767=CARTESIAN_POINT('Ctrl Pts',(2.63022048939062E-15,1.87500000273118,
14.318253454639));
#768=CARTESIAN_POINT('Ctrl Pts',(-4.20802910961127,1.77500000273118,12.9509819146049));
#769=CARTESIAN_POINT('Ctrl Pts',(-8.41605821922255,1.67500000273118,11.5837103745707));
#770=CARTESIAN_POINT('Ctrl Pts',(-11.0167632346113,1.57500000273118,8.004147010911));
#771=CARTESIAN_POINT('Ctrl Pts',(-13.61746825,1.47500000273118,4.42458364725125));
#772=CARTESIAN_POINT('Ctrl Pts',(-13.61746825,1.37500000273118,0.));
#773=CARTESIAN_POINT('Ctrl Pts',(-13.61746825,1.27500000273118,-4.42458364725125));
#774=CARTESIAN_POINT('Ctrl Pts',(-11.0167632346113,1.17500000273118,-8.00414701091099));
#775=CARTESIAN_POINT('Ctrl Pts',(-8.41605821922255,1.07500000273118,-11.5837103745707));
#776=CARTESIAN_POINT('Ctrl Pts',(-4.20802910961128,0.975000002731182,-12.9509819146049));
#777=CARTESIAN_POINT('Ctrl Pts',(-8.76740163130208E-16,0.875000002731182,
-14.318253454639));
#778=CARTESIAN_POINT('Ctrl Pts',(4.20802910961127,0.775000002731183,-12.9509819146049));
#779=CARTESIAN_POINT('Ctrl Pts',(8.41605821922255,0.675000002731182,-11.5837103745707));
#780=CARTESIAN_POINT('Ctrl Pts',(11.0167632346113,0.575000002731182,-8.004147010911));
#781=CARTESIAN_POINT('Ctrl Pts',(13.61746825,0.475000002731183,-4.42458364725125));
#782=CARTESIAN_POINT('Ctrl Pts',(13.61746825,0.375000002731182,-1.66765889048532E-15));
#783=CARTESIAN_POINT('Origin',(0.,55.,0.));
#784=CARTESIAN_POINT('',(-2.33821316460327E-14,1.75000000546237,-14.7));
#785=CARTESIAN_POINT('',(-2.48046048963337E-14,1.5,-14.7));
#786=CARTESIAN_POINT('',(-1.80023079474661E-15,55.,-14.7));
#787=CARTESIAN_POINT('',(-10.3741839196566,-3.92903034786048E-14,-10.414715934731));
#788=CARTESIAN_POINT('Ctrl Pts',(-6.07847105982273E-14,1.75000000546237,
-14.7));
#789=CARTESIAN_POINT('Ctrl Pts',(1.18304155206818,1.7239564484372,-14.7));
#790=CARTESIAN_POINT('Ctrl Pts',(2.36445612479363,1.69794870784574,-14.5571794869253));
#791=CARTESIAN_POINT('Ctrl Pts',(5.38537169796273,1.63144606737593,-13.8125213712792));
#792=CARTESIAN_POINT('Ctrl Pts',(7.14417189755528,1.59085308255175,-12.9903358833289));
#793=CARTESIAN_POINT('Ctrl Pts',(10.2222671117818,1.50681613974057,-10.7323876814075));
#794=CARTESIAN_POINT('Ctrl Pts',(11.518874299488,1.46691783687896,-9.32707835974248));
#795=CARTESIAN_POINT('Ctrl Pts',(13.5285589798478,1.38499834108932,-6.06732761554289));
#796=CARTESIAN_POINT('Ctrl Pts',(14.2088948495993,1.34202327098796,-4.23575547140962));
#797=CARTESIAN_POINT('Ctrl Pts',(14.8158373565654,1.25856573561415,-0.446764481229091));
#798=CARTESIAN_POINT('Ctrl Pts',(14.7492779104929,1.21951200866745,1.47221551034122));
#799=CARTESIAN_POINT('Ctrl Pts',(13.8877349321435,1.13597620617657,5.18222008030089));
#800=CARTESIAN_POINT('Ctrl Pts',(13.0993117464873,1.0938573422804,6.93777738234861));
#801=CARTESIAN_POINT('Ctrl Pts',(10.874129084528,1.01291354710732,10.0809060086794));
#802=CARTESIAN_POINT('Ctrl Pts',(9.44667834340808,0.970351395990716,11.4294314815569));
#803=CARTESIAN_POINT('Ctrl Pts',(6.19318606593404,0.886061787139981,13.4654929932228));
#804=CARTESIAN_POINT('Ctrl Pts',(4.40910390902757,0.847062318179903,14.1504374096215));
#805=CARTESIAN_POINT('Ctrl Pts',(0.650447669405014,0.764319004605259,14.8109472546851));
#806=CARTESIAN_POINT('Ctrl Pts',(-1.29038464454324,0.721593390313662,14.768959899271));
#807=CARTESIAN_POINT('Ctrl Pts',(-5.03892722242189,0.639072719575107,13.941662856286));
#808=CARTESIAN_POINT('Ctrl Pts',(-6.81117973615383,0.599068902420002,13.1669503738148));
#809=CARTESIAN_POINT('Ctrl Pts',(-9.94270824092123,0.515157687789395,10.9922633717254));
#810=CARTESIAN_POINT('Ctrl Pts',(-11.2765515623767,0.474679693013502,9.61907398041314));
#811=CARTESIAN_POINT('Ctrl Pts',(-13.3724286930167,0.393142388039045,6.40558351554163));
#812=CARTESIAN_POINT('Ctrl Pts',(-14.1001327606885,0.350114621449534,4.58688527922997));
#813=CARTESIAN_POINT('Ctrl Pts',(-14.7997985944285,0.266336599601917,0.81271446616435));
#814=CARTESIAN_POINT('Ctrl Pts',(-14.7809604259581,0.227446868963189,-1.10351550129119));
#815=CARTESIAN_POINT('Ctrl Pts',(-14.1072805922587,0.154327350311709,-4.37704550734072));
#816=CARTESIAN_POINT('Ctrl Pts',(-13.609600002594,0.122396800966443,-5.74044434721649));
#817=CARTESIAN_POINT('Ctrl Pts',(-12.2417839614828,0.0603006822663857,-8.26192302235014));
#818=CARTESIAN_POINT('Ctrl Pts',(-11.3837790450893,0.0309935015090753,-9.40904995389512));
#819=CARTESIAN_POINT('Ctrl Pts',(-10.3741839196565,-4.10348838242314E-14,
-10.4147159347311));
#820=CARTESIAN_POINT('',(-14.7,-3.46944695195361E-15,0.));
#821=CARTESIAN_POINT('Origin',(0.,0.,0.));
#822=CARTESIAN_POINT('Ctrl Pts',(-14.7,-4.11129463806503E-15,-2.77555756156289E-15));
#823=CARTESIAN_POINT('Ctrl Pts',(-14.7,0.0301794941564788,1.44146907484673));
#824=CARTESIAN_POINT('Ctrl Pts',(-14.4879758976806,0.0616386115431367,2.87516623707335));
#825=CARTESIAN_POINT('Ctrl Pts',(-13.6522133645048,0.125187866445739,5.63892600469204));
#826=CARTESIAN_POINT('Ctrl Pts',(-13.0318114527743,0.156932858311533,6.95358745174092));
#827=CARTESIAN_POINT('Ctrl Pts',(-11.1765433739914,0.227793934976134,9.73532575832841));
#828=CARTESIAN_POINT('Ctrl Pts',(-9.8276494804142,0.268542110423177,11.0954555485448));
#829=CARTESIAN_POINT('Ctrl Pts',(-6.67462346189397,0.352398522224442,13.2363184631649));
#830=CARTESIAN_POINT('Ctrl Pts',(-4.8970079172325,0.392196935330063,13.9917850148752));
#831=CARTESIAN_POINT('Ctrl Pts',(-1.14104842367239,0.474880882553844,14.7815013334055));
#832=CARTESIAN_POINT('Ctrl Pts',(0.802118842214218,0.517657898635895,14.8037618026961));
#833=CARTESIAN_POINT('Ctrl Pts',(4.55537263043388,0.600282282278664,14.1039929512721));
#834=CARTESIAN_POINT('Ctrl Pts',(6.332012782187,0.639372223124681,13.4007324722243));
#835=CARTESIAN_POINT('Ctrl Pts',(9.56087554866824,0.723627540132283,11.3334215053748));
#836=CARTESIAN_POINT('Ctrl Pts',(10.9720371621672,0.765828039358278,9.97351254791805));
#837=CARTESIAN_POINT('Ctrl Pts',(13.1659826344541,0.846966922245623,6.81091633080106));
#838=CARTESIAN_POINT('Ctrl Pts',(13.9380387461906,0.889169323576076,5.04605102927434));
#839=CARTESIAN_POINT('Ctrl Pts',(14.7628106939047,0.972635319254209,1.32743302364379));
#840=CARTESIAN_POINT('Ctrl Pts',(14.8106039535615,1.01161052397906,-0.590493127865729));
#841=CARTESIAN_POINT('Ctrl Pts',(14.1672646097776,1.09519715709295,-4.37382418946195));
#842=CARTESIAN_POINT('Ctrl Pts',(13.468323821532,1.13819601880622,-6.20048759253732));
#843=CARTESIAN_POINT('Ctrl Pts',(11.4247741543672,1.21996939407345,-9.44225575245524));
#844=CARTESIAN_POINT('Ctrl Pts',(10.1135717256458,1.26007982296366,-10.8350072513611));
#845=CARTESIAN_POINT('Ctrl Pts',(7.01449037266137,1.34406916914201,-13.0603921258018));
#846=CARTESIAN_POINT('Ctrl Pts',(5.25038546317395,1.38441765804849,-13.8639946074299));
#847=CARTESIAN_POINT('Ctrl Pts',(2.27105056532006,1.45000493870966,-14.5682853654168));
#848=CARTESIAN_POINT('Ctrl Pts',(1.13611826394828,1.47498941542438,-14.7));
#849=CARTESIAN_POINT('Ctrl Pts',(-5.07927033766009E-14,1.5,-14.7));
#850=CARTESIAN_POINT('Origin',(0.,55.,0.));
#851=CARTESIAN_POINT('',(4.23466609151804E-15,3.75000000546237,-14.7));
#852=CARTESIAN_POINT('',(-1.67207934982818E-14,3.5,-14.7));
#853=CARTESIAN_POINT('',(-1.80023079474661E-15,55.,-14.7));
#854=CARTESIAN_POINT('Ctrl Pts',(2.63677968348475E-14,3.75000000546237,
-14.7));
#855=CARTESIAN_POINT('Ctrl Pts',(1.42271204727338,3.71868032588832,-14.7));
#856=CARTESIAN_POINT('Ctrl Pts',(2.84053784644113,3.68746821251175,-14.4934427725353));
#857=CARTESIAN_POINT('Ctrl Pts',(6.06733134681928,3.61643336137857,-13.5292664346209));
#858=CARTESIAN_POINT('Ctrl Pts',(7.79794443908099,3.57430549283635,-12.6113379262223));
#859=CARTESIAN_POINT('Ctrl Pts',(10.7664055817382,3.49005756988648,-10.1861863033518));
#860=CARTESIAN_POINT('Ctrl Pts',(11.987380348083,3.45094636008328,-8.7164564365754));
#861=CARTESIAN_POINT('Ctrl Pts',(13.8200748052129,3.36834720091715,-5.3667351881869));
#862=CARTESIAN_POINT('Ctrl Pts',(14.4033965186321,3.32556010376302,-3.5126194224462));
#863=CARTESIAN_POINT('Ctrl Pts',(14.8208363665804,3.24284302807977,0.302577993291606));
#864=CARTESIAN_POINT('Ctrl Pts',(14.6557701243436,3.20308451894624,2.22646238947231));
#865=CARTESIAN_POINT('Ctrl Pts',(13.6020267610998,3.11923967181921,5.88877822808324));
#866=CARTESIAN_POINT('Ctrl Pts',(12.7288174411951,3.07843331847686,7.59407008785599));
#867=CARTESIAN_POINT('Ctrl Pts',(10.3550431160973,2.99709342314464,10.6129983275141));
#868=CARTESIAN_POINT('Ctrl Pts',(8.8636885592218,2.95404950306503,11.8868654905112));
#869=CARTESIAN_POINT('Ctrl Pts',(5.51165935791629,2.87012586456808,13.7590194675548));
#870=CARTESIAN_POINT('Ctrl Pts',(3.69186716717328,2.83127301986289,14.3547596179652));
#871=CARTESIAN_POINT('Ctrl Pts',(-0.0896412200376639,2.74802663756016,14.8237295969516));
#872=CARTESIAN_POINT('Ctrl Pts',(-2.01631728322049,2.70561265993376,14.6862367849586));
#873=CARTESIAN_POINT('Ctrl Pts',(-5.72560621646691,2.62395612159245,13.676113777678));
#874=CARTESIAN_POINT('Ctrl Pts',(-7.4706488141874,2.58266073167303,12.8065676692968));
#875=CARTESIAN_POINT('Ctrl Pts',(-10.4948367040534,2.49851212385512,10.4657926528226));
#876=CARTESIAN_POINT('Ctrl Pts',(-11.7541267738213,2.45906754316025,9.02856140982834));
#877=CARTESIAN_POINT('Ctrl Pts',(-13.6767825477461,2.37679632262436,5.7237337620237));
#878=CARTESIAN_POINT('Ctrl Pts',(-14.3093595324828,2.33390046877961,3.88042743701766));
#879=CARTESIAN_POINT('Ctrl Pts',(-14.8229695262405,2.25079334482933,0.0778476442706932));
#880=CARTESIAN_POINT('Ctrl Pts',(-14.7080701252361,2.21145457800626,-1.84367492393195));
#881=CARTESIAN_POINT('Ctrl Pts',(-13.752066210088,2.12775834860244,-5.53064977698281));
#882=CARTESIAN_POINT('Ctrl Pts',(-12.9218982722902,2.08617329373692,-7.2616586201818));
#883=CARTESIAN_POINT('Ctrl Pts',(-10.6211664416231,2.00526708135875,-10.3476051372047));
#884=CARTESIAN_POINT('Ctrl Pts',(-9.15852483746193,1.96220948522772,-11.6620492082821));
#885=CARTESIAN_POINT('Ctrl Pts',(-5.85139105418898,1.87800515016196,-13.6176893521539));
#886=CARTESIAN_POINT('Ctrl Pts',(-4.04923561797289,1.83914015319487,-14.2577679127885));
#887=CARTESIAN_POINT('Ctrl Pts',(-1.45359946335759,1.78199964271058,-14.6461449127437));
#888=CARTESIAN_POINT('Ctrl Pts',(-0.726492960280051,1.76599307080007,-14.7));
#889=CARTESIAN_POINT('Ctrl Pts',(-6.31439345255558E-14,1.75000000546237,
-14.7));
#890=CARTESIAN_POINT('Ctrl Pts',(-5.05151476204446E-14,1.5,-14.7));
#891=CARTESIAN_POINT('Ctrl Pts',(-0.775056781594078,1.51706215259633,-14.7));
#892=CARTESIAN_POINT('Ctrl Pts',(-1.55066550201114,1.53413645561161,-14.6387039712154));
#893=CARTESIAN_POINT('Ctrl Pts',(-4.18992933664361,1.59223738880499,-14.2169716482319));
#894=CARTESIAN_POINT('Ctrl Pts',(-5.98505770938273,1.63114017773886,-13.559382612028));
#895=CARTESIAN_POINT('Ctrl Pts',(-9.27402669540383,1.71544795613794,-11.5707464129653));
#896=CARTESIAN_POINT('Ctrl Pts',(-10.7249703089803,1.75850354096681,-10.2403568775466));
#897=CARTESIAN_POINT('Ctrl Pts',(-12.9963551862216,1.8392284644987,-7.1280281948625));
#898=CARTESIAN_POINT('Ctrl Pts',(-13.8092993975827,1.88115940754427,-5.38680026336502));
#899=CARTESIAN_POINT('Ctrl Pts',(-14.7262364959905,1.96479249478617,-1.69014770350039));
#900=CARTESIAN_POINT('Ctrl Pts',(-14.8211200534634,2.00399886356967,0.230352792808771));
#901=CARTESIAN_POINT('Ctrl Pts',(-14.2689404470301,2.08725416484489,4.02747798123895));
#902=CARTESIAN_POINT('Ctrl Pts',(-13.6166198277428,2.13018591852008,5.86608390111837));
#903=CARTESIAN_POINT('Ctrl Pts',(-11.6579663498651,2.21231579126825,9.15246396389361));
#904=CARTESIAN_POINT('Ctrl Pts',(-10.3832727851125,2.25193220697108,10.5765509966591));
#905=CARTESIAN_POINT('Ctrl Pts',(-7.33678966326283,2.33603648479784,12.8832133275529));
#906=CARTESIAN_POINT('Ctrl Pts',(-5.58603377649583,2.37702867329717,13.7332375409674));
#907=CARTESIAN_POINT('Ctrl Pts',(-1.86830367465243,2.45887103609691,14.7060487327436));
#908=CARTESIAN_POINT('Ctrl Pts',(0.061637689701762,2.50135689628493,14.8241205440546));
#909=CARTESIAN_POINT('Ctrl Pts',(3.83894853316999,2.5845108735748,14.315985799908));
#910=CARTESIAN_POINT('Ctrl Pts',(5.65151796309403,2.62335427224747,13.7020185701449));
#911=CARTESIAN_POINT('Ctrl Pts',(8.98528184001902,2.70739651789605,11.7955582768008));
#912=CARTESIAN_POINT('Ctrl Pts',(10.4649908144527,2.75044928771725,10.5049784147578));
#913=CARTESIAN_POINT('Ctrl Pts',(12.8089586461582,2.83161527962701,7.45846474311683));
#914=CARTESIAN_POINT('Ctrl Pts',(13.6645719819848,2.87272502363674,5.7426286016526));
#915=CARTESIAN_POINT('Ctrl Pts',(14.6783392441137,2.9565107135478,2.07014927807317));
#916=CARTESIAN_POINT('Ctrl Pts',(14.8228712496193,2.99608234854642,0.147196262584827));
#917=CARTESIAN_POINT('Ctrl Pts',(14.366155610536,3.07896226081846,-3.66301727082812));
#918=CARTESIAN_POINT('Ctrl Pts',(13.7627151922716,3.12179707833147,-5.51287534992533));
#919=CARTESIAN_POINT('Ctrl Pts',(11.8932453522781,3.20426652857639,-8.84445223954303));
#920=CARTESIAN_POINT('Ctrl Pts',(10.6566370296511,3.24349758131821,-10.3009558672009));
#921=CARTESIAN_POINT('Ctrl Pts',(7.66539163832593,3.32770688748512,-12.6917632616297));
#922=CARTESIAN_POINT('Ctrl Pts',(5.92885277891809,3.3694818325093,-13.5899821489519));
#923=CARTESIAN_POINT('Ctrl Pts',(2.74325328236386,3.43960983604629,-14.5074412473946));
#924=CARTESIAN_POINT('Ctrl Pts',(1.37366135583478,3.46976012567655,-14.7));
#925=CARTESIAN_POINT('Ctrl Pts',(-6.55031584528842E-14,3.5,-14.7));
#926=CARTESIAN_POINT('Origin',(0.,55.,0.));
#927=CARTESIAN_POINT('',(-4.09200659317063E-15,5.75000000546237,-14.7));
#928=CARTESIAN_POINT('',(1.87544216418959E-15,5.5,-14.7));
#929=CARTESIAN_POINT('',(-1.80023079474661E-15,55.,-14.7));
#930=CARTESIAN_POINT('Ctrl Pts',(-3.08086889333481E-14,5.75000000546237,
-14.7));
#931=CARTESIAN_POINT('Ctrl Pts',(1.65795191199341,5.71350173953967,-14.7));
#932=CARTESIAN_POINT('Ctrl Pts',(3.30610483196859,5.67770064516415,-14.4194842192286));
#933=CARTESIAN_POINT('Ctrl Pts',(6.67470772947388,5.60238787414301,-13.2356111153411));
#934=CARTESIAN_POINT('Ctrl Pts',(8.33504386489189,5.56016863413718,-12.2580604578755));
#935=CARTESIAN_POINT('Ctrl Pts',(11.1829082409029,5.47671773483918,-9.72851758496497));
#936=CARTESIAN_POINT('Ctrl Pts',(12.3456245379992,5.43775653670501,-8.2028689193425));
#937=CARTESIAN_POINT('Ctrl Pts',(14.0421204744677,5.35414363895847,-4.76047469514745));
#938=CARTESIAN_POINT('Ctrl Pts',(14.5466156161932,5.31114034085302,-2.87042017540461));
#939=CARTESIAN_POINT('Ctrl Pts',(14.7909189942525,5.22939792831739,0.954479663220037));
#940=CARTESIAN_POINT('Ctrl Pts',(14.5447821171715,5.18924097476979,2.85161210467905));
#941=CARTESIAN_POINT('Ctrl Pts',(13.3381141310731,5.10526179293413,6.47065597621608));
#942=CARTESIAN_POINT('Ctrl Pts',(12.3801091806618,5.06496193261228,8.15521636337548));
#943=CARTESIAN_POINT('Ctrl Pts',(9.87035849988804,4.98265975299152,11.0613569154801));
#944=CARTESIAN_POINT('Ctrl Pts',(8.34252872311803,4.94000705924635,12.2547853064527));
#945=CARTESIAN_POINT('Ctrl Pts',(4.93799686541207,4.85711766871007,13.974746335857));
#946=CARTESIAN_POINT('Ctrl Pts',(3.09822924332025,4.81820463431449,14.4940782753288));
#947=CARTESIAN_POINT('Ctrl Pts',(-0.732514589972504,4.73387437955991,14.8106398170394));
#948=CARTESIAN_POINT('Ctrl Pts',(-2.68829146384136,4.69081977515665,14.5830158848592));
#949=CARTESIAN_POINT('Ctrl Pts',(-6.39687329087004,4.60917880221004,13.3780245354179));
#950=CARTESIAN_POINT('Ctrl Pts',(-8.11290934416561,4.56612417247766,12.4125772535015));
#951=CARTESIAN_POINT('Ctrl Pts',(-11.025925907484,4.48179536561854,9.90486180546801));
#952=CARTESIAN_POINT('Ctrl Pts',(-12.2090734737825,4.44288233140163,8.40332512243587));
#953=CARTESIAN_POINT('Ctrl Pts',(-13.9524297571204,4.35999294049955,5.0107137466573));
#954=CARTESIAN_POINT('Ctrl Pts',(-14.4869903378715,4.31734024695202,3.14717407421877));
#955=CARTESIAN_POINT('Ctrl Pts',(-14.8092346051585,4.23503806790602,-0.679137471536451));
#956=CARTESIAN_POINT('Ctrl Pts',(-14.5941170712619,4.19473820677549,-2.60507663682486));
#957=CARTESIAN_POINT('Ctrl Pts',(-13.4431112328704,4.11075902476868,-6.24220624466073));
#958=CARTESIAN_POINT('Ctrl Pts',(-12.5271336212356,4.07060207200789,-7.92169422197684));
#959=CARTESIAN_POINT('Ctrl Pts',(-10.0812682235741,3.9888596589516,-10.8725051780672));
#960=CARTESIAN_POINT('Ctrl Pts',(-8.56217687094171,3.94585636091904,-12.1050565445791));
#961=CARTESIAN_POINT('Ctrl Pts',(-5.16629421157122,3.86224346361107,-13.8928365670951));
#962=CARTESIAN_POINT('Ctrl Pts',(-3.32888315804946,3.8232822652488,-14.4436847121789));
#963=CARTESIAN_POINT('Ctrl Pts',(-0.958990562747504,3.77111128880138,-14.6765669143259));
#964=CARTESIAN_POINT('Ctrl Pts',(-0.479218091148648,3.76054954504744,-14.7));
#965=CARTESIAN_POINT('Ctrl Pts',(2.98372437868011E-14,3.75000000546237,
-14.7));
#966=CARTESIAN_POINT('Ctrl Pts',(-6.27276008913213E-14,3.5,-14.7));
#967=CARTESIAN_POINT('Ctrl Pts',(-0.529720065449687,3.5116612934751,-14.7));
#968=CARTESIAN_POINT('Ctrl Pts',(-1.06004528641341,3.523335908885,-14.6713677607469));
#969=CARTESIAN_POINT('Ctrl Pts',(-3.47647350549811,3.57653132371294,-14.4086819349419));
#970=CARTESIAN_POINT('Ctrl Pts',(-5.30675521903719,3.61543397942417,-13.8395931824551));
#971=CARTESIAN_POINT('Ctrl Pts',(-8.68501332198764,3.69917628943569,-12.0175537052953));
#972=CARTESIAN_POINT('Ctrl Pts',(-10.1929970699715,3.7421992877554,-10.7681915456468));
#973=CARTESIAN_POINT('Ctrl Pts',(-12.6097972350736,3.82378254893704,-7.78967537947956));
#974=CARTESIAN_POINT('Ctrl Pts',(-13.5084936505992,3.86418674441974,-6.0997311757925));
#975=CARTESIAN_POINT('Ctrl Pts',(-14.6201832938568,3.94811327968091,-2.45234153857271));
#976=CARTESIAN_POINT('Ctrl Pts',(-14.8150531070743,3.98817962381738,-0.527195916086106));
#977=CARTESIAN_POINT('Ctrl Pts',(-14.4543921851666,4.07065267613379,3.29479475531374));
#978=CARTESIAN_POINT('Ctrl Pts',(-13.9001557337801,4.11336278601653,5.15468373747687));
#979=CARTESIAN_POINT('Ctrl Pts',(-12.1207119229053,4.19613916624575,8.53017181392631));
#980=CARTESIAN_POINT('Ctrl Pts',(-10.9223085774462,4.2351165464446,10.0189142770026));
#981=CARTESIAN_POINT('Ctrl Pts',(-7.98685604519634,4.31941550865411,12.4934427946879));
#982=CARTESIAN_POINT('Ctrl Pts',(-6.26489358637718,4.36208420736541,13.4397465605494));
#983=CARTESIAN_POINT('Ctrl Pts',(-2.59054558436133,4.44297155367502,14.5949243613073));
#984=CARTESIAN_POINT('Ctrl Pts',(-0.678389036713618,4.48506589770094,14.8075113294132));
#985=CARTESIAN_POINT('Ctrl Pts',(3.11712891157342,4.56862068743207,14.4911671059879));
#986=CARTESIAN_POINT('Ctrl Pts',(4.9646886217431,4.60770012055649,13.9664706451819));
#987=CARTESIAN_POINT('Ctrl Pts',(8.37232357038051,4.69080177168835,12.2343766301715));
#988=CARTESIAN_POINT('Ctrl Pts',(9.89688685264816,4.73344029530466,11.0375473978184));
#989=CARTESIAN_POINT('Ctrl Pts',(12.3998847759366,4.81570148139773,8.1252805536142));
#990=CARTESIAN_POINT('Ctrl Pts',(13.3541225090255,4.85605940381206,6.43776070843235));
#991=CARTESIAN_POINT('Ctrl Pts',(14.5518406900131,4.94005069297693,2.81523058420751));
#992=CARTESIAN_POINT('Ctrl Pts',(14.79322000873,4.98015227542994,0.917701728886858));
#993=CARTESIAN_POINT('Ctrl Pts',(14.539505756317,5.06193157867684,-2.90590234955014));
#994=CARTESIAN_POINT('Ctrl Pts',(14.0305571863546,5.10492956763619,-4.79425628096012));
#995=CARTESIAN_POINT('Ctrl Pts',(12.3259332504412,5.18851113010028,-8.23251288482773));
#996=CARTESIAN_POINT('Ctrl Pts',(11.1593086837988,5.22748911803708,-9.75565040493628));
#997=CARTESIAN_POINT('Ctrl Pts',(8.30531790443968,5.31095799234321,-12.2781501601302));
#998=CARTESIAN_POINT('Ctrl Pts',(6.64303654821241,5.35315713652708,-13.2514703960146));
#999=CARTESIAN_POINT('Ctrl Pts',(3.28301295637345,5.42816294889534,-14.4234293771603));
#1000=CARTESIAN_POINT('Ctrl Pts',(1.64625124135112,5.46375931343499,-14.7));
#1001=CARTESIAN_POINT('Ctrl Pts',(2.05391259555654E-14,5.5,-14.7));
#1002=CARTESIAN_POINT('Origin',(0.,55.,0.));
#1003=CARTESIAN_POINT('',(-6.05944620674301E-9,7.75000000572915,-14.7));
#1004=CARTESIAN_POINT('',(-1.39370067550625E-8,7.50000000061361,-14.7));
#1005=CARTESIAN_POINT('',(-1.80023079474661E-15,55.,-14.7));
#1006=CARTESIAN_POINT('Ctrl Pts',(-1.21189169810521E-8,7.75000000572915,
-14.7));
#1007=CARTESIAN_POINT('Ctrl Pts',(1.90018728227168,7.70816915365685,-14.7000000015665));
#1008=CARTESIAN_POINT('Ctrl Pts',(3.78269802046449,7.66807487490483,-14.3315551324877));
#1009=CARTESIAN_POINT('Ctrl Pts',(7.31948359786405,7.58645362916166,-12.8916310981294));
#1010=CARTESIAN_POINT('Ctrl Pts',(8.93734865734612,7.54387210440894,-11.8276257582583));
#1011=CARTESIAN_POINT('Ctrl Pts',(11.6564064450795,7.46085984722638,-9.15469517365851));
#1012=CARTESIAN_POINT('Ctrl Pts',(12.7381520271516,7.42199485016302,-7.57758031858878));
#1013=CARTESIAN_POINT('Ctrl Pts',(14.2641829099855,7.3377905147396,-4.0515496876525));
#1014=CARTESIAN_POINT('Ctrl Pts',(14.6748739209022,7.29473291860821,-2.12842291100223));
#1015=CARTESIAN_POINT('Ctrl Pts',(14.7223310867056,7.21382670683458,1.72049651876916));
#1016=CARTESIAN_POINT('Ctrl Pts',(14.3764895196038,7.1722416508343,3.60887255488502));
#1017=CARTESIAN_POINT('Ctrl Pts',(12.982763363433,7.08854542164009,7.15362282033673));
#1018=CARTESIAN_POINT('Ctrl Pts',(11.9462762512362,7.04920665529833,8.77570336401974));
#1019=CARTESIAN_POINT('Ctrl Pts',(9.29565662029799,6.96609953084024,11.550162568008));
#1020=CARTESIAN_POINT('Ctrl Pts',(7.70042277132024,6.9232036768669,12.6696092365127));
#1021=CARTESIAN_POINT('Ctrl Pts',(4.20243256115773,6.84093245679832,14.2131621365018));
#1022=CARTESIAN_POINT('Ctrl Pts',(2.33886214909433,6.80148787556083,14.6357144392632));
#1023=CARTESIAN_POINT('Ctrl Pts',(-1.48363027501218,6.71733926788813,14.7518680286651));
#1024=CARTESIAN_POINT('Ctrl Pts',(-3.40650574817984,6.67604387902164,14.4296352396263));
#1025=CARTESIAN_POINT('Ctrl Pts',(-7.00111888846783,6.59438734004781,13.0665764691694));
#1026=CARTESIAN_POINT('Ctrl Pts',(-8.64064878424857,6.55197336217279,12.0453386554221));
#1027=CARTESIAN_POINT('Ctrl Pts',(-11.4242996079981,6.46872698017159,9.44321901269629));
#1028=CARTESIAN_POINT('Ctrl Pts',(-12.5463750863341,6.42987413553186,7.89160805949523));
#1029=CARTESIAN_POINT('Ctrl Pts',(-14.1577990610478,6.34595049662883,4.40673028876895));
#1030=CARTESIAN_POINT('Ctrl Pts',(-14.6155698459865,6.30290657651198,2.49955386814643));
#1031=CARTESIAN_POINT('Ctrl Pts',(-14.76151198363,6.22156668175404,-1.33807993958879));
#1032=CARTESIAN_POINT('Ctrl Pts',(-14.4656076885949,6.18076032743087,-3.23094958890837));
#1033=CARTESIAN_POINT('Ctrl Pts',(-13.1654486095633,6.09691548049817,-6.81320009871705));
#1034=CARTESIAN_POINT('Ctrl Pts',(-12.1681590756565,6.05715697202552,-8.46667873037568));
#1035=CARTESIAN_POINT('Ctrl Pts',(-9.58792627224693,5.97443989578931,-11.3078731998491));
#1036=CARTESIAN_POINT('Ctrl Pts',(-8.02618714346051,5.93165279846794,-12.4650164125851));
#1037=CARTESIAN_POINT('Ctrl Pts',(-4.57458936887034,5.84905363972602,-14.097766933968));
#1038=CARTESIAN_POINT('Ctrl Pts',(-2.72291447630713,5.8099424295593,-14.5691323458104));
#1039=CARTESIAN_POINT('Ctrl Pts',(-0.555172898184135,5.76222161932489,-14.6921452163969));
#1040=CARTESIAN_POINT('Ctrl Pts',(-0.277449094163268,5.7561077886529,-14.7));
#1041=CARTESIAN_POINT('Ctrl Pts',(-2.45636844198316E-14,5.75000000546237,
-14.7));
#1042=CARTESIAN_POINT('Ctrl Pts',(2.34534613952064E-14,5.5,-14.7));
#1043=CARTESIAN_POINT('Ctrl Pts',(-0.289897084679141,5.50638181409864,-14.7));
#1044=CARTESIAN_POINT('Ctrl Pts',(-0.580088732862167,5.51277011273801,-14.6914245900417));
#1045=CARTESIAN_POINT('Ctrl Pts',(-2.76003576724593,5.56075961471498,-14.562151232239));
#1046=CARTESIAN_POINT('Ctrl Pts',(-4.61054588073701,5.5998455637425,-14.086054557856));
#1047=CARTESIAN_POINT('Ctrl Pts',(-8.05756616691145,5.68247477613944,-12.4446810433791));
#1048=CARTESIAN_POINT('Ctrl Pts',(-9.61600371570701,5.72524983097615,-11.2839242686369));
#1049=CARTESIAN_POINT('Ctrl Pts',(-12.1893417137603,5.8079273789736,-8.43629475378956));
#1050=CARTESIAN_POINT('Ctrl Pts',(-13.1827905318039,5.84773357088579,-6.77975995891603));
#1051=CARTESIAN_POINT('Ctrl Pts',(-14.4737964860912,5.93159219882907,-3.19387719349576));
#1052=CARTESIAN_POINT('Ctrl Pts',(-14.7648227212272,5.97232927013798,-1.3005802968706));
#1053=CARTESIAN_POINT('Ctrl Pts',(-14.6092474650465,6.05370994490595,2.53587130450078));
#1054=CARTESIAN_POINT('Ctrl Pts',(-14.1468869438929,6.09675108156335,4.44142348250887));
#1055=CARTESIAN_POINT('Ctrl Pts',(-12.5271218330521,6.1806456341812,7.92220179989751));
#1056=CARTESIAN_POINT('Ctrl Pts',(-11.4010825031432,6.21950372296008,9.47129243544773));
#1057=CARTESIAN_POINT('Ctrl Pts',(-8.61112896560472,6.30277145279075,12.066386949929));
#1058=CARTESIAN_POINT('Ctrl Pts',(-6.96952384940347,6.34516758112416,13.0833890110819));
#1059=CARTESIAN_POINT('Ctrl Pts',(-3.37131948160392,6.4267788771869,14.4380083968434));
#1060=CARTESIAN_POINT('Ctrl Pts',(-1.44680514177282,6.4681499334081,14.7556348472128));
#1061=CARTESIAN_POINT('Ctrl Pts',(2.37615470308979,6.55230883091305,14.6296982783552));
#1062=CARTESIAN_POINT('Ctrl Pts',(4.23858200430478,6.59171531792613,14.2024157099682));
#1063=CARTESIAN_POINT('Ctrl Pts',(7.73214324107465,6.67401972841803,12.6502018130654));
#1064=CARTESIAN_POINT('Ctrl Pts',(9.32417723845175,6.71690627642483,11.5270701147822));
#1065=CARTESIAN_POINT('Ctrl Pts',(11.9680362712851,6.79997701794299,8.74611750938163));
#1066=CARTESIAN_POINT('Ctrl Pts',(13.0007586751939,6.83935073467839,7.12100526669171));
#1067=CARTESIAN_POINT('Ctrl Pts',(14.3854865082142,6.9230618665545,3.57261946910873));
#1068=CARTESIAN_POINT('Ctrl Pts',(14.726519896458,6.96456648283794,1.68380116530261));
#1069=CARTESIAN_POINT('Ctrl Pts',(14.6695916942186,7.04551572193184,-2.16409606048954));
#1070=CARTESIAN_POINT('Ctrl Pts',(14.2543613672709,7.0885731687648,-4.08574079298378));
#1071=CARTESIAN_POINT('Ctrl Pts',(12.7201092929562,7.17275182590288,-7.60787371992248));
#1072=CARTESIAN_POINT('Ctrl Pts',(11.6345003412991,7.21161049290069,-9.18255618505193));
#1073=CARTESIAN_POINT('Ctrl Pts',(8.90921903941592,7.29464650051138,-11.8487563291253));
#1074=CARTESIAN_POINT('Ctrl Pts',(7.28923575719387,7.33721308400348,-12.9086914879366));
#1075=CARTESIAN_POINT('Ctrl Pts',(3.76004760982087,7.41853600231291,-14.3360170056389));
#1076=CARTESIAN_POINT('Ctrl Pts',(1.88864030588761,7.45842334411633,-14.7000000017915));
#1077=CARTESIAN_POINT('Ctrl Pts',(-1.39437209001336E-8,7.50000000030695,
-14.7));
#1078=CARTESIAN_POINT('Origin',(0.,-6.,0.));
#1079=CARTESIAN_POINT('',(-5.,-6.,6.12323399573677E-16));
#1080=CARTESIAN_POINT('Origin',(0.,-6.,0.));
#1081=CARTESIAN_POINT('',(-3.00000005960463,-6.,3.6739404704367E-16));
#1082=CARTESIAN_POINT('Origin',(1.77635683940025E-14,-6.,0.));
#1083=CARTESIAN_POINT('Origin',(0.,11.,0.));
#1084=CARTESIAN_POINT('',(-5.,2.22446582822447,-6.12323399573677E-16));
#1085=CARTESIAN_POINT('',(6.12323399573677E-16,2.22446582822447,5.));
#1086=CARTESIAN_POINT('Origin',(0.,2.22446582822447,0.));
#1087=CARTESIAN_POINT('',(-5.,11.,-6.12323399573677E-16));
#1088=CARTESIAN_POINT('Origin',(0.,2.22446582822447,0.));
#1089=CARTESIAN_POINT('Origin',(1.77635683940025E-14,-10.,0.));
#1090=CARTESIAN_POINT('',(-3.00000005960463,-10.,3.6739404704367E-16));
#1091=CARTESIAN_POINT('Origin',(1.77635683940025E-14,-10.,0.));
#1092=CARTESIAN_POINT('',(-3.00000005960463,-10.,3.6739404704367E-16));
#1093=CARTESIAN_POINT('Origin',(0.,11.,0.));
#1094=CARTESIAN_POINT('',(-1.23689326713883E-15,11.,10.1));
#1095=CARTESIAN_POINT('Origin',(0.,11.,0.));
#1096=CARTESIAN_POINT('Origin',(0.,11.,0.));
#1097=CARTESIAN_POINT('Origin',(0.,9.20000000000001,0.));
#1098=CARTESIAN_POINT('',(14.5145076065671,9.30000000000001,-2.3278893742845));
#1099=CARTESIAN_POINT('Ctrl Pts',(-0.316938117534152,10.38253175,-13.613779481445));
#1100=CARTESIAN_POINT('Ctrl Pts',(0.811043367941189,10.3190262492902,-13.7035623716336));
#1101=CARTESIAN_POINT('Ctrl Pts',(1.94585971357306,10.256037866974,-13.652365779499));
#1102=CARTESIAN_POINT('Ctrl Pts',(4.22116518707876,10.1313772737507,-13.262772539793));
#1103=CARTESIAN_POINT('Ctrl Pts',(5.35415164370089,10.0703019988255,-12.9122192196697));
#1104=CARTESIAN_POINT('Ctrl Pts',(8.04544341661357,9.91093502954145,-11.7024775491985));
#1105=CARTESIAN_POINT('Ctrl Pts',(9.5193460501668,9.81367696189292,-10.6681969148339));
#1106=CARTESIAN_POINT('Ctrl Pts',(11.7075915351389,9.64952045146959,-8.40916743161783));
#1107=CARTESIAN_POINT('Ctrl Pts',(12.5105940072397,9.58106210817196,-7.29466955818721));
#1108=CARTESIAN_POINT('Ctrl Pts',(13.7721131183537,9.43983469390241,-4.91220464797186));
#1109=CARTESIAN_POINT('Ctrl Pts',(14.2336563147037,9.369095249234,-3.64269328298253));
#1110=CARTESIAN_POINT('Ctrl Pts',(14.5145076065671,9.30000000000001,-2.32788937428439));
#1111=CARTESIAN_POINT('',(8.6404432087003,9.29999999999998,-11.8925498173111));
#1112=CARTESIAN_POINT('Origin',(0.,9.30000000000001,0.));
#1113=CARTESIAN_POINT('',(5.186125625689E-10,10.0607695154739,13.9392304845261));
#1114=CARTESIAN_POINT('Ctrl Pts',(8.64044320870032,9.29999999999999,-11.8925498173111));
#1115=CARTESIAN_POINT('Ctrl Pts',(7.8219283344885,9.31397846769633,-12.469957346937));
#1116=CARTESIAN_POINT('Ctrl Pts',(6.94652896367853,9.32794074660824,-12.9621851062978));
#1117=CARTESIAN_POINT('Ctrl Pts',(5.08804504896094,9.35571022161325,-13.7701527000831));
#1118=CARTESIAN_POINT('Ctrl Pts',(4.10488067900093,9.36922109138978,-14.0807081307237));
#1119=CARTESIAN_POINT('Ctrl Pts',(1.24835466903848,9.40919616012638,-14.6591680502165));
#1120=CARTESIAN_POINT('Ctrl Pts',(-0.655792872470946,9.43598565481229,-14.6710072658858));
#1121=CARTESIAN_POINT('Ctrl Pts',(-3.43064490623864,9.47524019656173,-14.1449172657608));
#1122=CARTESIAN_POINT('Ctrl Pts',(-4.33556626276626,9.48781862051107,-13.881201841404));
#1123=CARTESIAN_POINT('Ctrl Pts',(-6.95855902405107,9.52644223527875,-12.8304763333824));
#1124=CARTESIAN_POINT('Ctrl Pts',(-8.55561561803315,9.55340089377002,-11.7925558186611));
#1125=CARTESIAN_POINT('Ctrl Pts',(-10.5629162186176,9.5929069581765,-9.83991189645105));
#1126=CARTESIAN_POINT('Ctrl Pts',(-11.1543104379583,9.60555826178427,-9.14366919616567));
#1127=CARTESIAN_POINT('Ctrl Pts',(-12.7560776273985,9.64354270286566,-6.85211792339991));
#1128=CARTESIAN_POINT('Ctrl Pts',(-13.5208798099222,9.67061906497269,-5.10666204485072));
#1129=CARTESIAN_POINT('Ctrl Pts',(-14.3266589340283,9.72437913523335,-1.43251866857897));
#1130=CARTESIAN_POINT('Ctrl Pts',(-14.3662239985096,9.74959299230621,0.465701926256065));
#1131=CARTESIAN_POINT('Ctrl Pts',(-13.8703048999518,9.78958025181755,3.22585845348275));
#1132=CARTESIAN_POINT('Ctrl Pts',(-13.6181003862325,9.80295250036525,4.11812841316984));
#1133=CARTESIAN_POINT('Ctrl Pts',(-12.6092419714219,9.84293599188636,6.69498175367553));
#1134=CARTESIAN_POINT('Ctrl Pts',(-11.6078876126786,9.86814994163604,8.26864095404073));
#1135=CARTESIAN_POINT('Ctrl Pts',(-9.08614808125816,9.92022120892099,10.9056813554039));
#1136=CARTESIAN_POINT('Ctrl Pts',(-7.60058884578257,9.94676348137242,11.9572693767803));
#1137=CARTESIAN_POINT('Ctrl Pts',(-4.2846515579257,9.99901822552904,13.4549564322802));
#1138=CARTESIAN_POINT('Ctrl Pts',(-2.47941753045014,10.024320278397,13.8762595827783));
#1139=CARTESIAN_POINT('Ctrl Pts',(-0.428019016104524,10.0544720391382,13.9406025462239));
#1140=CARTESIAN_POINT('Ctrl Pts',(-0.213941751562624,10.0576207070277,13.9423792929882));
#1141=CARTESIAN_POINT('Ctrl Pts',(1.03721982391836E-9,10.0607695154739,
13.9392304845261));
#1142=CARTESIAN_POINT('',(-1.59204083889156E-15,11.,13.));
#1143=CARTESIAN_POINT('',(-1.81247726273808E-15,9.20000000000001,14.8));
#1144=CARTESIAN_POINT('Origin',(0.,11.,0.));
#1145=CARTESIAN_POINT('Ctrl Pts',(1.03722544442242E-9,10.0607695154739,
13.9392304845261));
#1146=CARTESIAN_POINT('Ctrl Pts',(0.69095453906866,10.0709390287124,13.9290609712362));
#1147=CARTESIAN_POINT('Ctrl Pts',(1.38049560442613,10.0811101196898,13.8675148018694));
#1148=CARTESIAN_POINT('Ctrl Pts',(3.86992490560783,10.1179103643498,13.4569512513085));
#1149=CARTESIAN_POINT('Ctrl Pts',(5.60505266708528,10.1432132459518,12.8049362757984));
#1150=CARTESIAN_POINT('Ctrl Pts',(8.69621138252364,10.1971112476714,10.8706252291262));
#1151=CARTESIAN_POINT('Ctrl Pts',(10.0268668207357,10.2241285834663,9.61829142501707));
#1152=CARTESIAN_POINT('Ctrl Pts',(11.5231650979251,10.2607463875162,7.521348775384));
#1153=CARTESIAN_POINT('Ctrl Pts',(11.9116527300319,10.2717568854826,6.86714414029805));
#1154=CARTESIAN_POINT('Ctrl Pts',(12.7313142493731,10.2994503173422,5.18213852877622));
#1155=CARTESIAN_POINT('Ctrl Pts',(13.0940041705096,10.3161602142082,4.12678740249841));
#1156=CARTESIAN_POINT('Ctrl Pts',(13.5605459384708,10.3497262437399,1.9303733588768));
#1157=CARTESIAN_POINT('Ctrl Pts',(13.6572660305769,10.3662209722226,0.797069454269933));
#1158=CARTESIAN_POINT('Ctrl Pts',(13.6134221083779,10.38253175,-0.331933786901587));
#1159=CARTESIAN_POINT('Origin',(0.,-10.,0.));
#1160=CARTESIAN_POINT('',(-1.83697019872103E-15,0.,-15.));
#1161=CARTESIAN_POINT('Origin',(0.,0.,0.));
#1162=CARTESIAN_POINT('',(-1.83697019872103E-15,-10.,-15.));
#1163=CARTESIAN_POINT('',(-1.83697019872103E-15,-10.,-15.));
#1164=CARTESIAN_POINT('Origin',(0.,-10.,0.));
#1165=CARTESIAN_POINT('Origin',(0.,55.,0.));
#1166=CARTESIAN_POINT('Ctrl Pts',(-1.39437259732183E-8,7.50000000030695,
-14.7));
#1167=CARTESIAN_POINT('Ctrl Pts',(-0.0344505004133561,7.50075839565439,
-14.6999999999673));
#1168=CARTESIAN_POINT('Ctrl Pts',(-0.0689067304280415,7.50151691744039,
-14.6998788942598));
#1169=CARTESIAN_POINT('Ctrl Pts',(-1.99760094663038,7.54397532282434,-14.6863162854621));
#1170=CARTESIAN_POINT('Ctrl Pts',(-3.87151950334205,7.58382504388757,-14.3069774141074));
#1171=CARTESIAN_POINT('Ctrl Pts',(-7.40930512962635,7.66577930861101,-12.8426932984417));
#1172=CARTESIAN_POINT('Ctrl Pts',(-9.03330305532658,7.70874798939835,-11.757208748775));
#1173=CARTESIAN_POINT('Ctrl Pts',(-11.7450739891823,7.79217349232673,-9.04231201684948));
#1174=CARTESIAN_POINT('Ctrl Pts',(-12.8156247779905,7.83124907839289,-7.4478126088422));
#1175=CARTESIAN_POINT('Ctrl Pts',(-14.2908185034574,7.91480111967301,-3.93641963676662));
#1176=CARTESIAN_POINT('Ctrl Pts',(-14.6803047568648,7.95689906521672,-2.05223899523119));
#1177=CARTESIAN_POINT('Ctrl Pts',(-14.7186322806944,8.03779468106432,1.79914073975151));
#1178=CARTESIAN_POINT('Ctrl Pts',(-14.3515905179413,8.08044771912709,3.72923502076245));
#1179=CARTESIAN_POINT('Ctrl Pts',(-12.9068790194355,8.1647453267935,7.28614290171478));
#1180=CARTESIAN_POINT('Ctrl Pts',(-11.8620291880458,8.20372583072643,8.88637658070661));
#1181=CARTESIAN_POINT('Ctrl Pts',(-9.20277037765178,8.28649740378537,11.6230127321767));
#1182=CARTESIAN_POINT('Ctrl Pts',(-7.60557974500151,8.32920980236038,12.725588232056));
#1183=CARTESIAN_POINT('Ctrl Pts',(-4.08276831078138,8.41168984098138,14.2511156622476));
#1184=CARTESIAN_POINT('Ctrl Pts',(-2.19191929232407,8.45174693992389,14.6614729282306));
#1185=CARTESIAN_POINT('Ctrl Pts',(1.62038410133076,8.53567124558866,14.7329781708854));
#1186=CARTESIAN_POINT('Ctrl Pts',(3.50551896680463,8.57608613144105,14.4013031886591));
#1187=CARTESIAN_POINT('Ctrl Pts',(7.08580249968331,8.65766269509393,13.0247020962579));
#1188=CARTESIAN_POINT('Ctrl Pts',(8.74052524539261,8.70068641313598,11.9772532181837));
#1189=CARTESIAN_POINT('Ctrl Pts',(11.5184458510675,8.78443397233896,9.3285143930929));
#1190=CARTESIAN_POINT('Ctrl Pts',(12.6258943577922,8.82333463731228,7.76418445373523));
#1191=CARTESIAN_POINT('Ctrl Pts',(14.1892463857792,8.90670302989626,4.29020749908364));
#1192=CARTESIAN_POINT('Ctrl Pts',(14.6261766559707,8.94900771507604,2.41156780744595));
#1193=CARTESIAN_POINT('Ctrl Pts',(14.7575417422187,9.0303921006518,-1.43292739502258));
#1194=CARTESIAN_POINT('Ctrl Pts',(14.4407520753426,9.07215291047107,-3.36201880071151));
#1195=CARTESIAN_POINT('Ctrl Pts',(13.2566911709711,9.14612986771335,-6.51066995122517));
#1196=CARTESIAN_POINT('Ctrl Pts',(12.5620770428554,9.17677101217208,-7.76677474140564));
#1197=CARTESIAN_POINT('Ctrl Pts',(10.8295341729458,9.23708211958773,-10.043125618311));
#1198=CARTESIAN_POINT('Ctrl Pts',(9.79965536361168,9.26845681211122,-11.0503328877871));
#1199=CARTESIAN_POINT('Ctrl Pts',(8.6404432087003,9.29999999999997,-11.892549817311));
#1200=CARTESIAN_POINT('Ctrl Pts',(14.5145076065671,9.30000000000001,-2.32788937428447));
#1201=CARTESIAN_POINT('Ctrl Pts',(14.7401715402402,9.26900649864207,-0.920863371240945));
#1202=CARTESIAN_POINT('Ctrl Pts',(14.7600477569593,9.2396993179524,0.511504448690944));
#1203=CARTESIAN_POINT('Ctrl Pts',(14.3845461022812,9.17760319880162,3.35540563435991));
#1204=CARTESIAN_POINT('Ctrl Pts',(13.9857923773211,9.14567264937302,4.75094776504508));
#1205=CARTESIAN_POINT('Ctrl Pts',(12.6066780464428,9.07255313105946,7.79526819241862));
#1206=CARTESIAN_POINT('Ctrl Pts',(11.495586679188,9.03366340056526,9.35660355703292));
#1207=CARTESIAN_POINT('Ctrl Pts',(8.71114309477066,8.94988537829438,11.9987185333518));
#1208=CARTESIAN_POINT('Ctrl Pts',(7.05341409357195,8.90685761165015,13.0423425417123));
#1209=CARTESIAN_POINT('Ctrl Pts',(3.46897151515626,8.82532030722587,14.4101851487378));
#1210=CARTESIAN_POINT('Ctrl Pts',(1.58272911199696,8.78484231156028,14.7371052031896));
#1211=CARTESIAN_POINT('Ctrl Pts',(-2.22897960656436,8.70093109711339,14.6557975362277));
#1212=CARTESIAN_POINT('Ctrl Pts',(-4.11812655667708,8.66092728069415,14.2408491452977));
#1213=CARTESIAN_POINT('Ctrl Pts',(-7.63703415283797,8.57840660938997,12.7068083487204));
#1214=CARTESIAN_POINT('Ctrl Pts',(-9.23187999351824,8.53568099491554,11.5999841621701));
#1215=CARTESIAN_POINT('Ctrl Pts',(-11.8844587280694,8.4529376817379,8.85633766860875));
#1216=CARTESIAN_POINT('Ctrl Pts',(-12.9252112285163,8.41393821250426,7.25354877914481));
#1217=CARTESIAN_POINT('Ctrl Pts',(-14.3605747121253,8.32964860376632,3.69398559841482));
#1218=CARTESIAN_POINT('Ctrl Pts',(-14.7227631672202,8.28708645391257,1.76397108064557));
#1219=CARTESIAN_POINT('Ctrl Pts',(-14.6754889786651,8.2061426580678,-2.08680293736887));
#1220=CARTESIAN_POINT('Ctrl Pts',(-14.2814459792207,8.16402379388078,-3.97050214361314));
#1221=CARTESIAN_POINT('Ctrl Pts',(-12.7977627992852,8.080487991619,-7.47836109731678));
#1222=CARTESIAN_POINT('Ctrl Pts',(-11.7236623341916,8.04143426497039,-9.06997114276107));
#1223=CARTESIAN_POINT('Ctrl Pts',(-9.00552241733845,7.9579767291504,-11.7785773027342));
#1224=CARTESIAN_POINT('Ctrl Pts',(-7.37854800042287,7.91500165896135,-12.8604588524739));
#1225=CARTESIAN_POINT('Ctrl Pts',(-3.83664546958683,7.83308216365999,-14.3163894682067));
#1226=CARTESIAN_POINT('Ctrl Pts',(-1.96164811044124,7.79318386011084,-14.6911819452355));
#1227=CARTESIAN_POINT('Ctrl Pts',(-0.0448184987941623,7.75098664293686,
-14.6999487633369));
#1228=CARTESIAN_POINT('Ctrl Pts',(-0.0224080243097342,7.75049329723045,
-14.6999999999815));
#1229=CARTESIAN_POINT('Ctrl Pts',(-1.21189101531271E-8,7.75000000572916,
-14.7));
#1230=CARTESIAN_POINT('Ctrl Pts',(-13.61746825,15.3750000027312,0.));
#1231=CARTESIAN_POINT('Ctrl Pts',(-13.61746825,15.2750000027312,-4.42458364725125));
#1232=CARTESIAN_POINT('Ctrl Pts',(-11.0167632346113,15.1750000027312,-8.00414701091099));
#1233=CARTESIAN_POINT('Ctrl Pts',(-8.41605821922255,15.0750000027312,-11.5837103745707));
#1234=CARTESIAN_POINT('Ctrl Pts',(-4.20802910961128,14.9750000027312,-12.9509819146049));
#1235=CARTESIAN_POINT('Ctrl Pts',(-8.76740163130208E-16,14.8750000027312,
-14.318253454639));
#1236=CARTESIAN_POINT('Ctrl Pts',(4.20802910961127,14.7750000027312,-12.9509819146049));
#1237=CARTESIAN_POINT('Ctrl Pts',(8.41605821922255,14.6750000027312,-11.5837103745707));
#1238=CARTESIAN_POINT('Ctrl Pts',(11.0167632346113,14.5750000027312,-8.004147010911));
#1239=CARTESIAN_POINT('Ctrl Pts',(13.61746825,14.4750000027312,-4.42458364725125));
#1240=CARTESIAN_POINT('Ctrl Pts',(13.61746825,14.3750000027312,-1.66765889048532E-15));
#1241=CARTESIAN_POINT('Ctrl Pts',(13.61746825,14.2750000027312,4.42458364725124));
#1242=CARTESIAN_POINT('Ctrl Pts',(11.0167632346113,14.1750000027312,8.00414701091099));
#1243=CARTESIAN_POINT('Ctrl Pts',(8.41605821922256,14.0750000027312,11.5837103745707));
#1244=CARTESIAN_POINT('Ctrl Pts',(4.20802910961128,13.9750000027312,12.9509819146049));
#1245=CARTESIAN_POINT('Ctrl Pts',(2.63022048939062E-15,13.8750000027312,
14.318253454639));
#1246=CARTESIAN_POINT('Ctrl Pts',(-4.20802910961127,13.7750000027312,12.9509819146049));
#1247=CARTESIAN_POINT('Ctrl Pts',(-8.41605821922255,13.6750000027312,11.5837103745707));
#1248=CARTESIAN_POINT('Ctrl Pts',(-11.0167632346113,13.5750000027312,8.004147010911));
#1249=CARTESIAN_POINT('Ctrl Pts',(-13.61746825,13.4750000027312,4.42458364725125));
#1250=CARTESIAN_POINT('Ctrl Pts',(-13.61746825,13.3750000027312,0.));
#1251=CARTESIAN_POINT('Ctrl Pts',(-13.61746825,13.2750000027312,-4.42458364725125));
#1252=CARTESIAN_POINT('Ctrl Pts',(-11.0167632346113,13.1750000027312,-8.00414701091099));
#1253=CARTESIAN_POINT('Ctrl Pts',(-8.41605821922255,13.0750000027312,-11.5837103745707));
#1254=CARTESIAN_POINT('Ctrl Pts',(-4.20802910961128,12.9750000027312,-12.9509819146049));
#1255=CARTESIAN_POINT('Ctrl Pts',(-8.76740163130208E-16,12.8750000027312,
-14.318253454639));
#1256=CARTESIAN_POINT('Ctrl Pts',(4.20802910961127,12.7750000027312,-12.9509819146049));
#1257=CARTESIAN_POINT('Ctrl Pts',(8.41605821922255,12.6750000027312,-11.5837103745707));
#1258=CARTESIAN_POINT('Ctrl Pts',(11.0167632346113,12.5750000027312,-8.004147010911));
#1259=CARTESIAN_POINT('Ctrl Pts',(13.61746825,12.4750000027312,-4.42458364725125));
#1260=CARTESIAN_POINT('Ctrl Pts',(13.61746825,12.3750000027312,-1.66765889048532E-15));
#1261=CARTESIAN_POINT('Ctrl Pts',(13.61746825,12.2750000027312,4.42458364725124));
#1262=CARTESIAN_POINT('Ctrl Pts',(11.0167632346113,12.1750000027312,8.00414701091099));
#1263=CARTESIAN_POINT('Ctrl Pts',(8.41605821922256,12.0750000027312,11.5837103745707));
#1264=CARTESIAN_POINT('Ctrl Pts',(4.20802910961128,11.9750000027312,12.9509819146049));
#1265=CARTESIAN_POINT('Ctrl Pts',(2.63022048939062E-15,11.8750000027312,
14.318253454639));
#1266=CARTESIAN_POINT('Ctrl Pts',(-4.20802910961127,11.7750000027312,12.9509819146049));
#1267=CARTESIAN_POINT('Ctrl Pts',(-8.41605821922255,11.6750000027312,11.5837103745707));
#1268=CARTESIAN_POINT('Ctrl Pts',(-11.0167632346113,11.5750000027312,8.004147010911));
#1269=CARTESIAN_POINT('Ctrl Pts',(-13.61746825,11.4750000027312,4.42458364725125));
#1270=CARTESIAN_POINT('Ctrl Pts',(-13.61746825,11.3750000027312,0.));
#1271=CARTESIAN_POINT('Ctrl Pts',(-13.61746825,11.2750000027312,-4.42458364725125));
#1272=CARTESIAN_POINT('Ctrl Pts',(-11.0167632346113,11.1750000027312,-8.00414701091099));
#1273=CARTESIAN_POINT('Ctrl Pts',(-8.41605821922255,11.0750000027312,-11.5837103745707));
#1274=CARTESIAN_POINT('Ctrl Pts',(-4.20802910961128,10.9750000027312,-12.9509819146049));
#1275=CARTESIAN_POINT('Ctrl Pts',(-8.76740163130208E-16,10.8750000027312,
-14.318253454639));
#1276=CARTESIAN_POINT('Ctrl Pts',(4.20802910961127,10.7750000027312,-12.9509819146049));
#1277=CARTESIAN_POINT('Ctrl Pts',(8.41605821922255,10.6750000027312,-11.5837103745707));
#1278=CARTESIAN_POINT('Ctrl Pts',(11.0167632346113,10.5750000027312,-8.004147010911));
#1279=CARTESIAN_POINT('Ctrl Pts',(13.61746825,10.4750000027312,-4.42458364725125));
#1280=CARTESIAN_POINT('Ctrl Pts',(13.61746825,10.3750000027312,-1.66765889048532E-15));
#1281=CARTESIAN_POINT('Ctrl Pts',(13.61746825,10.2750000027312,4.42458364725124));
#1282=CARTESIAN_POINT('Ctrl Pts',(11.0167632346113,10.1750000027312,8.00414701091099));
#1283=CARTESIAN_POINT('Ctrl Pts',(8.41605821922256,10.0750000027312,11.5837103745707));
#1284=CARTESIAN_POINT('Ctrl Pts',(4.20802910961128,9.97500000273118,12.9509819146049));
#1285=CARTESIAN_POINT('Ctrl Pts',(2.63022048939062E-15,9.87500000273118,
14.318253454639));
#1286=CARTESIAN_POINT('Ctrl Pts',(-4.20802910961127,9.77500000273118,12.9509819146049));
#1287=CARTESIAN_POINT('Ctrl Pts',(-8.41605821922255,9.67500000273118,11.5837103745707));
#1288=CARTESIAN_POINT('Ctrl Pts',(-11.0167632346113,9.57500000273118,8.004147010911));
#1289=CARTESIAN_POINT('Ctrl Pts',(-13.61746825,9.47500000273118,4.42458364725125));
#1290=CARTESIAN_POINT('Ctrl Pts',(-13.61746825,9.37500000273118,0.));
#1291=CARTESIAN_POINT('Ctrl Pts',(-13.61746825,9.27500000273118,-4.42458364725125));
#1292=CARTESIAN_POINT('Ctrl Pts',(-11.0167632346113,9.17500000273118,-8.00414701091099));
#1293=CARTESIAN_POINT('Ctrl Pts',(-8.41605821922255,9.07500000273118,-11.5837103745707));
#1294=CARTESIAN_POINT('Ctrl Pts',(-4.20802910961128,8.97500000273118,-12.9509819146049));
#1295=CARTESIAN_POINT('Ctrl Pts',(-8.76740163130208E-16,8.87500000273118,
-14.318253454639));
#1296=CARTESIAN_POINT('Ctrl Pts',(4.20802910961127,8.77500000273118,-12.9509819146049));
#1297=CARTESIAN_POINT('Ctrl Pts',(8.41605821922255,8.67500000273118,-11.5837103745707));
#1298=CARTESIAN_POINT('Ctrl Pts',(11.0167632346113,8.57500000273118,-8.004147010911));
#1299=CARTESIAN_POINT('Ctrl Pts',(13.61746825,8.47500000273118,-4.42458364725125));
#1300=CARTESIAN_POINT('Ctrl Pts',(13.61746825,8.37500000273118,-1.66765889048532E-15));
#1301=CARTESIAN_POINT('Ctrl Pts',(13.61746825,8.27500000273119,4.42458364725124));
#1302=CARTESIAN_POINT('Ctrl Pts',(11.0167632346113,8.17500000273118,8.00414701091099));
#1303=CARTESIAN_POINT('Ctrl Pts',(8.41605821922256,8.07500000273118,11.5837103745707));
#1304=CARTESIAN_POINT('Ctrl Pts',(4.20802910961128,7.97500000273118,12.9509819146049));
#1305=CARTESIAN_POINT('Ctrl Pts',(2.63022048939062E-15,7.87500000273118,
14.318253454639));
#1306=CARTESIAN_POINT('Ctrl Pts',(-4.20802910961127,7.77500000273118,12.9509819146049));
#1307=CARTESIAN_POINT('Ctrl Pts',(-8.41605821922255,7.67500000273118,11.5837103745707));
#1308=CARTESIAN_POINT('Ctrl Pts',(-11.0167632346113,7.57500000273118,8.004147010911));
#1309=CARTESIAN_POINT('Ctrl Pts',(-13.61746825,7.47500000273118,4.42458364725125));
#1310=CARTESIAN_POINT('Ctrl Pts',(-13.61746825,7.37500000273118,0.));
#1311=CARTESIAN_POINT('Ctrl Pts',(-13.61746825,7.27500000273118,-4.42458364725125));
#1312=CARTESIAN_POINT('Ctrl Pts',(-11.0167632346113,7.17500000273118,-8.00414701091099));
#1313=CARTESIAN_POINT('Ctrl Pts',(-8.41605821922255,7.07500000273118,-11.5837103745707));
#1314=CARTESIAN_POINT('Ctrl Pts',(-4.20802910961128,6.97500000273118,-12.9509819146049));
#1315=CARTESIAN_POINT('Ctrl Pts',(-8.76740163130208E-16,6.87500000273118,
-14.318253454639));
#1316=CARTESIAN_POINT('Ctrl Pts',(4.20802910961127,6.77500000273118,-12.9509819146049));
#1317=CARTESIAN_POINT('Ctrl Pts',(8.41605821922255,6.67500000273118,-11.5837103745707));
#1318=CARTESIAN_POINT('Ctrl Pts',(11.0167632346113,6.57500000273118,-8.004147010911));
#1319=CARTESIAN_POINT('Ctrl Pts',(13.61746825,6.47500000273118,-4.42458364725125));
#1320=CARTESIAN_POINT('Ctrl Pts',(13.61746825,6.37500000273118,-1.66765889048532E-15));
#1321=CARTESIAN_POINT('Ctrl Pts',(13.61746825,6.27500000273118,4.42458364725124));
#1322=CARTESIAN_POINT('Ctrl Pts',(11.0167632346113,6.17500000273118,8.00414701091099));
#1323=CARTESIAN_POINT('Ctrl Pts',(8.41605821922256,6.07500000273118,11.5837103745707));
#1324=CARTESIAN_POINT('Ctrl Pts',(4.20802910961128,5.97500000273118,12.9509819146049));
#1325=CARTESIAN_POINT('Ctrl Pts',(2.63022048939062E-15,5.87500000273118,
14.318253454639));
#1326=CARTESIAN_POINT('Ctrl Pts',(-4.20802910961127,5.77500000273118,12.9509819146049));
#1327=CARTESIAN_POINT('Ctrl Pts',(-8.41605821922255,5.67500000273118,11.5837103745707));
#1328=CARTESIAN_POINT('Ctrl Pts',(-11.0167632346113,5.57500000273118,8.004147010911));
#1329=CARTESIAN_POINT('Ctrl Pts',(-13.61746825,5.47500000273118,4.42458364725125));
#1330=CARTESIAN_POINT('Ctrl Pts',(-13.61746825,5.37500000273118,0.));
#1331=CARTESIAN_POINT('Ctrl Pts',(-13.61746825,5.27500000273118,-4.42458364725125));
#1332=CARTESIAN_POINT('Ctrl Pts',(-11.0167632346113,5.17500000273118,-8.00414701091099));
#1333=CARTESIAN_POINT('Ctrl Pts',(-8.41605821922255,5.07500000273118,-11.5837103745707));
#1334=CARTESIAN_POINT('Ctrl Pts',(-4.20802910961128,4.97500000273118,-12.9509819146049));
#1335=CARTESIAN_POINT('Ctrl Pts',(-8.76740163130208E-16,4.87500000273118,
-14.318253454639));
#1336=CARTESIAN_POINT('Ctrl Pts',(4.20802910961127,4.77500000273118,-12.9509819146049));
#1337=CARTESIAN_POINT('Ctrl Pts',(8.41605821922255,4.67500000273118,-11.5837103745707));
#1338=CARTESIAN_POINT('Ctrl Pts',(11.0167632346113,4.57500000273118,-8.004147010911));
#1339=CARTESIAN_POINT('Ctrl Pts',(13.61746825,4.47500000273118,-4.42458364725125));
#1340=CARTESIAN_POINT('Ctrl Pts',(13.61746825,4.37500000273118,-1.66765889048532E-15));
#1341=CARTESIAN_POINT('Ctrl Pts',(13.61746825,4.27500000273118,4.42458364725124));
#1342=CARTESIAN_POINT('Ctrl Pts',(11.0167632346113,4.17500000273118,8.00414701091099));
#1343=CARTESIAN_POINT('Ctrl Pts',(8.41605821922256,4.07500000273118,11.5837103745707));
#1344=CARTESIAN_POINT('Ctrl Pts',(4.20802910961128,3.97500000273118,12.9509819146049));
#1345=CARTESIAN_POINT('Ctrl Pts',(2.63022048939062E-15,3.87500000273118,
14.318253454639));
#1346=CARTESIAN_POINT('Ctrl Pts',(-4.20802910961127,3.77500000273118,12.9509819146049));
#1347=CARTESIAN_POINT('Ctrl Pts',(-8.41605821922255,3.67500000273118,11.5837103745707));
#1348=CARTESIAN_POINT('Ctrl Pts',(-11.0167632346113,3.57500000273118,8.004147010911));
#1349=CARTESIAN_POINT('Ctrl Pts',(-13.61746825,3.47500000273118,4.42458364725125));
#1350=CARTESIAN_POINT('Ctrl Pts',(-13.61746825,3.37500000273118,0.));
#1351=CARTESIAN_POINT('Ctrl Pts',(-13.61746825,3.27500000273118,-4.42458364725125));
#1352=CARTESIAN_POINT('Ctrl Pts',(-11.0167632346113,3.17500000273118,-8.00414701091099));
#1353=CARTESIAN_POINT('Ctrl Pts',(-8.41605821922255,3.07500000273118,-11.5837103745707));
#1354=CARTESIAN_POINT('Ctrl Pts',(-4.20802910961128,2.97500000273118,-12.9509819146049));
#1355=CARTESIAN_POINT('Ctrl Pts',(-8.76740163130208E-16,2.87500000273118,
-14.318253454639));
#1356=CARTESIAN_POINT('Ctrl Pts',(4.20802910961127,2.77500000273118,-12.9509819146049));
#1357=CARTESIAN_POINT('Ctrl Pts',(8.41605821922255,2.67500000273118,-11.5837103745707));
#1358=CARTESIAN_POINT('Ctrl Pts',(11.0167632346113,2.57500000273118,-8.004147010911));
#1359=CARTESIAN_POINT('Ctrl Pts',(13.61746825,2.47500000273118,-4.42458364725125));
#1360=CARTESIAN_POINT('Ctrl Pts',(13.61746825,2.37500000273118,-1.66765889048532E-15));
#1361=CARTESIAN_POINT('Ctrl Pts',(13.61746825,2.27500000273118,4.42458364725124));
#1362=CARTESIAN_POINT('Ctrl Pts',(11.0167632346113,2.17500000273118,8.00414701091099));
#1363=CARTESIAN_POINT('Ctrl Pts',(8.41605821922256,2.07500000273118,11.5837103745707));
#1364=CARTESIAN_POINT('Ctrl Pts',(4.20802910961128,1.97500000273118,12.9509819146049));
#1365=CARTESIAN_POINT('Ctrl Pts',(2.63022048939062E-15,1.87500000273118,
14.318253454639));
#1366=CARTESIAN_POINT('Ctrl Pts',(-4.20802910961127,1.77500000273118,12.9509819146049));
#1367=CARTESIAN_POINT('Ctrl Pts',(-8.41605821922255,1.67500000273118,11.5837103745707));
#1368=CARTESIAN_POINT('Ctrl Pts',(-11.0167632346113,1.57500000273118,8.004147010911));
#1369=CARTESIAN_POINT('Ctrl Pts',(-13.61746825,1.47500000273118,4.42458364725125));
#1370=CARTESIAN_POINT('Ctrl Pts',(-13.61746825,1.37500000273118,0.));
#1371=CARTESIAN_POINT('Ctrl Pts',(-13.61746825,1.27500000273118,-4.42458364725125));
#1372=CARTESIAN_POINT('Ctrl Pts',(-11.0167632346113,1.17500000273118,-8.00414701091099));
#1373=CARTESIAN_POINT('Ctrl Pts',(-8.41605821922255,1.07500000273118,-11.5837103745707));
#1374=CARTESIAN_POINT('Ctrl Pts',(-4.20802910961128,0.975000002731182,-12.9509819146049));
#1375=CARTESIAN_POINT('Ctrl Pts',(-8.76740163130208E-16,0.875000002731182,
-14.318253454639));
#1376=CARTESIAN_POINT('Ctrl Pts',(4.20802910961127,0.775000002731183,-12.9509819146049));
#1377=CARTESIAN_POINT('Ctrl Pts',(8.41605821922255,0.675000002731182,-11.5837103745707));
#1378=CARTESIAN_POINT('Ctrl Pts',(11.0167632346113,0.575000002731182,-8.004147010911));
#1379=CARTESIAN_POINT('Ctrl Pts',(13.61746825,0.475000002731183,-4.42458364725125));
#1380=CARTESIAN_POINT('Ctrl Pts',(13.61746825,0.375000002731182,-1.66765889048532E-15));
#1381=CARTESIAN_POINT('Ctrl Pts',(13.61746825,0.275000002731183,4.42458364725124));
#1382=CARTESIAN_POINT('Ctrl Pts',(11.0167632346113,0.175000002731183,8.00414701091099));
#1383=CARTESIAN_POINT('Ctrl Pts',(8.41605821922256,0.075000002731182,11.5837103745707));
#1384=CARTESIAN_POINT('Ctrl Pts',(4.20802910961128,-0.0249999972688174,
12.9509819146049));
#1385=CARTESIAN_POINT('Ctrl Pts',(2.63022048939062E-15,-0.124999997268817,
14.318253454639));
#1386=CARTESIAN_POINT('Ctrl Pts',(-4.20802910961127,-0.224999997268818,
12.9509819146049));
#1387=CARTESIAN_POINT('Ctrl Pts',(-8.41605821922255,-0.324999997268819,
11.5837103745707));
#1388=CARTESIAN_POINT('Ctrl Pts',(-11.0167632346113,-0.424999997268818,
8.004147010911));
#1389=CARTESIAN_POINT('Ctrl Pts',(-13.61746825,-0.524999997268818,4.42458364725125));
#1390=CARTESIAN_POINT('Ctrl Pts',(-13.61746825,-0.624999997268817,0.));
#1391=CARTESIAN_POINT('Ctrl Pts',(-13.61746825,-0.724999997268816,-4.42458364725125));
#1392=CARTESIAN_POINT('Ctrl Pts',(-11.0167632346113,-0.824999997268816,
-8.00414701091099));
#1393=CARTESIAN_POINT('Ctrl Pts',(-8.41605821922255,-0.924999997268819,
-11.5837103745707));
#1394=CARTESIAN_POINT('Ctrl Pts',(-4.20802910961128,-1.02499999726882,-12.9509819146049));
#1395=CARTESIAN_POINT('Ctrl Pts',(-8.76740163130208E-16,-1.12499999726882,
-14.318253454639));
#1396=CARTESIAN_POINT('Ctrl Pts',(4.20802910961127,-1.22499999726882,-12.9509819146049));
#1397=CARTESIAN_POINT('Ctrl Pts',(8.41605821922255,-1.32499999726882,-11.5837103745707));
#1398=CARTESIAN_POINT('Ctrl Pts',(11.0167632346113,-1.42499999726882,-8.004147010911));
#1399=CARTESIAN_POINT('Ctrl Pts',(13.61746825,-1.52499999726882,-4.42458364725125));
#1400=CARTESIAN_POINT('Ctrl Pts',(13.61746825,-1.62499999726882,-1.66765889048532E-15));
#1401=CARTESIAN_POINT('Ctrl Pts',(13.61746825,-1.72499999726882,4.42458364725124));
#1402=CARTESIAN_POINT('Ctrl Pts',(11.0167632346113,-1.82499999726882,8.00414701091099));
#1403=CARTESIAN_POINT('Ctrl Pts',(8.41605821922256,-1.92499999726882,11.5837103745707));
#1404=CARTESIAN_POINT('Ctrl Pts',(4.20802910961128,-2.02499999726882,12.9509819146049));
#1405=CARTESIAN_POINT('Ctrl Pts',(2.63022048939062E-15,-2.12499999726882,
14.318253454639));
#1406=CARTESIAN_POINT('Ctrl Pts',(-4.20802910961127,-2.22499999726882,12.9509819146049));
#1407=CARTESIAN_POINT('Ctrl Pts',(-8.41605821922255,-2.32499999726882,11.5837103745707));
#1408=CARTESIAN_POINT('Ctrl Pts',(-11.0167632346113,-2.42499999726882,8.004147010911));
#1409=CARTESIAN_POINT('Ctrl Pts',(-13.61746825,-2.52499999726882,4.42458364725125));
#1410=CARTESIAN_POINT('Ctrl Pts',(-13.61746825,-2.62499999726882,0.));
#1411=CARTESIAN_POINT('Ctrl Pts',(-13.61746825,-2.72499999726882,-4.42458364725125));
#1412=CARTESIAN_POINT('Ctrl Pts',(-11.0167632346113,-2.82499999726882,-8.00414701091099));
#1413=CARTESIAN_POINT('Ctrl Pts',(-8.41605821922255,-2.92499999726882,-11.5837103745707));
#1414=CARTESIAN_POINT('Ctrl Pts',(-4.20802910961128,-3.02499999726882,-12.9509819146049));
#1415=CARTESIAN_POINT('Ctrl Pts',(-8.76740163130208E-16,-3.12499999726882,
-14.318253454639));
#1416=CARTESIAN_POINT('Ctrl Pts',(4.20802910961127,-3.22499999726882,-12.9509819146049));
#1417=CARTESIAN_POINT('Ctrl Pts',(8.41605821922255,-3.32499999726882,-11.5837103745707));
#1418=CARTESIAN_POINT('Ctrl Pts',(11.0167632346113,-3.42499999726882,-8.004147010911));
#1419=CARTESIAN_POINT('Ctrl Pts',(13.61746825,-3.52499999726882,-4.42458364725125));
#1420=CARTESIAN_POINT('Ctrl Pts',(13.61746825,-3.62499999726882,-1.66765889048532E-15));
#1421=CARTESIAN_POINT('Ctrl Pts',(13.61746825,-3.72499999726882,4.42458364725124));
#1422=CARTESIAN_POINT('Ctrl Pts',(11.0167632346113,-3.82499999726882,8.00414701091099));
#1423=CARTESIAN_POINT('Ctrl Pts',(8.41605821922256,-3.92499999726882,11.5837103745707));
#1424=CARTESIAN_POINT('Ctrl Pts',(4.20802910961128,-4.02499999726882,12.9509819146049));
#1425=CARTESIAN_POINT('Ctrl Pts',(2.63022048939062E-15,-4.12499999726882,
14.318253454639));
#1426=CARTESIAN_POINT('Ctrl Pts',(-4.20802910961127,-4.22499999726882,12.9509819146049));
#1427=CARTESIAN_POINT('Ctrl Pts',(-8.41605821922255,-4.32499999726882,11.5837103745707));
#1428=CARTESIAN_POINT('Ctrl Pts',(-11.0167632346113,-4.42499999726882,8.004147010911));
#1429=CARTESIAN_POINT('Ctrl Pts',(-13.61746825,-4.52499999726882,4.42458364725125));
#1430=CARTESIAN_POINT('Ctrl Pts',(-13.61746825,-4.62499999726882,0.));
#1431=CARTESIAN_POINT('Ctrl Pts',(-13.61746825,-4.72499999726882,-4.42458364725125));
#1432=CARTESIAN_POINT('Ctrl Pts',(-11.0167632346113,-4.82499999726882,-8.00414701091099));
#1433=CARTESIAN_POINT('Ctrl Pts',(-8.41605821922255,-4.92499999726882,-11.5837103745707));
#1434=CARTESIAN_POINT('Ctrl Pts',(-4.20802910961128,-5.02499999726882,-12.9509819146049));
#1435=CARTESIAN_POINT('Ctrl Pts',(-8.76740163130208E-16,-5.12499999726882,
-14.318253454639));
#1436=CARTESIAN_POINT('Ctrl Pts',(4.20802910961127,-5.22499999726882,-12.9509819146049));
#1437=CARTESIAN_POINT('Ctrl Pts',(8.41605821922255,-5.32499999726882,-11.5837103745707));
#1438=CARTESIAN_POINT('Ctrl Pts',(11.0167632346113,-5.42499999726882,-8.004147010911));
#1439=CARTESIAN_POINT('Ctrl Pts',(13.61746825,-5.52499999726882,-4.42458364725125));
#1440=CARTESIAN_POINT('Ctrl Pts',(13.61746825,-5.62499999726882,-1.66765889048532E-15));
#1441=CARTESIAN_POINT('Ctrl Pts',(-14.7,16.,0.));
#1442=CARTESIAN_POINT('Ctrl Pts',(-14.7,15.9,-4.77631953462372));
#1443=CARTESIAN_POINT('Ctrl Pts',(-11.8925498173117,15.8,-8.64044320869936));
#1444=CARTESIAN_POINT('Ctrl Pts',(-9.08509963462346,15.7,-12.504566882775));
#1445=CARTESIAN_POINT('Ctrl Pts',(-4.54254981731173,15.6,-13.9805307895388));
#1446=CARTESIAN_POINT('Ctrl Pts',(-9.46437337793247E-16,15.5,-15.4564946963025));
#1447=CARTESIAN_POINT('Ctrl Pts',(4.54254981731173,15.4,-13.9805307895388));
#1448=CARTESIAN_POINT('Ctrl Pts',(9.08509963462346,15.3,-12.504566882775));
#1449=CARTESIAN_POINT('Ctrl Pts',(11.8925498173117,15.2,-8.64044320869936));
#1450=CARTESIAN_POINT('Ctrl Pts',(14.7,15.1,-4.77631953462373));
#1451=CARTESIAN_POINT('Ctrl Pts',(14.7,15.,-1.80023079474661E-15));
#1452=CARTESIAN_POINT('Ctrl Pts',(14.7,14.9,4.77631953462372));
#1453=CARTESIAN_POINT('Ctrl Pts',(11.8925498173117,14.8,8.64044320869936));
#1454=CARTESIAN_POINT('Ctrl Pts',(9.08509963462346,14.7,12.504566882775));
#1455=CARTESIAN_POINT('Ctrl Pts',(4.54254981731173,14.6,13.9805307895388));
#1456=CARTESIAN_POINT('Ctrl Pts',(2.83931201337974E-15,14.5,15.4564946963025));
#1457=CARTESIAN_POINT('Ctrl Pts',(-4.54254981731173,14.4,13.9805307895388));
#1458=CARTESIAN_POINT('Ctrl Pts',(-9.08509963462345,14.3,12.504566882775));
#1459=CARTESIAN_POINT('Ctrl Pts',(-11.8925498173117,14.2,8.64044320869936));
#1460=CARTESIAN_POINT('Ctrl Pts',(-14.7,14.1,4.77631953462373));
#1461=CARTESIAN_POINT('Ctrl Pts',(-14.7,14.,0.));
#1462=CARTESIAN_POINT('Ctrl Pts',(-14.7,13.9,-4.77631953462372));
#1463=CARTESIAN_POINT('Ctrl Pts',(-11.8925498173117,13.8,-8.64044320869936));
#1464=CARTESIAN_POINT('Ctrl Pts',(-9.08509963462346,13.7,-12.504566882775));
#1465=CARTESIAN_POINT('Ctrl Pts',(-4.54254981731173,13.6,-13.9805307895388));
#1466=CARTESIAN_POINT('Ctrl Pts',(-9.46437337793247E-16,13.5,-15.4564946963025));
#1467=CARTESIAN_POINT('Ctrl Pts',(4.54254981731173,13.4,-13.9805307895388));
#1468=CARTESIAN_POINT('Ctrl Pts',(9.08509963462346,13.3,-12.504566882775));
#1469=CARTESIAN_POINT('Ctrl Pts',(11.8925498173117,13.2,-8.64044320869936));
#1470=CARTESIAN_POINT('Ctrl Pts',(14.7,13.1,-4.77631953462373));
#1471=CARTESIAN_POINT('Ctrl Pts',(14.7,13.,-1.80023079474661E-15));
#1472=CARTESIAN_POINT('Ctrl Pts',(14.7,12.9,4.77631953462372));
#1473=CARTESIAN_POINT('Ctrl Pts',(11.8925498173117,12.8,8.64044320869936));
#1474=CARTESIAN_POINT('Ctrl Pts',(9.08509963462346,12.7,12.504566882775));
#1475=CARTESIAN_POINT('Ctrl Pts',(4.54254981731173,12.6,13.9805307895388));
#1476=CARTESIAN_POINT('Ctrl Pts',(2.83931201337974E-15,12.5,15.4564946963025));
#1477=CARTESIAN_POINT('Ctrl Pts',(-4.54254981731173,12.4,13.9805307895388));
#1478=CARTESIAN_POINT('Ctrl Pts',(-9.08509963462345,12.3,12.504566882775));
#1479=CARTESIAN_POINT('Ctrl Pts',(-11.8925498173117,12.2,8.64044320869936));
#1480=CARTESIAN_POINT('Ctrl Pts',(-14.7,12.1,4.77631953462373));
#1481=CARTESIAN_POINT('Ctrl Pts',(-14.7,12.,0.));
#1482=CARTESIAN_POINT('Ctrl Pts',(-14.7,11.9,-4.77631953462372));
#1483=CARTESIAN_POINT('Ctrl Pts',(-11.8925498173117,11.8,-8.64044320869936));
#1484=CARTESIAN_POINT('Ctrl Pts',(-9.08509963462346,11.7,-12.504566882775));
#1485=CARTESIAN_POINT('Ctrl Pts',(-4.54254981731173,11.6,-13.9805307895388));
#1486=CARTESIAN_POINT('Ctrl Pts',(-9.46437337793247E-16,11.5,-15.4564946963025));
#1487=CARTESIAN_POINT('Ctrl Pts',(4.54254981731173,11.4,-13.9805307895388));
#1488=CARTESIAN_POINT('Ctrl Pts',(9.08509963462346,11.3,-12.504566882775));
#1489=CARTESIAN_POINT('Ctrl Pts',(11.8925498173117,11.2,-8.64044320869936));
#1490=CARTESIAN_POINT('Ctrl Pts',(14.7,11.1,-4.77631953462373));
#1491=CARTESIAN_POINT('Ctrl Pts',(14.7,11.,-1.80023079474661E-15));
#1492=CARTESIAN_POINT('Ctrl Pts',(14.7,10.9,4.77631953462372));
#1493=CARTESIAN_POINT('Ctrl Pts',(11.8925498173117,10.8,8.64044320869936));
#1494=CARTESIAN_POINT('Ctrl Pts',(9.08509963462346,10.7,12.504566882775));
#1495=CARTESIAN_POINT('Ctrl Pts',(4.54254981731173,10.6,13.9805307895388));
#1496=CARTESIAN_POINT('Ctrl Pts',(2.83931201337974E-15,10.5,15.4564946963025));
#1497=CARTESIAN_POINT('Ctrl Pts',(-4.54254981731173,10.4,13.9805307895388));
#1498=CARTESIAN_POINT('Ctrl Pts',(-9.08509963462345,10.3,12.504566882775));
#1499=CARTESIAN_POINT('Ctrl Pts',(-11.8925498173117,10.2,8.64044320869936));
#1500=CARTESIAN_POINT('Ctrl Pts',(-14.7,10.1,4.77631953462373));
#1501=CARTESIAN_POINT('Ctrl Pts',(-14.7,10.,0.));
#1502=CARTESIAN_POINT('Ctrl Pts',(-14.7,9.89999999999999,-4.77631953462372));
#1503=CARTESIAN_POINT('Ctrl Pts',(-11.8925498173117,9.8,-8.64044320869936));
#1504=CARTESIAN_POINT('Ctrl Pts',(-9.08509963462346,9.7,-12.504566882775));
#1505=CARTESIAN_POINT('Ctrl Pts',(-4.54254981731173,9.6,-13.9805307895388));
#1506=CARTESIAN_POINT('Ctrl Pts',(-9.46437337793247E-16,9.5,-15.4564946963025));
#1507=CARTESIAN_POINT('Ctrl Pts',(4.54254981731173,9.4,-13.9805307895388));
#1508=CARTESIAN_POINT('Ctrl Pts',(9.08509963462346,9.3,-12.504566882775));
#1509=CARTESIAN_POINT('Ctrl Pts',(11.8925498173117,9.2,-8.64044320869936));
#1510=CARTESIAN_POINT('Ctrl Pts',(14.7,9.09999999999999,-4.77631953462373));
#1511=CARTESIAN_POINT('Ctrl Pts',(14.7,9.,-1.80023079474661E-15));
#1512=CARTESIAN_POINT('Ctrl Pts',(14.7,8.89999999999999,4.77631953462372));
#1513=CARTESIAN_POINT('Ctrl Pts',(11.8925498173117,8.8,8.64044320869936));
#1514=CARTESIAN_POINT('Ctrl Pts',(9.08509963462346,8.7,12.504566882775));
#1515=CARTESIAN_POINT('Ctrl Pts',(4.54254981731173,8.6,13.9805307895388));
#1516=CARTESIAN_POINT('Ctrl Pts',(2.83931201337974E-15,8.5,15.4564946963025));
#1517=CARTESIAN_POINT('Ctrl Pts',(-4.54254981731173,8.4,13.9805307895388));
#1518=CARTESIAN_POINT('Ctrl Pts',(-9.08509963462345,8.3,12.504566882775));
#1519=CARTESIAN_POINT('Ctrl Pts',(-11.8925498173117,8.2,8.64044320869936));
#1520=CARTESIAN_POINT('Ctrl Pts',(-14.7,8.1,4.77631953462373));
#1521=CARTESIAN_POINT('Ctrl Pts',(-14.7,8.,0.));
#1522=CARTESIAN_POINT('Ctrl Pts',(-14.7,7.9,-4.77631953462372));
#1523=CARTESIAN_POINT('Ctrl Pts',(-11.8925498173117,7.8,-8.64044320869936));
#1524=CARTESIAN_POINT('Ctrl Pts',(-9.08509963462346,7.7,-12.504566882775));
#1525=CARTESIAN_POINT('Ctrl Pts',(-4.54254981731173,7.6,-13.9805307895388));
#1526=CARTESIAN_POINT('Ctrl Pts',(-9.46437337793247E-16,7.5,-15.4564946963025));
#1527=CARTESIAN_POINT('Ctrl Pts',(4.54254981731173,7.4,-13.9805307895388));
#1528=CARTESIAN_POINT('Ctrl Pts',(9.08509963462346,7.3,-12.504566882775));
#1529=CARTESIAN_POINT('Ctrl Pts',(11.8925498173117,7.2,-8.64044320869936));
#1530=CARTESIAN_POINT('Ctrl Pts',(14.7,7.1,-4.77631953462373));
#1531=CARTESIAN_POINT('Ctrl Pts',(14.7,7.,-1.80023079474661E-15));
#1532=CARTESIAN_POINT('Ctrl Pts',(14.7,6.9,4.77631953462372));
#1533=CARTESIAN_POINT('Ctrl Pts',(11.8925498173117,6.8,8.64044320869936));
#1534=CARTESIAN_POINT('Ctrl Pts',(9.08509963462346,6.7,12.504566882775));
#1535=CARTESIAN_POINT('Ctrl Pts',(4.54254981731173,6.6,13.9805307895388));
#1536=CARTESIAN_POINT('Ctrl Pts',(2.83931201337974E-15,6.5,15.4564946963025));
#1537=CARTESIAN_POINT('Ctrl Pts',(-4.54254981731173,6.4,13.9805307895388));
#1538=CARTESIAN_POINT('Ctrl Pts',(-9.08509963462345,6.3,12.504566882775));
#1539=CARTESIAN_POINT('Ctrl Pts',(-11.8925498173117,6.2,8.64044320869936));
#1540=CARTESIAN_POINT('Ctrl Pts',(-14.7,6.09999999999999,4.77631953462373));
#1541=CARTESIAN_POINT('Ctrl Pts',(-14.7,6.,0.));
#1542=CARTESIAN_POINT('Ctrl Pts',(-14.7,5.9,-4.77631953462372));
#1543=CARTESIAN_POINT('Ctrl Pts',(-11.8925498173117,5.8,-8.64044320869936));
#1544=CARTESIAN_POINT('Ctrl Pts',(-9.08509963462346,5.69999999999999,-12.504566882775));
#1545=CARTESIAN_POINT('Ctrl Pts',(-4.54254981731173,5.6,-13.9805307895388));
#1546=CARTESIAN_POINT('Ctrl Pts',(-9.46437337793247E-16,5.5,-15.4564946963025));
#1547=CARTESIAN_POINT('Ctrl Pts',(4.54254981731173,5.4,-13.9805307895388));
#1548=CARTESIAN_POINT('Ctrl Pts',(9.08509963462346,5.29999999999999,-12.504566882775));
#1549=CARTESIAN_POINT('Ctrl Pts',(11.8925498173117,5.2,-8.64044320869936));
#1550=CARTESIAN_POINT('Ctrl Pts',(14.7,5.1,-4.77631953462373));
#1551=CARTESIAN_POINT('Ctrl Pts',(14.7,5.,-1.80023079474661E-15));
#1552=CARTESIAN_POINT('Ctrl Pts',(14.7,4.9,4.77631953462372));
#1553=CARTESIAN_POINT('Ctrl Pts',(11.8925498173117,4.8,8.64044320869936));
#1554=CARTESIAN_POINT('Ctrl Pts',(9.08509963462346,4.7,12.504566882775));
#1555=CARTESIAN_POINT('Ctrl Pts',(4.54254981731173,4.6,13.9805307895388));
#1556=CARTESIAN_POINT('Ctrl Pts',(2.83931201337974E-15,4.5,15.4564946963025));
#1557=CARTESIAN_POINT('Ctrl Pts',(-4.54254981731173,4.4,13.9805307895388));
#1558=CARTESIAN_POINT('Ctrl Pts',(-9.08509963462345,4.3,12.504566882775));
#1559=CARTESIAN_POINT('Ctrl Pts',(-11.8925498173117,4.2,8.64044320869936));
#1560=CARTESIAN_POINT('Ctrl Pts',(-14.7,4.1,4.77631953462373));
#1561=CARTESIAN_POINT('Ctrl Pts',(-14.7,4.,0.));
#1562=CARTESIAN_POINT('Ctrl Pts',(-14.7,3.9,-4.77631953462372));
#1563=CARTESIAN_POINT('Ctrl Pts',(-11.8925498173117,3.8,-8.64044320869936));
#1564=CARTESIAN_POINT('Ctrl Pts',(-9.08509963462346,3.7,-12.504566882775));
#1565=CARTESIAN_POINT('Ctrl Pts',(-4.54254981731173,3.6,-13.9805307895388));
#1566=CARTESIAN_POINT('Ctrl Pts',(-9.46437337793247E-16,3.5,-15.4564946963025));
#1567=CARTESIAN_POINT('Ctrl Pts',(4.54254981731173,3.4,-13.9805307895388));
#1568=CARTESIAN_POINT('Ctrl Pts',(9.08509963462346,3.3,-12.504566882775));
#1569=CARTESIAN_POINT('Ctrl Pts',(11.8925498173117,3.2,-8.64044320869936));
#1570=CARTESIAN_POINT('Ctrl Pts',(14.7,3.1,-4.77631953462373));
#1571=CARTESIAN_POINT('Ctrl Pts',(14.7,3.,-1.80023079474661E-15));
#1572=CARTESIAN_POINT('Ctrl Pts',(14.7,2.9,4.77631953462372));
#1573=CARTESIAN_POINT('Ctrl Pts',(11.8925498173117,2.8,8.64044320869936));
#1574=CARTESIAN_POINT('Ctrl Pts',(9.08509963462346,2.7,12.504566882775));
#1575=CARTESIAN_POINT('Ctrl Pts',(4.54254981731173,2.6,13.9805307895388));
#1576=CARTESIAN_POINT('Ctrl Pts',(2.83931201337974E-15,2.5,15.4564946963025));
#1577=CARTESIAN_POINT('Ctrl Pts',(-4.54254981731173,2.4,13.9805307895388));
#1578=CARTESIAN_POINT('Ctrl Pts',(-9.08509963462345,2.3,12.504566882775));
#1579=CARTESIAN_POINT('Ctrl Pts',(-11.8925498173117,2.2,8.64044320869936));
#1580=CARTESIAN_POINT('Ctrl Pts',(-14.7,2.1,4.77631953462373));
#1581=CARTESIAN_POINT('Ctrl Pts',(-14.7,2.,0.));
#1582=CARTESIAN_POINT('Ctrl Pts',(-14.7,1.9,-4.77631953462372));
#1583=CARTESIAN_POINT('Ctrl Pts',(-11.8925498173117,1.8,-8.64044320869936));
#1584=CARTESIAN_POINT('Ctrl Pts',(-9.08509963462346,1.7,-12.504566882775));
#1585=CARTESIAN_POINT('Ctrl Pts',(-4.54254981731173,1.6,-13.9805307895388));
#1586=CARTESIAN_POINT('Ctrl Pts',(-9.46437337793247E-16,1.5,-15.4564946963025));
#1587=CARTESIAN_POINT('Ctrl Pts',(4.54254981731173,1.4,-13.9805307895388));
#1588=CARTESIAN_POINT('Ctrl Pts',(9.08509963462346,1.3,-12.504566882775));
#1589=CARTESIAN_POINT('Ctrl Pts',(11.8925498173117,1.2,-8.64044320869936));
#1590=CARTESIAN_POINT('Ctrl Pts',(14.7,1.1,-4.77631953462373));
#1591=CARTESIAN_POINT('Ctrl Pts',(14.7,0.999999999999996,-1.80023079474661E-15));
#1592=CARTESIAN_POINT('Ctrl Pts',(14.7,0.899999999999996,4.77631953462372));
#1593=CARTESIAN_POINT('Ctrl Pts',(11.8925498173117,0.799999999999997,8.64044320869936));
#1594=CARTESIAN_POINT('Ctrl Pts',(9.08509963462346,0.699999999999996,12.504566882775));
#1595=CARTESIAN_POINT('Ctrl Pts',(4.54254981731173,0.599999999999996,13.9805307895388));
#1596=CARTESIAN_POINT('Ctrl Pts',(2.83931201337974E-15,0.499999999999997,
15.4564946963025));
#1597=CARTESIAN_POINT('Ctrl Pts',(-4.54254981731173,0.399999999999996,13.9805307895388));
#1598=CARTESIAN_POINT('Ctrl Pts',(-9.08509963462345,0.299999999999995,12.504566882775));
#1599=CARTESIAN_POINT('Ctrl Pts',(-11.8925498173117,0.199999999999995,8.64044320869936));
#1600=CARTESIAN_POINT('Ctrl Pts',(-14.7,0.0999999999999959,4.77631953462373));
#1601=CARTESIAN_POINT('Ctrl Pts',(-14.7,-3.46944695195361E-15,0.));
#1602=CARTESIAN_POINT('Ctrl Pts',(-14.7,-0.100000000000003,-4.77631953462372));
#1603=CARTESIAN_POINT('Ctrl Pts',(-11.8925498173117,-0.200000000000002,
-8.64044320869936));
#1604=CARTESIAN_POINT('Ctrl Pts',(-9.08509963462346,-0.300000000000005,
-12.504566882775));
#1605=CARTESIAN_POINT('Ctrl Pts',(-4.54254981731173,-0.400000000000005,
-13.9805307895388));
#1606=CARTESIAN_POINT('Ctrl Pts',(-9.46437337793247E-16,-0.500000000000004,
-15.4564946963025));
#1607=CARTESIAN_POINT('Ctrl Pts',(4.54254981731173,-0.600000000000003,-13.9805307895388));
#1608=CARTESIAN_POINT('Ctrl Pts',(9.08509963462346,-0.700000000000003,-12.504566882775));
#1609=CARTESIAN_POINT('Ctrl Pts',(11.8925498173117,-0.800000000000006,-8.64044320869936));
#1610=CARTESIAN_POINT('Ctrl Pts',(14.7,-0.900000000000005,-4.77631953462373));
#1611=CARTESIAN_POINT('Ctrl Pts',(14.7,-1.,-1.80023079474661E-15));
#1612=CARTESIAN_POINT('Ctrl Pts',(14.7,-1.1,4.77631953462372));
#1613=CARTESIAN_POINT('Ctrl Pts',(11.8925498173117,-1.2,8.64044320869936));
#1614=CARTESIAN_POINT('Ctrl Pts',(9.08509963462346,-1.3,12.504566882775));
#1615=CARTESIAN_POINT('Ctrl Pts',(4.54254981731173,-1.40000000000001,13.9805307895388));
#1616=CARTESIAN_POINT('Ctrl Pts',(2.83931201337974E-15,-1.5,15.4564946963025));
#1617=CARTESIAN_POINT('Ctrl Pts',(-4.54254981731173,-1.6,13.9805307895388));
#1618=CARTESIAN_POINT('Ctrl Pts',(-9.08509963462345,-1.7,12.504566882775));
#1619=CARTESIAN_POINT('Ctrl Pts',(-11.8925498173117,-1.8,8.64044320869936));
#1620=CARTESIAN_POINT('Ctrl Pts',(-14.7,-1.9,4.77631953462373));
#1621=CARTESIAN_POINT('Ctrl Pts',(-14.7,-2.00000000000001,0.));
#1622=CARTESIAN_POINT('Ctrl Pts',(-14.7,-2.1,-4.77631953462372));
#1623=CARTESIAN_POINT('Ctrl Pts',(-11.8925498173117,-2.2,-8.64044320869936));
#1624=CARTESIAN_POINT('Ctrl Pts',(-9.08509963462346,-2.3,-12.504566882775));
#1625=CARTESIAN_POINT('Ctrl Pts',(-4.54254981731173,-2.4,-13.9805307895388));
#1626=CARTESIAN_POINT('Ctrl Pts',(-9.46437337793247E-16,-2.50000000000001,
-15.4564946963025));
#1627=CARTESIAN_POINT('Ctrl Pts',(4.54254981731173,-2.6,-13.9805307895388));
#1628=CARTESIAN_POINT('Ctrl Pts',(9.08509963462346,-2.7,-12.504566882775));
#1629=CARTESIAN_POINT('Ctrl Pts',(11.8925498173117,-2.8,-8.64044320869936));
#1630=CARTESIAN_POINT('Ctrl Pts',(14.7,-2.9,-4.77631953462373));
#1631=CARTESIAN_POINT('Ctrl Pts',(14.7,-3.,-1.80023079474661E-15));
#1632=CARTESIAN_POINT('Ctrl Pts',(14.7,-3.1,4.77631953462372));
#1633=CARTESIAN_POINT('Ctrl Pts',(11.8925498173117,-3.20000000000001,8.64044320869936));
#1634=CARTESIAN_POINT('Ctrl Pts',(9.08509963462346,-3.3,12.504566882775));
#1635=CARTESIAN_POINT('Ctrl Pts',(4.54254981731173,-3.4,13.9805307895388));
#1636=CARTESIAN_POINT('Ctrl Pts',(2.83931201337974E-15,-3.5,15.4564946963025));
#1637=CARTESIAN_POINT('Ctrl Pts',(-4.54254981731173,-3.6,13.9805307895388));
#1638=CARTESIAN_POINT('Ctrl Pts',(-9.08509963462345,-3.70000000000001,12.504566882775));
#1639=CARTESIAN_POINT('Ctrl Pts',(-11.8925498173117,-3.80000000000001,8.64044320869936));
#1640=CARTESIAN_POINT('Ctrl Pts',(-14.7,-3.9,4.77631953462373));
#1641=CARTESIAN_POINT('Ctrl Pts',(-14.7,-4.,0.));
#1642=CARTESIAN_POINT('Ctrl Pts',(-14.7,-4.1,-4.77631953462372));
#1643=CARTESIAN_POINT('Ctrl Pts',(-11.8925498173117,-4.20000000000001,-8.64044320869936));
#1644=CARTESIAN_POINT('Ctrl Pts',(-9.08509963462346,-4.30000000000001,-12.504566882775));
#1645=CARTESIAN_POINT('Ctrl Pts',(-4.54254981731173,-4.4,-13.9805307895388));
#1646=CARTESIAN_POINT('Ctrl Pts',(-9.46437337793247E-16,-4.5,-15.4564946963025));
#1647=CARTESIAN_POINT('Ctrl Pts',(4.54254981731173,-4.6,-13.9805307895388));
#1648=CARTESIAN_POINT('Ctrl Pts',(9.08509963462346,-4.7,-12.504566882775));
#1649=CARTESIAN_POINT('Ctrl Pts',(11.8925498173117,-4.80000000000001,-8.64044320869936));
#1650=CARTESIAN_POINT('Ctrl Pts',(14.7,-4.90000000000001,-4.77631953462373));
#1651=CARTESIAN_POINT('Ctrl Pts',(14.7,-5.,-1.80023079474661E-15));
#1652=CARTESIAN_POINT('',(5.23293742883341,1.01918819631364E-15,12.5718657090216));
#1653=CARTESIAN_POINT('Ctrl Pts',(-14.7,1.49370690777204E-16,4.44089209850063E-15));
#1654=CARTESIAN_POINT('Ctrl Pts',(-14.6655179694476,1.48830925170496E-16,
0.950879705152806));
#1655=CARTESIAN_POINT('Ctrl Pts',(-14.5407217474208,4.27465052152021E-16,
1.87131988928777));
#1656=CARTESIAN_POINT('Ctrl Pts',(-14.120521262737,4.22960554705126E-16,
3.6670562259223));
#1657=CARTESIAN_POINT('Ctrl Pts',(-13.8306425261666,-2.69783162367359E-15,
4.5309463885835));
#1658=CARTESIAN_POINT('Ctrl Pts',(-12.7544973693103,-2.70439411143326E-15,
6.95614705034278));
#1659=CARTESIAN_POINT('Ctrl Pts',(-11.7085230495874,8.47137033835935E-16,
8.54229210262158));
#1660=CARTESIAN_POINT('Ctrl Pts',(-9.59098294823545,8.47137033835935E-16,
10.5683208047567));
#1661=CARTESIAN_POINT('Ctrl Pts',(-8.85920762651743,1.42477521511678E-15,
11.1423553861132));
#1662=CARTESIAN_POINT('Ctrl Pts',(-7.29661356004895,1.42008041425579E-15,
12.1374079400514));
#1663=CARTESIAN_POINT('Ctrl Pts',(-6.46990206824715,-1.50942554887135E-10,
12.5565419310455));
#1664=CARTESIAN_POINT('Ctrl Pts',(-4.74882141761019,-1.50942564100881E-10,
13.2268944641775));
#1665=CARTESIAN_POINT('Ctrl Pts',(-3.85095344638914,-3.18846259049774E-16,
13.4799693483933));
#1666=CARTESIAN_POINT('Ctrl Pts',(-1.56425384304903,-3.13004453414217E-16,
13.8786917572341));
#1667=CARTESIAN_POINT('Ctrl Pts',(-0.166183011594578,-1.1677537711007E-15,
13.9095023859331));
#1668=CARTESIAN_POINT('Ctrl Pts',(1.90117872646473,-1.17316368116425E-15,
13.6421996161902));
#1669=CARTESIAN_POINT('Ctrl Pts',(2.58179323716574,-5.09543346866939E-11,
13.5014934146815));
#1670=CARTESIAN_POINT('Ctrl Pts',(3.92414530360292,-5.09543311305999E-11,
13.1167522612917));
#1671=CARTESIAN_POINT('Ctrl Pts',(4.58986729567608,3.87587705492252E-16,
12.870260048609));
#1672=CARTESIAN_POINT('Ctrl Pts',(5.23293742883342,3.87031691263958E-16,
12.5718657090216));
#1673=CARTESIAN_POINT('Ctrl Pts',(13.61746825,0.375000002731182,-1.66765889048532E-15));
#1674=CARTESIAN_POINT('Ctrl Pts',(13.61746825,0.275000002731183,4.42458364725124));
#1675=CARTESIAN_POINT('Ctrl Pts',(11.0167632346113,0.175000002731183,8.00414701091099));
#1676=CARTESIAN_POINT('Ctrl Pts',(8.76683305304334,0.0884876851767193,11.1009102351435));
#1677=CARTESIAN_POINT('Ctrl Pts',(5.23293742883341,1.01918819631364E-15,
12.5718657090216));
#1678=CARTESIAN_POINT('Origin',(-8.88178419700125E-15,15.1250000027312,
9.43098759191512E-15));
#1679=CARTESIAN_POINT('Origin',(-8.88178419700125E-15,0.,9.43098759191512E-15));
#1680=CARTESIAN_POINT('Ctrl Pts',(-14.7000116175059,14.2499932980922,0.));
#1681=CARTESIAN_POINT('Ctrl Pts',(-14.7000116175059,14.1499932980922,-4.77632330938022));
#1682=CARTESIAN_POINT('Ctrl Pts',(-11.8925592160715,14.0499932980922,-8.64045003729801));
#1683=CARTESIAN_POINT('Ctrl Pts',(-9.08510681463699,13.9499932980922,-12.5045767652158));
#1684=CARTESIAN_POINT('Ctrl Pts',(-4.54255340731849,13.8499932980922,-13.9805418384435));
#1685=CARTESIAN_POINT('Ctrl Pts',(-9.46438085768851E-16,13.7499932980922,
-15.4565069116712));
#1686=CARTESIAN_POINT('Ctrl Pts',(4.54255340731849,13.6499932980922,-13.9805418384435));
#1687=CARTESIAN_POINT('Ctrl Pts',(9.08510681463699,13.5499932980922,-12.5045767652158));
#1688=CARTESIAN_POINT('Ctrl Pts',(11.8925592160715,13.4499932980922,-8.64045003729801));
#1689=CARTESIAN_POINT('Ctrl Pts',(14.7000116175059,13.3499932980922,-4.77632330938022));
#1690=CARTESIAN_POINT('Ctrl Pts',(14.7000116175059,13.2499932980922,-1.80023221748076E-15));
#1691=CARTESIAN_POINT('Ctrl Pts',(14.7000116175059,13.1499932980922,4.77632330938022));
#1692=CARTESIAN_POINT('Ctrl Pts',(11.8925592160715,13.0499932980922,8.64045003729801));
#1693=CARTESIAN_POINT('Ctrl Pts',(9.08510681463699,12.9499932980922,12.5045767652158));
#1694=CARTESIAN_POINT('Ctrl Pts',(4.5425534073185,12.8499932980922,13.9805418384435));
#1695=CARTESIAN_POINT('Ctrl Pts',(2.83931425730655E-15,12.7499932980922,
15.4565069116712));
#1696=CARTESIAN_POINT('Ctrl Pts',(-4.54255340731849,12.6499932980922,13.9805418384435));
#1697=CARTESIAN_POINT('Ctrl Pts',(-9.08510681463699,12.5499932980922,12.5045767652158));
#1698=CARTESIAN_POINT('Ctrl Pts',(-11.8925592160715,12.4499932980922,8.64045003729802));
#1699=CARTESIAN_POINT('Ctrl Pts',(-14.7000116175059,12.3499932980922,4.77632330938023));
#1700=CARTESIAN_POINT('Ctrl Pts',(-14.7000116175059,12.2499932980922,0.));
#1701=CARTESIAN_POINT('Ctrl Pts',(-14.7000116175059,12.1499932980922,-4.77632330938022));
#1702=CARTESIAN_POINT('Ctrl Pts',(-11.8925592160715,12.0499932980922,-8.64045003729801));
#1703=CARTESIAN_POINT('Ctrl Pts',(-9.08510681463699,11.9499932980922,-12.5045767652158));
#1704=CARTESIAN_POINT('Ctrl Pts',(-4.54255340731849,11.8499932980922,-13.9805418384435));
#1705=CARTESIAN_POINT('Ctrl Pts',(-9.46438085768851E-16,11.7499932980922,
-15.4565069116712));
#1706=CARTESIAN_POINT('Ctrl Pts',(4.54255340731849,11.6499932980922,-13.9805418384435));
#1707=CARTESIAN_POINT('Ctrl Pts',(9.08510681463699,11.5499932980922,-12.5045767652158));
#1708=CARTESIAN_POINT('Ctrl Pts',(11.8925592160715,11.4499932980922,-8.64045003729801));
#1709=CARTESIAN_POINT('Ctrl Pts',(14.7000116175059,11.3499932980922,-4.77632330938022));
#1710=CARTESIAN_POINT('Ctrl Pts',(14.7000116175059,11.2499932980922,-1.80023221748076E-15));
#1711=CARTESIAN_POINT('Ctrl Pts',(14.7000116175059,11.1499932980922,4.77632330938022));
#1712=CARTESIAN_POINT('Ctrl Pts',(11.8925592160715,11.0499932980922,8.64045003729801));
#1713=CARTESIAN_POINT('Ctrl Pts',(9.08510681463699,10.9499932980922,12.5045767652158));
#1714=CARTESIAN_POINT('Ctrl Pts',(4.5425534073185,10.8499932980922,13.9805418384435));
#1715=CARTESIAN_POINT('Ctrl Pts',(2.83931425730655E-15,10.7499932980922,
15.4565069116712));
#1716=CARTESIAN_POINT('Ctrl Pts',(-4.54255340731849,10.6499932980922,13.9805418384435));
#1717=CARTESIAN_POINT('Ctrl Pts',(-9.08510681463699,10.5499932980922,12.5045767652158));
#1718=CARTESIAN_POINT('Ctrl Pts',(-11.8925592160715,10.4499932980922,8.64045003729802));
#1719=CARTESIAN_POINT('Ctrl Pts',(-14.7000116175059,10.3499932980922,4.77632330938023));
#1720=CARTESIAN_POINT('Ctrl Pts',(-14.7000116175059,10.2499932980922,0.));
#1721=CARTESIAN_POINT('Ctrl Pts',(-14.7000116175059,10.1499932980922,-4.77632330938022));
#1722=CARTESIAN_POINT('Ctrl Pts',(-11.8925592160715,10.0499932980922,-8.64045003729801));
#1723=CARTESIAN_POINT('Ctrl Pts',(-9.08510681463699,9.94999329809219,-12.5045767652158));
#1724=CARTESIAN_POINT('Ctrl Pts',(-4.54255340731849,9.84999329809219,-13.9805418384435));
#1725=CARTESIAN_POINT('Ctrl Pts',(-9.46438085768851E-16,9.74999329809219,
-15.4565069116712));
#1726=CARTESIAN_POINT('Ctrl Pts',(4.54255340731849,9.64999329809219,-13.9805418384435));
#1727=CARTESIAN_POINT('Ctrl Pts',(9.08510681463699,9.54999329809219,-12.5045767652158));
#1728=CARTESIAN_POINT('Ctrl Pts',(11.8925592160715,9.44999329809219,-8.64045003729801));
#1729=CARTESIAN_POINT('Ctrl Pts',(14.7000116175059,9.34999329809219,-4.77632330938022));
#1730=CARTESIAN_POINT('Ctrl Pts',(14.7000116175059,9.24999329809219,-1.80023221748076E-15));
#1731=CARTESIAN_POINT('Ctrl Pts',(14.7000116175059,9.14999329809219,4.77632330938022));
#1732=CARTESIAN_POINT('Ctrl Pts',(11.8925592160715,9.04999329809219,8.64045003729801));
#1733=CARTESIAN_POINT('Ctrl Pts',(9.08510681463699,8.94999329809219,12.5045767652158));
#1734=CARTESIAN_POINT('Ctrl Pts',(4.5425534073185,8.84999329809219,13.9805418384435));
#1735=CARTESIAN_POINT('Ctrl Pts',(2.83931425730655E-15,8.74999329809219,
15.4565069116712));
#1736=CARTESIAN_POINT('Ctrl Pts',(-4.54255340731849,8.64999329809219,13.9805418384435));
#1737=CARTESIAN_POINT('Ctrl Pts',(-9.08510681463699,8.54999329809219,12.5045767652158));
#1738=CARTESIAN_POINT('Ctrl Pts',(-11.8925592160715,8.44999329809219,8.64045003729802));
#1739=CARTESIAN_POINT('Ctrl Pts',(-14.7000116175059,8.34999329809219,4.77632330938023));
#1740=CARTESIAN_POINT('Ctrl Pts',(-14.7000116175059,8.24999329809219,0.));
#1741=CARTESIAN_POINT('Ctrl Pts',(-14.7000116175059,8.14999329809219,-4.77632330938022));
#1742=CARTESIAN_POINT('Ctrl Pts',(-11.8925592160715,8.04999329809219,-8.64045003729801));
#1743=CARTESIAN_POINT('Ctrl Pts',(-9.08510681463699,7.94999329809219,-12.5045767652158));
#1744=CARTESIAN_POINT('Ctrl Pts',(-4.54255340731849,7.84999329809219,-13.9805418384435));
#1745=CARTESIAN_POINT('Ctrl Pts',(-9.46438085768851E-16,7.74999329809219,
-15.4565069116712));
#1746=CARTESIAN_POINT('Ctrl Pts',(4.54255340731849,7.64999329809219,-13.9805418384435));
#1747=CARTESIAN_POINT('Ctrl Pts',(9.08510681463699,7.54999329809219,-12.5045767652158));
#1748=CARTESIAN_POINT('Ctrl Pts',(11.8925592160715,7.44999329809219,-8.64045003729801));
#1749=CARTESIAN_POINT('Ctrl Pts',(14.7000116175059,7.34999329809219,-4.77632330938022));
#1750=CARTESIAN_POINT('Ctrl Pts',(14.7000116175059,7.24999329809219,-1.80023221748076E-15));
#1751=CARTESIAN_POINT('Ctrl Pts',(14.7000116175059,7.14999329809219,4.77632330938022));
#1752=CARTESIAN_POINT('Ctrl Pts',(11.8925592160715,7.04999329809219,8.64045003729801));
#1753=CARTESIAN_POINT('Ctrl Pts',(9.08510681463699,6.94999329809219,12.5045767652158));
#1754=CARTESIAN_POINT('Ctrl Pts',(4.5425534073185,6.84999329809219,13.9805418384435));
#1755=CARTESIAN_POINT('Ctrl Pts',(2.83931425730655E-15,6.74999329809219,
15.4565069116712));
#1756=CARTESIAN_POINT('Ctrl Pts',(-4.54255340731849,6.64999329809219,13.9805418384435));
#1757=CARTESIAN_POINT('Ctrl Pts',(-9.08510681463699,6.54999329809219,12.5045767652158));
#1758=CARTESIAN_POINT('Ctrl Pts',(-11.8925592160715,6.44999329809219,8.64045003729802));
#1759=CARTESIAN_POINT('Ctrl Pts',(-14.7000116175059,6.34999329809219,4.77632330938023));
#1760=CARTESIAN_POINT('Ctrl Pts',(-14.7000116175059,6.24999329809219,0.));
#1761=CARTESIAN_POINT('Ctrl Pts',(-14.7000116175059,6.14999329809219,-4.77632330938022));
#1762=CARTESIAN_POINT('Ctrl Pts',(-11.8925592160715,6.04999329809219,-8.64045003729801));
#1763=CARTESIAN_POINT('Ctrl Pts',(-9.08510681463699,5.94999329809219,-12.5045767652158));
#1764=CARTESIAN_POINT('Ctrl Pts',(-4.54255340731849,5.84999329809219,-13.9805418384435));
#1765=CARTESIAN_POINT('Ctrl Pts',(-9.46438085768851E-16,5.74999329809219,
-15.4565069116712));
#1766=CARTESIAN_POINT('Ctrl Pts',(4.54255340731849,5.64999329809219,-13.9805418384435));
#1767=CARTESIAN_POINT('Ctrl Pts',(9.08510681463699,5.54999329809219,-12.5045767652158));
#1768=CARTESIAN_POINT('Ctrl Pts',(11.8925592160715,5.44999329809219,-8.64045003729801));
#1769=CARTESIAN_POINT('Ctrl Pts',(14.7000116175059,5.34999329809219,-4.77632330938022));
#1770=CARTESIAN_POINT('Ctrl Pts',(14.7000116175059,5.24999329809219,-1.80023221748076E-15));
#1771=CARTESIAN_POINT('Ctrl Pts',(14.7000116175059,5.14999329809219,4.77632330938022));
#1772=CARTESIAN_POINT('Ctrl Pts',(11.8925592160715,5.04999329809219,8.64045003729801));
#1773=CARTESIAN_POINT('Ctrl Pts',(9.08510681463699,4.94999329809219,12.5045767652158));
#1774=CARTESIAN_POINT('Ctrl Pts',(4.5425534073185,4.84999329809219,13.9805418384435));
#1775=CARTESIAN_POINT('Ctrl Pts',(2.83931425730655E-15,4.74999329809219,
15.4565069116712));
#1776=CARTESIAN_POINT('Ctrl Pts',(-4.54255340731849,4.64999329809219,13.9805418384435));
#1777=CARTESIAN_POINT('Ctrl Pts',(-9.08510681463699,4.54999329809219,12.5045767652158));
#1778=CARTESIAN_POINT('Ctrl Pts',(-11.8925592160715,4.44999329809219,8.64045003729802));
#1779=CARTESIAN_POINT('Ctrl Pts',(-14.7000116175059,4.34999329809219,4.77632330938023));
#1780=CARTESIAN_POINT('Ctrl Pts',(-14.7000116175059,4.24999329809219,0.));
#1781=CARTESIAN_POINT('Ctrl Pts',(-14.7000116175059,4.14999329809219,-4.77632330938022));
#1782=CARTESIAN_POINT('Ctrl Pts',(-11.8925592160715,4.04999329809219,-8.64045003729801));
#1783=CARTESIAN_POINT('Ctrl Pts',(-9.08510681463699,3.94999329809219,-12.5045767652158));
#1784=CARTESIAN_POINT('Ctrl Pts',(-4.54255340731849,3.84999329809219,-13.9805418384435));
#1785=CARTESIAN_POINT('Ctrl Pts',(-9.46438085768851E-16,3.74999329809219,
-15.4565069116712));
#1786=CARTESIAN_POINT('Ctrl Pts',(4.54255340731849,3.64999329809219,-13.9805418384435));
#1787=CARTESIAN_POINT('Ctrl Pts',(9.08510681463699,3.54999329809219,-12.5045767652158));
#1788=CARTESIAN_POINT('Ctrl Pts',(11.8925592160715,3.44999329809219,-8.64045003729801));
#1789=CARTESIAN_POINT('Ctrl Pts',(14.7000116175059,3.34999329809219,-4.77632330938022));
#1790=CARTESIAN_POINT('Ctrl Pts',(14.7000116175059,3.24999329809219,-1.80023221748076E-15));
#1791=CARTESIAN_POINT('Ctrl Pts',(14.7000116175059,3.14999329809219,4.77632330938022));
#1792=CARTESIAN_POINT('Ctrl Pts',(11.8925592160715,3.04999329809219,8.64045003729801));
#1793=CARTESIAN_POINT('Ctrl Pts',(9.08510681463699,2.94999329809219,12.5045767652158));
#1794=CARTESIAN_POINT('Ctrl Pts',(4.5425534073185,2.84999329809219,13.9805418384435));
#1795=CARTESIAN_POINT('Ctrl Pts',(2.83931425730655E-15,2.74999329809219,
15.4565069116712));
#1796=CARTESIAN_POINT('Ctrl Pts',(-4.54255340731849,2.64999329809219,13.9805418384435));
#1797=CARTESIAN_POINT('Ctrl Pts',(-9.08510681463699,2.54999329809219,12.5045767652158));
#1798=CARTESIAN_POINT('Ctrl Pts',(-11.8925592160715,2.44999329809219,8.64045003729802));
#1799=CARTESIAN_POINT('Ctrl Pts',(-14.7000116175059,2.34999329809219,4.77632330938023));
#1800=CARTESIAN_POINT('Ctrl Pts',(-14.7000116175059,2.24999329809219,0.));
#1801=CARTESIAN_POINT('Ctrl Pts',(-14.7000116175059,2.14999329809219,-4.77632330938022));
#1802=CARTESIAN_POINT('Ctrl Pts',(-11.8925592160715,2.04999329809219,-8.64045003729801));
#1803=CARTESIAN_POINT('Ctrl Pts',(-9.08510681463699,1.94999329809219,-12.5045767652158));
#1804=CARTESIAN_POINT('Ctrl Pts',(-4.54255340731849,1.84999329809219,-13.9805418384435));
#1805=CARTESIAN_POINT('Ctrl Pts',(-9.46438085768851E-16,1.74999329809219,
-15.4565069116712));
#1806=CARTESIAN_POINT('Ctrl Pts',(4.54255340731849,1.64999329809219,-13.9805418384435));
#1807=CARTESIAN_POINT('Ctrl Pts',(9.08510681463699,1.54999329809219,-12.5045767652158));
#1808=CARTESIAN_POINT('Ctrl Pts',(11.8925592160715,1.44999329809219,-8.64045003729801));
#1809=CARTESIAN_POINT('Ctrl Pts',(14.7000116175059,1.34999329809219,-4.77632330938022));
#1810=CARTESIAN_POINT('Ctrl Pts',(14.7000116175059,1.24999329809219,-1.80023221748076E-15));
#1811=CARTESIAN_POINT('Ctrl Pts',(14.7000116175059,1.14999329809219,4.77632330938022));
#1812=CARTESIAN_POINT('Ctrl Pts',(11.8925592160715,1.04999329809219,8.64045003729801));
#1813=CARTESIAN_POINT('Ctrl Pts',(9.08510681463699,0.949993298092192,12.5045767652158));
#1814=CARTESIAN_POINT('Ctrl Pts',(4.5425534073185,0.849993298092193,13.9805418384435));
#1815=CARTESIAN_POINT('Ctrl Pts',(2.83931425730655E-15,0.749993298092194,
15.4565069116712));
#1816=CARTESIAN_POINT('Ctrl Pts',(-4.54255340731849,0.649993298092193,13.9805418384435));
#1817=CARTESIAN_POINT('Ctrl Pts',(-9.08510681463699,0.549993298092193,12.5045767652158));
#1818=CARTESIAN_POINT('Ctrl Pts',(-11.8925592160715,0.449993298092192,8.64045003729802));
#1819=CARTESIAN_POINT('Ctrl Pts',(-14.7000116175059,0.349993298092192,4.77632330938023));
#1820=CARTESIAN_POINT('Ctrl Pts',(-14.7000116175059,0.249993298092193,0.));
#1821=CARTESIAN_POINT('Ctrl Pts',(-14.7000116175059,0.149993298092192,-4.77632330938022));
#1822=CARTESIAN_POINT('Ctrl Pts',(-11.8925592160715,0.0499932980921926,
-8.64045003729801));
#1823=CARTESIAN_POINT('Ctrl Pts',(-9.08510681463699,-0.0500067019078068,
-12.5045767652158));
#1824=CARTESIAN_POINT('Ctrl Pts',(-4.54255340731849,-0.150006701907808,
-13.9805418384435));
#1825=CARTESIAN_POINT('Ctrl Pts',(-9.46438085768851E-16,-0.250006701907807,
-15.4565069116712));
#1826=CARTESIAN_POINT('Ctrl Pts',(4.54255340731849,-0.350006701907807,-13.9805418384435));
#1827=CARTESIAN_POINT('Ctrl Pts',(9.08510681463699,-0.450006701907808,-12.5045767652158));
#1828=CARTESIAN_POINT('Ctrl Pts',(11.8925592160715,-0.550006701907807,-8.64045003729801));
#1829=CARTESIAN_POINT('Ctrl Pts',(14.7000116175059,-0.650006701907807,-4.77632330938022));
#1830=CARTESIAN_POINT('Ctrl Pts',(14.7000116175059,-0.750006701907808,-1.80023221748076E-15));
#1831=CARTESIAN_POINT('Ctrl Pts',(14.7000116175059,-0.850006701907807,4.77632330938022));
#1832=CARTESIAN_POINT('Ctrl Pts',(11.8925592160715,-0.950006701907806,8.64045003729801));
#1833=CARTESIAN_POINT('Ctrl Pts',(9.08510681463699,-1.05000670190781,12.5045767652158));
#1834=CARTESIAN_POINT('Ctrl Pts',(4.5425534073185,-1.15000670190781,13.9805418384435));
#1835=CARTESIAN_POINT('Ctrl Pts',(2.83931425730655E-15,-1.25000670190781,
15.4565069116712));
#1836=CARTESIAN_POINT('Ctrl Pts',(-4.54255340731849,-1.35000670190781,13.9805418384435));
#1837=CARTESIAN_POINT('Ctrl Pts',(-9.08510681463699,-1.45000670190781,12.5045767652158));
#1838=CARTESIAN_POINT('Ctrl Pts',(-11.8925592160715,-1.55000670190781,8.64045003729802));
#1839=CARTESIAN_POINT('Ctrl Pts',(-14.7000116175059,-1.65000670190781,4.77632330938023));
#1840=CARTESIAN_POINT('Ctrl Pts',(-14.7000116175059,-1.75000670190781,0.));
#1841=CARTESIAN_POINT('Ctrl Pts',(-14.7000116175059,-1.85000670190781,-4.77632330938022));
#1842=CARTESIAN_POINT('Ctrl Pts',(-11.8925592160715,-1.95000670190781,-8.64045003729801));
#1843=CARTESIAN_POINT('Ctrl Pts',(-9.08510681463699,-2.05000670190781,-12.5045767652158));
#1844=CARTESIAN_POINT('Ctrl Pts',(-4.54255340731849,-2.15000670190781,-13.9805418384435));
#1845=CARTESIAN_POINT('Ctrl Pts',(-9.46438085768851E-16,-2.25000670190781,
-15.4565069116712));
#1846=CARTESIAN_POINT('Ctrl Pts',(4.54255340731849,-2.35000670190781,-13.9805418384435));
#1847=CARTESIAN_POINT('Ctrl Pts',(9.08510681463699,-2.45000670190781,-12.5045767652158));
#1848=CARTESIAN_POINT('Ctrl Pts',(11.8925592160715,-2.55000670190781,-8.64045003729801));
#1849=CARTESIAN_POINT('Ctrl Pts',(14.7000116175059,-2.65000670190781,-4.77632330938022));
#1850=CARTESIAN_POINT('Ctrl Pts',(14.7000116175059,-2.75000670190781,-1.80023221748076E-15));
#1851=CARTESIAN_POINT('Ctrl Pts',(14.7000116175059,-2.85000670190781,4.77632330938022));
#1852=CARTESIAN_POINT('Ctrl Pts',(11.8925592160715,-2.95000670190781,8.64045003729801));
#1853=CARTESIAN_POINT('Ctrl Pts',(9.08510681463699,-3.05000670190781,12.5045767652158));
#1854=CARTESIAN_POINT('Ctrl Pts',(4.5425534073185,-3.15000670190781,13.9805418384435));
#1855=CARTESIAN_POINT('Ctrl Pts',(2.83931425730655E-15,-3.25000670190781,
15.4565069116712));
#1856=CARTESIAN_POINT('Ctrl Pts',(-4.54255340731849,-3.35000670190781,13.9805418384435));
#1857=CARTESIAN_POINT('Ctrl Pts',(-9.08510681463699,-3.45000670190781,12.5045767652158));
#1858=CARTESIAN_POINT('Ctrl Pts',(-11.8925592160715,-3.55000670190781,8.64045003729802));
#1859=CARTESIAN_POINT('Ctrl Pts',(-14.7000116175059,-3.65000670190781,4.77632330938023));
#1860=CARTESIAN_POINT('Ctrl Pts',(-14.7000116175059,-3.75000670190781,0.));
#1861=CARTESIAN_POINT('Ctrl Pts',(-14.7000116175059,-3.85000670190781,-4.77632330938022));
#1862=CARTESIAN_POINT('Ctrl Pts',(-11.8925592160715,-3.95000670190781,-8.64045003729801));
#1863=CARTESIAN_POINT('Ctrl Pts',(-9.08510681463699,-4.05000670190781,-12.5045767652158));
#1864=CARTESIAN_POINT('Ctrl Pts',(-4.54255340731849,-4.15000670190781,-13.9805418384435));
#1865=CARTESIAN_POINT('Ctrl Pts',(-9.46438085768851E-16,-4.25000670190781,
-15.4565069116712));
#1866=CARTESIAN_POINT('Ctrl Pts',(4.54255340731849,-4.35000670190781,-13.9805418384435));
#1867=CARTESIAN_POINT('Ctrl Pts',(9.08510681463699,-4.45000670190781,-12.5045767652158));
#1868=CARTESIAN_POINT('Ctrl Pts',(11.8925592160715,-4.55000670190781,-8.64045003729801));
#1869=CARTESIAN_POINT('Ctrl Pts',(14.7000116175059,-4.65000670190781,-4.77632330938022));
#1870=CARTESIAN_POINT('Ctrl Pts',(14.7000116175059,-4.75000670190781,-1.80023221748076E-15));
#1871=CARTESIAN_POINT('Ctrl Pts',(14.7000116175059,-4.85000670190781,4.77632330938022));
#1872=CARTESIAN_POINT('Ctrl Pts',(11.8925592160715,-4.95000670190781,8.64045003729801));
#1873=CARTESIAN_POINT('Ctrl Pts',(9.08510681463699,-5.05000670190781,12.5045767652158));
#1874=CARTESIAN_POINT('Ctrl Pts',(4.5425534073185,-5.15000670190781,13.9805418384435));
#1875=CARTESIAN_POINT('Ctrl Pts',(2.83931425730655E-15,-5.25000670190781,
15.4565069116712));
#1876=CARTESIAN_POINT('Ctrl Pts',(-4.54255340731849,-5.35000670190781,13.9805418384435));
#1877=CARTESIAN_POINT('Ctrl Pts',(-9.08510681463699,-5.45000670190781,12.5045767652158));
#1878=CARTESIAN_POINT('Ctrl Pts',(-11.8925592160715,-5.55000670190781,8.64045003729802));
#1879=CARTESIAN_POINT('Ctrl Pts',(-14.7000116175059,-5.65000670190781,4.77632330938023));
#1880=CARTESIAN_POINT('Ctrl Pts',(-14.7000116175059,-5.75000670190781,0.));
#1881=CARTESIAN_POINT('Ctrl Pts',(-14.7000116175059,-5.85000670190781,-4.77632330938022));
#1882=CARTESIAN_POINT('Ctrl Pts',(-11.8925592160715,-5.95000670190781,-8.64045003729801));
#1883=CARTESIAN_POINT('Ctrl Pts',(-9.08510681463699,-6.05000670190781,-12.5045767652158));
#1884=CARTESIAN_POINT('Ctrl Pts',(-4.54255340731849,-6.15000670190781,-13.9805418384435));
#1885=CARTESIAN_POINT('Ctrl Pts',(-9.46438085768851E-16,-6.25000670190781,
-15.4565069116712));
#1886=CARTESIAN_POINT('Ctrl Pts',(4.54255340731849,-6.35000670190781,-13.9805418384435));
#1887=CARTESIAN_POINT('Ctrl Pts',(9.08510681463699,-6.4500067019078,-12.5045767652158));
#1888=CARTESIAN_POINT('Ctrl Pts',(11.8925592160715,-6.55000670190781,-8.64045003729801));
#1889=CARTESIAN_POINT('Ctrl Pts',(14.7000116175059,-6.65000670190781,-4.77632330938022));
#1890=CARTESIAN_POINT('Ctrl Pts',(14.7000116175059,-6.75000670190781,-1.80023221748076E-15));
#1891=CARTESIAN_POINT('Ctrl Pts',(-13.61746825,14.8750000027312,0.));
#1892=CARTESIAN_POINT('Ctrl Pts',(-13.61746825,14.7750000027312,-4.42458364725125));
#1893=CARTESIAN_POINT('Ctrl Pts',(-11.0167632346113,14.6750000027312,-8.00414701091099));
#1894=CARTESIAN_POINT('Ctrl Pts',(-8.41605821922255,14.5750000027312,-11.5837103745707));
#1895=CARTESIAN_POINT('Ctrl Pts',(-4.20802910961128,14.4750000027312,-12.9509819146049));
#1896=CARTESIAN_POINT('Ctrl Pts',(-8.76740163130208E-16,14.3750000027312,
-14.318253454639));
#1897=CARTESIAN_POINT('Ctrl Pts',(4.20802910961127,14.2750000027312,-12.9509819146049));
#1898=CARTESIAN_POINT('Ctrl Pts',(8.41605821922255,14.1750000027312,-11.5837103745707));
#1899=CARTESIAN_POINT('Ctrl Pts',(11.0167632346113,14.0750000027312,-8.004147010911));
#1900=CARTESIAN_POINT('Ctrl Pts',(13.61746825,13.9750000027312,-4.42458364725125));
#1901=CARTESIAN_POINT('Ctrl Pts',(13.61746825,13.8750000027312,-1.66765889048532E-15));
#1902=CARTESIAN_POINT('Ctrl Pts',(13.61746825,13.7750000027312,4.42458364725124));
#1903=CARTESIAN_POINT('Ctrl Pts',(11.0167632346113,13.6750000027312,8.00414701091099));
#1904=CARTESIAN_POINT('Ctrl Pts',(8.41605821922256,13.5750000027312,11.5837103745707));
#1905=CARTESIAN_POINT('Ctrl Pts',(4.20802910961128,13.4750000027312,12.9509819146049));
#1906=CARTESIAN_POINT('Ctrl Pts',(2.63022048939062E-15,13.3750000027312,
14.318253454639));
#1907=CARTESIAN_POINT('Ctrl Pts',(-4.20802910961127,13.2750000027312,12.9509819146049));
#1908=CARTESIAN_POINT('Ctrl Pts',(-8.41605821922255,13.1750000027312,11.5837103745707));
#1909=CARTESIAN_POINT('Ctrl Pts',(-11.0167632346113,13.0750000027312,8.004147010911));
#1910=CARTESIAN_POINT('Ctrl Pts',(-13.61746825,12.9750000027312,4.42458364725125));
#1911=CARTESIAN_POINT('Ctrl Pts',(-13.61746825,12.8750000027312,0.));
#1912=CARTESIAN_POINT('Ctrl Pts',(-13.61746825,12.7750000027312,-4.42458364725125));
#1913=CARTESIAN_POINT('Ctrl Pts',(-11.0167632346113,12.6750000027312,-8.00414701091099));
#1914=CARTESIAN_POINT('Ctrl Pts',(-8.41605821922255,12.5750000027312,-11.5837103745707));
#1915=CARTESIAN_POINT('Ctrl Pts',(-4.20802910961128,12.4750000027312,-12.9509819146049));
#1916=CARTESIAN_POINT('Ctrl Pts',(-8.76740163130208E-16,12.3750000027312,
-14.318253454639));
#1917=CARTESIAN_POINT('Ctrl Pts',(4.20802910961127,12.2750000027312,-12.9509819146049));
#1918=CARTESIAN_POINT('Ctrl Pts',(8.41605821922255,12.1750000027312,-11.5837103745707));
#1919=CARTESIAN_POINT('Ctrl Pts',(11.0167632346113,12.0750000027312,-8.004147010911));
#1920=CARTESIAN_POINT('Ctrl Pts',(13.61746825,11.9750000027312,-4.42458364725125));
#1921=CARTESIAN_POINT('Ctrl Pts',(13.61746825,11.8750000027312,-1.66765889048532E-15));
#1922=CARTESIAN_POINT('Ctrl Pts',(13.61746825,11.7750000027312,4.42458364725124));
#1923=CARTESIAN_POINT('Ctrl Pts',(11.0167632346113,11.6750000027312,8.00414701091099));
#1924=CARTESIAN_POINT('Ctrl Pts',(8.41605821922256,11.5750000027312,11.5837103745707));
#1925=CARTESIAN_POINT('Ctrl Pts',(4.20802910961128,11.4750000027312,12.9509819146049));
#1926=CARTESIAN_POINT('Ctrl Pts',(2.63022048939062E-15,11.3750000027312,
14.318253454639));
#1927=CARTESIAN_POINT('Ctrl Pts',(-4.20802910961127,11.2750000027312,12.9509819146049));
#1928=CARTESIAN_POINT('Ctrl Pts',(-8.41605821922255,11.1750000027312,11.5837103745707));
#1929=CARTESIAN_POINT('Ctrl Pts',(-11.0167632346113,11.0750000027312,8.004147010911));
#1930=CARTESIAN_POINT('Ctrl Pts',(-13.61746825,10.9750000027312,4.42458364725125));
#1931=CARTESIAN_POINT('Ctrl Pts',(-13.61746825,10.8750000027312,0.));
#1932=CARTESIAN_POINT('Ctrl Pts',(-13.61746825,10.7750000027312,-4.42458364725125));
#1933=CARTESIAN_POINT('Ctrl Pts',(-11.0167632346113,10.6750000027312,-8.00414701091099));
#1934=CARTESIAN_POINT('Ctrl Pts',(-8.41605821922255,10.5750000027312,-11.5837103745707));
#1935=CARTESIAN_POINT('Ctrl Pts',(-4.20802910961128,10.4750000027312,-12.9509819146049));
#1936=CARTESIAN_POINT('Ctrl Pts',(-8.76740163130208E-16,10.3750000027312,
-14.318253454639));
#1937=CARTESIAN_POINT('Ctrl Pts',(4.20802910961127,10.2750000027312,-12.9509819146049));
#1938=CARTESIAN_POINT('Ctrl Pts',(8.41605821922255,10.1750000027312,-11.5837103745707));
#1939=CARTESIAN_POINT('Ctrl Pts',(11.0167632346113,10.0750000027312,-8.004147010911));
#1940=CARTESIAN_POINT('Ctrl Pts',(13.61746825,9.97500000273118,-4.42458364725125));
#1941=CARTESIAN_POINT('Ctrl Pts',(13.61746825,9.87500000273118,-1.66765889048532E-15));
#1942=CARTESIAN_POINT('Ctrl Pts',(13.61746825,9.77500000273118,4.42458364725124));
#1943=CARTESIAN_POINT('Ctrl Pts',(11.0167632346113,9.67500000273118,8.00414701091099));
#1944=CARTESIAN_POINT('Ctrl Pts',(8.41605821922256,9.57500000273118,11.5837103745707));
#1945=CARTESIAN_POINT('Ctrl Pts',(4.20802910961128,9.47500000273118,12.9509819146049));
#1946=CARTESIAN_POINT('Ctrl Pts',(2.63022048939062E-15,9.37500000273118,
14.318253454639));
#1947=CARTESIAN_POINT('Ctrl Pts',(-4.20802910961127,9.27500000273118,12.9509819146049));
#1948=CARTESIAN_POINT('Ctrl Pts',(-8.41605821922255,9.17500000273118,11.5837103745707));
#1949=CARTESIAN_POINT('Ctrl Pts',(-11.0167632346113,9.07500000273118,8.004147010911));
#1950=CARTESIAN_POINT('Ctrl Pts',(-13.61746825,8.97500000273118,4.42458364725125));
#1951=CARTESIAN_POINT('Ctrl Pts',(-13.61746825,8.87500000273118,0.));
#1952=CARTESIAN_POINT('Ctrl Pts',(-13.61746825,8.77500000273118,-4.42458364725125));
#1953=CARTESIAN_POINT('Ctrl Pts',(-11.0167632346113,8.67500000273118,-8.00414701091099));
#1954=CARTESIAN_POINT('Ctrl Pts',(-8.41605821922255,8.57500000273118,-11.5837103745707));
#1955=CARTESIAN_POINT('Ctrl Pts',(-4.20802910961128,8.47500000273118,-12.9509819146049));
#1956=CARTESIAN_POINT('Ctrl Pts',(-8.76740163130208E-16,8.37500000273118,
-14.318253454639));
#1957=CARTESIAN_POINT('Ctrl Pts',(4.20802910961127,8.27500000273118,-12.9509819146049));
#1958=CARTESIAN_POINT('Ctrl Pts',(8.41605821922255,8.17500000273118,-11.5837103745707));
#1959=CARTESIAN_POINT('Ctrl Pts',(11.0167632346113,8.07500000273118,-8.004147010911));
#1960=CARTESIAN_POINT('Ctrl Pts',(13.61746825,7.97500000273118,-4.42458364725125));
#1961=CARTESIAN_POINT('Ctrl Pts',(13.61746825,7.87500000273118,-1.66765889048532E-15));
#1962=CARTESIAN_POINT('Ctrl Pts',(13.61746825,7.77500000273118,4.42458364725124));
#1963=CARTESIAN_POINT('Ctrl Pts',(11.0167632346113,7.67500000273118,8.00414701091099));
#1964=CARTESIAN_POINT('Ctrl Pts',(8.41605821922256,7.57500000273118,11.5837103745707));
#1965=CARTESIAN_POINT('Ctrl Pts',(4.20802910961128,7.47500000273118,12.9509819146049));
#1966=CARTESIAN_POINT('Ctrl Pts',(2.63022048939062E-15,7.37500000273118,
14.318253454639));
#1967=CARTESIAN_POINT('Ctrl Pts',(-4.20802910961127,7.27500000273118,12.9509819146049));
#1968=CARTESIAN_POINT('Ctrl Pts',(-8.41605821922255,7.17500000273118,11.5837103745707));
#1969=CARTESIAN_POINT('Ctrl Pts',(-11.0167632346113,7.07500000273118,8.004147010911));
#1970=CARTESIAN_POINT('Ctrl Pts',(-13.61746825,6.97500000273118,4.42458364725125));
#1971=CARTESIAN_POINT('Ctrl Pts',(-13.61746825,6.87500000273118,0.));
#1972=CARTESIAN_POINT('Ctrl Pts',(-13.61746825,6.77500000273118,-4.42458364725125));
#1973=CARTESIAN_POINT('Ctrl Pts',(-11.0167632346113,6.67500000273118,-8.00414701091099));
#1974=CARTESIAN_POINT('Ctrl Pts',(-8.41605821922255,6.57500000273118,-11.5837103745707));
#1975=CARTESIAN_POINT('Ctrl Pts',(-4.20802910961128,6.47500000273118,-12.9509819146049));
#1976=CARTESIAN_POINT('Ctrl Pts',(-8.76740163130208E-16,6.37500000273118,
-14.318253454639));
#1977=CARTESIAN_POINT('Ctrl Pts',(4.20802910961127,6.27500000273118,-12.9509819146049));
#1978=CARTESIAN_POINT('Ctrl Pts',(8.41605821922255,6.17500000273118,-11.5837103745707));
#1979=CARTESIAN_POINT('Ctrl Pts',(11.0167632346113,6.07500000273118,-8.004147010911));
#1980=CARTESIAN_POINT('Ctrl Pts',(13.61746825,5.97500000273118,-4.42458364725125));
#1981=CARTESIAN_POINT('Ctrl Pts',(13.61746825,5.87500000273118,-1.66765889048532E-15));
#1982=CARTESIAN_POINT('Ctrl Pts',(13.61746825,5.77500000273118,4.42458364725124));
#1983=CARTESIAN_POINT('Ctrl Pts',(11.0167632346113,5.67500000273118,8.00414701091099));
#1984=CARTESIAN_POINT('Ctrl Pts',(8.41605821922256,5.57500000273118,11.5837103745707));
#1985=CARTESIAN_POINT('Ctrl Pts',(4.20802910961128,5.47500000273118,12.9509819146049));
#1986=CARTESIAN_POINT('Ctrl Pts',(2.63022048939062E-15,5.37500000273118,
14.318253454639));
#1987=CARTESIAN_POINT('Ctrl Pts',(-4.20802910961127,5.27500000273118,12.9509819146049));
#1988=CARTESIAN_POINT('Ctrl Pts',(-8.41605821922255,5.17500000273118,11.5837103745707));
#1989=CARTESIAN_POINT('Ctrl Pts',(-11.0167632346113,5.07500000273118,8.004147010911));
#1990=CARTESIAN_POINT('Ctrl Pts',(-13.61746825,4.97500000273118,4.42458364725125));
#1991=CARTESIAN_POINT('Ctrl Pts',(-13.61746825,4.87500000273118,0.));
#1992=CARTESIAN_POINT('Ctrl Pts',(-13.61746825,4.77500000273118,-4.42458364725125));
#1993=CARTESIAN_POINT('Ctrl Pts',(-11.0167632346113,4.67500000273118,-8.00414701091099));
#1994=CARTESIAN_POINT('Ctrl Pts',(-8.41605821922255,4.57500000273118,-11.5837103745707));
#1995=CARTESIAN_POINT('Ctrl Pts',(-4.20802910961128,4.47500000273118,-12.9509819146049));
#1996=CARTESIAN_POINT('Ctrl Pts',(-8.76740163130208E-16,4.37500000273118,
-14.318253454639));
#1997=CARTESIAN_POINT('Ctrl Pts',(4.20802910961127,4.27500000273118,-12.9509819146049));
#1998=CARTESIAN_POINT('Ctrl Pts',(8.41605821922255,4.17500000273118,-11.5837103745707));
#1999=CARTESIAN_POINT('Ctrl Pts',(11.0167632346113,4.07500000273118,-8.004147010911));
#2000=CARTESIAN_POINT('Ctrl Pts',(13.61746825,3.97500000273118,-4.42458364725125));
#2001=CARTESIAN_POINT('Ctrl Pts',(13.61746825,3.87500000273118,-1.66765889048532E-15));
#2002=CARTESIAN_POINT('Ctrl Pts',(13.61746825,3.77500000273118,4.42458364725124));
#2003=CARTESIAN_POINT('Ctrl Pts',(11.0167632346113,3.67500000273118,8.00414701091099));
#2004=CARTESIAN_POINT('Ctrl Pts',(8.41605821922256,3.57500000273118,11.5837103745707));
#2005=CARTESIAN_POINT('Ctrl Pts',(4.20802910961128,3.47500000273118,12.9509819146049));
#2006=CARTESIAN_POINT('Ctrl Pts',(2.63022048939062E-15,3.37500000273118,
14.318253454639));
#2007=CARTESIAN_POINT('Ctrl Pts',(-4.20802910961127,3.27500000273118,12.9509819146049));
#2008=CARTESIAN_POINT('Ctrl Pts',(-8.41605821922255,3.17500000273118,11.5837103745707));
#2009=CARTESIAN_POINT('Ctrl Pts',(-11.0167632346113,3.07500000273118,8.004147010911));
#2010=CARTESIAN_POINT('Ctrl Pts',(-13.61746825,2.97500000273118,4.42458364725125));
#2011=CARTESIAN_POINT('Ctrl Pts',(-13.61746825,2.87500000273118,0.));
#2012=CARTESIAN_POINT('Ctrl Pts',(-13.61746825,2.77500000273118,-4.42458364725125));
#2013=CARTESIAN_POINT('Ctrl Pts',(-11.0167632346113,2.67500000273118,-8.00414701091099));
#2014=CARTESIAN_POINT('Ctrl Pts',(-8.41605821922255,2.57500000273118,-11.5837103745707));
#2015=CARTESIAN_POINT('Ctrl Pts',(-4.20802910961128,2.47500000273118,-12.9509819146049));
#2016=CARTESIAN_POINT('Ctrl Pts',(-8.76740163130208E-16,2.37500000273118,
-14.318253454639));
#2017=CARTESIAN_POINT('Ctrl Pts',(4.20802910961127,2.27500000273118,-12.9509819146049));
#2018=CARTESIAN_POINT('Ctrl Pts',(8.41605821922255,2.17500000273118,-11.5837103745707));
#2019=CARTESIAN_POINT('Ctrl Pts',(11.0167632346113,2.07500000273118,-8.004147010911));
#2020=CARTESIAN_POINT('Ctrl Pts',(13.61746825,1.97500000273118,-4.42458364725125));
#2021=CARTESIAN_POINT('Ctrl Pts',(13.61746825,1.87500000273118,-1.66765889048532E-15));
#2022=CARTESIAN_POINT('Ctrl Pts',(13.61746825,1.77500000273118,4.42458364725124));
#2023=CARTESIAN_POINT('Ctrl Pts',(11.0167632346113,1.67500000273118,8.00414701091099));
#2024=CARTESIAN_POINT('Ctrl Pts',(8.41605821922256,1.57500000273118,11.5837103745707));
#2025=CARTESIAN_POINT('Ctrl Pts',(4.20802910961128,1.47500000273118,12.9509819146049));
#2026=CARTESIAN_POINT('Ctrl Pts',(2.63022048939062E-15,1.37500000273118,
14.318253454639));
#2027=CARTESIAN_POINT('Ctrl Pts',(-4.20802910961127,1.27500000273118,12.9509819146049));
#2028=CARTESIAN_POINT('Ctrl Pts',(-8.41605821922255,1.17500000273118,11.5837103745707));
#2029=CARTESIAN_POINT('Ctrl Pts',(-11.0167632346113,1.07500000273118,8.004147010911));
#2030=CARTESIAN_POINT('Ctrl Pts',(-13.61746825,0.975000002731182,4.42458364725125));
#2031=CARTESIAN_POINT('Ctrl Pts',(-13.61746825,0.875000002731182,0.));
#2032=CARTESIAN_POINT('Ctrl Pts',(-13.61746825,0.775000002731181,-4.42458364725125));
#2033=CARTESIAN_POINT('Ctrl Pts',(-11.0167632346113,0.675000002731182,-8.00414701091099));
#2034=CARTESIAN_POINT('Ctrl Pts',(-8.41605821922255,0.575000002731182,-11.5837103745707));
#2035=CARTESIAN_POINT('Ctrl Pts',(-4.20802910961128,0.475000002731181,-12.9509819146049));
#2036=CARTESIAN_POINT('Ctrl Pts',(-8.76740163130208E-16,0.375000002731182,
-14.318253454639));
#2037=CARTESIAN_POINT('Ctrl Pts',(4.20802910961127,0.275000002731183,-12.9509819146049));
#2038=CARTESIAN_POINT('Ctrl Pts',(8.41605821922255,0.175000002731181,-11.5837103745707));
#2039=CARTESIAN_POINT('Ctrl Pts',(11.0167632346113,0.075000002731182,-8.004147010911));
#2040=CARTESIAN_POINT('Ctrl Pts',(13.61746825,-0.0249999972688174,-4.42458364725125));
#2041=CARTESIAN_POINT('Ctrl Pts',(13.61746825,-0.124999997268819,-1.66765889048532E-15));
#2042=CARTESIAN_POINT('Ctrl Pts',(13.61746825,-0.224999997268818,4.42458364725124));
#2043=CARTESIAN_POINT('Ctrl Pts',(11.0167632346113,-0.324999997268817,8.00414701091099));
#2044=CARTESIAN_POINT('Ctrl Pts',(8.41605821922256,-0.424999997268818,11.5837103745707));
#2045=CARTESIAN_POINT('Ctrl Pts',(4.20802910961128,-0.524999997268818,12.9509819146049));
#2046=CARTESIAN_POINT('Ctrl Pts',(2.63022048939062E-15,-0.624999997268817,
14.318253454639));
#2047=CARTESIAN_POINT('Ctrl Pts',(-4.20802910961127,-0.724999997268818,
12.9509819146049));
#2048=CARTESIAN_POINT('Ctrl Pts',(-8.41605821922255,-0.824999997268819,
11.5837103745707));
#2049=CARTESIAN_POINT('Ctrl Pts',(-11.0167632346113,-0.924999997268819,
8.004147010911));
#2050=CARTESIAN_POINT('Ctrl Pts',(-13.61746825,-1.02499999726882,4.42458364725125));
#2051=CARTESIAN_POINT('Ctrl Pts',(-13.61746825,-1.12499999726882,0.));
#2052=CARTESIAN_POINT('Ctrl Pts',(-13.61746825,-1.22499999726882,-4.42458364725125));
#2053=CARTESIAN_POINT('Ctrl Pts',(-11.0167632346113,-1.32499999726882,-8.00414701091099));
#2054=CARTESIAN_POINT('Ctrl Pts',(-8.41605821922255,-1.42499999726882,-11.5837103745707));
#2055=CARTESIAN_POINT('Ctrl Pts',(-4.20802910961128,-1.52499999726882,-12.9509819146049));
#2056=CARTESIAN_POINT('Ctrl Pts',(-8.76740163130208E-16,-1.62499999726882,
-14.318253454639));
#2057=CARTESIAN_POINT('Ctrl Pts',(4.20802910961127,-1.72499999726882,-12.9509819146049));
#2058=CARTESIAN_POINT('Ctrl Pts',(8.41605821922255,-1.82499999726882,-11.5837103745707));
#2059=CARTESIAN_POINT('Ctrl Pts',(11.0167632346113,-1.92499999726882,-8.004147010911));
#2060=CARTESIAN_POINT('Ctrl Pts',(13.61746825,-2.02499999726882,-4.42458364725125));
#2061=CARTESIAN_POINT('Ctrl Pts',(13.61746825,-2.12499999726882,-1.66765889048532E-15));
#2062=CARTESIAN_POINT('Ctrl Pts',(13.61746825,-2.22499999726882,4.42458364725124));
#2063=CARTESIAN_POINT('Ctrl Pts',(11.0167632346113,-2.32499999726882,8.00414701091099));
#2064=CARTESIAN_POINT('Ctrl Pts',(8.41605821922256,-2.42499999726882,11.5837103745707));
#2065=CARTESIAN_POINT('Ctrl Pts',(4.20802910961128,-2.52499999726882,12.9509819146049));
#2066=CARTESIAN_POINT('Ctrl Pts',(2.63022048939062E-15,-2.62499999726882,
14.318253454639));
#2067=CARTESIAN_POINT('Ctrl Pts',(-4.20802910961127,-2.72499999726882,12.9509819146049));
#2068=CARTESIAN_POINT('Ctrl Pts',(-8.41605821922255,-2.82499999726882,11.5837103745707));
#2069=CARTESIAN_POINT('Ctrl Pts',(-11.0167632346113,-2.92499999726882,8.004147010911));
#2070=CARTESIAN_POINT('Ctrl Pts',(-13.61746825,-3.02499999726882,4.42458364725125));
#2071=CARTESIAN_POINT('Ctrl Pts',(-13.61746825,-3.12499999726882,0.));
#2072=CARTESIAN_POINT('Ctrl Pts',(-13.61746825,-3.22499999726882,-4.42458364725125));
#2073=CARTESIAN_POINT('Ctrl Pts',(-11.0167632346113,-3.32499999726882,-8.00414701091099));
#2074=CARTESIAN_POINT('Ctrl Pts',(-8.41605821922255,-3.42499999726882,-11.5837103745707));
#2075=CARTESIAN_POINT('Ctrl Pts',(-4.20802910961128,-3.52499999726882,-12.9509819146049));
#2076=CARTESIAN_POINT('Ctrl Pts',(-8.76740163130208E-16,-3.62499999726882,
-14.318253454639));
#2077=CARTESIAN_POINT('Ctrl Pts',(4.20802910961127,-3.72499999726882,-12.9509819146049));
#2078=CARTESIAN_POINT('Ctrl Pts',(8.41605821922255,-3.82499999726882,-11.5837103745707));
#2079=CARTESIAN_POINT('Ctrl Pts',(11.0167632346113,-3.92499999726882,-8.004147010911));
#2080=CARTESIAN_POINT('Ctrl Pts',(13.61746825,-4.02499999726882,-4.42458364725125));
#2081=CARTESIAN_POINT('Ctrl Pts',(13.61746825,-4.12499999726882,-1.66765889048532E-15));
#2082=CARTESIAN_POINT('Ctrl Pts',(13.61746825,-4.22499999726882,4.42458364725124));
#2083=CARTESIAN_POINT('Ctrl Pts',(11.0167632346113,-4.32499999726882,8.00414701091099));
#2084=CARTESIAN_POINT('Ctrl Pts',(8.41605821922256,-4.42499999726882,11.5837103745707));
#2085=CARTESIAN_POINT('Ctrl Pts',(4.20802910961128,-4.52499999726882,12.9509819146049));
#2086=CARTESIAN_POINT('Ctrl Pts',(2.63022048939062E-15,-4.62499999726882,
14.318253454639));
#2087=CARTESIAN_POINT('Ctrl Pts',(-4.20802910961127,-4.72499999726882,12.9509819146049));
#2088=CARTESIAN_POINT('Ctrl Pts',(-8.41605821922255,-4.82499999726882,11.5837103745707));
#2089=CARTESIAN_POINT('Ctrl Pts',(-11.0167632346113,-4.92499999726882,8.004147010911));
#2090=CARTESIAN_POINT('Ctrl Pts',(-13.61746825,-5.02499999726882,4.42458364725125));
#2091=CARTESIAN_POINT('Ctrl Pts',(-13.61746825,-5.12499999726882,0.));
#2092=CARTESIAN_POINT('Ctrl Pts',(-13.61746825,-5.22499999726882,-4.42458364725125));
#2093=CARTESIAN_POINT('Ctrl Pts',(-11.0167632346113,-5.32499999726882,-8.00414701091099));
#2094=CARTESIAN_POINT('Ctrl Pts',(-8.41605821922255,-5.42499999726882,-11.5837103745707));
#2095=CARTESIAN_POINT('Ctrl Pts',(-4.20802910961128,-5.52499999726882,-12.9509819146049));
#2096=CARTESIAN_POINT('Ctrl Pts',(-8.76740163130208E-16,-5.62499999726882,
-14.318253454639));
#2097=CARTESIAN_POINT('Ctrl Pts',(4.20802910961127,-5.72499999726882,-12.9509819146049));
#2098=CARTESIAN_POINT('Ctrl Pts',(8.41605821922255,-5.82499999726882,-11.5837103745707));
#2099=CARTESIAN_POINT('Ctrl Pts',(11.0167632346113,-5.92499999726882,-8.004147010911));
#2100=CARTESIAN_POINT('Ctrl Pts',(13.61746825,-6.02499999726882,-4.42458364725125));
#2101=CARTESIAN_POINT('Ctrl Pts',(13.61746825,-6.12499999726882,-1.66765889048532E-15));
#2102=CARTESIAN_POINT('Ctrl Pts',(12.5871888476019,-3.71110794954919E-16,
-5.19597136775833));
#2103=CARTESIAN_POINT('Ctrl Pts',(12.3511905767702,-3.70800741916149E-16,
-5.84153741311292));
#2104=CARTESIAN_POINT('Ctrl Pts',(12.0664608388731,7.72292607342741E-16,
-6.46822639324246));
#2105=CARTESIAN_POINT('Ctrl Pts',(11.3926177569784,7.72292607342741E-16,
-7.69460303362345));
#2106=CARTESIAN_POINT('Ctrl Pts',(11.0009444875262,-4.22162664330055E-16,
-8.28967655465265));
#2107=CARTESIAN_POINT('Ctrl Pts',(9.7192050239158,-4.16862213613498E-16,
-9.94955292566762));
#2108=CARTESIAN_POINT('Ctrl Pts',(8.70830017411561,-1.35045090972333E-15,
-10.917071997899));
#2109=CARTESIAN_POINT('Ctrl Pts',(5.93741450390111,-1.35045090972333E-15,
-12.8689482433119));
#2110=CARTESIAN_POINT('Ctrl Pts',(4.19486178487141,7.30311978055677E-15,
-13.5705552721895));
#2111=CARTESIAN_POINT('Ctrl Pts',(0.713269629906286,7.30311978055677E-15,
-14.3413697527775));
#2112=CARTESIAN_POINT('Ctrl Pts',(-1.1562160949323,-2.24689679670088E-15,
-14.3854434648565));
#2113=CARTESIAN_POINT('Ctrl Pts',(-4.36954315127644,-2.25486258179383E-15,
-13.8314629350013));
#2114=CARTESIAN_POINT('Ctrl Pts',(-5.71704092157392,2.33646131628858E-16,
-13.3856841622988));
#2115=CARTESIAN_POINT('Ctrl Pts',(-8.21018476436534,2.26824920809857E-16,
-12.1453469647771));
#2116=CARTESIAN_POINT('Ctrl Pts',(-9.35648637959896,8.48997816340339E-17,
-11.3548364797217));
#2117=CARTESIAN_POINT('Ctrl Pts',(-10.3741839196565,8.45518406954701E-17,
-10.4147159347309));
#2118=CARTESIAN_POINT('Origin',(0.,-10.,0.));
#2119=CARTESIAN_POINT('Origin',(0.,0.,0.));
#2120=CARTESIAN_POINT('Origin',(-14.7,11.,0.));
#2121=UNCERTAINTY_MEASURE_WITH_UNIT(LENGTH_MEASURE(0.01),#2125,
'DISTANCE_ACCURACY_VALUE',
'Maximum model space distance between geometric entities at asserted c
onnectivities');
#2122=UNCERTAINTY_MEASURE_WITH_UNIT(LENGTH_MEASURE(0.01),#2125,
'DISTANCE_ACCURACY_VALUE',
'Maximum model space distance between geometric entities at asserted c
onnectivities');
#2123=(
GEOMETRIC_REPRESENTATION_CONTEXT(3)
GLOBAL_UNCERTAINTY_ASSIGNED_CONTEXT((#2121))
GLOBAL_UNIT_ASSIGNED_CONTEXT((#2125,#2127,#2128))
REPRESENTATION_CONTEXT('','3D')
);
#2124=(
GEOMETRIC_REPRESENTATION_CONTEXT(3)
GLOBAL_UNCERTAINTY_ASSIGNED_CONTEXT((#2122))
GLOBAL_UNIT_ASSIGNED_CONTEXT((#2125,#2127,#2128))
REPRESENTATION_CONTEXT('','3D')
);
#2125=(
LENGTH_UNIT()
NAMED_UNIT(*)
SI_UNIT(.MILLI.,.METRE.)
);
#2126=(
LENGTH_UNIT()
NAMED_UNIT(*)
SI_UNIT($,.METRE.)
);
#2127=(
NAMED_UNIT(*)
PLANE_ANGLE_UNIT()
SI_UNIT($,.RADIAN.)
);
#2128=(
NAMED_UNIT(*)
SI_UNIT($,.STERADIAN.)
SOLID_ANGLE_UNIT()
);
#2129=SHAPE_DEFINITION_REPRESENTATION(#2130,#2131);
#2130=PRODUCT_DEFINITION_SHAPE('',$,#2133);
#2131=SHAPE_REPRESENTATION('',(#408),#2123);
#2132=PRODUCT_DEFINITION_CONTEXT('part definition',#2137,'design');
#2133=PRODUCT_DEFINITION('2026-08-17-19-33-11-284','Balljoint_socket',#2134,
#2132);
#2134=PRODUCT_DEFINITION_FORMATION('',$,#2139);
#2135=PRODUCT_RELATED_PRODUCT_CATEGORY('Balljoint_socket',
'Balljoint_socket',(#2139));
#2136=APPLICATION_PROTOCOL_DEFINITION('international standard',
'automotive_design',2009,#2137);
#2137=APPLICATION_CONTEXT(
'Core Data for Automotive Mechanical Design Process');
#2138=PRODUCT_CONTEXT('part definition',#2137,'mechanical');
#2139=PRODUCT('2026-08-17-19-33-11-284','Balljoint_socket','STEP AP214',
(#2138));
#2140=PRESENTATION_STYLE_ASSIGNMENT((#2142));
#2141=PRESENTATION_STYLE_ASSIGNMENT((#2143));
#2142=SURFACE_STYLE_USAGE(.BOTH.,#2144);
#2143=SURFACE_STYLE_USAGE(.BOTH.,#2145);
#2144=SURFACE_SIDE_STYLE('',(#2146));
#2145=SURFACE_SIDE_STYLE('',(#2147));
#2146=SURFACE_STYLE_FILL_AREA(#2148);
#2147=SURFACE_STYLE_FILL_AREA(#2149);
#2148=FILL_AREA_STYLE('Steel - Satin',(#2150));
#2149=FILL_AREA_STYLE('Opaque(229,235,237)',(#2151));
#2150=FILL_AREA_STYLE_COLOUR('Steel - Satin',#2152);
#2151=FILL_AREA_STYLE_COLOUR('Opaque(229,235,237)',#2153);
#2152=COLOUR_RGB('Steel - Satin',0.627450980392157,0.627450980392157,0.627450980392157);
#2153=COLOUR_RGB('Opaque(229,235,237)',0.898039215686275,0.92156862745098,
0.929411764705882);
ENDSEC;
END-ISO-10303-21;
