ISO-10303-21;
HEADER;
/* Generated by software containing ST-Developer
 * from STEP Tools, Inc. (www.steptools.com) 
 */

FILE_DESCRIPTION(
/* description */ ('STEP AP214'),
/* implementation_level */ '2;1');

FILE_NAME(
/* name */ 'Lock Nut.step',
/* time_stamp */ '2026-08-17T19:33:02+05:30',
/* author */ (''),
/* organization */ (''),
/* preprocessor_version */ 'ST-DEVELOPER v20.1',
/* originating_system */ 'Autodesk Translation Framework v15.8.0.0',
/* authorisation */ '');

FILE_SCHEMA (('AUTOMOTIVE_DESIGN { 1 0 10303 214 3 1 1 }'));
ENDSEC;

DATA;
#10=MECHANICAL_DESIGN_GEOMETRIC_PRESENTATION_REPRESENTATION('',(#13),#7447);
#11=SHAPE_REPRESENTATION_RELATIONSHIP('SRR','None',#7454,#12);
#12=ADVANCED_BREP_SHAPE_REPRESENTATION('',(#14),#7446);
#13=STYLED_ITEM('',(#7464),#14);
#14=MANIFOLD_SOLID_BREP('Body1',#1970);
#15=B_SPLINE_SURFACE_WITH_KNOTS('',3,3,((#6968,#6969,#6970,#6971,#6972,
#6973,#6974,#6975,#6976,#6977,#6978,#6979,#6980,#6981,#6982,#6983,#6984,
#6985,#6986,#6987,#6988,#6989,#6990,#6991,#6992,#6993,#6994,#6995,#6996,
#6997,#6998,#6999,#7000,#7001,#7002,#7003,#7004,#7005,#7006,#7007,#7008,
#7009,#7010,#7011,#7012,#7013,#7014,#7015,#7016,#7017,#7018,#7019,#7020,
#7021,#7022,#7023,#7024,#7025,#7026,#7027,#7028,#7029,#7030,#7031,#7032,
#7033,#7034,#7035,#7036,#7037,#7038,#7039,#7040,#7041,#7042,#7043,#7044,
#7045,#7046,#7047,#7048,#7049,#7050,#7051,#7052,#7053,#7054,#7055,#7056,
#7057,#7058,#7059,#7060,#7061,#7062,#7063,#7064,#7065,#7066,#7067,#7068,
#7069,#7070,#7071,#7072,#7073,#7074,#7075,#7076,#7077,#7078,#7079),(#7080,
#7081,#7082,#7083,#7084,#7085,#7086,#7087,#7088,#7089,#7090,#7091,#7092,
#7093,#7094,#7095,#7096,#7097,#7098,#7099,#7100,#7101,#7102,#7103,#7104,
#7105,#7106,#7107,#7108,#7109,#7110,#7111,#7112,#7113,#7114,#7115,#7116,
#7117,#7118,#7119,#7120,#7121,#7122,#7123,#7124,#7125,#7126,#7127,#7128,
#7129,#7130,#7131,#7132,#7133,#7134,#7135,#7136,#7137,#7138,#7139,#7140,
#7141,#7142,#7143,#7144,#7145,#7146,#7147,#7148,#7149,#7150,#7151,#7152,
#7153,#7154,#7155,#7156,#7157,#7158,#7159,#7160,#7161,#7162,#7163,#7164,
#7165,#7166,#7167,#7168,#7169,#7170,#7171,#7172,#7173,#7174,#7175,#7176,
#7177,#7178,#7179,#7180,#7181,#7182,#7183,#7184,#7185,#7186,#7187,#7188,
#7189,#7190,#7191),(#7192,#7193,#7194,#7195,#7196,#7197,#7198,#7199,#7200,
#7201,#7202,#7203,#7204,#7205,#7206,#7207,#7208,#7209,#7210,#7211,#7212,
#7213,#7214,#7215,#7216,#7217,#7218,#7219,#7220,#7221,#7222,#7223,#7224,
#7225,#7226,#7227,#7228,#7229,#7230,#7231,#7232,#7233,#7234,#7235,#7236,
#7237,#7238,#7239,#7240,#7241,#7242,#7243,#7244,#7245,#7246,#7247,#7248,
#7249,#7250,#7251,#7252,#7253,#7254,#7255,#7256,#7257,#7258,#7259,#7260,
#7261,#7262,#7263,#7264,#7265,#7266,#7267,#7268,#7269,#7270,#7271,#7272,
#7273,#7274,#7275,#7276,#7277,#7278,#7279,#7280,#7281,#7282,#7283,#7284,
#7285,#7286,#7287,#7288,#7289,#7290,#7291,#7292,#7293,#7294,#7295,#7296,
#7297,#7298,#7299,#7300,#7301,#7302,#7303),(#7304,#7305,#7306,#7307,#7308,
#7309,#7310,#7311,#7312,#7313,#7314,#7315,#7316,#7317,#7318,#7319,#7320,
#7321,#7322,#7323,#7324,#7325,#7326,#7327,#7328,#7329,#7330,#7331,#7332,
#7333,#7334,#7335,#7336,#7337,#7338,#7339,#7340,#7341,#7342,#7343,#7344,
#7345,#7346,#7347,#7348,#7349,#7350,#7351,#7352,#7353,#7354,#7355,#7356,
#7357,#7358,#7359,#7360,#7361,#7362,#7363,#7364,#7365,#7366,#7367,#7368,
#7369,#7370,#7371,#7372,#7373,#7374,#7375,#7376,#7377,#7378,#7379,#7380,
#7381,#7382,#7383,#7384,#7385,#7386,#7387,#7388,#7389,#7390,#7391,#7392,
#7393,#7394,#7395,#7396,#7397,#7398,#7399,#7400,#7401,#7402,#7403,#7404,
#7405,#7406,#7407,#7408,#7409,#7410,#7411,#7412,#7413,#7414,#7415)),
 .UNSPECIFIED.,.F.,.F.,.F.,(4,4),(4,2,1,2,2,2,2,2,2,2,2,2,2,2,2,2,2,2,2,
2,2,2,2,2,2,2,2,2,2,2,2,2,2,2,2,2,2,2,2,2,2,2,2,2,2,2,2,2,2,2,2,2,2,2,1,
2,4),(-0.092360752903231,0.907640128949487),(0.207161425500181,0.21,0.215,
0.22,0.23,0.24,0.25,0.26,0.27,0.28,0.29,0.3,0.31,0.32,0.33,0.34,0.35,0.36,
0.37,0.38,0.39,0.4,0.41,0.42,0.43,0.44,0.45,0.46,0.47,0.48,0.49,0.5,0.51,
0.52,0.53,0.54,0.55,0.56,0.57,0.58,0.59,0.6,0.61,0.62,0.63,0.64,0.65,0.66,
0.67,0.68,0.69,0.7,0.71,0.72,0.725,0.73,0.738409700822193),
 .UNSPECIFIED.);
#16=(
BOUNDED_SURFACE()
B_SPLINE_SURFACE(1,2,((#6510,#6511,#6512,#6513,#6514,#6515,#6516,#6517,
#6518,#6519,#6520,#6521,#6522,#6523,#6524,#6525,#6526,#6527,#6528,#6529,
#6530,#6531,#6532,#6533,#6534,#6535,#6536,#6537,#6538,#6539,#6540,#6541,
#6542,#6543,#6544,#6545,#6546,#6547,#6548,#6549,#6550,#6551,#6552,#6553,
#6554,#6555,#6556,#6557,#6558,#6559,#6560,#6561,#6562,#6563,#6564,#6565,
#6566,#6567,#6568,#6569,#6570,#6571,#6572,#6573,#6574,#6575,#6576,#6577,
#6578,#6579,#6580,#6581,#6582,#6583,#6584,#6585,#6586,#6587,#6588,#6589,
#6590,#6591,#6592,#6593,#6594,#6595,#6596,#6597,#6598,#6599,#6600,#6601,
#6602,#6603,#6604,#6605,#6606,#6607,#6608,#6609,#6610,#6611,#6612,#6613,
#6614,#6615,#6616,#6617,#6618,#6619,#6620,#6621,#6622,#6623,#6624,#6625,
#6626,#6627,#6628,#6629,#6630,#6631,#6632,#6633,#6634,#6635,#6636,#6637,
#6638,#6639,#6640,#6641,#6642,#6643,#6644,#6645,#6646,#6647,#6648,#6649,
#6650,#6651,#6652,#6653,#6654,#6655,#6656,#6657,#6658,#6659,#6660,#6661,
#6662,#6663,#6664,#6665,#6666,#6667,#6668,#6669,#6670,#6671,#6672,#6673,
#6674,#6675,#6676,#6677,#6678,#6679,#6680,#6681,#6682,#6683,#6684,#6685,
#6686,#6687,#6688,#6689,#6690,#6691,#6692,#6693,#6694,#6695,#6696,#6697,
#6698,#6699,#6700,#6701,#6702,#6703,#6704,#6705,#6706,#6707,#6708,#6709,
#6710),(#6711,#6712,#6713,#6714,#6715,#6716,#6717,#6718,#6719,#6720,#6721,
#6722,#6723,#6724,#6725,#6726,#6727,#6728,#6729,#6730,#6731,#6732,#6733,
#6734,#6735,#6736,#6737,#6738,#6739,#6740,#6741,#6742,#6743,#6744,#6745,
#6746,#6747,#6748,#6749,#6750,#6751,#6752,#6753,#6754,#6755,#6756,#6757,
#6758,#6759,#6760,#6761,#6762,#6763,#6764,#6765,#6766,#6767,#6768,#6769,
#6770,#6771,#6772,#6773,#6774,#6775,#6776,#6777,#6778,#6779,#6780,#6781,
#6782,#6783,#6784,#6785,#6786,#6787,#6788,#6789,#6790,#6791,#6792,#6793,
#6794,#6795,#6796,#6797,#6798,#6799,#6800,#6801,#6802,#6803,#6804,#6805,
#6806,#6807,#6808,#6809,#6810,#6811,#6812,#6813,#6814,#6815,#6816,#6817,
#6818,#6819,#6820,#6821,#6822,#6823,#6824,#6825,#6826,#6827,#6828,#6829,
#6830,#6831,#6832,#6833,#6834,#6835,#6836,#6837,#6838,#6839,#6840,#6841,
#6842,#6843,#6844,#6845,#6846,#6847,#6848,#6849,#6850,#6851,#6852,#6853,
#6854,#6855,#6856,#6857,#6858,#6859,#6860,#6861,#6862,#6863,#6864,#6865,
#6866,#6867,#6868,#6869,#6870,#6871,#6872,#6873,#6874,#6875,#6876,#6877,
#6878,#6879,#6880,#6881,#6882,#6883,#6884,#6885,#6886,#6887,#6888,#6889,
#6890,#6891,#6892,#6893,#6894,#6895,#6896,#6897,#6898,#6899,#6900,#6901,
#6902,#6903,#6904,#6905,#6906,#6907,#6908,#6909,#6910,#6911)),
 .UNSPECIFIED.,.F.,.F.,.F.)
B_SPLINE_SURFACE_WITH_KNOTS((2,2),(3,2,2,2,2,2,2,2,2,2,2,2,2,2,2,2,2,2,
2,2,2,2,2,2,2,2,2,2,2,2,2,2,2,2,2,2,2,2,2,2,2,2,2,2,2,2,2,2,2,2,2,2,2,2,
2,2,2,2,2,2,2,2,2,2,2,2,2,2,2,2,2,2,2,2,2,2,2,2,2,2,2,2,2,2,2,2,2,2,2,2,
2,2,2,2,2,2,2,2,2,2,3),(0.,1.),(0.,0.01,0.02,0.03,0.04,0.05,0.06,0.07,0.08,
0.09,0.1,0.11,0.12,0.13,0.14,0.15,0.16,0.17,0.18,0.19,0.2,0.21,0.22,0.23,
0.24,0.25,0.26,0.27,0.28,0.29,0.3,0.31,0.32,0.33,0.34,0.35,0.36,0.37,0.38,
0.39,0.4,0.41,0.42,0.43,0.44,0.45,0.46,0.47,0.48,0.49,0.5,0.51,0.52,0.53,
0.54,0.55,0.56,0.57,0.58,0.59,0.6,0.61,0.62,0.63,0.64,0.65,0.66,0.67,0.68,
0.69,0.7,0.71,0.72,0.73,0.74,0.75,0.76,0.77,0.78,0.79,0.8,0.81,0.82,0.83,
0.84,0.85,0.86,0.87,0.88,0.89,0.9,0.91,0.92,0.93,0.94,0.95,0.96,0.97,0.98,
0.99,1.),.UNSPECIFIED.)
GEOMETRIC_REPRESENTATION_ITEM()
RATIONAL_B_SPLINE_SURFACE(((1.,0.951056516295154,1.,0.951056516295154,1.,
0.951056516295154,1.,0.951056516295154,1.,0.951056516295154,1.,0.951056516295154,
1.,0.951056516295154,1.,0.951056516295154,1.,0.951056516295154,1.,0.951056516295154,
1.,0.951056516295154,1.,0.951056516295154,1.,0.951056516295154,1.,0.951056516295154,
1.,0.951056516295154,1.,0.951056516295154,1.,0.951056516295154,1.,0.951056516295154,
1.,0.951056516295154,1.,0.951056516295154,1.,0.951056516295154,1.,0.951056516295154,
1.,0.951056516295154,1.,0.951056516295154,1.,0.951056516295154,1.,0.951056516295154,
1.,0.951056516295154,1.,0.951056516295154,1.,0.951056516295154,1.,0.951056516295154,
1.,0.951056516295154,1.,0.951056516295154,1.,0.951056516295154,1.,0.951056516295154,
1.,0.951056516295154,1.,0.951056516295154,1.,0.951056516295154,1.,0.951056516295154,
1.,0.951056516295154,1.,0.951056516295154,1.,0.951056516295154,1.,0.951056516295154,
1.,0.951056516295154,1.,0.951056516295154,1.,0.951056516295154,1.,0.951056516295154,
1.,0.951056516295154,1.,0.951056516295154,1.,0.951056516295154,1.,0.951056516295154,
1.,0.951056516295154,1.,0.951056516295154,1.,0.951056516295154,1.,0.951056516295154,
1.,0.951056516295154,1.,0.951056516295154,1.,0.951056516295154,1.,0.951056516295154,
1.,0.951056516295154,1.,0.951056516295154,1.,0.951056516295154,1.,0.951056516295154,
1.,0.951056516295154,1.,0.951056516295154,1.,0.951056516295154,1.,0.951056516295154,
1.,0.951056516295154,1.,0.951056516295154,1.,0.951056516295154,1.,0.951056516295154,
1.,0.951056516295154,1.,0.951056516295154,1.,0.951056516295154,1.,0.951056516295154,
1.,0.951056516295154,1.,0.951056516295154,1.,0.951056516295154,1.,0.951056516295154,
1.,0.951056516295154,1.,0.951056516295154,1.,0.951056516295154,1.,0.951056516295154,
1.,0.951056516295154,1.,0.951056516295154,1.,0.951056516295154,1.,0.951056516295154,
1.,0.951056516295154,1.,0.951056516295154,1.,0.951056516295154,1.,0.951056516295154,
1.,0.951056516295154,1.,0.951056516295154,1.,0.951056516295154,1.,0.951056516295154,
1.,0.951056516295154,1.,0.951056516295154,1.,0.951056516295154,1.,0.951056516295154,
1.,0.951056516295154,1.,0.951056516295154,1.),(1.,0.951056516295154,1.,
0.951056516295154,1.,0.951056516295154,1.,0.951056516295154,1.,0.951056516295154,
1.,0.951056516295154,1.,0.951056516295154,1.,0.951056516295154,1.,0.951056516295154,
1.,0.951056516295154,1.,0.951056516295154,1.,0.951056516295154,1.,0.951056516295154,
1.,0.951056516295154,1.,0.951056516295154,1.,0.951056516295154,1.,0.951056516295154,
1.,0.951056516295154,1.,0.951056516295154,1.,0.951056516295154,1.,0.951056516295154,
1.,0.951056516295154,1.,0.951056516295154,1.,0.951056516295154,1.,0.951056516295154,
1.,0.951056516295154,1.,0.951056516295154,1.,0.951056516295154,1.,0.951056516295154,
1.,0.951056516295154,1.,0.951056516295154,1.,0.951056516295154,1.,0.951056516295154,
1.,0.951056516295154,1.,0.951056516295154,1.,0.951056516295154,1.,0.951056516295154,
1.,0.951056516295154,1.,0.951056516295154,1.,0.951056516295154,1.,0.951056516295154,
1.,0.951056516295154,1.,0.951056516295154,1.,0.951056516295154,1.,0.951056516295154,
1.,0.951056516295154,1.,0.951056516295154,1.,0.951056516295154,1.,0.951056516295154,
1.,0.951056516295154,1.,0.951056516295154,1.,0.951056516295154,1.,0.951056516295154,
1.,0.951056516295154,1.,0.951056516295154,1.,0.951056516295154,1.,0.951056516295154,
1.,0.951056516295154,1.,0.951056516295154,1.,0.951056516295154,1.,0.951056516295154,
1.,0.951056516295154,1.,0.951056516295154,1.,0.951056516295154,1.,0.951056516295154,
1.,0.951056516295154,1.,0.951056516295154,1.,0.951056516295154,1.,0.951056516295154,
1.,0.951056516295154,1.,0.951056516295154,1.,0.951056516295154,1.,0.951056516295154,
1.,0.951056516295154,1.,0.951056516295154,1.,0.951056516295154,1.,0.951056516295154,
1.,0.951056516295154,1.,0.951056516295154,1.,0.951056516295154,1.,0.951056516295154,
1.,0.951056516295154,1.,0.951056516295154,1.,0.951056516295154,1.,0.951056516295154,
1.,0.951056516295154,1.,0.951056516295154,1.,0.951056516295154,1.,0.951056516295154,
1.,0.951056516295154,1.,0.951056516295154,1.,0.951056516295154,1.,0.951056516295154,
1.,0.951056516295154,1.,0.951056516295154,1.,0.951056516295154,1.,0.951056516295154,
1.,0.951056516295154,1.,0.951056516295154,1.,0.951056516295154,1.)))
REPRESENTATION_ITEM('')
SURFACE()
);
#17=PLANE('',#2155);
#18=PLANE('',#2156);
#19=PLANE('',#2157);
#20=FACE_BOUND('',#162,.T.);
#21=FACE_BOUND('',#209,.T.);
#22=FACE_BOUND('',#211,.T.);
#23=FACE_BOUND('',#213,.T.);
#24=SPHERICAL_SURFACE('',#2019,10.);
#25=CONICAL_SURFACE('',#2016,10.2578758565326,0.623766196759855);
#26=TOROIDAL_SURFACE('',#1998,8.94427190999916,0.5);
#27=TOROIDAL_SURFACE('',#2021,18.,2.);
#28=TOROIDAL_SURFACE('',#2067,18.,2.);
#29=FACE_OUTER_BOUND('',#135,.T.);
#30=FACE_OUTER_BOUND('',#136,.T.);
#31=FACE_OUTER_BOUND('',#137,.T.);
#32=FACE_OUTER_BOUND('',#138,.T.);
#33=FACE_OUTER_BOUND('',#139,.T.);
#34=FACE_OUTER_BOUND('',#140,.T.);
#35=FACE_OUTER_BOUND('',#141,.T.);
#36=FACE_OUTER_BOUND('',#142,.T.);
#37=FACE_OUTER_BOUND('',#143,.T.);
#38=FACE_OUTER_BOUND('',#144,.T.);
#39=FACE_OUTER_BOUND('',#145,.T.);
#40=FACE_OUTER_BOUND('',#146,.T.);
#41=FACE_OUTER_BOUND('',#147,.T.);
#42=FACE_OUTER_BOUND('',#148,.T.);
#43=FACE_OUTER_BOUND('',#149,.T.);
#44=FACE_OUTER_BOUND('',#150,.T.);
#45=FACE_OUTER_BOUND('',#151,.T.);
#46=FACE_OUTER_BOUND('',#152,.T.);
#47=FACE_OUTER_BOUND('',#153,.T.);
#48=FACE_OUTER_BOUND('',#154,.T.);
#49=FACE_OUTER_BOUND('',#155,.T.);
#50=FACE_OUTER_BOUND('',#156,.T.);
#51=FACE_OUTER_BOUND('',#157,.T.);
#52=FACE_OUTER_BOUND('',#158,.T.);
#53=FACE_OUTER_BOUND('',#159,.T.);
#54=FACE_OUTER_BOUND('',#160,.T.);
#55=FACE_OUTER_BOUND('',#161,.T.);
#56=FACE_OUTER_BOUND('',#163,.T.);
#57=FACE_OUTER_BOUND('',#164,.T.);
#58=FACE_OUTER_BOUND('',#165,.T.);
#59=FACE_OUTER_BOUND('',#166,.T.);
#60=FACE_OUTER_BOUND('',#167,.T.);
#61=FACE_OUTER_BOUND('',#168,.T.);
#62=FACE_OUTER_BOUND('',#169,.T.);
#63=FACE_OUTER_BOUND('',#170,.T.);
#64=FACE_OUTER_BOUND('',#171,.T.);
#65=FACE_OUTER_BOUND('',#172,.T.);
#66=FACE_OUTER_BOUND('',#173,.T.);
#67=FACE_OUTER_BOUND('',#174,.T.);
#68=FACE_OUTER_BOUND('',#175,.T.);
#69=FACE_OUTER_BOUND('',#176,.T.);
#70=FACE_OUTER_BOUND('',#177,.T.);
#71=FACE_OUTER_BOUND('',#178,.T.);
#72=FACE_OUTER_BOUND('',#179,.T.);
#73=FACE_OUTER_BOUND('',#180,.T.);
#74=FACE_OUTER_BOUND('',#181,.T.);
#75=FACE_OUTER_BOUND('',#182,.T.);
#76=FACE_OUTER_BOUND('',#183,.T.);
#77=FACE_OUTER_BOUND('',#184,.T.);
#78=FACE_OUTER_BOUND('',#185,.T.);
#79=FACE_OUTER_BOUND('',#186,.T.);
#80=FACE_OUTER_BOUND('',#187,.T.);
#81=FACE_OUTER_BOUND('',#188,.T.);
#82=FACE_OUTER_BOUND('',#189,.T.);
#83=FACE_OUTER_BOUND('',#190,.T.);
#84=FACE_OUTER_BOUND('',#191,.T.);
#85=FACE_OUTER_BOUND('',#192,.T.);
#86=FACE_OUTER_BOUND('',#193,.T.);
#87=FACE_OUTER_BOUND('',#194,.T.);
#88=FACE_OUTER_BOUND('',#195,.T.);
#89=FACE_OUTER_BOUND('',#196,.T.);
#90=FACE_OUTER_BOUND('',#197,.T.);
#91=FACE_OUTER_BOUND('',#198,.T.);
#92=FACE_OUTER_BOUND('',#199,.T.);
#93=FACE_OUTER_BOUND('',#200,.T.);
#94=FACE_OUTER_BOUND('',#201,.T.);
#95=FACE_OUTER_BOUND('',#202,.T.);
#96=FACE_OUTER_BOUND('',#203,.T.);
#97=FACE_OUTER_BOUND('',#204,.T.);
#98=FACE_OUTER_BOUND('',#205,.T.);
#99=FACE_OUTER_BOUND('',#206,.T.);
#100=FACE_OUTER_BOUND('',#207,.T.);
#101=FACE_OUTER_BOUND('',#208,.T.);
#102=FACE_OUTER_BOUND('',#210,.T.);
#103=FACE_OUTER_BOUND('',#212,.T.);
#104=FACE_OUTER_BOUND('',#214,.T.);
#105=FACE_OUTER_BOUND('',#215,.T.);
#106=FACE_OUTER_BOUND('',#216,.T.);
#107=FACE_OUTER_BOUND('',#217,.T.);
#108=FACE_OUTER_BOUND('',#218,.T.);
#109=FACE_OUTER_BOUND('',#219,.T.);
#110=FACE_OUTER_BOUND('',#220,.T.);
#111=FACE_OUTER_BOUND('',#221,.T.);
#112=FACE_OUTER_BOUND('',#222,.T.);
#113=FACE_OUTER_BOUND('',#223,.T.);
#114=FACE_OUTER_BOUND('',#224,.T.);
#115=FACE_OUTER_BOUND('',#225,.T.);
#116=FACE_OUTER_BOUND('',#226,.T.);
#117=FACE_OUTER_BOUND('',#227,.T.);
#118=FACE_OUTER_BOUND('',#228,.T.);
#119=FACE_OUTER_BOUND('',#229,.T.);
#120=FACE_OUTER_BOUND('',#230,.T.);
#121=FACE_OUTER_BOUND('',#231,.T.);
#122=FACE_OUTER_BOUND('',#232,.T.);
#123=FACE_OUTER_BOUND('',#233,.T.);
#124=FACE_OUTER_BOUND('',#234,.T.);
#125=FACE_OUTER_BOUND('',#235,.T.);
#126=FACE_OUTER_BOUND('',#236,.T.);
#127=FACE_OUTER_BOUND('',#237,.T.);
#128=FACE_OUTER_BOUND('',#238,.T.);
#129=FACE_OUTER_BOUND('',#239,.T.);
#130=FACE_OUTER_BOUND('',#240,.T.);
#131=FACE_OUTER_BOUND('',#241,.T.);
#132=FACE_OUTER_BOUND('',#242,.T.);
#133=FACE_OUTER_BOUND('',#243,.T.);
#134=FACE_OUTER_BOUND('',#244,.T.);
#135=EDGE_LOOP('',(#1156,#1157,#1158,#1159));
#136=EDGE_LOOP('',(#1160,#1161,#1162,#1163));
#137=EDGE_LOOP('',(#1164,#1165,#1166,#1167));
#138=EDGE_LOOP('',(#1168,#1169,#1170,#1171));
#139=EDGE_LOOP('',(#1172,#1173,#1174,#1175));
#140=EDGE_LOOP('',(#1176,#1177,#1178,#1179));
#141=EDGE_LOOP('',(#1180,#1181,#1182,#1183));
#142=EDGE_LOOP('',(#1184,#1185,#1186,#1187));
#143=EDGE_LOOP('',(#1188,#1189,#1190,#1191));
#144=EDGE_LOOP('',(#1192,#1193,#1194,#1195));
#145=EDGE_LOOP('',(#1196,#1197,#1198,#1199));
#146=EDGE_LOOP('',(#1200,#1201,#1202,#1203));
#147=EDGE_LOOP('',(#1204,#1205,#1206,#1207));
#148=EDGE_LOOP('',(#1208,#1209,#1210,#1211));
#149=EDGE_LOOP('',(#1212,#1213,#1214,#1215));
#150=EDGE_LOOP('',(#1216,#1217,#1218,#1219));
#151=EDGE_LOOP('',(#1220,#1221,#1222,#1223));
#152=EDGE_LOOP('',(#1224,#1225,#1226,#1227));
#153=EDGE_LOOP('',(#1228,#1229,#1230,#1231));
#154=EDGE_LOOP('',(#1232,#1233,#1234,#1235));
#155=EDGE_LOOP('',(#1236,#1237,#1238,#1239));
#156=EDGE_LOOP('',(#1240,#1241,#1242,#1243));
#157=EDGE_LOOP('',(#1244,#1245,#1246,#1247));
#158=EDGE_LOOP('',(#1248,#1249,#1250,#1251));
#159=EDGE_LOOP('',(#1252,#1253,#1254,#1255));
#160=EDGE_LOOP('',(#1256,#1257,#1258,#1259));
#161=EDGE_LOOP('',(#1260));
#162=EDGE_LOOP('',(#1261));
#163=EDGE_LOOP('',(#1262,#1263,#1264,#1265));
#164=EDGE_LOOP('',(#1266,#1267,#1268,#1269,#1270,#1271,#1272,#1273,#1274,
#1275,#1276,#1277,#1278,#1279,#1280,#1281,#1282,#1283,#1284,#1285,#1286,
#1287,#1288,#1289,#1290,#1291,#1292,#1293,#1294,#1295,#1296,#1297,#1298,
#1299,#1300,#1301,#1302,#1303,#1304,#1305,#1306,#1307,#1308,#1309,#1310,
#1311,#1312,#1313,#1314,#1315,#1316,#1317,#1318,#1319,#1320,#1321,#1322,
#1323,#1324,#1325,#1326,#1327,#1328,#1329,#1330,#1331,#1332,#1333,#1334,
#1335,#1336,#1337,#1338,#1339,#1340,#1341,#1342,#1343,#1344,#1345,#1346,
#1347,#1348,#1349,#1350,#1351,#1352,#1353));
#165=EDGE_LOOP('',(#1354,#1355,#1356,#1357,#1358,#1359,#1360,#1361,#1362,
#1363,#1364,#1365,#1366,#1367,#1368,#1369,#1370,#1371,#1372,#1373,#1374,
#1375,#1376,#1377,#1378,#1379,#1380,#1381,#1382,#1383,#1384,#1385,#1386,
#1387,#1388,#1389,#1390,#1391,#1392,#1393,#1394,#1395,#1396,#1397,#1398,
#1399,#1400,#1401,#1402,#1403,#1404,#1405,#1406,#1407,#1408,#1409,#1410,
#1411,#1412,#1413,#1414,#1415,#1416,#1417,#1418,#1419,#1420,#1421,#1422,
#1423,#1424,#1425,#1426,#1427,#1428,#1429,#1430,#1431,#1432,#1433,#1434,
#1435,#1436,#1437,#1438,#1439,#1440,#1441));
#166=EDGE_LOOP('',(#1442,#1443,#1444,#1445,#1446));
#167=EDGE_LOOP('',(#1447,#1448,#1449,#1450));
#168=EDGE_LOOP('',(#1451,#1452,#1453,#1454));
#169=EDGE_LOOP('',(#1455,#1456,#1457,#1458,#1459));
#170=EDGE_LOOP('',(#1460,#1461,#1462,#1463));
#171=EDGE_LOOP('',(#1464,#1465,#1466,#1467));
#172=EDGE_LOOP('',(#1468,#1469,#1470,#1471));
#173=EDGE_LOOP('',(#1472,#1473,#1474,#1475));
#174=EDGE_LOOP('',(#1476,#1477,#1478,#1479));
#175=EDGE_LOOP('',(#1480,#1481,#1482,#1483));
#176=EDGE_LOOP('',(#1484,#1485,#1486,#1487));
#177=EDGE_LOOP('',(#1488,#1489,#1490,#1491));
#178=EDGE_LOOP('',(#1492,#1493,#1494,#1495));
#179=EDGE_LOOP('',(#1496,#1497,#1498,#1499));
#180=EDGE_LOOP('',(#1500,#1501,#1502,#1503));
#181=EDGE_LOOP('',(#1504,#1505,#1506,#1507));
#182=EDGE_LOOP('',(#1508,#1509,#1510,#1511));
#183=EDGE_LOOP('',(#1512,#1513,#1514,#1515));
#184=EDGE_LOOP('',(#1516,#1517,#1518,#1519));
#185=EDGE_LOOP('',(#1520,#1521,#1522,#1523));
#186=EDGE_LOOP('',(#1524,#1525,#1526,#1527));
#187=EDGE_LOOP('',(#1528,#1529,#1530,#1531));
#188=EDGE_LOOP('',(#1532,#1533,#1534,#1535));
#189=EDGE_LOOP('',(#1536,#1537,#1538,#1539));
#190=EDGE_LOOP('',(#1540,#1541,#1542,#1543));
#191=EDGE_LOOP('',(#1544,#1545,#1546,#1547));
#192=EDGE_LOOP('',(#1548,#1549,#1550,#1551));
#193=EDGE_LOOP('',(#1552,#1553,#1554,#1555));
#194=EDGE_LOOP('',(#1556,#1557,#1558,#1559));
#195=EDGE_LOOP('',(#1560,#1561,#1562,#1563));
#196=EDGE_LOOP('',(#1564,#1565,#1566,#1567));
#197=EDGE_LOOP('',(#1568,#1569,#1570,#1571));
#198=EDGE_LOOP('',(#1572,#1573,#1574,#1575));
#199=EDGE_LOOP('',(#1576,#1577,#1578,#1579));
#200=EDGE_LOOP('',(#1580,#1581,#1582,#1583));
#201=EDGE_LOOP('',(#1584,#1585,#1586,#1587));
#202=EDGE_LOOP('',(#1588,#1589,#1590,#1591));
#203=EDGE_LOOP('',(#1592,#1593,#1594,#1595));
#204=EDGE_LOOP('',(#1596,#1597,#1598,#1599));
#205=EDGE_LOOP('',(#1600,#1601,#1602,#1603));
#206=EDGE_LOOP('',(#1604,#1605,#1606,#1607));
#207=EDGE_LOOP('',(#1608,#1609,#1610,#1611));
#208=EDGE_LOOP('',(#1612,#1613,#1614,#1615));
#209=EDGE_LOOP('',(#1616));
#210=EDGE_LOOP('',(#1617));
#211=EDGE_LOOP('',(#1618,#1619,#1620,#1621));
#212=EDGE_LOOP('',(#1622));
#213=EDGE_LOOP('',(#1623));
#214=EDGE_LOOP('',(#1624,#1625,#1626,#1627,#1628,#1629,#1630,#1631,#1632,
#1633,#1634,#1635,#1636,#1637));
#215=EDGE_LOOP('',(#1638,#1639,#1640,#1641));
#216=EDGE_LOOP('',(#1642,#1643,#1644,#1645,#1646,#1647,#1648,#1649,#1650,
#1651,#1652,#1653,#1654,#1655));
#217=EDGE_LOOP('',(#1656,#1657,#1658,#1659));
#218=EDGE_LOOP('',(#1660,#1661,#1662,#1663));
#219=EDGE_LOOP('',(#1664,#1665,#1666,#1667));
#220=EDGE_LOOP('',(#1668,#1669,#1670,#1671));
#221=EDGE_LOOP('',(#1672,#1673,#1674,#1675));
#222=EDGE_LOOP('',(#1676,#1677,#1678,#1679));
#223=EDGE_LOOP('',(#1680,#1681,#1682,#1683));
#224=EDGE_LOOP('',(#1684,#1685,#1686,#1687));
#225=EDGE_LOOP('',(#1688,#1689,#1690,#1691));
#226=EDGE_LOOP('',(#1692,#1693,#1694,#1695));
#227=EDGE_LOOP('',(#1696,#1697,#1698,#1699));
#228=EDGE_LOOP('',(#1700,#1701,#1702,#1703));
#229=EDGE_LOOP('',(#1704,#1705,#1706,#1707));
#230=EDGE_LOOP('',(#1708,#1709,#1710,#1711));
#231=EDGE_LOOP('',(#1712,#1713,#1714,#1715));
#232=EDGE_LOOP('',(#1716,#1717,#1718,#1719));
#233=EDGE_LOOP('',(#1720,#1721,#1722,#1723));
#234=EDGE_LOOP('',(#1724,#1725,#1726,#1727));
#235=EDGE_LOOP('',(#1728,#1729,#1730,#1731));
#236=EDGE_LOOP('',(#1732,#1733,#1734,#1735));
#237=EDGE_LOOP('',(#1736,#1737,#1738,#1739));
#238=EDGE_LOOP('',(#1740,#1741,#1742,#1743));
#239=EDGE_LOOP('',(#1744,#1745,#1746,#1747));
#240=EDGE_LOOP('',(#1748,#1749,#1750,#1751));
#241=EDGE_LOOP('',(#1752,#1753,#1754,#1755));
#242=EDGE_LOOP('',(#1756,#1757,#1758,#1759));
#243=EDGE_LOOP('',(#1760,#1761,#1762,#1763));
#244=EDGE_LOOP('',(#1764,#1765,#1766,#1767));
#245=B_SPLINE_CURVE_WITH_KNOTS('',3,(#2709,#2710,#2711,#2712,#2713,#2714,
#2715,#2716,#2717,#2718,#2719,#2720,#2721,#2722,#2723,#2724,#2725,#2726,
#2727),.UNSPECIFIED.,.F.,.F.,(4,3,3,3,3,3,4),(40.3979464510329,41.2751694415864,
42.1527860153233,43.0304025890602,43.9080191627971,44.785635736534,45.4141343075883),
 .UNSPECIFIED.);
#246=B_SPLINE_CURVE_WITH_KNOTS('',3,(#2753,#2754,#2755,#2756,#2757,#2758,
#2759,#2760,#2761,#2762,#2763,#2764,#2765,#2766,#2767,#2768,#2769,#2770,
#2771,#2772,#2773,#2774,#2775,#2776,#2777,#2778,#2779,#2780,#2781,#2782,
#2783,#2784,#2785,#2786),.UNSPECIFIED.,.F.,.F.,(4,3,3,3,3,3,3,3,3,3,3,4),
(31.6239993230841,32.5010005521932,33.3783952649881,34.2557899777829,35.1331846905778,
36.0105794033727,36.8879741161676,37.7653688289625,38.6427635417574,39.5201582545523,
40.3975529673472,40.3979464510329),.UNSPECIFIED.);
#247=B_SPLINE_CURVE_WITH_KNOTS('',3,(#2812,#2813,#2814,#2815,#2816,#2817,
#2818,#2819,#2820,#2821,#2822,#2823,#2824,#2825,#2826,#2827,#2828,#2829,
#2830,#2831,#2832,#2833,#2834,#2835,#2836,#2837,#2838,#2839,#2840,#2841,
#2842,#2843,#2844,#2845),.UNSPECIFIED.,.F.,.F.,(4,3,3,3,3,3,3,3,3,3,3,4),
(22.8503383790614,23.7273110008911,24.6046770954846,25.4820431900781,26.3594092846716,
27.2367753792651,28.1141414738586,28.9915075684521,29.8688736630456,30.7462397576391,
31.6236058522326,31.6239993230841),.UNSPECIFIED.);
#248=B_SPLINE_CURVE_WITH_KNOTS('',3,(#2871,#2872,#2873,#2874,#2875,#2876,
#2877,#2878,#2879,#2880,#2881,#2882,#2883,#2884,#2885,#2886,#2887,#2888,
#2889,#2890,#2891,#2892,#2893,#2894,#2895,#2896,#2897,#2898,#2899,#2900,
#2901,#2902,#2903,#2904),.UNSPECIFIED.,.F.,.F.,(4,3,3,3,3,3,3,3,3,3,3,4),
(14.0761209238802,14.9531491733981,15.8305709187249,16.7079926640518,17.5854144093787,
18.4628361547055,19.3402579000324,20.2176796453593,21.0951013906862,21.972523136013,
22.8499448813399,22.8503383790614),.UNSPECIFIED.);
#249=B_SPLINE_CURVE_WITH_KNOTS('',3,(#2910,#2911,#2912,#2913,#2914,#2915,
#2916,#2917,#2918,#2919,#2920,#2921,#2922,#2923,#2924,#2925,#2926,#2927,
#2928,#2929,#2930,#2931),.UNSPECIFIED.,.F.,.F.,(4,3,3,3,3,3,3,4),(1.54381037050162,
1.79278807325702,2.23134922916734,2.66991038507767,3.54703269689832,4.42415500871897,
5.30127732053962,5.3016706820622),.UNSPECIFIED.);
#250=B_SPLINE_CURVE_WITH_KNOTS('',3,(#2952,#2953,#2954,#2955,#2956,#2957,
#2958),.UNSPECIFIED.,.F.,.F.,(4,3,4),(50.6309651640828,51.1039879517739,
51.900214233666),.UNSPECIFIED.);
#251=B_SPLINE_CURVE_WITH_KNOTS('',3,(#2961,#2962,#2963,#2964,#2965,#2966,
#2967,#2968,#2969,#2970,#2971,#2972,#2973,#2974,#2975,#2976),
 .UNSPECIFIED.,.F.,.F.,(4,2,2,2,2,2,2,4),(0.,0.384823153526081,0.774451369495744,
1.35954068679801,1.94948986720856,2.52912575225899,3.12226453367729,3.54803049141021),
 .UNSPECIFIED.);
#252=B_SPLINE_CURVE_WITH_KNOTS('',3,(#2981,#2982,#2983,#2984,#2985,#2986,
#2987,#2988,#2989,#2990,#2991,#2992,#2993,#2994,#2995,#2996,#2997,#2998,
#2999,#3000,#3001,#3002,#3003,#3004,#3005,#3006,#3007,#3008,#3009,#3010,
#3011,#3012,#3013,#3014),.UNSPECIFIED.,.F.,.F.,(4,3,3,3,3,3,3,3,3,3,3,4),
(41.1748179767997,41.6472510833108,42.5928658020402,43.5384805207697,44.4840952394991,
45.4297099582285,46.375324676958,47.3209393956874,48.2665541144168,49.2121688331463,
50.1577835518757,50.6309651640828),.UNSPECIFIED.);
#253=B_SPLINE_CURVE_WITH_KNOTS('',3,(#3015,#3016,#3017,#3018,#3019,#3020,
#3021,#3022,#3023,#3024,#3025,#3026,#3027,#3028,#3029,#3030,#3031,#3032,
#3033,#3034,#3035,#3036,#3037,#3038,#3039,#3040,#3041,#3042,#3043,#3044,
#3045,#3046,#3047,#3048,#3049,#3050),.UNSPECIFIED.,.F.,.F.,(4,2,2,2,2,2,
2,2,2,2,2,2,2,2,2,2,2,4),(3.54803049141021,3.70715239349475,4.28871868902251,
4.88240789319842,5.46298666152873,6.05008072508334,6.6385320906494,7.21836371898652,
7.8144488491607,8.39794749979253,8.98072694926678,9.57295802061099,10.1529615341184,
10.7423020315053,11.3293499365776,11.9096964145801,12.5056794252564,13.0052866578105),
 .UNSPECIFIED.);
#254=B_SPLINE_CURVE_WITH_KNOTS('',3,(#3055,#3056,#3057,#3058,#3059,#3060,
#3061,#3062,#3063,#3064,#3065,#3066,#3067,#3068,#3069,#3070,#3071,#3072,
#3073,#3074,#3075,#3076,#3077,#3078,#3079,#3080,#3081,#3082,#3083,#3084,
#3085,#3086,#3087,#3088),.UNSPECIFIED.,.F.,.F.,(4,3,3,3,3,3,3,3,3,3,3,4),
(31.7186974118547,32.1911291882937,33.1367412447891,34.0823533012845,35.0279653577798,
35.9735774142752,36.9191894707706,37.8648015272659,38.8104135837613,39.7560256402567,
40.701637696752,41.1748179767997),.UNSPECIFIED.);
#255=B_SPLINE_CURVE_WITH_KNOTS('',3,(#3089,#3090,#3091,#3092,#3093,#3094,
#3095,#3096,#3097,#3098,#3099,#3100,#3101,#3102,#3103,#3104,#3105,#3106,
#3107,#3108,#3109,#3110,#3111,#3112,#3113,#3114,#3115,#3116,#3117,#3118,
#3119,#3120,#3121,#3122,#3123,#3124),.UNSPECIFIED.,.F.,.F.,(4,2,2,2,2,2,
2,2,2,2,2,2,2,2,2,2,2,4),(13.0052866578105,13.0877931711504,13.67206005685,
14.2627604832008,14.8424459191774,15.434288029865,16.0198821977264,16.6009897052824,
17.1954248257284,17.7764276820731,18.3625479640572,18.9517256108343,19.5314405775781,
20.1261138394485,20.7102844850532,21.2924720901368,21.8854060112635,22.4623861411493),
 .UNSPECIFIED.);
#256=B_SPLINE_CURVE_WITH_KNOTS('',3,(#3129,#3130,#3131,#3132,#3133,#3134,
#3135,#3136,#3137,#3138,#3139,#3140,#3141,#3142,#3143,#3144,#3145,#3146,
#3147,#3148,#3149,#3150,#3151,#3152,#3153,#3154,#3155,#3156,#3157,#3158,
#3159,#3160,#3161,#3162),.UNSPECIFIED.,.F.,.F.,(4,3,3,3,3,3,3,3,3,3,3,4),
(22.2627448747565,22.7351682518403,23.6807635060356,24.6263587602309,25.5719540144263,
26.5175492686216,27.463144522817,28.4087397770123,29.3543350312077,30.299930285403,
31.2455255395983,31.7186974118547),.UNSPECIFIED.);
#257=B_SPLINE_CURVE_WITH_KNOTS('',3,(#3163,#3164,#3165,#3166,#3167,#3168,
#3169,#3170,#3171,#3172,#3173,#3174,#3175,#3176,#3177,#3178,#3179,#3180,
#3181,#3182,#3183,#3184,#3185,#3186,#3187,#3188,#3189,#3190,#3191,#3192,
#3193,#3194,#3195,#3196,#3197,#3198,#3199,#3200),.UNSPECIFIED.,.F.,.F.,
(4,2,2,2,2,2,2,2,2,2,2,2,2,2,2,2,2,2,4),(22.4623861411493,22.4656580838315,
23.0539237747992,23.64164609983,24.2241467553067,24.8079530531635,25.4033834444386,
25.983152605023,26.5719371177897,27.1585755200935,27.7393400280209,28.3333720118781,
28.9147188104763,29.4999316780815,30.0924649825134,30.6721144200477,31.2624099436704,
31.8471109029828,31.9193860779969),.UNSPECIFIED.);
#258=B_SPLINE_CURVE_WITH_KNOTS('',3,(#3206,#3207,#3208,#3209,#3210,#3211,
#3212,#3213,#3214,#3215,#3216,#3217,#3218,#3219,#3220,#3221,#3222,#3223,
#3224,#3225,#3226,#3227,#3228,#3229),.UNSPECIFIED.,.F.,.F.,(4,2,2,2,2,2,
2,2,2,2,2,4),(41.3763041796367,41.8119037759824,42.4057795880489,42.9854041151554,
43.5749156151793,44.1604819438237,44.7416854592345,45.3364624362162,45.9172945997756,
46.5032088002003,46.8904463838998,47.2824285632339),.UNSPECIFIED.);
#259=B_SPLINE_CURVE_WITH_KNOTS('',3,(#3232,#3233,#3234,#3235,#3236,#3237,
#3238,#3239,#3240,#3241,#3242,#3243,#3244,#3245,#3246,#3247,#3248,#3249,
#3250,#3251,#3252,#3253,#3254,#3255,#3256,#3257,#3258,#3259,#3260,#3261,
#3262),.UNSPECIFIED.,.F.,.F.,(4,3,3,3,3,3,3,3,3,3,4),(4.61882208984223,
4.76918621445195,5.7146946238603,6.66020303326865,7.605711442677,8.55121985208535,
9.49672826149369,10.442236670902,11.3877450803104,12.3332534897187,12.806381905217),
 .UNSPECIFIED.);
#260=B_SPLINE_CURVE_WITH_KNOTS('',3,(#3272,#3273,#3274,#3275,#3276,#3277,
#3278,#3279,#3280,#3281,#3282,#3283,#3284,#3285,#3286,#3287,#3288,#3289,
#3290,#3291,#3292,#3293,#3294,#3295,#3296,#3297,#3298,#3299,#3300,#3301,
#3302,#3303),.UNSPECIFIED.,.F.,.F.,(4,2,2,2,2,2,2,2,2,2,2,2,2,2,2,4),(0.,
0.0692349018949679,0.121306819903841,0.157644574192759,0.187596077336779,
0.209029025355006,0.215434282834226,0.219182103202221,0.222418549117458,
0.226412831182803,0.233976212032965,0.267112693250587,0.295312734110803,
0.331698016978707,0.379807373667454,0.431739306772354),.UNSPECIFIED.);
#261=B_SPLINE_CURVE_WITH_KNOTS('',3,(#3307,#3308,#3309,#3310,#3311,#3312,
#3313,#3314,#3315,#3316,#3317,#3318,#3319,#3320,#3321,#3322,#3323,#3324,
#3325,#3326,#3327,#3328,#3329,#3330,#3331,#3332,#3333,#3334,#3335,#3336,
#3337,#3338),.UNSPECIFIED.,.F.,.F.,(4,2,2,2,2,2,2,2,2,2,2,2,2,2,2,4),(0.,
0.0692349018949467,0.12130681990395,0.157644574193079,0.187596077337314,
0.209029025355723,0.215434282834912,0.219182103202886,0.222418549118127,
0.226412831183476,0.233976212033596,0.267112693251161,0.295312734111362,
0.331698016979262,0.379807373668159,0.43173930677298),.UNSPECIFIED.);
#262=B_SPLINE_CURVE_WITH_KNOTS('',3,(#3343,#3344,#3345,#3346,#3347,#3348,
#3349,#3350,#3351,#3352,#3353,#3354,#3355,#3356,#3357,#3358,#3359,#3360,
#3361,#3362,#3363,#3364,#3365,#3366,#3367,#3368,#3369,#3370,#3371,#3372,
#3373,#3374),.UNSPECIFIED.,.F.,.F.,(4,2,2,2,2,2,2,2,2,2,2,2,2,2,2,4),(0.,
0.0692349018949442,0.121306819903931,0.157644574193043,0.187596077337215,
0.209029025355563,0.215434282834744,0.219182103202713,0.222418549117916,
0.226412831183196,0.23397621203334,0.267112693250927,0.29531273411111,0.331698016978966,
0.37980737366767,0.431739306772525),.UNSPECIFIED.);
#263=B_SPLINE_CURVE_WITH_KNOTS('',3,(#3378,#3379,#3380,#3381,#3382,#3383,
#3384,#3385,#3386,#3387,#3388,#3389,#3390,#3391,#3392,#3393,#3394,#3395,
#3396,#3397,#3398,#3399,#3400,#3401,#3402,#3403,#3404,#3405,#3406,#3407,
#3408,#3409),.UNSPECIFIED.,.F.,.F.,(4,2,2,2,2,2,2,2,2,2,2,2,2,2,2,4),(0.,
0.0692349018949583,0.121306819903924,0.157644574193022,0.18759607733723,
0.209029025355634,0.215434282834875,0.219182103202862,0.222418549118076,
0.226412831183354,0.233976212033395,0.267112693250696,0.295312734110679,
0.331698016978326,0.379807373666787,0.431739306771075),.UNSPECIFIED.);
#264=B_SPLINE_CURVE_WITH_KNOTS('',3,(#3414,#3415,#3416,#3417,#3418,#3419,
#3420,#3421,#3422,#3423,#3424,#3425,#3426,#3427,#3428,#3429,#3430,#3431,
#3432,#3433,#3434,#3435,#3436,#3437,#3438,#3439,#3440,#3441,#3442,#3443,
#3444,#3445),.UNSPECIFIED.,.F.,.F.,(4,2,2,2,2,2,2,2,2,2,2,2,2,2,2,4),(0.,
0.0692349018949304,0.121306819904035,0.157644574193312,0.187596077337625,
0.209029025356083,0.215434282835251,0.21918210320331,0.222418549118622,
0.22641283118399,0.233976212034307,0.267112693252759,0.295312734113686,
0.331698016982521,0.379807373672667,0.431739306779126),.UNSPECIFIED.);
#265=B_SPLINE_CURVE_WITH_KNOTS('',3,(#3449,#3450,#3451,#3452,#3453,#3454,
#3455,#3456,#3457,#3458,#3459,#3460,#3461,#3462,#3463,#3464,#3465,#3466,
#3467,#3468,#3469,#3470,#3471,#3472,#3473,#3474,#3475,#3476,#3477,#3478,
#3479,#3480),.UNSPECIFIED.,.F.,.F.,(4,2,2,2,2,2,2,2,2,2,2,2,2,2,2,4),(0.,
0.069234901894896,0.121306819903839,0.157644574192913,0.187596077337057,
0.20902902535539,0.215434282834568,0.21918210320246,0.222418549117603,0.226412831182867,
0.233976212032865,0.267112693249939,0.29531273410969,0.33169801697699,0.379807373664954,
0.431739306768655),.UNSPECIFIED.);
#266=B_SPLINE_CURVE_WITH_KNOTS('',3,(#3485,#3486,#3487,#3488,#3489,#3490,
#3491,#3492,#3493,#3494,#3495,#3496,#3497,#3498,#3499,#3500,#3501,#3502,
#3503,#3504,#3505,#3506,#3507,#3508,#3509,#3510,#3511,#3512,#3513,#3514,
#3515,#3516),.UNSPECIFIED.,.F.,.F.,(4,2,2,2,2,2,2,2,2,2,2,2,2,2,2,4),(0.,
0.0692349018949112,0.121306819903862,0.157644574192915,0.187596077337034,
0.20902902535535,0.215434282834532,0.219182103202466,0.222418549117644,
0.226412831182929,0.233976212033035,0.267112693250451,0.295312734110485,
0.331698016978163,0.379807373666739,0.431739306771532),.UNSPECIFIED.);
#267=B_SPLINE_CURVE_WITH_KNOTS('',3,(#3520,#3521,#3522,#3523,#3524,#3525,
#3526,#3527,#3528,#3529,#3530,#3531,#3532,#3533,#3534,#3535,#3536,#3537,
#3538,#3539,#3540,#3541,#3542,#3543,#3544,#3545,#3546,#3547,#3548,#3549,
#3550,#3551),.UNSPECIFIED.,.F.,.F.,(4,2,2,2,2,2,2,2,2,2,2,2,2,2,2,4),(0.,
0.0692349018949088,0.121306819903837,0.157644574192905,0.187596077337063,
0.209029025355412,0.215434282834572,0.219182103202519,0.222418549117758,
0.226412831183153,0.233976212033315,0.267112693251405,0.295312734112015,
0.331698016980437,0.379807373669899,0.431739306775304),.UNSPECIFIED.);
#268=B_SPLINE_CURVE_WITH_KNOTS('',3,(#3556,#3557,#3558,#3559,#3560,#3561,
#3562,#3563,#3564,#3565,#3566,#3567,#3568,#3569,#3570,#3571,#3572,#3573,
#3574,#3575,#3576,#3577,#3578,#3579,#3580,#3581,#3582,#3583,#3584,#3585,
#3586,#3587),.UNSPECIFIED.,.F.,.F.,(4,2,2,2,2,2,2,2,2,2,2,2,2,2,2,4),(0.,
0.0692349018949036,0.121306819903801,0.15764457419281,0.187596077336898,
0.209029025355168,0.21543428283426,0.219182103202144,0.222418549117296,
0.226412831182593,0.233976212032844,0.267112693250998,0.29531273411164,
0.331698016980071,0.379807373669541,0.431739306775199),.UNSPECIFIED.);
#269=B_SPLINE_CURVE_WITH_KNOTS('',3,(#3591,#3592,#3593,#3594,#3595,#3596,
#3597,#3598,#3599,#3600,#3601,#3602,#3603,#3604,#3605,#3606,#3607,#3608,
#3609,#3610,#3611,#3612,#3613,#3614,#3615,#3616,#3617,#3618,#3619,#3620,
#3621,#3622),.UNSPECIFIED.,.F.,.F.,(4,2,2,2,2,2,2,2,2,2,2,2,2,2,2,4),(0.,
0.0692349018949107,0.121306819903939,0.157644574193112,0.187596077337342,
0.209029025355737,0.215434282834845,0.219182103202864,0.222418549118157,
0.226412831183497,0.233976212033649,0.26711269325135,0.295312734111629,
0.331698016979606,0.379807373668489,0.43173930677319),.UNSPECIFIED.);
#270=B_SPLINE_CURVE_WITH_KNOTS('',3,(#3627,#3628,#3629,#3630,#3631,#3632,
#3633,#3634,#3635,#3636,#3637,#3638,#3639,#3640,#3641,#3642,#3643,#3644,
#3645,#3646,#3647,#3648,#3649,#3650,#3651,#3652,#3653,#3654,#3655,#3656,
#3657,#3658),.UNSPECIFIED.,.F.,.F.,(4,2,2,2,2,2,2,2,2,2,2,2,2,2,2,4),(0.,
0.069234901894938,0.121306819903932,0.157644574193065,0.187596077337285,
0.2090290253557,0.215434282834872,0.219182103202907,0.222418549118232,0.226412831183677,
0.233976212033917,0.267112693252103,0.295312734112826,0.331698016981412,
0.379807373671073,0.431739306776974),.UNSPECIFIED.);
#271=B_SPLINE_CURVE_WITH_KNOTS('',3,(#3662,#3663,#3664,#3665,#3666,#3667,
#3668,#3669,#3670,#3671,#3672,#3673,#3674,#3675,#3676,#3677,#3678,#3679,
#3680,#3681,#3682,#3683,#3684,#3685,#3686,#3687,#3688,#3689,#3690,#3691,
#3692,#3693),.UNSPECIFIED.,.F.,.F.,(4,2,2,2,2,2,2,2,2,2,2,2,2,2,2,4),(0.,
0.069234901894899,0.121306819903766,0.157644574192736,0.187596077336801,
0.209029025355059,0.215434282834213,0.219182103202189,0.222418549117438,
0.226412831182794,0.233976212032918,0.267112693250607,0.295312734110871,
0.33169801697884,0.379807373667763,0.431739306772567),.UNSPECIFIED.);
#272=B_SPLINE_CURVE_WITH_KNOTS('',3,(#3698,#3699,#3700,#3701,#3702,#3703,
#3704,#3705,#3706,#3707,#3708,#3709,#3710,#3711,#3712,#3713,#3714,#3715,
#3716,#3717,#3718,#3719,#3720,#3721,#3722,#3723,#3724,#3725,#3726,#3727,
#3728,#3729),.UNSPECIFIED.,.F.,.F.,(4,2,2,2,2,2,2,2,2,2,2,2,2,2,2,4),(0.,
0.0692349018949645,0.121306819903923,0.157644574192974,0.187596077337123,
0.209029025355482,0.215434282834651,0.219182103202651,0.222418549117903,
0.226412831183223,0.233976212033409,0.267112693251424,0.295312734111992,
0.331698016980363,0.379807373669724,0.431739306775253),.UNSPECIFIED.);
#273=B_SPLINE_CURVE_WITH_KNOTS('',3,(#3733,#3734,#3735,#3736,#3737,#3738,
#3739,#3740,#3741,#3742,#3743,#3744,#3745,#3746,#3747,#3748,#3749,#3750,
#3751,#3752,#3753,#3754,#3755,#3756,#3757,#3758,#3759,#3760,#3761,#3762,
#3763,#3764),.UNSPECIFIED.,.F.,.F.,(4,2,2,2,2,2,2,2,2,2,2,2,2,2,2,4),(0.,
0.0692349018949104,0.121306819903924,0.157644574193072,0.18759607733728,
0.209029025355659,0.21543428283486,0.21918210320279,0.222418549117952,0.226412831183213,
0.233976212033339,0.267112693250879,0.295312734111025,0.331698016978844,
0.379807373667559,0.431739306772154),.UNSPECIFIED.);
#274=B_SPLINE_CURVE_WITH_KNOTS('',3,(#3769,#3770,#3771,#3772,#3773,#3774,
#3775,#3776,#3777,#3778,#3779,#3780,#3781,#3782,#3783,#3784,#3785,#3786,
#3787,#3788,#3789,#3790,#3791,#3792,#3793,#3794,#3795,#3796,#3797,#3798,
#3799,#3800),.UNSPECIFIED.,.F.,.F.,(4,2,2,2,2,2,2,2,2,2,2,2,2,2,2,4),(0.,
0.0692349018949194,0.121306819903833,0.15764457419284,0.187596077336893,
0.209029025355167,0.21543428283432,0.219182103202286,0.222418549117527,
0.226412831182881,0.233976212032974,0.267112693250586,0.295312734110767,
0.331698016978585,0.379807373667415,0.431739306772531),.UNSPECIFIED.);
#275=B_SPLINE_CURVE_WITH_KNOTS('',3,(#3804,#3805,#3806,#3807,#3808,#3809,
#3810,#3811,#3812,#3813,#3814,#3815,#3816,#3817,#3818,#3819,#3820,#3821,
#3822,#3823,#3824,#3825,#3826,#3827,#3828,#3829,#3830,#3831,#3832,#3833,
#3834,#3835),.UNSPECIFIED.,.F.,.F.,(4,2,2,2,2,2,2,2,2,2,2,2,2,2,2,4),(0.,
0.0692349018949773,0.121306819903826,0.157644574192744,0.187596077336795,
0.209029025355057,0.21543428283421,0.219182103202172,0.222418549117396,
0.226412831182723,0.233976212032821,0.267112693250076,0.295312734109997,
0.331698016977525,0.379807373666073,0.431739306770749),.UNSPECIFIED.);
#276=B_SPLINE_CURVE_WITH_KNOTS('',3,(#3840,#3841,#3842,#3843,#3844,#3845,
#3846,#3847,#3848,#3849,#3850,#3851,#3852,#3853,#3854,#3855,#3856,#3857,
#3858,#3859,#3860,#3861,#3862,#3863,#3864,#3865,#3866,#3867,#3868,#3869,
#3870,#3871),.UNSPECIFIED.,.F.,.F.,(4,2,2,2,2,2,2,2,2,2,2,2,2,2,2,4),(0.,
0.0692349018949774,0.12130681990408,0.157644574193318,0.187596077337646,
0.209029025356127,0.215434282835371,0.219182103203455,0.222418549118775,
0.226412831184134,0.233976212034363,0.267112693252325,0.295312734112877,
0.331698016981269,0.379807373670889,0.431739306776884),.UNSPECIFIED.);
#277=B_SPLINE_CURVE_WITH_KNOTS('',3,(#3875,#3876,#3877,#3878,#3879,#3880,
#3881,#3882,#3883,#3884,#3885,#3886,#3887,#3888,#3889,#3890,#3891,#3892,
#3893,#3894,#3895,#3896,#3897,#3898,#3899,#3900,#3901,#3902,#3903,#3904,
#3905,#3906),.UNSPECIFIED.,.F.,.F.,(4,2,2,2,2,2,2,2,2,2,2,2,2,2,2,4),(0.,
0.069234901894928,0.121306819903906,0.157644574193025,0.187596077337251,
0.209029025355628,0.215434282834839,0.219182103202862,0.222418549118095,
0.226412831183317,0.233976212033358,0.267112693250748,0.295312734110772,
0.331698016978454,0.379807373666861,0.431739306770995),.UNSPECIFIED.);
#278=B_SPLINE_CURVE_WITH_KNOTS('',3,(#3911,#3912,#3913,#3914,#3915,#3916,
#3917,#3918,#3919,#3920,#3921,#3922,#3923,#3924,#3925,#3926,#3927,#3928,
#3929,#3930,#3931,#3932,#3933,#3934,#3935,#3936,#3937,#3938,#3939,#3940,
#3941,#3942),.UNSPECIFIED.,.F.,.F.,(4,2,2,2,2,2,2,2,2,2,2,2,2,2,2,4),(0.,
0.0692349018949329,0.121306819904142,0.157644574193554,0.187596077338005,
0.209029025356619,0.21543428283582,0.219182103203832,0.222418549119075,
0.226412831184346,0.233976212034494,0.267112693252246,0.295312734112606,
0.331698016980732,0.379807373669987,0.431739306775599),.UNSPECIFIED.);
#279=B_SPLINE_CURVE_WITH_KNOTS('',3,(#3946,#3947,#3948,#3949,#3950,#3951,
#3952,#3953,#3954,#3955,#3956,#3957,#3958,#3959,#3960,#3961,#3962,#3963,
#3964,#3965,#3966,#3967,#3968,#3969,#3970,#3971,#3972,#3973,#3974,#3975,
#3976,#3977),.UNSPECIFIED.,.F.,.F.,(4,2,2,2,2,2,2,2,2,2,2,2,2,2,2,4),(0.,
0.0692349018948983,0.121306819903818,0.157644574192874,0.187596077337019,
0.209029025355347,0.215434282834527,0.219182103202513,0.22241854911773,
0.226412831183006,0.233976212033149,0.267112693250838,0.295312734111108,
0.33169801697909,0.379807373667983,0.431739306772813),.UNSPECIFIED.);
#280=B_SPLINE_CURVE_WITH_KNOTS('',3,(#3982,#3983,#3984,#3985,#3986,#3987,
#3988,#3989,#3990,#3991,#3992,#3993,#3994,#3995,#3996,#3997,#3998,#3999,
#4000,#4001,#4002,#4003,#4004,#4005,#4006,#4007,#4008,#4009,#4010,#4011,
#4012,#4013),.UNSPECIFIED.,.F.,.F.,(4,2,2,2,2,2,2,2,2,2,2,2,2,2,2,4),(0.,
0.0692349018949067,0.12130681990403,0.157644574193311,0.18759607733762,
0.209029025356068,0.215434282835283,0.219182103203347,0.222418549118651,
0.22641283118402,0.233976212034327,0.267112693252619,0.295312734113402,
0.331698016982055,0.37980737367167,0.431739306777381),.UNSPECIFIED.);
#281=B_SPLINE_CURVE_WITH_KNOTS('',3,(#4017,#4018,#4019,#4020,#4021,#4022,
#4023,#4024,#4025,#4026,#4027,#4028,#4029,#4030,#4031,#4032,#4033,#4034,
#4035,#4036,#4037,#4038,#4039,#4040,#4041,#4042,#4043,#4044,#4045,#4046,
#4047,#4048),.UNSPECIFIED.,.F.,.F.,(4,2,2,2,2,2,2,2,2,2,2,2,2,2,2,4),(0.,
0.069234901894814,0.121306819903832,0.157644574193084,0.18759607733737,
0.209029025355766,0.215434282834971,0.219182103202959,0.222418549118227,
0.226412831183652,0.233976212033862,0.267112693251784,0.295312734112253,
0.331698016980454,0.379807373669509,0.431739306774446),.UNSPECIFIED.);
#282=B_SPLINE_CURVE_WITH_KNOTS('',3,(#4053,#4054,#4055,#4056,#4057,#4058,
#4059,#4060,#4061,#4062,#4063,#4064,#4065,#4066,#4067,#4068,#4069,#4070,
#4071,#4072,#4073,#4074,#4075,#4076,#4077,#4078,#4079,#4080,#4081,#4082,
#4083,#4084),.UNSPECIFIED.,.F.,.F.,(4,2,2,2,2,2,2,2,2,2,2,2,2,2,2,4),(0.,
0.0692349018948878,0.121306819903745,0.157644574192698,0.187596077336753,
0.209029025355002,0.215434282834168,0.219182103202099,0.222418549117317,
0.226412831182728,0.23397621203299,0.267112693251264,0.295312734112017,
0.331698016980602,0.379807373670165,0.431739306775807),.UNSPECIFIED.);
#283=B_SPLINE_CURVE_WITH_KNOTS('',3,(#4088,#4089,#4090,#4091,#4092,#4093,
#4094,#4095,#4096,#4097,#4098,#4099,#4100,#4101,#4102,#4103,#4104,#4105,
#4106,#4107,#4108,#4109,#4110,#4111,#4112,#4113,#4114,#4115,#4116,#4117,
#4118,#4119),.UNSPECIFIED.,.F.,.F.,(4,2,2,2,2,2,2,2,2,2,2,2,2,2,2,4),(0.,
0.0692349018948203,0.121306819903647,0.157644574192649,0.187596077336676,
0.20902902535491,0.215434282834036,0.219182103201962,0.222418549117183,
0.22641283118259,0.233976212032825,0.267112693250893,0.295312734111447,
0.331698016979736,0.379807373669091,0.431739306774216),.UNSPECIFIED.);
#284=B_SPLINE_CURVE_WITH_KNOTS('',3,(#4124,#4125,#4126,#4127,#4128,#4129,
#4130,#4131,#4132,#4133,#4134,#4135,#4136,#4137,#4138,#4139,#4140,#4141,
#4142,#4143,#4144,#4145,#4146,#4147,#4148,#4149,#4150,#4151,#4152,#4153,
#4154,#4155),.UNSPECIFIED.,.F.,.F.,(4,2,2,2,2,2,2,2,2,2,2,2,2,2,2,4),(0.,
0.0692349018948367,0.121306819903684,0.157644574192644,0.187596077336638,
0.209029025354813,0.215434282833933,0.219182103201854,0.222418549117034,
0.226412831182362,0.233976212032621,0.267112693250513,0.295312734110897,
0.331698016978932,0.379807373667701,0.431739306772422),.UNSPECIFIED.);
#285=B_SPLINE_CURVE_WITH_KNOTS('',3,(#4159,#4160,#4161,#4162,#4163,#4164,
#4165,#4166,#4167,#4168,#4169,#4170,#4171,#4172,#4173,#4174,#4175,#4176,
#4177,#4178,#4179,#4180,#4181,#4182,#4183,#4184,#4185,#4186,#4187,#4188,
#4189,#4190),.UNSPECIFIED.,.F.,.F.,(4,2,2,2,2,2,2,2,2,2,2,2,2,2,2,4),(0.,
0.0692349018948255,0.12130681990404,0.157644574193535,0.187596077338008,
0.209029025356567,0.21543428283579,0.219182103203849,0.222418549119183,
0.226412831184639,0.233976212035009,0.267112693253752,0.295312734114911,
0.331698016984022,0.379807373674403,0.431739306780797),.UNSPECIFIED.);
#286=B_SPLINE_CURVE_WITH_KNOTS('',3,(#4195,#4196,#4197,#4198,#4199,#4200,
#4201,#4202,#4203,#4204,#4205,#4206,#4207,#4208,#4209,#4210,#4211,#4212,
#4213,#4214,#4215,#4216,#4217,#4218,#4219,#4220,#4221,#4222,#4223,#4224,
#4225,#4226),.UNSPECIFIED.,.F.,.F.,(4,2,2,2,2,2,2,2,2,2,2,2,2,2,2,4),(0.,
0.0692349018947992,0.121306819903776,0.157644574192972,0.18759607733719,
0.209029025355532,0.215434282834694,0.219182103202699,0.222418549117991,
0.226412831183426,0.233976212033664,0.267112693251766,0.295312734112357,
0.331698016980711,0.379807373669868,0.43173930677499),.UNSPECIFIED.);
#287=B_SPLINE_CURVE_WITH_KNOTS('',3,(#4230,#4231,#4232,#4233,#4234,#4235,
#4236,#4237,#4238,#4239,#4240,#4241,#4242,#4243,#4244,#4245,#4246,#4247,
#4248,#4249,#4250,#4251,#4252,#4253,#4254,#4255,#4256,#4257,#4258,#4259,
#4260,#4261),.UNSPECIFIED.,.F.,.F.,(4,2,2,2,2,2,2,2,2,2,2,2,2,2,2,4),(0.,
0.0692349018949698,0.121306819903819,0.157644574192724,0.187596077336745,
0.209029025354999,0.215434282834129,0.21918210320212,0.222418549117372,
0.226412831182704,0.23397621203289,0.267112693250718,0.295312734111106,
0.331698016979225,0.379807373668437,0.431739306773502),.UNSPECIFIED.);
#288=B_SPLINE_CURVE_WITH_KNOTS('',3,(#4271,#4272,#4273,#4274,#4275,#4276,
#4277,#4278,#4279,#4280,#4281,#4282,#4283,#4284,#4285,#4286,#4287,#4288,
#4289,#4290,#4291,#4292,#4293,#4294,#4295,#4296,#4297,#4298,#4299,#4300,
#4301,#4302,#4303,#4304),.UNSPECIFIED.,.F.,.F.,(4,3,3,3,3,3,3,3,3,3,3,4),
(12.806381905217,13.2788257920426,14.2244620885117,15.1700983849808,16.1157346814498,
17.0613709779189,18.007007274388,18.952643570857,19.8982798673261,20.8439161637952,
21.7895524602642,22.2627448747565),.UNSPECIFIED.);
#289=B_SPLINE_CURVE_WITH_KNOTS('',3,(#4305,#4306,#4307,#4308,#4309,#4310,
#4311,#4312,#4313,#4314,#4315,#4316,#4317,#4318,#4319,#4320,#4321,#4322,
#4323,#4324,#4325,#4326,#4327,#4328,#4329,#4330,#4331,#4332,#4333,#4334,
#4335,#4336,#4337,#4338,#4339,#4340),.UNSPECIFIED.,.F.,.F.,(4,2,2,2,2,2,
2,2,2,2,2,2,2,2,2,2,2,4),(31.9193860779969,32.428896685028,33.0244703147086,
33.6049705496804,34.191634806654,34.7815720915092,35.3614522585425,35.953282052047,
36.5363971561183,37.1195102586405,37.7163830444564,38.2962937602742,38.8843273803223,
39.4719740200325,40.0523328111936,40.6455910978018,41.2274260937215,41.3763041796367),
 .UNSPECIFIED.);
#290=B_SPLINE_CURVE_WITH_KNOTS('',3,(#4356,#4357,#4358,#4359,#4360,#4361,
#4362,#4363,#4364,#4365,#4366,#4367,#4368,#4369,#4370,#4371,#4372,#4373,
#4374,#4375,#4376,#4377,#4378,#4379,#4380,#4381,#4382,#4383,#4384,#4385,
#4386,#4387),.UNSPECIFIED.,.F.,.F.,(4,2,2,2,2,2,2,2,2,2,2,2,2,2,2,4),(-0.431739306771631,
-0.379807373666933,-0.33169801697843,-0.29531273411077,-0.267112693250757,
-0.233976212033391,-0.226412831183316,-0.222418549117945,-0.219182103202729,
-0.215434282834795,-0.209029025355615,-0.18759607733724,-0.157644574193063,
-0.12130681990396,-0.0692349018949624,0.),.UNSPECIFIED.);
#291=B_SPLINE_CURVE_WITH_KNOTS('',3,(#4391,#4392,#4393,#4394,#4395,#4396,
#4397,#4398,#4399,#4400,#4401,#4402,#4403,#4404,#4405,#4406,#4407,#4408,
#4409,#4410,#4411,#4412,#4413,#4414,#4415,#4416,#4417,#4418,#4419,#4420,
#4421,#4422),.UNSPECIFIED.,.F.,.F.,(4,2,2,2,2,2,2,2,2,2,2,2,2,2,2,4),(-0.431739306773672,
-0.379807373668585,-0.33169801697962,-0.295312734111556,-0.267112693251198,
-0.233976212033394,-0.226412831183214,-0.222418549117873,-0.219182103202638,
-0.215434282834663,-0.209029025355498,-0.187596077337171,-0.157644574193026,
-0.121306819903924,-0.069234901894937,0.),.UNSPECIFIED.);
#292=B_SPLINE_CURVE_WITH_KNOTS('',3,(#4426,#4427,#4428,#4429,#4430,#4431,
#4432,#4433,#4434,#4435,#4436,#4437,#4438,#4439,#4440,#4441,#4442,#4443,
#4444,#4445,#4446,#4447,#4448,#4449,#4450,#4451,#4452,#4453,#4454,#4455,
#4456,#4457),.UNSPECIFIED.,.F.,.F.,(4,2,2,2,2,2,2,2,2,2,2,2,2,2,2,4),(-0.431739306771012,
-0.379807373666481,-0.331698016978106,-0.295312734110538,-0.267112693250601,
-0.233976212033321,-0.226412831183288,-0.222418549118088,-0.219182103202895,
-0.215434282834923,-0.20902902535576,-0.187596077337357,-0.157644574193134,
-0.121306819903979,-0.0692349018949488,0.),.UNSPECIFIED.);
#293=B_SPLINE_CURVE_WITH_KNOTS('',3,(#4461,#4462,#4463,#4464,#4465,#4466,
#4467,#4468,#4469,#4470,#4471,#4472,#4473,#4474,#4475,#4476,#4477,#4478,
#4479,#4480,#4481,#4482,#4483,#4484,#4485,#4486,#4487,#4488,#4489,#4490,
#4491,#4492),.UNSPECIFIED.,.F.,.F.,(4,2,2,2,2,2,2,2,2,2,2,2,2,2,2,4),(-0.431739306779516,
-0.379807373672803,-0.331698016982481,-0.295312734113474,-0.267112693252427,
-0.233976212033858,-0.226412831183508,-0.222418549118052,-0.219182103202774,
-0.215434282834789,-0.209029025355612,-0.187596077337225,-0.157644574193021,
-0.121306819903919,-0.0692349018949426,0.),.UNSPECIFIED.);
#294=B_SPLINE_CURVE_WITH_KNOTS('',3,(#4496,#4497,#4498,#4499,#4500,#4501,
#4502,#4503,#4504,#4505,#4506,#4507,#4508,#4509,#4510,#4511,#4512,#4513,
#4514,#4515,#4516,#4517,#4518,#4519,#4520,#4521,#4522,#4523,#4524,#4525,
#4526,#4527),.UNSPECIFIED.,.F.,.F.,(4,2,2,2,2,2,2,2,2,2,2,2,2,2,2,4),(-0.431739306775093,
-0.379807373669656,-0.3316980169804,-0.29531273411211,-0.267112693251588,
-0.23397621203361,-0.226412831183412,-0.222418549118006,-0.219182103202702,
-0.215434282834686,-0.209029025355551,-0.187596077337189,-0.157644574193003,
-0.121306819903904,-0.0692349018949324,0.),.UNSPECIFIED.);
#295=B_SPLINE_CURVE_WITH_KNOTS('',3,(#4531,#4532,#4533,#4534,#4535,#4536,
#4537,#4538,#4539,#4540,#4541,#4542,#4543,#4544,#4545,#4546,#4547,#4548,
#4549,#4550,#4551,#4552,#4553,#4554,#4555,#4556,#4557,#4558,#4559,#4560,
#4561,#4562),.UNSPECIFIED.,.F.,.F.,(4,2,2,2,2,2,2,2,2,2,2,2,2,2,2,4),(-0.431739306776277,
-0.379807373670277,-0.331698016980572,-0.295312734111989,-0.267112693251199,
-0.23397621203286,-0.226412831182564,-0.222418549117153,-0.219182103201901,
-0.215434282833946,-0.209029025354845,-0.187596077336648,-0.157644574192632,
-0.121306819903675,-0.0692349018948527,0.),.UNSPECIFIED.);
#296=B_SPLINE_CURVE_WITH_KNOTS('',3,(#4566,#4567,#4568,#4569,#4570,#4571,
#4572,#4573,#4574,#4575,#4576,#4577,#4578,#4579,#4580,#4581,#4582,#4583,
#4584,#4585,#4586,#4587,#4588,#4589,#4590,#4591,#4592,#4593,#4594,#4595,
#4596,#4597),.UNSPECIFIED.,.F.,.F.,(4,2,2,2,2,2,2,2,2,2,2,2,2,2,2,4),(-0.431739306779706,
-0.379807373673129,-0.331698016982802,-0.295312734113706,-0.26711269325256,
-0.233976212033834,-0.226412831183405,-0.22241854911796,-0.219182103202659,
-0.215434282834636,-0.209029025355466,-0.187596077337112,-0.15764457419293,
-0.121306819903788,-0.0692349018948384,0.),.UNSPECIFIED.);
#297=B_SPLINE_CURVE_WITH_KNOTS('',3,(#4601,#4602,#4603,#4604,#4605,#4606,
#4607,#4608,#4609,#4610,#4611,#4612,#4613,#4614,#4615,#4616,#4617,#4618,
#4619,#4620,#4621,#4622,#4623,#4624,#4625,#4626,#4627,#4628,#4629,#4630,
#4631,#4632),.UNSPECIFIED.,.F.,.F.,(4,2,2,2,2,2,2,2,2,2,2,2,2,2,2,4),(-0.431739306776259,
-0.379807373670584,-0.331698016981126,-0.295312734112644,-0.267112693252,
-0.233976212033876,-0.226412831183669,-0.222418549118231,-0.219182103202869,
-0.21543428283479,-0.209029025355615,-0.187596077337253,-0.157644574193066,
-0.121306819903951,-0.0692349018949506,0.),.UNSPECIFIED.);
#298=B_SPLINE_CURVE_WITH_KNOTS('',3,(#4636,#4637,#4638,#4639,#4640,#4641,
#4642,#4643,#4644,#4645,#4646,#4647,#4648,#4649,#4650,#4651,#4652,#4653,
#4654,#4655,#4656,#4657,#4658,#4659,#4660,#4661,#4662,#4663,#4664,#4665,
#4666,#4667),.UNSPECIFIED.,.F.,.F.,(4,2,2,2,2,2,2,2,2,2,2,2,2,2,2,4),(-0.431739306777044,
-0.379807373670987,-0.33169801698128,-0.295312734112757,-0.267112693252064,
-0.233976212033901,-0.226412831183597,-0.22241854911822,-0.219182103202956,
-0.215434282834944,-0.209029025355748,-0.18759607733733,-0.157644574193075,
-0.121306819903887,-0.0692349018948832,0.),.UNSPECIFIED.);
#299=B_SPLINE_CURVE_WITH_KNOTS('',3,(#4671,#4672,#4673,#4674,#4675,#4676,
#4677,#4678,#4679,#4680,#4681,#4682,#4683,#4684,#4685,#4686,#4687,#4688,
#4689,#4690,#4691,#4692,#4693,#4694,#4695,#4696,#4697,#4698,#4699,#4700,
#4701,#4702),.UNSPECIFIED.,.F.,.F.,(4,2,2,2,2,2,2,2,2,2,2,2,2,2,2,4),(-0.431739306773609,
-0.379807373668571,-0.331698016979661,-0.295312734111625,-0.267112693251358,
-0.23397621203373,-0.226412831183619,-0.222418549118342,-0.219182103203151,
-0.215434282835195,-0.209029025355979,-0.187596077337512,-0.157644574193211,
-0.121306819903991,-0.0692349018949403,0.),.UNSPECIFIED.);
#300=B_SPLINE_CURVE_WITH_KNOTS('',3,(#4706,#4707,#4708,#4709,#4710,#4711,
#4712,#4713,#4714,#4715,#4716,#4717,#4718,#4719,#4720,#4721,#4722,#4723,
#4724,#4725,#4726,#4727,#4728,#4729,#4730,#4731,#4732,#4733,#4734,#4735,
#4736,#4737),.UNSPECIFIED.,.F.,.F.,(4,2,2,2,2,2,2,2,2,2,2,2,2,2,2,4),(-0.431739306775367,
-0.379807373669832,-0.331698016980482,-0.295312734112116,-0.267112693251513,
-0.233976212033403,-0.226412831183144,-0.222418549117779,-0.219182103202469,
-0.215434282834413,-0.209029025355256,-0.18759607733697,-0.157644574192852,
-0.121306819903766,-0.0692349018948395,0.),.UNSPECIFIED.);
#301=B_SPLINE_CURVE_WITH_KNOTS('',3,(#4741,#4742,#4743,#4744,#4745,#4746,
#4747,#4748,#4749,#4750,#4751,#4752,#4753,#4754,#4755,#4756,#4757,#4758,
#4759,#4760,#4761,#4762,#4763,#4764,#4765,#4766,#4767,#4768,#4769,#4770,
#4771,#4772),.UNSPECIFIED.,.F.,.F.,(4,2,2,2,2,2,2,2,2,2,2,2,2,2,2,4),(-0.431739306771603,
-0.379807373666938,-0.33169801697843,-0.295312734110668,-0.267112693250548,
-0.233976212033029,-0.226412831182909,-0.222418549117599,-0.219182103202377,
-0.215434282834403,-0.209029025355225,-0.187596077336932,-0.157644574192847,
-0.121306819903832,-0.0692349018949198,0.),.UNSPECIFIED.);
#302=B_SPLINE_CURVE_WITH_KNOTS('',3,(#4776,#4777,#4778,#4779,#4780,#4781,
#4782,#4783,#4784,#4785,#4786,#4787,#4788,#4789,#4790,#4791,#4792,#4793,
#4794,#4795,#4796,#4797,#4798,#4799,#4800,#4801,#4802,#4803,#4804,#4805,
#4806,#4807),.UNSPECIFIED.,.F.,.F.,(4,2,2,2,2,2,2,2,2,2,2,2,2,2,2,4),(-0.431739306774957,
-0.379807373669616,-0.331698016980385,-0.29531273411206,-0.267112693251531,
-0.233976212033544,-0.22641283118338,-0.222418549118038,-0.219182103202774,
-0.215434282834773,-0.209029025355608,-0.18759607733723,-0.157644574193028,
-0.12130681990391,-0.0692349018949278,0.),.UNSPECIFIED.);
#303=B_SPLINE_CURVE_WITH_KNOTS('',3,(#4811,#4812,#4813,#4814,#4815,#4816,
#4817,#4818,#4819,#4820,#4821,#4822,#4823,#4824,#4825,#4826,#4827,#4828,
#4829,#4830,#4831,#4832,#4833,#4834,#4835,#4836,#4837,#4838,#4839,#4840,
#4841,#4842),.UNSPECIFIED.,.F.,.F.,(4,2,2,2,2,2,2,2,2,2,2,2,2,2,2,4),(-0.431739306775693,
-0.379807373669949,-0.331698016980489,-0.295312734112134,-0.2671126932516,
-0.233976212033634,-0.226412831183401,-0.222418549118067,-0.219182103202864,
-0.215434282834918,-0.209029025355743,-0.187596077337329,-0.157644574193096,
-0.121306819903951,-0.0692349018949409,0.),.UNSPECIFIED.);
#304=B_SPLINE_CURVE_WITH_KNOTS('',3,(#4846,#4847,#4848,#4849,#4850,#4851,
#4852,#4853,#4854,#4855,#4856,#4857,#4858,#4859,#4860,#4861,#4862,#4863,
#4864,#4865,#4866,#4867,#4868,#4869,#4870,#4871,#4872,#4873,#4874,#4875,
#4876,#4877),.UNSPECIFIED.,.F.,.F.,(4,2,2,2,2,2,2,2,2,2,2,2,2,2,2,4),(-0.431739306777682,
-0.379807373671558,-0.331698016981615,-0.295312734112821,-0.267112693251896,
-0.233976212033414,-0.226412831183108,-0.222418549117668,-0.219182103202369,
-0.21543428283436,-0.209029025355225,-0.187596077336926,-0.15764457419281,
-0.121306819903734,-0.0692349018948362,0.),.UNSPECIFIED.);
#305=B_SPLINE_CURVE_WITH_KNOTS('',3,(#4881,#4882,#4883,#4884,#4885,#4886,
#4887,#4888,#4889,#4890,#4891,#4892,#4893,#4894,#4895,#4896,#4897,#4898,
#4899,#4900,#4901,#4902,#4903,#4904,#4905,#4906,#4907,#4908,#4909,#4910,
#4911,#4912),.UNSPECIFIED.,.F.,.F.,(4,2,2,2,2,2,2,2,2,2,2,2,2,2,2,4),(-0.431739306776306,
-0.379807373670609,-0.331698016981138,-0.295312734112728,-0.267112693252054,
-0.233976212033859,-0.226412831183604,-0.222418549118178,-0.219182103202829,
-0.215434282834776,-0.209029025355673,-0.187596077337277,-0.157644574193026,
-0.121306819903805,-0.0692349018948031,0.),.UNSPECIFIED.);
#306=B_SPLINE_CURVE_WITH_KNOTS('',3,(#4916,#4917,#4918,#4919,#4920,#4921,
#4922,#4923,#4924,#4925,#4926,#4927,#4928,#4929,#4930,#4931,#4932,#4933,
#4934,#4935,#4936,#4937,#4938,#4939,#4940,#4941,#4942,#4943,#4944,#4945,
#4946,#4947),.UNSPECIFIED.,.F.,.F.,(4,2,2,2,2,2,2,2,2,2,2,2,2,2,2,4),(-0.431739306774216,
-0.379807373669072,-0.331698016980038,-0.29531273411188,-0.267112693251517,
-0.233976212033772,-0.226412831183645,-0.222418549118389,-0.219182103203176,
-0.215434282835166,-0.209029025355889,-0.18759607733743,-0.157644574193159,
-0.121306819904011,-0.0692349018949777,0.),.UNSPECIFIED.);
#307=B_SPLINE_CURVE_WITH_KNOTS('',3,(#4951,#4952,#4953,#4954,#4955,#4956,
#4957,#4958,#4959,#4960,#4961,#4962,#4963,#4964,#4965,#4966,#4967,#4968,
#4969,#4970,#4971,#4972,#4973,#4974,#4975,#4976,#4977,#4978,#4979,#4980,
#4981,#4982),.UNSPECIFIED.,.F.,.F.,(4,2,2,2,2,2,2,2,2,2,2,2,2,2,2,4),(-0.431739306772464,
-0.379807373667885,-0.331698016979228,-0.295312734111308,-0.267112693251067,
-0.233976212033399,-0.226412831183265,-0.222418549117972,-0.21918210320271,
-0.215434282834676,-0.209029025355474,-0.187596077337153,-0.157644574192978,
-0.121306819903845,-0.0692349018948776,0.),.UNSPECIFIED.);
#308=B_SPLINE_CURVE_WITH_KNOTS('',3,(#4986,#4987,#4988,#4989,#4990,#4991,
#4992,#4993,#4994,#4995,#4996,#4997,#4998,#4999,#5000,#5001,#5002,#5003,
#5004,#5005,#5006,#5007,#5008,#5009,#5010,#5011,#5012,#5013,#5014,#5015,
#5016,#5017),.UNSPECIFIED.,.F.,.F.,(4,2,2,2,2,2,2,2,2,2,2,2,2,2,2,4),(-0.431739306775329,
-0.379807373669556,-0.33169801698008,-0.295312734111686,-0.267112693251126,
-0.233976212033132,-0.226412831182919,-0.222418549117572,-0.219182103202306,
-0.215434282834304,-0.209029025355162,-0.187596077336875,-0.157644574192832,
-0.12130681990392,-0.0692349018950291,0.),.UNSPECIFIED.);
#309=B_SPLINE_CURVE_WITH_KNOTS('',3,(#5021,#5022,#5023,#5024,#5025,#5026,
#5027,#5028,#5029,#5030,#5031,#5032,#5033,#5034,#5035,#5036,#5037,#5038,
#5039,#5040,#5041,#5042,#5043,#5044,#5045,#5046,#5047,#5048,#5049,#5050,
#5051,#5052),.UNSPECIFIED.,.F.,.F.,(4,2,2,2,2,2,2,2,2,2,2,2,2,2,2,4),(-0.431739306775667,
-0.379807373670299,-0.331698016981049,-0.295312734112769,-0.267112693252262,
-0.233976212034314,-0.226412831184061,-0.222418549118677,-0.219182103203387,
-0.215434282835352,-0.209029025356134,-0.187596077337619,-0.157644574193229,
-0.121306819903884,-0.0692349018948118,0.),.UNSPECIFIED.);
#310=B_SPLINE_CURVE_WITH_KNOTS('',3,(#5056,#5057,#5058,#5059,#5060,#5061,
#5062,#5063,#5064,#5065,#5066,#5067,#5068,#5069,#5070,#5071,#5072,#5073,
#5074,#5075,#5076,#5077,#5078,#5079,#5080,#5081,#5082,#5083,#5084,#5085,
#5086,#5087),.UNSPECIFIED.,.F.,.F.,(4,2,2,2,2,2,2,2,2,2,2,2,2,2,2,4),(-0.431739306773644,
-0.379807373668439,-0.331698016979351,-0.295312734111309,-0.267112693251034,
-0.233976212033386,-0.226412831183238,-0.22241854911796,-0.219182103202741,
-0.215434282834745,-0.209029025355513,-0.187596077337111,-0.157644574192927,
-0.121306819903881,-0.0692349018949574,0.),.UNSPECIFIED.);
#311=B_SPLINE_CURVE_WITH_KNOTS('',3,(#5091,#5092,#5093,#5094,#5095,#5096,
#5097,#5098,#5099,#5100,#5101,#5102,#5103,#5104,#5105,#5106,#5107,#5108,
#5109,#5110,#5111,#5112,#5113,#5114,#5115,#5116,#5117,#5118,#5119,#5120,
#5121,#5122),.UNSPECIFIED.,.F.,.F.,(4,2,2,2,2,2,2,2,2,2,2,2,2,2,2,4),(-0.431739306776228,
-0.379807373670677,-0.331698016981164,-0.295312734112533,-0.267112693251698,
-0.233976212033275,-0.226412831182917,-0.222418549117438,-0.219182103202186,
-0.215434282834253,-0.209029025355146,-0.187596077336886,-0.157644574192781,
-0.12130681990365,-0.0692349018947479,0.),.UNSPECIFIED.);
#312=B_SPLINE_CURVE_WITH_KNOTS('',3,(#5126,#5127,#5128,#5129,#5130,#5131,
#5132,#5133,#5134,#5135,#5136,#5137,#5138,#5139,#5140,#5141,#5142,#5143,
#5144,#5145,#5146,#5147,#5148,#5149,#5150,#5151,#5152,#5153,#5154,#5155,
#5156,#5157),.UNSPECIFIED.,.F.,.F.,(4,2,2,2,2,2,2,2,2,2,2,2,2,2,2,4),(-0.43173930677059,
-0.379807373666127,-0.331698016977808,-0.29531273411033,-0.267112693250466,
-0.233976212033282,-0.226412831183251,-0.222418549118001,-0.2191821032028,
-0.215434282834839,-0.209029025355678,-0.187596077337268,-0.157644574193072,
-0.121306819903962,-0.0692349018949636,0.),.UNSPECIFIED.);
#313=B_SPLINE_CURVE_WITH_KNOTS('',3,(#5161,#5162,#5163,#5164,#5165,#5166,
#5167,#5168,#5169,#5170,#5171,#5172,#5173,#5174,#5175,#5176,#5177,#5178,
#5179,#5180,#5181,#5182,#5183,#5184,#5185,#5186,#5187,#5188,#5189,#5190,
#5191,#5192),.UNSPECIFIED.,.F.,.F.,(4,2,2,2,2,2,2,2,2,2,2,2,2,2,2,4),(-0.431739306776264,
-0.379807373670684,-0.331698016981215,-0.295312734112716,-0.267112693252006,
-0.233976212033776,-0.226412831183557,-0.222418549118147,-0.219182103202842,
-0.215434282834802,-0.209029025355597,-0.187596077337236,-0.157644574193002,
-0.121306819903813,-0.0692349018948321,0.),.UNSPECIFIED.);
#314=B_SPLINE_CURVE_WITH_KNOTS('',3,(#5196,#5197,#5198,#5199,#5200,#5201,
#5202,#5203,#5204,#5205,#5206,#5207,#5208,#5209,#5210,#5211,#5212,#5213,
#5214,#5215,#5216,#5217,#5218,#5219,#5220,#5221,#5222,#5223,#5224,#5225,
#5226,#5227),.UNSPECIFIED.,.F.,.F.,(4,2,2,2,2,2,2,2,2,2,2,2,2,2,2,4),(-0.431739306776813,
-0.379807373671003,-0.331698016981232,-0.295312734112486,-0.267112693251592,
-0.233976212033142,-0.226412831182816,-0.222418549117441,-0.219182103202222,
-0.215434282834284,-0.209029025355177,-0.187596077336882,-0.157644574192771,
-0.121306819903723,-0.0692349018948486,0.),.UNSPECIFIED.);
#315=B_SPLINE_CURVE_WITH_KNOTS('',3,(#5231,#5232,#5233,#5234,#5235,#5236,
#5237,#5238,#5239,#5240,#5241,#5242,#5243,#5244,#5245,#5246,#5247,#5248,
#5249,#5250,#5251,#5252,#5253,#5254,#5255,#5256,#5257,#5258,#5259,#5260,
#5261,#5262),.UNSPECIFIED.,.F.,.F.,(4,2,2,2,2,2,2,2,2,2,2,2,2,2,2,4),(-0.431739306772746,
-0.379807373667749,-0.331698016979042,-0.295312734111318,-0.267112693251213,
-0.23397621203369,-0.2264128311836,-0.222418549118341,-0.21918210320306,
-0.215434282834991,-0.209029025355786,-0.187596077337423,-0.157644574193177,
-0.121306819903947,-0.0692349018948791,0.),.UNSPECIFIED.);
#316=B_SPLINE_CURVE_WITH_KNOTS('',3,(#5266,#5267,#5268,#5269,#5270,#5271,
#5272,#5273,#5274,#5275,#5276,#5277,#5278,#5279,#5280,#5281,#5282,#5283,
#5284,#5285,#5286,#5287,#5288,#5289,#5290,#5291,#5292,#5293,#5294,#5295,
#5296,#5297),.UNSPECIFIED.,.F.,.F.,(4,2,2,2,2,2,2,2,2,2,2,2,2,2,2,4),(-0.431739306772851,
-0.379807373667887,-0.331698016979062,-0.295312734111139,-0.267112693250892,
-0.233976212033213,-0.226412831183044,-0.22241854911769,-0.219182103202449,
-0.215434282834469,-0.209029025355292,-0.187596077336986,-0.157644574192865,
-0.12130681990379,-0.0692349018948675,0.),.UNSPECIFIED.);
#317=B_SPLINE_CURVE_WITH_KNOTS('',3,(#5301,#5302,#5303,#5304,#5305,#5306,
#5307,#5308,#5309,#5310,#5311,#5312,#5313,#5314,#5315,#5316,#5317,#5318,
#5319,#5320,#5321,#5322,#5323,#5324,#5325,#5326,#5327,#5328,#5329,#5330,
#5331,#5332),.UNSPECIFIED.,.F.,.F.,(4,2,2,2,2,2,2,2,2,2,2,2,2,2,2,4),(-0.431739306771868,
-0.379807373666919,-0.331698016978423,-0.295312734110867,-0.267112693250886,
-0.233976212033504,-0.22641283118344,-0.222418549118126,-0.219182103202897,
-0.215434282834916,-0.209029025355715,-0.18759607733734,-0.157644574193084,
-0.121306819903849,-0.0692349018948129,0.),.UNSPECIFIED.);
#318=B_SPLINE_CURVE_WITH_KNOTS('',3,(#5349,#5350,#5351,#5352,#5353,#5354,
#5355,#5356,#5357,#5358,#5359,#5360,#5361,#5362,#5363,#5364,#5365,#5366,
#5367,#5368,#5369,#5370,#5371,#5372,#5373,#5374,#5375,#5376,#5377,#5378,
#5379,#5380),.UNSPECIFIED.,.F.,.F.,(4,2,2,2,2,2,2,2,2,2,2,2,2,2,2,4),(-0.431739306773261,
-0.379807373668187,-0.331698016979325,-0.295312734111392,-0.267112693251162,
-0.233976212033539,-0.226412831183407,-0.222418549118045,-0.219182103202855,
-0.21543428283493,-0.209029025355695,-0.187596077337297,-0.157644574193066,
-0.121306819903905,-0.0692349018949086,0.),.UNSPECIFIED.);
#319=B_SPLINE_CURVE_WITH_KNOTS('',3,(#5384,#5385,#5386,#5387,#5388,#5389,
#5390,#5391,#5392,#5393,#5394,#5395,#5396,#5397,#5398,#5399,#5400,#5401,
#5402,#5403,#5404,#5405,#5406,#5407,#5408,#5409,#5410,#5411,#5412,#5413,
#5414,#5415),.UNSPECIFIED.,.F.,.F.,(4,2,2,2,2,2,2,2,2,2,2,2,2,2,2,4),(-0.431739306774322,
-0.379807373668902,-0.331698016979692,-0.29531273411146,-0.26711269325094,
-0.233976212032908,-0.226412831182656,-0.222418549117274,-0.219182103202097,
-0.215434282834205,-0.209029025355068,-0.187596077336844,-0.157644574192786,
-0.121306819903752,-0.0692349018948562,0.),.UNSPECIFIED.);
#320=B_SPLINE_CURVE_WITH_KNOTS('',3,(#5419,#5420,#5421,#5422,#5423,#5424,
#5425,#5426,#5427,#5428,#5429,#5430,#5431,#5432,#5433,#5434,#5435,#5436,
#5437,#5438,#5439,#5440,#5441,#5442,#5443,#5444,#5445,#5446,#5447,#5448,
#5449,#5450),.UNSPECIFIED.,.F.,.F.,(4,2,2,2,2,2,2,2,2,2,2,2,2,2,2,4),(-0.431739306776112,
-0.37980737367023,-0.33169801698064,-0.295312734112194,-0.26711269325156,
-0.233976212033445,-0.226412831183211,-0.222418549117804,-0.219182103202563,
-0.215434282834607,-0.209029025355439,-0.187596077337112,-0.15764457419298,
-0.121306819903939,-0.0692349018949675,0.),.UNSPECIFIED.);
#321=B_SPLINE_CURVE_WITH_KNOTS('',3,(#5454,#5455,#5456,#5457,#5458,#5459,
#5460,#5461,#5462,#5463,#5464,#5465,#5466,#5467,#5468,#5469,#5470,#5471,
#5472,#5473,#5474,#5475,#5476,#5477,#5478,#5479,#5480,#5481,#5482,#5483,
#5484,#5485),.UNSPECIFIED.,.F.,.F.,(4,2,2,2,2,2,2,2,2,2,2,2,2,2,2,4),(-0.431739306775144,
-0.379807373669766,-0.331698016980577,-0.295312734112349,-0.267112693251875,
-0.233976212033943,-0.226412831183743,-0.22241854911838,-0.219182103203125,
-0.215434282835112,-0.209029025355867,-0.187596077337473,-0.157644574193214,
-0.12130681990399,-0.0692349018949163,0.),.UNSPECIFIED.);
#322=B_SPLINE_CURVE_WITH_KNOTS('',3,(#5489,#5490,#5491,#5492,#5493,#5494,
#5495,#5496,#5497,#5498,#5499,#5500,#5501,#5502,#5503,#5504,#5505,#5506,
#5507,#5508,#5509,#5510,#5511,#5512,#5513,#5514,#5515,#5516,#5517,#5518,
#5519,#5520),.UNSPECIFIED.,.F.,.F.,(4,2,2,2,2,2,2,2,2,2,2,2,2,2,2,4),(-0.431739306770336,
-0.379807373665918,-0.331698016977617,-0.295312734110051,-0.267112693250059,
-0.233976212032667,-0.226412831182551,-0.222418549117248,-0.219182103202067,
-0.215434282834146,-0.209029025355011,-0.187596077336794,-0.157644574192776,
-0.121306819903819,-0.069234901894927,0.),.UNSPECIFIED.);
#323=B_SPLINE_CURVE_WITH_KNOTS('',3,(#5524,#5525,#5526,#5527,#5528,#5529,
#5530,#5531,#5532,#5533,#5534,#5535,#5536,#5537,#5538,#5539,#5540,#5541,
#5542,#5543,#5544,#5545,#5546,#5547,#5548,#5549,#5550,#5551,#5552,#5553,
#5554,#5555),.UNSPECIFIED.,.F.,.F.,(4,2,2,2,2,2,2,2,2,2,2,2,2,2,2,4),(-0.43173930677276,
-0.379807373667821,-0.331698016979103,-0.295312734111293,-0.267112693251156,
-0.233976212033627,-0.226412831183521,-0.222418549118224,-0.21918210320301,
-0.215434282835042,-0.209029025355858,-0.187596077337451,-0.157644574193184,
-0.12130681990397,-0.0692349018949123,0.),.UNSPECIFIED.);
#324=B_SPLINE_CURVE_WITH_KNOTS('',3,(#5559,#5560,#5561,#5562,#5563,#5564,
#5565,#5566,#5567,#5568,#5569,#5570,#5571,#5572,#5573,#5574,#5575,#5576,
#5577,#5578,#5579,#5580,#5581,#5582,#5583,#5584,#5585,#5586,#5587,#5588,
#5589,#5590),.UNSPECIFIED.,.F.,.F.,(4,2,2,2,2,2,2,2,2,2,2,2,2,2,2,4),(-0.43173930677354,
-0.379807373668377,-0.331698016979457,-0.295312734111527,-0.26711269325129,
-0.233976212033659,-0.226412831183487,-0.222418549118166,-0.219182103202899,
-0.215434282834876,-0.209029025355693,-0.187596077337302,-0.157644574193083,
-0.121306819903931,-0.0692349018949203,0.),.UNSPECIFIED.);
#325=B_SPLINE_CURVE_WITH_KNOTS('',3,(#5594,#5595,#5596,#5597,#5598,#5599,
#5600,#5601,#5602,#5603,#5604,#5605,#5606,#5607,#5608,#5609,#5610,#5611,
#5612,#5613,#5614,#5615,#5616,#5617,#5618,#5619,#5620,#5621,#5622,#5623,
#5624,#5625),.UNSPECIFIED.,.F.,.F.,(4,2,2,2,2,2,2,2,2,2,2,2,2,2,2,4),(-0.431739306774105,
-0.379807373668831,-0.331698016979715,-0.295312734111544,-0.267112693251096,
-0.233976212033177,-0.226412831182939,-0.222418549117539,-0.219182103202323,
-0.215434282834392,-0.209029025355237,-0.187596077336951,-0.157644574192841,
-0.121306819903796,-0.0692349018948796,0.),.UNSPECIFIED.);
#326=B_SPLINE_CURVE_WITH_KNOTS('',3,(#5629,#5630,#5631,#5632,#5633,#5634,
#5635,#5636,#5637,#5638,#5639,#5640,#5641,#5642,#5643,#5644,#5645,#5646,
#5647,#5648,#5649,#5650,#5651,#5652,#5653,#5654,#5655,#5656,#5657,#5658,
#5659,#5660),.UNSPECIFIED.,.F.,.F.,(4,2,2,2,2,2,2,2,2,2,2,2,2,2,2,4),(-0.431739306773419,
-0.379807373668279,-0.33169801697929,-0.295312734111238,-0.267112693250892,
-0.233976212033116,-0.226412831182935,-0.222418549117563,-0.219182103202282,
-0.215434282834282,-0.209029025355167,-0.187596077336863,-0.157644574192764,
-0.121306819903749,-0.0692349018948734,0.),.UNSPECIFIED.);
#327=B_SPLINE_CURVE_WITH_KNOTS('',3,(#5664,#5665,#5666,#5667,#5668,#5669,
#5670,#5671,#5672,#5673,#5674,#5675,#5676,#5677,#5678,#5679,#5680,#5681,
#5682,#5683,#5684,#5685,#5686,#5687,#5688,#5689,#5690,#5691,#5692,#5693,
#5694,#5695),.UNSPECIFIED.,.F.,.F.,(4,2,2,2,2,2,2,2,2,2,2,2,2,2,2,4),(-0.431739306771033,
-0.379807373666534,-0.331698016978,-0.295312734110196,-0.267112693250009,
-0.233976212032376,-0.226412831182165,-0.222418549116919,-0.219182103201785,
-0.215434282833896,-0.209029025354807,-0.187596077336625,-0.157644574192645,
-0.121306819903714,-0.0692349018948758,0.),.UNSPECIFIED.);
#328=B_SPLINE_CURVE_WITH_KNOTS('',3,(#5699,#5700,#5701,#5702,#5703,#5704,
#5705,#5706,#5707,#5708,#5709,#5710,#5711,#5712,#5713,#5714,#5715,#5716,
#5717,#5718,#5719,#5720,#5721,#5722,#5723,#5724,#5725,#5726,#5727,#5728,
#5729,#5730),.UNSPECIFIED.,.F.,.F.,(4,2,2,2,2,2,2,2,2,2,2,2,2,2,2,4),(-0.431739306775054,
-0.379807373669393,-0.331698016979988,-0.295312734111655,-0.267112693251092,
-0.233976212033044,-0.226412831182848,-0.22241854911748,-0.219182103202253,
-0.215434282834314,-0.209029025355201,-0.187596077336904,-0.157644574192807,
-0.121306819903805,-0.069234901894911,0.),.UNSPECIFIED.);
#329=B_SPLINE_CURVE_WITH_KNOTS('',3,(#5734,#5735,#5736,#5737,#5738,#5739,
#5740,#5741,#5742,#5743,#5744,#5745,#5746,#5747,#5748,#5749,#5750,#5751,
#5752,#5753,#5754,#5755,#5756,#5757,#5758,#5759,#5760,#5761,#5762,#5763,
#5764,#5765),.UNSPECIFIED.,.F.,.F.,(4,2,2,2,2,2,2,2,2,2,2,2,2,2,2,4),(-0.431739306775539,
-0.379807373669982,-0.331698016980573,-0.29531273411214,-0.26711269325152,
-0.233976212033422,-0.226412831183171,-0.222418549117842,-0.219182103202556,
-0.215434282834517,-0.209029025355368,-0.187596077337048,-0.157644574192895,
-0.121306819903825,-0.0692349018948968,0.),.UNSPECIFIED.);
#330=B_SPLINE_CURVE_WITH_KNOTS('',3,(#5769,#5770,#5771,#5772,#5773,#5774,
#5775,#5776,#5777,#5778,#5779,#5780,#5781,#5782,#5783,#5784,#5785,#5786,
#5787,#5788,#5789,#5790,#5791,#5792,#5793,#5794,#5795,#5796,#5797,#5798,
#5799,#5800),.UNSPECIFIED.,.F.,.F.,(4,2,2,2,2,2,2,2,2,2,2,2,2,2,2,4),(-0.431739306775583,
-0.379807373670096,-0.331698016980801,-0.295312734112535,-0.267112693252069,
-0.233976212034184,-0.226412831183965,-0.22241854911866,-0.219182103203442,
-0.215434282835436,-0.209029025356148,-0.18759607733767,-0.157644574193353,
-0.121306819904088,-0.0692349018949655,0.),.UNSPECIFIED.);
#331=B_SPLINE_CURVE_WITH_KNOTS('',3,(#5804,#5805,#5806,#5807,#5808,#5809,
#5810,#5811,#5812,#5813,#5814,#5815,#5816,#5817,#5818,#5819,#5820,#5821,
#5822,#5823,#5824,#5825,#5826,#5827,#5828,#5829,#5830,#5831,#5832,#5833,
#5834,#5835),.UNSPECIFIED.,.F.,.F.,(4,2,2,2,2,2,2,2,2,2,2,2,2,2,2,4),(-0.431739306774499,
-0.379807373669244,-0.331698016980209,-0.295312734112155,-0.267112693251839,
-0.233976212034116,-0.226412831183992,-0.222418549118611,-0.219182103203277,
-0.215434282835199,-0.209029025355973,-0.187596077337535,-0.15764457419323,
-0.121306819903971,-0.0692349018948997,0.),.UNSPECIFIED.);
#332=B_SPLINE_CURVE_WITH_KNOTS('',3,(#5853,#5854,#5855,#5856,#5857,#5858,
#5859,#5860,#5861,#5862,#5863,#5864,#5865,#5866,#5867,#5868,#5869,#5870,
#5871,#5872,#5873,#5874,#5875,#5876,#5877,#5878,#5879,#5880,#5881,#5882,
#5883,#5884),.UNSPECIFIED.,.F.,.F.,(4,2,2,2,2,2,2,2,2,2,2,2,2,2,2,4),(-0.431739306778037,
-0.379807373671729,-0.331698016981652,-0.29531273411276,-0.267112693251794,
-0.23397621203329,-0.226412831182916,-0.222418549117497,-0.219182103202211,
-0.215434282834203,-0.209029025355057,-0.187596077336798,-0.157644574192741,
-0.121306819903776,-0.0692349018949051,0.),.UNSPECIFIED.);
#333=B_SPLINE_CURVE_WITH_KNOTS('',3,(#5888,#5889,#5890,#5891,#5892,#5893,
#5894,#5895,#5896,#5897,#5898,#5899,#5900,#5901,#5902,#5903,#5904,#5905,
#5906,#5907,#5908,#5909,#5910,#5911,#5912,#5913,#5914,#5915,#5916,#5917,
#5918,#5919),.UNSPECIFIED.,.F.,.F.,(4,2,2,2,2,2,2,2,2,2,2,2,2,2,2,4),(-0.431739306775602,
-0.3798073736702,-0.331698016980911,-0.295312734112582,-0.267112693252043,
-0.23397621203404,-0.226412831183831,-0.222418549118489,-0.219182103203196,
-0.215434282835152,-0.209029025355976,-0.187596077337527,-0.157644574193236,
-0.121306819904003,-0.0692349018949045,0.),.UNSPECIFIED.);
#334=B_SPLINE_CURVE_WITH_KNOTS('',3,(#5923,#5924,#5925,#5926,#5927,#5928,
#5929,#5930,#5931,#5932,#5933,#5934,#5935,#5936,#5937,#5938,#5939,#5940,
#5941,#5942,#5943,#5944,#5945,#5946,#5947,#5948,#5949,#5950,#5951,#5952,
#5953,#5954),.UNSPECIFIED.,.F.,.F.,(4,2,2,2,2,2,2,2,2,2,2,2,2,2,2,4),(-0.431739306771177,
-0.379807373666481,-0.331698016978067,-0.295312734110506,-0.267112693250552,
-0.233976212033236,-0.226412831183203,-0.222418549117938,-0.219182103202704,
-0.215434282834713,-0.209029025355554,-0.187596077337221,-0.157644574193072,
-0.121306819903994,-0.0692349018949803,0.),.UNSPECIFIED.);
#335=B_SPLINE_CURVE_WITH_KNOTS('',3,(#5958,#5959,#5960,#5961,#5962,#5963,
#5964,#5965,#5966,#5967,#5968,#5969,#5970,#5971,#5972,#5973,#5974,#5975,
#5976,#5977,#5978,#5979,#5980,#5981,#5982,#5983,#5984,#5985,#5986,#5987,
#5988,#5989),.UNSPECIFIED.,.F.,.F.,(4,2,2,2,2,2,2,2,2,2,2,2,2,2,2,4),(-0.431739306777572,
-0.379807373671564,-0.331698016981613,-0.295312734112731,-0.267112693251736,
-0.233976212033173,-0.226412831182828,-0.222418549117448,-0.219182103202238,
-0.215434282834313,-0.209029025355207,-0.187596077336903,-0.157644574192784,
-0.121306819903734,-0.0692349018948549,0.),.UNSPECIFIED.);
#336=B_SPLINE_CURVE_WITH_KNOTS('',3,(#5993,#5994,#5995,#5996,#5997,#5998,
#5999,#6000,#6001,#6002,#6003,#6004,#6005,#6006,#6007,#6008,#6009,#6010,
#6011,#6012,#6013,#6014,#6015,#6016,#6017,#6018,#6019,#6020,#6021,#6022,
#6023,#6024),.UNSPECIFIED.,.F.,.F.,(4,2,2,2,2,2,2,2,2,2,2,2,2,2,2,4),(-0.431739306780101,
-0.379807373673164,-0.331698016982638,-0.295312734113542,-0.267112693252367,
-0.233976212033596,-0.226412831183178,-0.222418549117665,-0.219182103202347,
-0.215434282834343,-0.209029025355198,-0.187596077336939,-0.157644574192814,
-0.12130681990374,-0.0692349018948436,0.),.UNSPECIFIED.);
#337=B_SPLINE_CURVE_WITH_KNOTS('',3,(#6028,#6029,#6030,#6031,#6032,#6033,
#6034,#6035,#6036,#6037,#6038,#6039,#6040,#6041,#6042,#6043,#6044,#6045,
#6046,#6047,#6048,#6049,#6050,#6051,#6052,#6053,#6054,#6055,#6056,#6057,
#6058,#6059),.UNSPECIFIED.,.F.,.F.,(4,2,2,2,2,2,2,2,2,2,2,2,2,2,2,4),(-0.43173930677645,
-0.379807373670322,-0.33169801698074,-0.295312734112375,-0.2671126932518,
-0.233976212033764,-0.226412831183557,-0.222418549118242,-0.219182103203048,
-0.2154342828351,-0.209029025355893,-0.187596077337462,-0.157644574193179,
-0.121306819903961,-0.0692349018948915,0.),.UNSPECIFIED.);
#338=B_SPLINE_CURVE_WITH_KNOTS('',3,(#6063,#6064,#6065,#6066,#6067,#6068,
#6069,#6070,#6071,#6072,#6073,#6074,#6075,#6076,#6077,#6078,#6079,#6080,
#6081,#6082,#6083,#6084,#6085,#6086,#6087,#6088,#6089,#6090,#6091,#6092,
#6093,#6094),.UNSPECIFIED.,.F.,.F.,(4,2,2,2,2,2,2,2,2,2,2,2,2,2,2,4),(-0.431739306770616,
-0.379807373666058,-0.331698016977699,-0.295312734110188,-0.267112693250265,
-0.233976212032978,-0.226412831182938,-0.222418549117639,-0.219182103202439,
-0.215434282834493,-0.209029025355305,-0.187596077336984,-0.157644574192835,
-0.121306819903743,-0.0692349018948485,0.),.UNSPECIFIED.);
#339=B_SPLINE_CURVE_WITH_KNOTS('',3,(#6098,#6099,#6100,#6101,#6102,#6103,
#6104,#6105,#6106,#6107,#6108,#6109,#6110,#6111,#6112,#6113,#6114,#6115,
#6116,#6117,#6118,#6119,#6120,#6121,#6122,#6123,#6124,#6125,#6126,#6127,
#6128,#6129),.UNSPECIFIED.,.F.,.F.,(4,2,2,2,2,2,2,2,2,2,2,2,2,2,2,4),(-0.431739306778415,
-0.379807373672283,-0.331698016982403,-0.295312734113612,-0.267112693252682,
-0.233976212034188,-0.226412831183879,-0.222418549118397,-0.219182103203093,
-0.21543428283507,-0.209029025355832,-0.187596077337465,-0.157644574193219,
-0.121306819903987,-0.069234901894903,0.),.UNSPECIFIED.);
#340=B_SPLINE_CURVE_WITH_KNOTS('',3,(#6133,#6134,#6135,#6136,#6137,#6138,
#6139,#6140,#6141,#6142,#6143,#6144,#6145,#6146,#6147,#6148,#6149,#6150,
#6151,#6152,#6153,#6154,#6155,#6156,#6157,#6158,#6159,#6160,#6161,#6162,
#6163,#6164),.UNSPECIFIED.,.F.,.F.,(4,2,2,2,2,2,2,2,2,2,2,2,2,2,2,4),(-0.431739306769884,
-0.379807373665353,-0.331698016977148,-0.295312734109821,-0.267112693250023,
-0.233976212032874,-0.226412831182813,-0.222418549117505,-0.219182103202304,
-0.215434282834354,-0.209029025355165,-0.187596077336888,-0.157644574192772,
-0.121306819903708,-0.0692349018948346,0.),.UNSPECIFIED.);
#341=B_SPLINE_CURVE_WITH_KNOTS('',3,(#6168,#6169,#6170,#6171,#6172,#6173,
#6174,#6175,#6176,#6177,#6178,#6179,#6180,#6181,#6182,#6183,#6184,#6185,
#6186,#6187,#6188,#6189,#6190,#6191,#6192,#6193,#6194,#6195,#6196,#6197,
#6198,#6199),.UNSPECIFIED.,.F.,.F.,(4,2,2,2,2,2,2,2,2,2,2,2,2,2,2,4),(-0.431739306772428,
-0.379807373667804,-0.331698016979169,-0.29531273411127,-0.267112693251018,
-0.233976212033324,-0.226412831183158,-0.222418549117821,-0.219182103202568,
-0.215434282834576,-0.209029025355436,-0.187596077337121,-0.157644574192954,
-0.121306819903821,-0.0692349018948476,0.),.UNSPECIFIED.);
#342=B_SPLINE_CURVE_WITH_KNOTS('',3,(#6203,#6204,#6205,#6206,#6207,#6208,
#6209,#6210,#6211,#6212,#6213,#6214,#6215,#6216,#6217,#6218,#6219,#6220,
#6221,#6222,#6223,#6224,#6225,#6226,#6227,#6228,#6229,#6230,#6231,#6232,
#6233,#6234),.UNSPECIFIED.,.F.,.F.,(4,2,2,2,2,2,2,2,2,2,2,2,2,2,2,4),(-0.431739306776965,
-0.379807373670836,-0.331698016981166,-0.295312734112721,-0.267112693252109,
-0.23397621203405,-0.226412831183857,-0.22241854911843,-0.21918210320314,
-0.215434282835135,-0.209029025355935,-0.187596077337521,-0.157644574193285,
-0.121306819904148,-0.0692349018950431,0.),.UNSPECIFIED.);
#343=B_SPLINE_CURVE_WITH_KNOTS('',3,(#6238,#6239,#6240,#6241,#6242,#6243,
#6244,#6245,#6246,#6247,#6248,#6249,#6250,#6251,#6252,#6253,#6254,#6255,
#6256,#6257,#6258,#6259,#6260,#6261,#6262,#6263,#6264,#6265,#6266,#6267,
#6268,#6269),.UNSPECIFIED.,.F.,.F.,(4,2,2,2,2,2,2,2,2,2,2,2,2,2,2,4),(-0.431739306772656,
-0.379807373668172,-0.331698016979557,-0.295312734111694,-0.267112693251558,
-0.233976212034081,-0.226412831183953,-0.222418549118705,-0.219182103203429,
-0.215434282835367,-0.209029025356169,-0.187596077337636,-0.157644574193263,
-0.121306819903965,-0.0692349018949022,0.),.UNSPECIFIED.);
#344=B_SPLINE_CURVE_WITH_KNOTS('',3,(#6273,#6274,#6275,#6276,#6277,#6278,
#6279,#6280,#6281,#6282,#6283,#6284,#6285,#6286,#6287,#6288,#6289,#6290,
#6291,#6292,#6293,#6294,#6295,#6296,#6297,#6298,#6299,#6300,#6301,#6302,
#6303,#6304),.UNSPECIFIED.,.F.,.F.,(4,2,2,2,2,2,2,2,2,2,2,2,2,2,2,4),(-0.431739306772625,
-0.379807373667275,-0.33169801697854,-0.295312734110922,-0.26711269325094,
-0.233976212033626,-0.226412831183579,-0.222418549118229,-0.219182103203014,
-0.21543428283507,-0.20902902535586,-0.187596077337431,-0.157644574193214,
-0.121306819904055,-0.0692349018949838,0.),.UNSPECIFIED.);
#345=B_SPLINE_CURVE_WITH_KNOTS('',3,(#6308,#6309,#6310,#6311,#6312,#6313,
#6314,#6315,#6316,#6317,#6318,#6319,#6320,#6321,#6322,#6323,#6324,#6325,
#6326,#6327,#6328,#6329,#6330,#6331,#6332,#6333,#6334,#6335,#6336,#6337,
#6338,#6339),.UNSPECIFIED.,.F.,.F.,(4,2,2,2,2,2,2,2,2,2,2,2,2,2,2,4),(-0.431739306775514,
-0.379807373669875,-0.331698016980495,-0.295312734112202,-0.267112693251708,
-0.233976212033781,-0.226412831183581,-0.222418549118229,-0.219182103203006,
-0.215434282835019,-0.209029025355748,-0.18759607733733,-0.157644574193053,
-0.121306819903877,-0.0692349018948852,0.),.UNSPECIFIED.);
#346=B_SPLINE_CURVE_WITH_KNOTS('',3,(#6440,#6441,#6442,#6443,#6444,#6445,
#6446,#6447,#6448,#6449,#6450,#6451,#6452,#6453,#6454,#6455),
 .UNSPECIFIED.,.F.,.F.,(4,2,2,2,2,2,2,4),(0.,0.424953936588087,0.854221764459285,
1.41786725319527,1.93959189349739,2.30302366479779,2.48737911002383,2.66539421505804),
 .UNSPECIFIED.);
#347=B_SPLINE_CURVE_WITH_KNOTS('',3,(#6456,#6457,#6458,#6459,#6460,#6461,
#6462,#6463,#6464,#6465,#6466,#6467,#6468,#6469,#6470,#6471,#6472,#6473),
 .UNSPECIFIED.,.F.,.F.,(4,2,2,2,2,2,2,2,4),(0.373139991963071,0.544407795362024,
0.814990068902159,1.37019837307986,1.65315865456011,2.22179266339493,2.85078580668095,
3.19471189204453,3.36571304320617),.UNSPECIFIED.);
#348=B_SPLINE_CURVE_WITH_KNOTS('',3,(#6475,#6476,#6477,#6478,#6479,#6480,
#6481,#6482,#6483,#6484,#6485,#6486,#6487,#6488,#6489,#6490),
 .UNSPECIFIED.,.F.,.F.,(4,2,2,2,2,2,2,4),(0.,0.424953936588094,0.854221764459074,
1.41786725319481,1.93959189349664,2.30302366479686,2.48737911002282,2.66539421505697),
 .UNSPECIFIED.);
#349=B_SPLINE_CURVE_WITH_KNOTS('',3,(#6491,#6492,#6493,#6494,#6495,#6496,
#6497,#6498,#6499,#6500,#6501,#6502,#6503,#6504,#6505,#6506,#6507,#6508),
 .UNSPECIFIED.,.F.,.F.,(4,2,2,2,2,2,2,2,4),(0.373139991963075,0.54440779536205,
0.8149900689022,1.37019837307993,1.65315865456019,2.22179266339503,2.85078580668109,
3.1947118920447,3.36571304320634),.UNSPECIFIED.);
#350=B_SPLINE_CURVE_WITH_KNOTS('',3,(#6934,#6935,#6936,#6937,#6938,#6939,
#6940,#6941,#6942,#6943,#6944,#6945,#6946,#6947,#6948,#6949,#6950,#6951,
#6952,#6953,#6954,#6955,#6956,#6957,#6958,#6959,#6960,#6961,#6962,#6963,
#6964,#6965,#6966,#6967),.UNSPECIFIED.,.F.,.F.,(4,3,3,3,3,3,3,3,3,3,3,4),
(5.3016706820622,6.17872219999517,7.05616722417697,7.93361224835877,8.81105727254057,
9.68850229672236,10.5659473209042,11.443392345086,12.3208373692678,13.1982823934496,
14.0757274176314,14.0761209238802),.UNSPECIFIED.);
#351=CIRCLE('',#1985,13.91746825);
#352=CIRCLE('',#1990,13.91746825);
#353=CIRCLE('',#1992,15.);
#354=CIRCLE('',#1997,15.);
#355=CIRCLE('',#1999,8.5183541999992);
#356=CIRCLE('',#2000,0.5);
#357=CIRCLE('',#2001,8.94427190999916);
#358=CIRCLE('',#2017,9.88383926250932);
#359=CIRCLE('',#2018,10.2578758565326);
#360=CIRCLE('',#2022,18.);
#361=CIRCLE('',#2023,2.);
#362=CIRCLE('',#2024,20.);
#363=CIRCLE('',#2025,20.);
#364=CIRCLE('',#2026,20.);
#365=CIRCLE('',#2027,20.);
#366=CIRCLE('',#2028,20.);
#367=CIRCLE('',#2029,20.);
#368=CIRCLE('',#2030,20.);
#369=CIRCLE('',#2031,20.);
#370=CIRCLE('',#2032,20.);
#371=CIRCLE('',#2033,20.);
#372=CIRCLE('',#2034,20.);
#373=CIRCLE('',#2035,20.);
#374=CIRCLE('',#2036,20.);
#375=CIRCLE('',#2037,20.);
#376=CIRCLE('',#2038,20.);
#377=CIRCLE('',#2039,20.);
#378=CIRCLE('',#2040,20.);
#379=CIRCLE('',#2041,20.);
#380=CIRCLE('',#2042,20.);
#381=CIRCLE('',#2043,20.);
#382=CIRCLE('',#2044,20.);
#383=CIRCLE('',#2045,20.);
#384=CIRCLE('',#2046,20.);
#385=CIRCLE('',#2047,20.);
#386=CIRCLE('',#2048,20.);
#387=CIRCLE('',#2049,20.);
#388=CIRCLE('',#2050,20.);
#389=CIRCLE('',#2051,20.);
#390=CIRCLE('',#2052,20.);
#391=CIRCLE('',#2053,20.);
#392=CIRCLE('',#2054,20.);
#393=CIRCLE('',#2055,20.);
#394=CIRCLE('',#2056,20.);
#395=CIRCLE('',#2057,20.);
#396=CIRCLE('',#2058,20.);
#397=CIRCLE('',#2059,20.);
#398=CIRCLE('',#2060,20.);
#399=CIRCLE('',#2061,20.);
#400=CIRCLE('',#2062,20.);
#401=CIRCLE('',#2063,20.);
#402=CIRCLE('',#2064,20.);
#403=CIRCLE('',#2065,20.);
#404=CIRCLE('',#2066,20.);
#405=CIRCLE('',#2068,18.);
#406=CIRCLE('',#2069,2.);
#407=CIRCLE('',#2070,20.);
#408=CIRCLE('',#2071,20.);
#409=CIRCLE('',#2072,20.);
#410=CIRCLE('',#2073,20.);
#411=CIRCLE('',#2074,20.);
#412=CIRCLE('',#2075,20.);
#413=CIRCLE('',#2076,20.);
#414=CIRCLE('',#2077,20.);
#415=CIRCLE('',#2078,20.);
#416=CIRCLE('',#2079,20.);
#417=CIRCLE('',#2080,20.);
#418=CIRCLE('',#2081,20.);
#419=CIRCLE('',#2082,20.);
#420=CIRCLE('',#2083,20.);
#421=CIRCLE('',#2084,20.);
#422=CIRCLE('',#2085,20.);
#423=CIRCLE('',#2086,20.);
#424=CIRCLE('',#2087,20.);
#425=CIRCLE('',#2088,20.);
#426=CIRCLE('',#2089,20.);
#427=CIRCLE('',#2090,20.);
#428=CIRCLE('',#2091,20.);
#429=CIRCLE('',#2092,20.);
#430=CIRCLE('',#2093,20.);
#431=CIRCLE('',#2094,20.);
#432=CIRCLE('',#2095,20.);
#433=CIRCLE('',#2096,20.);
#434=CIRCLE('',#2097,20.);
#435=CIRCLE('',#2098,20.);
#436=CIRCLE('',#2099,20.);
#437=CIRCLE('',#2100,20.);
#438=CIRCLE('',#2101,20.);
#439=CIRCLE('',#2102,20.);
#440=CIRCLE('',#2103,20.);
#441=CIRCLE('',#2104,20.);
#442=CIRCLE('',#2105,20.);
#443=CIRCLE('',#2106,20.);
#444=CIRCLE('',#2107,20.);
#445=CIRCLE('',#2108,20.);
#446=CIRCLE('',#2109,20.);
#447=CIRCLE('',#2110,20.);
#448=CIRCLE('',#2111,20.);
#449=CIRCLE('',#2112,20.);
#450=(
BOUNDED_CURVE()
B_SPLINE_CURVE(2,(#2696,#2697,#2698,#2699,#2700,#2701,#2702,#2703,#2704,
#2705,#2706),.UNSPECIFIED.,.F.,.F.)
B_SPLINE_CURVE_WITH_KNOTS((3,2,2,2,2,3),(0.65,0.66,0.67,0.68,0.69,0.693778764934484),
 .UNSPECIFIED.)
CURVE()
GEOMETRIC_REPRESENTATION_ITEM()
RATIONAL_B_SPLINE_CURVE((1.,0.951056516295154,1.,0.951056516295154,1.,0.951056516295154,
1.,0.951056516295154,1.,0.981505408000462,0.976988159146014))
REPRESENTATION_ITEM('')
);
#451=(
BOUNDED_CURVE()
B_SPLINE_CURVE(2,(#2732,#2733,#2734,#2735,#2736,#2737,#2738,#2739,#2740,
#2741,#2742,#2743,#2744,#2745,#2746,#2747,#2748,#2749,#2750,#2751,#2752),
 .UNSPECIFIED.,.F.,.F.)
B_SPLINE_CURVE_WITH_KNOTS((3,2,2,2,2,2,2,2,2,2,3),(0.55,0.56,0.57,0.58,
0.59,0.6,0.61,0.62,0.63,0.64,0.65),.UNSPECIFIED.)
CURVE()
GEOMETRIC_REPRESENTATION_ITEM()
RATIONAL_B_SPLINE_CURVE((1.,0.951056516295154,1.,0.951056516295154,1.,0.951056516295154,
1.,0.951056516295154,1.,0.951056516295154,1.,0.951056516295154,1.,0.951056516295154,
1.,0.951056516295154,1.,0.951056516295154,1.,0.951056516295154,1.))
REPRESENTATION_ITEM('')
);
#452=(
BOUNDED_CURVE()
B_SPLINE_CURVE(2,(#2791,#2792,#2793,#2794,#2795,#2796,#2797,#2798,#2799,
#2800,#2801,#2802,#2803,#2804,#2805,#2806,#2807,#2808,#2809,#2810,#2811),
 .UNSPECIFIED.,.F.,.F.)
B_SPLINE_CURVE_WITH_KNOTS((3,2,2,2,2,2,2,2,2,2,3),(0.45,0.46,0.47,0.48,
0.49,0.5,0.51,0.52,0.53,0.54,0.55),.UNSPECIFIED.)
CURVE()
GEOMETRIC_REPRESENTATION_ITEM()
RATIONAL_B_SPLINE_CURVE((1.,0.951056516295154,1.,0.951056516295154,1.,0.951056516295154,
1.,0.951056516295154,1.,0.951056516295154,1.,0.951056516295154,1.,0.951056516295154,
1.,0.951056516295154,1.,0.951056516295154,1.,0.951056516295154,1.))
REPRESENTATION_ITEM('')
);
#453=(
BOUNDED_CURVE()
B_SPLINE_CURVE(2,(#2850,#2851,#2852,#2853,#2854,#2855,#2856,#2857,#2858,
#2859,#2860,#2861,#2862,#2863,#2864,#2865,#2866,#2867,#2868,#2869,#2870),
 .UNSPECIFIED.,.F.,.F.)
B_SPLINE_CURVE_WITH_KNOTS((3,2,2,2,2,2,2,2,2,2,3),(0.35,0.36,0.37,0.38,
0.39,0.4,0.41,0.42,0.43,0.44,0.45),.UNSPECIFIED.)
CURVE()
GEOMETRIC_REPRESENTATION_ITEM()
RATIONAL_B_SPLINE_CURVE((1.,0.951056516295154,1.,0.951056516295154,1.,0.951056516295154,
1.,0.951056516295154,1.,0.951056516295154,1.,0.951056516295154,1.,0.951056516295154,
1.,0.951056516295154,1.,0.951056516295154,1.,0.951056516295154,1.))
REPRESENTATION_ITEM('')
);
#454=(
BOUNDED_CURVE()
B_SPLINE_CURVE(2,(#2934,#2935,#2936,#2937,#2938,#2939,#2940,#2941,#2942,
#2943,#2944,#2945,#2946),.UNSPECIFIED.,.F.,.F.)
B_SPLINE_CURVE_WITH_KNOTS((3,2,2,2,2,2,3),(0.193778764934484,0.2,0.21,0.22,
0.23,0.24,0.25),.UNSPECIFIED.)
CURVE()
GEOMETRIC_REPRESENTATION_ITEM()
RATIONAL_B_SPLINE_CURVE((0.976988159146014,0.969551108294692,1.,0.951056516295154,
1.,0.951056516295154,1.,0.951056516295154,1.,0.951056516295154,1.,0.951056516295154,
1.))
REPRESENTATION_ITEM('')
);
#455=(
BOUNDED_CURVE()
B_SPLINE_CURVE(2,(#6912,#6913,#6914,#6915,#6916,#6917,#6918,#6919,#6920,
#6921,#6922,#6923,#6924,#6925,#6926,#6927,#6928,#6929,#6930,#6931,#6932),
 .UNSPECIFIED.,.F.,.F.)
B_SPLINE_CURVE_WITH_KNOTS((3,2,2,2,2,2,2,2,2,2,3),(0.25,0.26,0.27,0.28,
0.29,0.3,0.31,0.32,0.33,0.34,0.35),.UNSPECIFIED.)
CURVE()
GEOMETRIC_REPRESENTATION_ITEM()
RATIONAL_B_SPLINE_CURVE((1.,0.951056516295154,1.,0.951056516295154,1.,0.951056516295154,
1.,0.951056516295154,1.,0.951056516295154,1.,0.951056516295154,1.,0.951056516295154,
1.,0.951056516295154,1.,0.951056516295154,1.,0.951056516295154,1.))
REPRESENTATION_ITEM('')
);
#456=LINE('',#2694,#551);
#457=LINE('',#2731,#552);
#458=LINE('',#2790,#553);
#459=LINE('',#2849,#554);
#460=LINE('',#2908,#555);
#461=LINE('',#2950,#556);
#462=LINE('',#2980,#557);
#463=LINE('',#3054,#558);
#464=LINE('',#3128,#559);
#465=LINE('',#3204,#560);
#466=LINE('',#3305,#561);
#467=LINE('',#3339,#562);
#468=LINE('',#3376,#563);
#469=LINE('',#3410,#564);
#470=LINE('',#3447,#565);
#471=LINE('',#3481,#566);
#472=LINE('',#3518,#567);
#473=LINE('',#3552,#568);
#474=LINE('',#3589,#569);
#475=LINE('',#3623,#570);
#476=LINE('',#3660,#571);
#477=LINE('',#3694,#572);
#478=LINE('',#3731,#573);
#479=LINE('',#3765,#574);
#480=LINE('',#3802,#575);
#481=LINE('',#3836,#576);
#482=LINE('',#3873,#577);
#483=LINE('',#3907,#578);
#484=LINE('',#3944,#579);
#485=LINE('',#3978,#580);
#486=LINE('',#4015,#581);
#487=LINE('',#4049,#582);
#488=LINE('',#4086,#583);
#489=LINE('',#4120,#584);
#490=LINE('',#4157,#585);
#491=LINE('',#4191,#586);
#492=LINE('',#4228,#587);
#493=LINE('',#4262,#588);
#494=LINE('',#4267,#589);
#495=LINE('',#6343,#590);
#496=LINE('',#6344,#591);
#497=LINE('',#6346,#592);
#498=LINE('',#6347,#593);
#499=LINE('',#6349,#594);
#500=LINE('',#6350,#595);
#501=LINE('',#6352,#596);
#502=LINE('',#6353,#597);
#503=LINE('',#6355,#598);
#504=LINE('',#6356,#599);
#505=LINE('',#6358,#600);
#506=LINE('',#6359,#601);
#507=LINE('',#6361,#602);
#508=LINE('',#6362,#603);
#509=LINE('',#6364,#604);
#510=LINE('',#6365,#605);
#511=LINE('',#6367,#606);
#512=LINE('',#6368,#607);
#513=LINE('',#6370,#608);
#514=LINE('',#6371,#609);
#515=LINE('',#6373,#610);
#516=LINE('',#6374,#611);
#517=LINE('',#6376,#612);
#518=LINE('',#6377,#613);
#519=LINE('',#6379,#614);
#520=LINE('',#6380,#615);
#521=LINE('',#6382,#616);
#522=LINE('',#6383,#617);
#523=LINE('',#6385,#618);
#524=LINE('',#6386,#619);
#525=LINE('',#6388,#620);
#526=LINE('',#6389,#621);
#527=LINE('',#6391,#622);
#528=LINE('',#6405,#623);
#529=LINE('',#6407,#624);
#530=LINE('',#6408,#625);
#531=LINE('',#6410,#626);
#532=LINE('',#6411,#627);
#533=LINE('',#6413,#628);
#534=LINE('',#6414,#629);
#535=LINE('',#6416,#630);
#536=LINE('',#6417,#631);
#537=LINE('',#6419,#632);
#538=LINE('',#6420,#633);
#539=LINE('',#6422,#634);
#540=LINE('',#6423,#635);
#541=LINE('',#6425,#636);
#542=LINE('',#6426,#637);
#543=LINE('',#6428,#638);
#544=LINE('',#6429,#639);
#545=LINE('',#6431,#640);
#546=LINE('',#6432,#641);
#547=LINE('',#6434,#642);
#548=LINE('',#6435,#643);
#549=LINE('',#6437,#644);
#550=LINE('',#6438,#645);
#551=VECTOR('',#2191,13.91746825);
#552=VECTOR('',#2196,13.91746825);
#553=VECTOR('',#2199,13.91746825);
#554=VECTOR('',#2202,13.91746825);
#555=VECTOR('',#2205,13.91746825);
#556=VECTOR('',#2210,15.);
#557=VECTOR('',#2215,15.);
#558=VECTOR('',#2218,15.);
#559=VECTOR('',#2221,15.);
#560=VECTOR('',#2224,15.);
#561=VECTOR('',#2237,1000.);
#562=VECTOR('',#2238,1000.);
#563=VECTOR('',#2241,1000.);
#564=VECTOR('',#2242,1000.);
#565=VECTOR('',#2245,1000.);
#566=VECTOR('',#2246,1000.);
#567=VECTOR('',#2249,1000.);
#568=VECTOR('',#2250,1000.);
#569=VECTOR('',#2253,1000.);
#570=VECTOR('',#2254,1000.);
#571=VECTOR('',#2257,1000.);
#572=VECTOR('',#2258,1000.);
#573=VECTOR('',#2261,1000.);
#574=VECTOR('',#2262,1000.);
#575=VECTOR('',#2265,1000.);
#576=VECTOR('',#2266,1000.);
#577=VECTOR('',#2269,1000.);
#578=VECTOR('',#2270,1000.);
#579=VECTOR('',#2273,1000.);
#580=VECTOR('',#2274,1000.);
#581=VECTOR('',#2277,1000.);
#582=VECTOR('',#2278,1000.);
#583=VECTOR('',#2281,1000.);
#584=VECTOR('',#2282,1000.);
#585=VECTOR('',#2285,1000.);
#586=VECTOR('',#2286,1000.);
#587=VECTOR('',#2289,1000.);
#588=VECTOR('',#2290,1000.);
#589=VECTOR('',#2295,10.2578758565326);
#590=VECTOR('',#2490,1000.);
#591=VECTOR('',#2491,1000.);
#592=VECTOR('',#2494,1000.);
#593=VECTOR('',#2495,1000.);
#594=VECTOR('',#2498,1000.);
#595=VECTOR('',#2499,1000.);
#596=VECTOR('',#2502,1000.);
#597=VECTOR('',#2503,1000.);
#598=VECTOR('',#2506,1000.);
#599=VECTOR('',#2507,1000.);
#600=VECTOR('',#2510,1000.);
#601=VECTOR('',#2511,1000.);
#602=VECTOR('',#2514,1000.);
#603=VECTOR('',#2515,1000.);
#604=VECTOR('',#2518,1000.);
#605=VECTOR('',#2519,1000.);
#606=VECTOR('',#2522,1000.);
#607=VECTOR('',#2523,1000.);
#608=VECTOR('',#2526,1000.);
#609=VECTOR('',#2527,1000.);
#610=VECTOR('',#2530,1000.);
#611=VECTOR('',#2531,1000.);
#612=VECTOR('',#2534,1000.);
#613=VECTOR('',#2535,1000.);
#614=VECTOR('',#2538,1000.);
#615=VECTOR('',#2539,1000.);
#616=VECTOR('',#2542,1000.);
#617=VECTOR('',#2543,1000.);
#618=VECTOR('',#2546,1000.);
#619=VECTOR('',#2547,1000.);
#620=VECTOR('',#2550,1000.);
#621=VECTOR('',#2551,1000.);
#622=VECTOR('',#2554,1000.);
#623=VECTOR('',#2581,1000.);
#624=VECTOR('',#2584,1000.);
#625=VECTOR('',#2585,1000.);
#626=VECTOR('',#2588,1000.);
#627=VECTOR('',#2589,1000.);
#628=VECTOR('',#2592,1000.);
#629=VECTOR('',#2593,1000.);
#630=VECTOR('',#2596,1000.);
#631=VECTOR('',#2597,1000.);
#632=VECTOR('',#2600,1000.);
#633=VECTOR('',#2601,1000.);
#634=VECTOR('',#2604,1000.);
#635=VECTOR('',#2605,1000.);
#636=VECTOR('',#2608,1000.);
#637=VECTOR('',#2609,1000.);
#638=VECTOR('',#2612,1000.);
#639=VECTOR('',#2613,1000.);
#640=VECTOR('',#2616,1000.);
#641=VECTOR('',#2617,1000.);
#642=VECTOR('',#2620,1000.);
#643=VECTOR('',#2621,1000.);
#644=VECTOR('',#2624,1000.);
#645=VECTOR('',#2625,1000.);
#646=VERTEX_POINT('',#2692);
#647=VERTEX_POINT('',#2693);
#648=VERTEX_POINT('',#2695);
#649=VERTEX_POINT('',#2707);
#650=VERTEX_POINT('',#2729);
#651=VERTEX_POINT('',#2730);
#652=VERTEX_POINT('',#2788);
#653=VERTEX_POINT('',#2789);
#654=VERTEX_POINT('',#2847);
#655=VERTEX_POINT('',#2848);
#656=VERTEX_POINT('',#2906);
#657=VERTEX_POINT('',#2907);
#658=VERTEX_POINT('',#2909);
#659=VERTEX_POINT('',#2932);
#660=VERTEX_POINT('',#2948);
#661=VERTEX_POINT('',#2949);
#662=VERTEX_POINT('',#2951);
#663=VERTEX_POINT('',#2959);
#664=VERTEX_POINT('',#2978);
#665=VERTEX_POINT('',#2979);
#666=VERTEX_POINT('',#3052);
#667=VERTEX_POINT('',#3053);
#668=VERTEX_POINT('',#3126);
#669=VERTEX_POINT('',#3127);
#670=VERTEX_POINT('',#3202);
#671=VERTEX_POINT('',#3203);
#672=VERTEX_POINT('',#3205);
#673=VERTEX_POINT('',#3230);
#674=VERTEX_POINT('',#3264);
#675=VERTEX_POINT('',#3266);
#676=VERTEX_POINT('',#3270);
#677=VERTEX_POINT('',#3271);
#678=VERTEX_POINT('',#3304);
#679=VERTEX_POINT('',#3306);
#680=VERTEX_POINT('',#3341);
#681=VERTEX_POINT('',#3342);
#682=VERTEX_POINT('',#3375);
#683=VERTEX_POINT('',#3377);
#684=VERTEX_POINT('',#3412);
#685=VERTEX_POINT('',#3413);
#686=VERTEX_POINT('',#3446);
#687=VERTEX_POINT('',#3448);
#688=VERTEX_POINT('',#3483);
#689=VERTEX_POINT('',#3484);
#690=VERTEX_POINT('',#3517);
#691=VERTEX_POINT('',#3519);
#692=VERTEX_POINT('',#3554);
#693=VERTEX_POINT('',#3555);
#694=VERTEX_POINT('',#3588);
#695=VERTEX_POINT('',#3590);
#696=VERTEX_POINT('',#3625);
#697=VERTEX_POINT('',#3626);
#698=VERTEX_POINT('',#3659);
#699=VERTEX_POINT('',#3661);
#700=VERTEX_POINT('',#3696);
#701=VERTEX_POINT('',#3697);
#702=VERTEX_POINT('',#3730);
#703=VERTEX_POINT('',#3732);
#704=VERTEX_POINT('',#3767);
#705=VERTEX_POINT('',#3768);
#706=VERTEX_POINT('',#3801);
#707=VERTEX_POINT('',#3803);
#708=VERTEX_POINT('',#3838);
#709=VERTEX_POINT('',#3839);
#710=VERTEX_POINT('',#3872);
#711=VERTEX_POINT('',#3874);
#712=VERTEX_POINT('',#3909);
#713=VERTEX_POINT('',#3910);
#714=VERTEX_POINT('',#3943);
#715=VERTEX_POINT('',#3945);
#716=VERTEX_POINT('',#3980);
#717=VERTEX_POINT('',#3981);
#718=VERTEX_POINT('',#4014);
#719=VERTEX_POINT('',#4016);
#720=VERTEX_POINT('',#4051);
#721=VERTEX_POINT('',#4052);
#722=VERTEX_POINT('',#4085);
#723=VERTEX_POINT('',#4087);
#724=VERTEX_POINT('',#4122);
#725=VERTEX_POINT('',#4123);
#726=VERTEX_POINT('',#4156);
#727=VERTEX_POINT('',#4158);
#728=VERTEX_POINT('',#4193);
#729=VERTEX_POINT('',#4194);
#730=VERTEX_POINT('',#4227);
#731=VERTEX_POINT('',#4229);
#732=VERTEX_POINT('',#4264);
#733=VERTEX_POINT('',#4266);
#734=VERTEX_POINT('',#4342);
#735=VERTEX_POINT('',#4344);
#736=VERTEX_POINT('',#4353);
#737=VERTEX_POINT('',#4355);
#738=VERTEX_POINT('',#4388);
#739=VERTEX_POINT('',#4390);
#740=VERTEX_POINT('',#4423);
#741=VERTEX_POINT('',#4425);
#742=VERTEX_POINT('',#4458);
#743=VERTEX_POINT('',#4460);
#744=VERTEX_POINT('',#4493);
#745=VERTEX_POINT('',#4495);
#746=VERTEX_POINT('',#4528);
#747=VERTEX_POINT('',#4530);
#748=VERTEX_POINT('',#4563);
#749=VERTEX_POINT('',#4565);
#750=VERTEX_POINT('',#4598);
#751=VERTEX_POINT('',#4600);
#752=VERTEX_POINT('',#4633);
#753=VERTEX_POINT('',#4635);
#754=VERTEX_POINT('',#4668);
#755=VERTEX_POINT('',#4670);
#756=VERTEX_POINT('',#4703);
#757=VERTEX_POINT('',#4705);
#758=VERTEX_POINT('',#4738);
#759=VERTEX_POINT('',#4740);
#760=VERTEX_POINT('',#4773);
#761=VERTEX_POINT('',#4775);
#762=VERTEX_POINT('',#4808);
#763=VERTEX_POINT('',#4810);
#764=VERTEX_POINT('',#4843);
#765=VERTEX_POINT('',#4845);
#766=VERTEX_POINT('',#4878);
#767=VERTEX_POINT('',#4880);
#768=VERTEX_POINT('',#4913);
#769=VERTEX_POINT('',#4915);
#770=VERTEX_POINT('',#4948);
#771=VERTEX_POINT('',#4950);
#772=VERTEX_POINT('',#4983);
#773=VERTEX_POINT('',#4985);
#774=VERTEX_POINT('',#5018);
#775=VERTEX_POINT('',#5020);
#776=VERTEX_POINT('',#5053);
#777=VERTEX_POINT('',#5055);
#778=VERTEX_POINT('',#5088);
#779=VERTEX_POINT('',#5090);
#780=VERTEX_POINT('',#5123);
#781=VERTEX_POINT('',#5125);
#782=VERTEX_POINT('',#5158);
#783=VERTEX_POINT('',#5160);
#784=VERTEX_POINT('',#5193);
#785=VERTEX_POINT('',#5195);
#786=VERTEX_POINT('',#5228);
#787=VERTEX_POINT('',#5230);
#788=VERTEX_POINT('',#5263);
#789=VERTEX_POINT('',#5265);
#790=VERTEX_POINT('',#5298);
#791=VERTEX_POINT('',#5300);
#792=VERTEX_POINT('',#5342);
#793=VERTEX_POINT('',#5344);
#794=VERTEX_POINT('',#5346);
#795=VERTEX_POINT('',#5348);
#796=VERTEX_POINT('',#5381);
#797=VERTEX_POINT('',#5383);
#798=VERTEX_POINT('',#5416);
#799=VERTEX_POINT('',#5418);
#800=VERTEX_POINT('',#5451);
#801=VERTEX_POINT('',#5453);
#802=VERTEX_POINT('',#5486);
#803=VERTEX_POINT('',#5488);
#804=VERTEX_POINT('',#5521);
#805=VERTEX_POINT('',#5523);
#806=VERTEX_POINT('',#5556);
#807=VERTEX_POINT('',#5558);
#808=VERTEX_POINT('',#5591);
#809=VERTEX_POINT('',#5593);
#810=VERTEX_POINT('',#5626);
#811=VERTEX_POINT('',#5628);
#812=VERTEX_POINT('',#5661);
#813=VERTEX_POINT('',#5663);
#814=VERTEX_POINT('',#5696);
#815=VERTEX_POINT('',#5698);
#816=VERTEX_POINT('',#5731);
#817=VERTEX_POINT('',#5733);
#818=VERTEX_POINT('',#5766);
#819=VERTEX_POINT('',#5768);
#820=VERTEX_POINT('',#5801);
#821=VERTEX_POINT('',#5803);
#822=VERTEX_POINT('',#5850);
#823=VERTEX_POINT('',#5852);
#824=VERTEX_POINT('',#5885);
#825=VERTEX_POINT('',#5887);
#826=VERTEX_POINT('',#5920);
#827=VERTEX_POINT('',#5922);
#828=VERTEX_POINT('',#5955);
#829=VERTEX_POINT('',#5957);
#830=VERTEX_POINT('',#5990);
#831=VERTEX_POINT('',#5992);
#832=VERTEX_POINT('',#6025);
#833=VERTEX_POINT('',#6027);
#834=VERTEX_POINT('',#6060);
#835=VERTEX_POINT('',#6062);
#836=VERTEX_POINT('',#6095);
#837=VERTEX_POINT('',#6097);
#838=VERTEX_POINT('',#6130);
#839=VERTEX_POINT('',#6132);
#840=VERTEX_POINT('',#6165);
#841=VERTEX_POINT('',#6167);
#842=VERTEX_POINT('',#6200);
#843=VERTEX_POINT('',#6202);
#844=VERTEX_POINT('',#6235);
#845=VERTEX_POINT('',#6237);
#846=VERTEX_POINT('',#6270);
#847=VERTEX_POINT('',#6272);
#848=VERTEX_POINT('',#6305);
#849=VERTEX_POINT('',#6307);
#850=EDGE_CURVE('',#646,#647,#456,.T.);
#851=EDGE_CURVE('',#647,#648,#450,.T.);
#852=EDGE_CURVE('',#648,#649,#351,.T.);
#853=EDGE_CURVE('',#646,#649,#245,.T.);
#854=EDGE_CURVE('',#650,#651,#457,.T.);
#855=EDGE_CURVE('',#651,#647,#451,.T.);
#856=EDGE_CURVE('',#650,#646,#246,.T.);
#857=EDGE_CURVE('',#652,#653,#458,.T.);
#858=EDGE_CURVE('',#653,#651,#452,.T.);
#859=EDGE_CURVE('',#652,#650,#247,.T.);
#860=EDGE_CURVE('',#654,#655,#459,.T.);
#861=EDGE_CURVE('',#655,#653,#453,.T.);
#862=EDGE_CURVE('',#654,#652,#248,.T.);
#863=EDGE_CURVE('',#656,#657,#460,.T.);
#864=EDGE_CURVE('',#658,#656,#249,.T.);
#865=EDGE_CURVE('',#659,#658,#352,.T.);
#866=EDGE_CURVE('',#659,#657,#454,.T.);
#867=EDGE_CURVE('',#660,#661,#461,.T.);
#868=EDGE_CURVE('',#661,#662,#250,.T.);
#869=EDGE_CURVE('',#662,#663,#353,.T.);
#870=EDGE_CURVE('',#660,#663,#251,.F.);
#871=EDGE_CURVE('',#664,#665,#462,.T.);
#872=EDGE_CURVE('',#665,#661,#252,.T.);
#873=EDGE_CURVE('',#664,#660,#253,.F.);
#874=EDGE_CURVE('',#666,#667,#463,.T.);
#875=EDGE_CURVE('',#667,#665,#254,.T.);
#876=EDGE_CURVE('',#666,#664,#255,.F.);
#877=EDGE_CURVE('',#668,#669,#464,.T.);
#878=EDGE_CURVE('',#669,#667,#256,.T.);
#879=EDGE_CURVE('',#668,#666,#257,.F.);
#880=EDGE_CURVE('',#670,#671,#465,.T.);
#881=EDGE_CURVE('',#672,#670,#258,.F.);
#882=EDGE_CURVE('',#673,#672,#354,.T.);
#883=EDGE_CURVE('',#673,#671,#259,.T.);
#884=EDGE_CURVE('',#674,#674,#355,.T.);
#885=EDGE_CURVE('',#674,#675,#356,.T.);
#886=EDGE_CURVE('',#675,#675,#357,.T.);
#887=EDGE_CURVE('',#676,#677,#260,.F.);
#888=EDGE_CURVE('',#678,#676,#466,.T.);
#889=EDGE_CURVE('',#679,#678,#261,.F.);
#890=EDGE_CURVE('',#677,#679,#467,.T.);
#891=EDGE_CURVE('',#680,#681,#262,.F.);
#892=EDGE_CURVE('',#682,#680,#468,.T.);
#893=EDGE_CURVE('',#683,#682,#263,.F.);
#894=EDGE_CURVE('',#681,#683,#469,.T.);
#895=EDGE_CURVE('',#684,#685,#264,.F.);
#896=EDGE_CURVE('',#686,#684,#470,.T.);
#897=EDGE_CURVE('',#687,#686,#265,.F.);
#898=EDGE_CURVE('',#685,#687,#471,.T.);
#899=EDGE_CURVE('',#688,#689,#266,.F.);
#900=EDGE_CURVE('',#690,#688,#472,.T.);
#901=EDGE_CURVE('',#691,#690,#267,.F.);
#902=EDGE_CURVE('',#689,#691,#473,.T.);
#903=EDGE_CURVE('',#692,#693,#268,.F.);
#904=EDGE_CURVE('',#694,#692,#474,.T.);
#905=EDGE_CURVE('',#695,#694,#269,.F.);
#906=EDGE_CURVE('',#693,#695,#475,.T.);
#907=EDGE_CURVE('',#696,#697,#270,.F.);
#908=EDGE_CURVE('',#698,#696,#476,.T.);
#909=EDGE_CURVE('',#699,#698,#271,.F.);
#910=EDGE_CURVE('',#697,#699,#477,.T.);
#911=EDGE_CURVE('',#700,#701,#272,.F.);
#912=EDGE_CURVE('',#702,#700,#478,.T.);
#913=EDGE_CURVE('',#703,#702,#273,.F.);
#914=EDGE_CURVE('',#701,#703,#479,.T.);
#915=EDGE_CURVE('',#704,#705,#274,.F.);
#916=EDGE_CURVE('',#706,#704,#480,.T.);
#917=EDGE_CURVE('',#707,#706,#275,.F.);
#918=EDGE_CURVE('',#705,#707,#481,.T.);
#919=EDGE_CURVE('',#708,#709,#276,.F.);
#920=EDGE_CURVE('',#710,#708,#482,.T.);
#921=EDGE_CURVE('',#711,#710,#277,.F.);
#922=EDGE_CURVE('',#709,#711,#483,.T.);
#923=EDGE_CURVE('',#712,#713,#278,.F.);
#924=EDGE_CURVE('',#714,#712,#484,.T.);
#925=EDGE_CURVE('',#715,#714,#279,.F.);
#926=EDGE_CURVE('',#713,#715,#485,.T.);
#927=EDGE_CURVE('',#716,#717,#280,.F.);
#928=EDGE_CURVE('',#718,#716,#486,.T.);
#929=EDGE_CURVE('',#719,#718,#281,.F.);
#930=EDGE_CURVE('',#717,#719,#487,.T.);
#931=EDGE_CURVE('',#720,#721,#282,.F.);
#932=EDGE_CURVE('',#722,#720,#488,.T.);
#933=EDGE_CURVE('',#723,#722,#283,.F.);
#934=EDGE_CURVE('',#721,#723,#489,.T.);
#935=EDGE_CURVE('',#724,#725,#284,.F.);
#936=EDGE_CURVE('',#726,#724,#490,.T.);
#937=EDGE_CURVE('',#727,#726,#285,.F.);
#938=EDGE_CURVE('',#725,#727,#491,.T.);
#939=EDGE_CURVE('',#728,#729,#286,.F.);
#940=EDGE_CURVE('',#730,#728,#492,.T.);
#941=EDGE_CURVE('',#731,#730,#287,.F.);
#942=EDGE_CURVE('',#729,#731,#493,.T.);
#943=EDGE_CURVE('',#732,#732,#358,.T.);
#944=EDGE_CURVE('',#732,#733,#494,.T.);
#945=EDGE_CURVE('',#733,#733,#359,.T.);
#946=EDGE_CURVE('',#671,#669,#288,.T.);
#947=EDGE_CURVE('',#670,#668,#289,.F.);
#948=EDGE_CURVE('',#734,#734,#360,.T.);
#949=EDGE_CURVE('',#734,#735,#361,.T.);
#950=EDGE_CURVE('',#703,#735,#362,.T.);
#951=EDGE_CURVE('',#699,#702,#363,.T.);
#952=EDGE_CURVE('',#695,#698,#364,.T.);
#953=EDGE_CURVE('',#691,#694,#365,.T.);
#954=EDGE_CURVE('',#687,#690,#366,.T.);
#955=EDGE_CURVE('',#683,#686,#367,.T.);
#956=EDGE_CURVE('',#679,#682,#368,.T.);
#957=EDGE_CURVE('',#736,#678,#369,.T.);
#958=EDGE_CURVE('',#736,#737,#290,.T.);
#959=EDGE_CURVE('',#738,#737,#370,.T.);
#960=EDGE_CURVE('',#738,#739,#291,.T.);
#961=EDGE_CURVE('',#740,#739,#371,.T.);
#962=EDGE_CURVE('',#740,#741,#292,.T.);
#963=EDGE_CURVE('',#742,#741,#372,.T.);
#964=EDGE_CURVE('',#742,#743,#293,.T.);
#965=EDGE_CURVE('',#744,#743,#373,.T.);
#966=EDGE_CURVE('',#744,#745,#294,.T.);
#967=EDGE_CURVE('',#746,#745,#374,.T.);
#968=EDGE_CURVE('',#746,#747,#295,.T.);
#969=EDGE_CURVE('',#748,#747,#375,.T.);
#970=EDGE_CURVE('',#748,#749,#296,.T.);
#971=EDGE_CURVE('',#750,#749,#376,.T.);
#972=EDGE_CURVE('',#750,#751,#297,.T.);
#973=EDGE_CURVE('',#752,#751,#377,.T.);
#974=EDGE_CURVE('',#752,#753,#298,.T.);
#975=EDGE_CURVE('',#754,#753,#378,.T.);
#976=EDGE_CURVE('',#754,#755,#299,.T.);
#977=EDGE_CURVE('',#756,#755,#379,.T.);
#978=EDGE_CURVE('',#756,#757,#300,.T.);
#979=EDGE_CURVE('',#758,#757,#380,.T.);
#980=EDGE_CURVE('',#758,#759,#301,.T.);
#981=EDGE_CURVE('',#760,#759,#381,.T.);
#982=EDGE_CURVE('',#760,#761,#302,.T.);
#983=EDGE_CURVE('',#762,#761,#382,.T.);
#984=EDGE_CURVE('',#762,#763,#303,.T.);
#985=EDGE_CURVE('',#764,#763,#383,.T.);
#986=EDGE_CURVE('',#764,#765,#304,.T.);
#987=EDGE_CURVE('',#766,#765,#384,.T.);
#988=EDGE_CURVE('',#766,#767,#305,.T.);
#989=EDGE_CURVE('',#768,#767,#385,.T.);
#990=EDGE_CURVE('',#768,#769,#306,.T.);
#991=EDGE_CURVE('',#770,#769,#386,.T.);
#992=EDGE_CURVE('',#770,#771,#307,.T.);
#993=EDGE_CURVE('',#772,#771,#387,.T.);
#994=EDGE_CURVE('',#772,#773,#308,.T.);
#995=EDGE_CURVE('',#774,#773,#388,.T.);
#996=EDGE_CURVE('',#774,#775,#309,.T.);
#997=EDGE_CURVE('',#776,#775,#389,.T.);
#998=EDGE_CURVE('',#776,#777,#310,.T.);
#999=EDGE_CURVE('',#778,#777,#390,.T.);
#1000=EDGE_CURVE('',#778,#779,#311,.T.);
#1001=EDGE_CURVE('',#780,#779,#391,.T.);
#1002=EDGE_CURVE('',#780,#781,#312,.T.);
#1003=EDGE_CURVE('',#782,#781,#392,.T.);
#1004=EDGE_CURVE('',#782,#783,#313,.T.);
#1005=EDGE_CURVE('',#784,#783,#393,.T.);
#1006=EDGE_CURVE('',#784,#785,#314,.T.);
#1007=EDGE_CURVE('',#786,#785,#394,.T.);
#1008=EDGE_CURVE('',#786,#787,#315,.T.);
#1009=EDGE_CURVE('',#788,#787,#395,.T.);
#1010=EDGE_CURVE('',#788,#789,#316,.T.);
#1011=EDGE_CURVE('',#790,#789,#396,.T.);
#1012=EDGE_CURVE('',#790,#791,#317,.T.);
#1013=EDGE_CURVE('',#731,#791,#397,.T.);
#1014=EDGE_CURVE('',#727,#730,#398,.T.);
#1015=EDGE_CURVE('',#723,#726,#399,.T.);
#1016=EDGE_CURVE('',#719,#722,#400,.T.);
#1017=EDGE_CURVE('',#715,#718,#401,.T.);
#1018=EDGE_CURVE('',#711,#714,#402,.T.);
#1019=EDGE_CURVE('',#707,#710,#403,.T.);
#1020=EDGE_CURVE('',#735,#706,#404,.T.);
#1021=EDGE_CURVE('',#792,#792,#405,.T.);
#1022=EDGE_CURVE('',#792,#793,#406,.T.);
#1023=EDGE_CURVE('',#794,#793,#407,.T.);
#1024=EDGE_CURVE('',#794,#795,#318,.T.);
#1025=EDGE_CURVE('',#796,#795,#408,.T.);
#1026=EDGE_CURVE('',#796,#797,#319,.T.);
#1027=EDGE_CURVE('',#798,#797,#409,.T.);
#1028=EDGE_CURVE('',#798,#799,#320,.T.);
#1029=EDGE_CURVE('',#800,#799,#410,.T.);
#1030=EDGE_CURVE('',#800,#801,#321,.T.);
#1031=EDGE_CURVE('',#802,#801,#411,.T.);
#1032=EDGE_CURVE('',#802,#803,#322,.T.);
#1033=EDGE_CURVE('',#804,#803,#412,.T.);
#1034=EDGE_CURVE('',#804,#805,#323,.T.);
#1035=EDGE_CURVE('',#806,#805,#413,.T.);
#1036=EDGE_CURVE('',#806,#807,#324,.T.);
#1037=EDGE_CURVE('',#808,#807,#414,.T.);
#1038=EDGE_CURVE('',#808,#809,#325,.T.);
#1039=EDGE_CURVE('',#810,#809,#415,.T.);
#1040=EDGE_CURVE('',#810,#811,#326,.T.);
#1041=EDGE_CURVE('',#812,#811,#416,.T.);
#1042=EDGE_CURVE('',#812,#813,#327,.T.);
#1043=EDGE_CURVE('',#814,#813,#417,.T.);
#1044=EDGE_CURVE('',#814,#815,#328,.T.);
#1045=EDGE_CURVE('',#816,#815,#418,.T.);
#1046=EDGE_CURVE('',#816,#817,#329,.T.);
#1047=EDGE_CURVE('',#818,#817,#419,.T.);
#1048=EDGE_CURVE('',#818,#819,#330,.T.);
#1049=EDGE_CURVE('',#820,#819,#420,.T.);
#1050=EDGE_CURVE('',#820,#821,#331,.T.);
#1051=EDGE_CURVE('',#676,#821,#421,.T.);
#1052=EDGE_CURVE('',#680,#677,#422,.T.);
#1053=EDGE_CURVE('',#684,#681,#423,.T.);
#1054=EDGE_CURVE('',#688,#685,#424,.T.);
#1055=EDGE_CURVE('',#692,#689,#425,.T.);
#1056=EDGE_CURVE('',#696,#693,#426,.T.);
#1057=EDGE_CURVE('',#700,#697,#427,.T.);
#1058=EDGE_CURVE('',#704,#701,#428,.T.);
#1059=EDGE_CURVE('',#708,#705,#429,.T.);
#1060=EDGE_CURVE('',#712,#709,#430,.T.);
#1061=EDGE_CURVE('',#716,#713,#431,.T.);
#1062=EDGE_CURVE('',#720,#717,#432,.T.);
#1063=EDGE_CURVE('',#724,#721,#433,.T.);
#1064=EDGE_CURVE('',#728,#725,#434,.T.);
#1065=EDGE_CURVE('',#822,#729,#435,.T.);
#1066=EDGE_CURVE('',#822,#823,#332,.T.);
#1067=EDGE_CURVE('',#824,#823,#436,.T.);
#1068=EDGE_CURVE('',#824,#825,#333,.T.);
#1069=EDGE_CURVE('',#826,#825,#437,.T.);
#1070=EDGE_CURVE('',#826,#827,#334,.T.);
#1071=EDGE_CURVE('',#828,#827,#438,.T.);
#1072=EDGE_CURVE('',#828,#829,#335,.T.);
#1073=EDGE_CURVE('',#830,#829,#439,.T.);
#1074=EDGE_CURVE('',#830,#831,#336,.T.);
#1075=EDGE_CURVE('',#832,#831,#440,.T.);
#1076=EDGE_CURVE('',#832,#833,#337,.T.);
#1077=EDGE_CURVE('',#834,#833,#441,.T.);
#1078=EDGE_CURVE('',#834,#835,#338,.T.);
#1079=EDGE_CURVE('',#836,#835,#442,.T.);
#1080=EDGE_CURVE('',#836,#837,#339,.T.);
#1081=EDGE_CURVE('',#838,#837,#443,.T.);
#1082=EDGE_CURVE('',#838,#839,#340,.T.);
#1083=EDGE_CURVE('',#840,#839,#444,.T.);
#1084=EDGE_CURVE('',#840,#841,#341,.T.);
#1085=EDGE_CURVE('',#842,#841,#445,.T.);
#1086=EDGE_CURVE('',#842,#843,#342,.T.);
#1087=EDGE_CURVE('',#844,#843,#446,.T.);
#1088=EDGE_CURVE('',#844,#845,#343,.T.);
#1089=EDGE_CURVE('',#846,#845,#447,.T.);
#1090=EDGE_CURVE('',#846,#847,#344,.T.);
#1091=EDGE_CURVE('',#848,#847,#448,.T.);
#1092=EDGE_CURVE('',#848,#849,#345,.T.);
#1093=EDGE_CURVE('',#793,#849,#449,.T.);
#1094=EDGE_CURVE('',#847,#766,#495,.T.);
#1095=EDGE_CURVE('',#765,#848,#496,.T.);
#1096=EDGE_CURVE('',#767,#846,#497,.T.);
#1097=EDGE_CURVE('',#845,#768,#498,.T.);
#1098=EDGE_CURVE('',#849,#764,#499,.T.);
#1099=EDGE_CURVE('',#763,#794,#500,.T.);
#1100=EDGE_CURVE('',#795,#762,#501,.T.);
#1101=EDGE_CURVE('',#761,#796,#502,.T.);
#1102=EDGE_CURVE('',#797,#760,#503,.T.);
#1103=EDGE_CURVE('',#759,#798,#504,.T.);
#1104=EDGE_CURVE('',#799,#758,#505,.T.);
#1105=EDGE_CURVE('',#757,#800,#506,.T.);
#1106=EDGE_CURVE('',#801,#756,#507,.T.);
#1107=EDGE_CURVE('',#755,#802,#508,.T.);
#1108=EDGE_CURVE('',#803,#754,#509,.T.);
#1109=EDGE_CURVE('',#753,#804,#510,.T.);
#1110=EDGE_CURVE('',#805,#752,#511,.T.);
#1111=EDGE_CURVE('',#751,#806,#512,.T.);
#1112=EDGE_CURVE('',#807,#750,#513,.T.);
#1113=EDGE_CURVE('',#749,#808,#514,.T.);
#1114=EDGE_CURVE('',#809,#748,#515,.T.);
#1115=EDGE_CURVE('',#747,#810,#516,.T.);
#1116=EDGE_CURVE('',#811,#746,#517,.T.);
#1117=EDGE_CURVE('',#745,#812,#518,.T.);
#1118=EDGE_CURVE('',#813,#744,#519,.T.);
#1119=EDGE_CURVE('',#743,#814,#520,.T.);
#1120=EDGE_CURVE('',#815,#742,#521,.T.);
#1121=EDGE_CURVE('',#741,#816,#522,.T.);
#1122=EDGE_CURVE('',#817,#740,#523,.T.);
#1123=EDGE_CURVE('',#739,#818,#524,.T.);
#1124=EDGE_CURVE('',#819,#738,#525,.T.);
#1125=EDGE_CURVE('',#737,#820,#526,.T.);
#1126=EDGE_CURVE('',#821,#736,#527,.T.);
#1127=EDGE_CURVE('',#791,#822,#528,.T.);
#1128=EDGE_CURVE('',#823,#790,#529,.T.);
#1129=EDGE_CURVE('',#789,#824,#530,.T.);
#1130=EDGE_CURVE('',#825,#788,#531,.T.);
#1131=EDGE_CURVE('',#787,#826,#532,.T.);
#1132=EDGE_CURVE('',#769,#844,#533,.T.);
#1133=EDGE_CURVE('',#843,#770,#534,.T.);
#1134=EDGE_CURVE('',#771,#842,#535,.T.);
#1135=EDGE_CURVE('',#841,#772,#536,.T.);
#1136=EDGE_CURVE('',#773,#840,#537,.T.);
#1137=EDGE_CURVE('',#839,#774,#538,.T.);
#1138=EDGE_CURVE('',#775,#838,#539,.T.);
#1139=EDGE_CURVE('',#837,#776,#540,.T.);
#1140=EDGE_CURVE('',#777,#836,#541,.T.);
#1141=EDGE_CURVE('',#835,#778,#542,.T.);
#1142=EDGE_CURVE('',#779,#834,#543,.T.);
#1143=EDGE_CURVE('',#833,#780,#544,.T.);
#1144=EDGE_CURVE('',#781,#832,#545,.T.);
#1145=EDGE_CURVE('',#831,#782,#546,.T.);
#1146=EDGE_CURVE('',#783,#830,#547,.T.);
#1147=EDGE_CURVE('',#829,#784,#548,.T.);
#1148=EDGE_CURVE('',#827,#786,#549,.T.);
#1149=EDGE_CURVE('',#785,#828,#550,.T.);
#1150=EDGE_CURVE('',#663,#648,#346,.T.);
#1151=EDGE_CURVE('',#649,#662,#347,.T.);
#1152=EDGE_CURVE('',#672,#659,#348,.T.);
#1153=EDGE_CURVE('',#658,#673,#349,.T.);
#1154=EDGE_CURVE('',#657,#655,#455,.T.);
#1155=EDGE_CURVE('',#656,#654,#350,.T.);
#1156=ORIENTED_EDGE('',*,*,#850,.T.);
#1157=ORIENTED_EDGE('',*,*,#851,.T.);
#1158=ORIENTED_EDGE('',*,*,#852,.T.);
#1159=ORIENTED_EDGE('',*,*,#853,.F.);
#1160=ORIENTED_EDGE('',*,*,#854,.T.);
#1161=ORIENTED_EDGE('',*,*,#855,.T.);
#1162=ORIENTED_EDGE('',*,*,#850,.F.);
#1163=ORIENTED_EDGE('',*,*,#856,.F.);
#1164=ORIENTED_EDGE('',*,*,#857,.T.);
#1165=ORIENTED_EDGE('',*,*,#858,.T.);
#1166=ORIENTED_EDGE('',*,*,#854,.F.);
#1167=ORIENTED_EDGE('',*,*,#859,.F.);
#1168=ORIENTED_EDGE('',*,*,#860,.T.);
#1169=ORIENTED_EDGE('',*,*,#861,.T.);
#1170=ORIENTED_EDGE('',*,*,#857,.F.);
#1171=ORIENTED_EDGE('',*,*,#862,.F.);
#1172=ORIENTED_EDGE('',*,*,#863,.F.);
#1173=ORIENTED_EDGE('',*,*,#864,.F.);
#1174=ORIENTED_EDGE('',*,*,#865,.F.);
#1175=ORIENTED_EDGE('',*,*,#866,.T.);
#1176=ORIENTED_EDGE('',*,*,#867,.T.);
#1177=ORIENTED_EDGE('',*,*,#868,.T.);
#1178=ORIENTED_EDGE('',*,*,#869,.T.);
#1179=ORIENTED_EDGE('',*,*,#870,.F.);
#1180=ORIENTED_EDGE('',*,*,#871,.T.);
#1181=ORIENTED_EDGE('',*,*,#872,.T.);
#1182=ORIENTED_EDGE('',*,*,#867,.F.);
#1183=ORIENTED_EDGE('',*,*,#873,.F.);
#1184=ORIENTED_EDGE('',*,*,#874,.T.);
#1185=ORIENTED_EDGE('',*,*,#875,.T.);
#1186=ORIENTED_EDGE('',*,*,#871,.F.);
#1187=ORIENTED_EDGE('',*,*,#876,.F.);
#1188=ORIENTED_EDGE('',*,*,#877,.T.);
#1189=ORIENTED_EDGE('',*,*,#878,.T.);
#1190=ORIENTED_EDGE('',*,*,#874,.F.);
#1191=ORIENTED_EDGE('',*,*,#879,.F.);
#1192=ORIENTED_EDGE('',*,*,#880,.F.);
#1193=ORIENTED_EDGE('',*,*,#881,.F.);
#1194=ORIENTED_EDGE('',*,*,#882,.F.);
#1195=ORIENTED_EDGE('',*,*,#883,.T.);
#1196=ORIENTED_EDGE('',*,*,#884,.F.);
#1197=ORIENTED_EDGE('',*,*,#885,.T.);
#1198=ORIENTED_EDGE('',*,*,#886,.F.);
#1199=ORIENTED_EDGE('',*,*,#885,.F.);
#1200=ORIENTED_EDGE('',*,*,#887,.F.);
#1201=ORIENTED_EDGE('',*,*,#888,.F.);
#1202=ORIENTED_EDGE('',*,*,#889,.F.);
#1203=ORIENTED_EDGE('',*,*,#890,.F.);
#1204=ORIENTED_EDGE('',*,*,#891,.F.);
#1205=ORIENTED_EDGE('',*,*,#892,.F.);
#1206=ORIENTED_EDGE('',*,*,#893,.F.);
#1207=ORIENTED_EDGE('',*,*,#894,.F.);
#1208=ORIENTED_EDGE('',*,*,#895,.F.);
#1209=ORIENTED_EDGE('',*,*,#896,.F.);
#1210=ORIENTED_EDGE('',*,*,#897,.F.);
#1211=ORIENTED_EDGE('',*,*,#898,.F.);
#1212=ORIENTED_EDGE('',*,*,#899,.F.);
#1213=ORIENTED_EDGE('',*,*,#900,.F.);
#1214=ORIENTED_EDGE('',*,*,#901,.F.);
#1215=ORIENTED_EDGE('',*,*,#902,.F.);
#1216=ORIENTED_EDGE('',*,*,#903,.F.);
#1217=ORIENTED_EDGE('',*,*,#904,.F.);
#1218=ORIENTED_EDGE('',*,*,#905,.F.);
#1219=ORIENTED_EDGE('',*,*,#906,.F.);
#1220=ORIENTED_EDGE('',*,*,#907,.F.);
#1221=ORIENTED_EDGE('',*,*,#908,.F.);
#1222=ORIENTED_EDGE('',*,*,#909,.F.);
#1223=ORIENTED_EDGE('',*,*,#910,.F.);
#1224=ORIENTED_EDGE('',*,*,#911,.F.);
#1225=ORIENTED_EDGE('',*,*,#912,.F.);
#1226=ORIENTED_EDGE('',*,*,#913,.F.);
#1227=ORIENTED_EDGE('',*,*,#914,.F.);
#1228=ORIENTED_EDGE('',*,*,#915,.F.);
#1229=ORIENTED_EDGE('',*,*,#916,.F.);
#1230=ORIENTED_EDGE('',*,*,#917,.F.);
#1231=ORIENTED_EDGE('',*,*,#918,.F.);
#1232=ORIENTED_EDGE('',*,*,#919,.F.);
#1233=ORIENTED_EDGE('',*,*,#920,.F.);
#1234=ORIENTED_EDGE('',*,*,#921,.F.);
#1235=ORIENTED_EDGE('',*,*,#922,.F.);
#1236=ORIENTED_EDGE('',*,*,#923,.F.);
#1237=ORIENTED_EDGE('',*,*,#924,.F.);
#1238=ORIENTED_EDGE('',*,*,#925,.F.);
#1239=ORIENTED_EDGE('',*,*,#926,.F.);
#1240=ORIENTED_EDGE('',*,*,#927,.F.);
#1241=ORIENTED_EDGE('',*,*,#928,.F.);
#1242=ORIENTED_EDGE('',*,*,#929,.F.);
#1243=ORIENTED_EDGE('',*,*,#930,.F.);
#1244=ORIENTED_EDGE('',*,*,#931,.F.);
#1245=ORIENTED_EDGE('',*,*,#932,.F.);
#1246=ORIENTED_EDGE('',*,*,#933,.F.);
#1247=ORIENTED_EDGE('',*,*,#934,.F.);
#1248=ORIENTED_EDGE('',*,*,#935,.F.);
#1249=ORIENTED_EDGE('',*,*,#936,.F.);
#1250=ORIENTED_EDGE('',*,*,#937,.F.);
#1251=ORIENTED_EDGE('',*,*,#938,.F.);
#1252=ORIENTED_EDGE('',*,*,#939,.F.);
#1253=ORIENTED_EDGE('',*,*,#940,.F.);
#1254=ORIENTED_EDGE('',*,*,#941,.F.);
#1255=ORIENTED_EDGE('',*,*,#942,.F.);
#1256=ORIENTED_EDGE('',*,*,#943,.F.);
#1257=ORIENTED_EDGE('',*,*,#944,.T.);
#1258=ORIENTED_EDGE('',*,*,#945,.F.);
#1259=ORIENTED_EDGE('',*,*,#944,.F.);
#1260=ORIENTED_EDGE('',*,*,#943,.T.);
#1261=ORIENTED_EDGE('',*,*,#884,.T.);
#1262=ORIENTED_EDGE('',*,*,#880,.T.);
#1263=ORIENTED_EDGE('',*,*,#946,.T.);
#1264=ORIENTED_EDGE('',*,*,#877,.F.);
#1265=ORIENTED_EDGE('',*,*,#947,.F.);
#1266=ORIENTED_EDGE('',*,*,#948,.F.);
#1267=ORIENTED_EDGE('',*,*,#949,.T.);
#1268=ORIENTED_EDGE('',*,*,#950,.F.);
#1269=ORIENTED_EDGE('',*,*,#913,.T.);
#1270=ORIENTED_EDGE('',*,*,#951,.F.);
#1271=ORIENTED_EDGE('',*,*,#909,.T.);
#1272=ORIENTED_EDGE('',*,*,#952,.F.);
#1273=ORIENTED_EDGE('',*,*,#905,.T.);
#1274=ORIENTED_EDGE('',*,*,#953,.F.);
#1275=ORIENTED_EDGE('',*,*,#901,.T.);
#1276=ORIENTED_EDGE('',*,*,#954,.F.);
#1277=ORIENTED_EDGE('',*,*,#897,.T.);
#1278=ORIENTED_EDGE('',*,*,#955,.F.);
#1279=ORIENTED_EDGE('',*,*,#893,.T.);
#1280=ORIENTED_EDGE('',*,*,#956,.F.);
#1281=ORIENTED_EDGE('',*,*,#889,.T.);
#1282=ORIENTED_EDGE('',*,*,#957,.F.);
#1283=ORIENTED_EDGE('',*,*,#958,.T.);
#1284=ORIENTED_EDGE('',*,*,#959,.F.);
#1285=ORIENTED_EDGE('',*,*,#960,.T.);
#1286=ORIENTED_EDGE('',*,*,#961,.F.);
#1287=ORIENTED_EDGE('',*,*,#962,.T.);
#1288=ORIENTED_EDGE('',*,*,#963,.F.);
#1289=ORIENTED_EDGE('',*,*,#964,.T.);
#1290=ORIENTED_EDGE('',*,*,#965,.F.);
#1291=ORIENTED_EDGE('',*,*,#966,.T.);
#1292=ORIENTED_EDGE('',*,*,#967,.F.);
#1293=ORIENTED_EDGE('',*,*,#968,.T.);
#1294=ORIENTED_EDGE('',*,*,#969,.F.);
#1295=ORIENTED_EDGE('',*,*,#970,.T.);
#1296=ORIENTED_EDGE('',*,*,#971,.F.);
#1297=ORIENTED_EDGE('',*,*,#972,.T.);
#1298=ORIENTED_EDGE('',*,*,#973,.F.);
#1299=ORIENTED_EDGE('',*,*,#974,.T.);
#1300=ORIENTED_EDGE('',*,*,#975,.F.);
#1301=ORIENTED_EDGE('',*,*,#976,.T.);
#1302=ORIENTED_EDGE('',*,*,#977,.F.);
#1303=ORIENTED_EDGE('',*,*,#978,.T.);
#1304=ORIENTED_EDGE('',*,*,#979,.F.);
#1305=ORIENTED_EDGE('',*,*,#980,.T.);
#1306=ORIENTED_EDGE('',*,*,#981,.F.);
#1307=ORIENTED_EDGE('',*,*,#982,.T.);
#1308=ORIENTED_EDGE('',*,*,#983,.F.);
#1309=ORIENTED_EDGE('',*,*,#984,.T.);
#1310=ORIENTED_EDGE('',*,*,#985,.F.);
#1311=ORIENTED_EDGE('',*,*,#986,.T.);
#1312=ORIENTED_EDGE('',*,*,#987,.F.);
#1313=ORIENTED_EDGE('',*,*,#988,.T.);
#1314=ORIENTED_EDGE('',*,*,#989,.F.);
#1315=ORIENTED_EDGE('',*,*,#990,.T.);
#1316=ORIENTED_EDGE('',*,*,#991,.F.);
#1317=ORIENTED_EDGE('',*,*,#992,.T.);
#1318=ORIENTED_EDGE('',*,*,#993,.F.);
#1319=ORIENTED_EDGE('',*,*,#994,.T.);
#1320=ORIENTED_EDGE('',*,*,#995,.F.);
#1321=ORIENTED_EDGE('',*,*,#996,.T.);
#1322=ORIENTED_EDGE('',*,*,#997,.F.);
#1323=ORIENTED_EDGE('',*,*,#998,.T.);
#1324=ORIENTED_EDGE('',*,*,#999,.F.);
#1325=ORIENTED_EDGE('',*,*,#1000,.T.);
#1326=ORIENTED_EDGE('',*,*,#1001,.F.);
#1327=ORIENTED_EDGE('',*,*,#1002,.T.);
#1328=ORIENTED_EDGE('',*,*,#1003,.F.);
#1329=ORIENTED_EDGE('',*,*,#1004,.T.);
#1330=ORIENTED_EDGE('',*,*,#1005,.F.);
#1331=ORIENTED_EDGE('',*,*,#1006,.T.);
#1332=ORIENTED_EDGE('',*,*,#1007,.F.);
#1333=ORIENTED_EDGE('',*,*,#1008,.T.);
#1334=ORIENTED_EDGE('',*,*,#1009,.F.);
#1335=ORIENTED_EDGE('',*,*,#1010,.T.);
#1336=ORIENTED_EDGE('',*,*,#1011,.F.);
#1337=ORIENTED_EDGE('',*,*,#1012,.T.);
#1338=ORIENTED_EDGE('',*,*,#1013,.F.);
#1339=ORIENTED_EDGE('',*,*,#941,.T.);
#1340=ORIENTED_EDGE('',*,*,#1014,.F.);
#1341=ORIENTED_EDGE('',*,*,#937,.T.);
#1342=ORIENTED_EDGE('',*,*,#1015,.F.);
#1343=ORIENTED_EDGE('',*,*,#933,.T.);
#1344=ORIENTED_EDGE('',*,*,#1016,.F.);
#1345=ORIENTED_EDGE('',*,*,#929,.T.);
#1346=ORIENTED_EDGE('',*,*,#1017,.F.);
#1347=ORIENTED_EDGE('',*,*,#925,.T.);
#1348=ORIENTED_EDGE('',*,*,#1018,.F.);
#1349=ORIENTED_EDGE('',*,*,#921,.T.);
#1350=ORIENTED_EDGE('',*,*,#1019,.F.);
#1351=ORIENTED_EDGE('',*,*,#917,.T.);
#1352=ORIENTED_EDGE('',*,*,#1020,.F.);
#1353=ORIENTED_EDGE('',*,*,#949,.F.);
#1354=ORIENTED_EDGE('',*,*,#1021,.F.);
#1355=ORIENTED_EDGE('',*,*,#1022,.T.);
#1356=ORIENTED_EDGE('',*,*,#1023,.F.);
#1357=ORIENTED_EDGE('',*,*,#1024,.T.);
#1358=ORIENTED_EDGE('',*,*,#1025,.F.);
#1359=ORIENTED_EDGE('',*,*,#1026,.T.);
#1360=ORIENTED_EDGE('',*,*,#1027,.F.);
#1361=ORIENTED_EDGE('',*,*,#1028,.T.);
#1362=ORIENTED_EDGE('',*,*,#1029,.F.);
#1363=ORIENTED_EDGE('',*,*,#1030,.T.);
#1364=ORIENTED_EDGE('',*,*,#1031,.F.);
#1365=ORIENTED_EDGE('',*,*,#1032,.T.);
#1366=ORIENTED_EDGE('',*,*,#1033,.F.);
#1367=ORIENTED_EDGE('',*,*,#1034,.T.);
#1368=ORIENTED_EDGE('',*,*,#1035,.F.);
#1369=ORIENTED_EDGE('',*,*,#1036,.T.);
#1370=ORIENTED_EDGE('',*,*,#1037,.F.);
#1371=ORIENTED_EDGE('',*,*,#1038,.T.);
#1372=ORIENTED_EDGE('',*,*,#1039,.F.);
#1373=ORIENTED_EDGE('',*,*,#1040,.T.);
#1374=ORIENTED_EDGE('',*,*,#1041,.F.);
#1375=ORIENTED_EDGE('',*,*,#1042,.T.);
#1376=ORIENTED_EDGE('',*,*,#1043,.F.);
#1377=ORIENTED_EDGE('',*,*,#1044,.T.);
#1378=ORIENTED_EDGE('',*,*,#1045,.F.);
#1379=ORIENTED_EDGE('',*,*,#1046,.T.);
#1380=ORIENTED_EDGE('',*,*,#1047,.F.);
#1381=ORIENTED_EDGE('',*,*,#1048,.T.);
#1382=ORIENTED_EDGE('',*,*,#1049,.F.);
#1383=ORIENTED_EDGE('',*,*,#1050,.T.);
#1384=ORIENTED_EDGE('',*,*,#1051,.F.);
#1385=ORIENTED_EDGE('',*,*,#887,.T.);
#1386=ORIENTED_EDGE('',*,*,#1052,.F.);
#1387=ORIENTED_EDGE('',*,*,#891,.T.);
#1388=ORIENTED_EDGE('',*,*,#1053,.F.);
#1389=ORIENTED_EDGE('',*,*,#895,.T.);
#1390=ORIENTED_EDGE('',*,*,#1054,.F.);
#1391=ORIENTED_EDGE('',*,*,#899,.T.);
#1392=ORIENTED_EDGE('',*,*,#1055,.F.);
#1393=ORIENTED_EDGE('',*,*,#903,.T.);
#1394=ORIENTED_EDGE('',*,*,#1056,.F.);
#1395=ORIENTED_EDGE('',*,*,#907,.T.);
#1396=ORIENTED_EDGE('',*,*,#1057,.F.);
#1397=ORIENTED_EDGE('',*,*,#911,.T.);
#1398=ORIENTED_EDGE('',*,*,#1058,.F.);
#1399=ORIENTED_EDGE('',*,*,#915,.T.);
#1400=ORIENTED_EDGE('',*,*,#1059,.F.);
#1401=ORIENTED_EDGE('',*,*,#919,.T.);
#1402=ORIENTED_EDGE('',*,*,#1060,.F.);
#1403=ORIENTED_EDGE('',*,*,#923,.T.);
#1404=ORIENTED_EDGE('',*,*,#1061,.F.);
#1405=ORIENTED_EDGE('',*,*,#927,.T.);
#1406=ORIENTED_EDGE('',*,*,#1062,.F.);
#1407=ORIENTED_EDGE('',*,*,#931,.T.);
#1408=ORIENTED_EDGE('',*,*,#1063,.F.);
#1409=ORIENTED_EDGE('',*,*,#935,.T.);
#1410=ORIENTED_EDGE('',*,*,#1064,.F.);
#1411=ORIENTED_EDGE('',*,*,#939,.T.);
#1412=ORIENTED_EDGE('',*,*,#1065,.F.);
#1413=ORIENTED_EDGE('',*,*,#1066,.T.);
#1414=ORIENTED_EDGE('',*,*,#1067,.F.);
#1415=ORIENTED_EDGE('',*,*,#1068,.T.);
#1416=ORIENTED_EDGE('',*,*,#1069,.F.);
#1417=ORIENTED_EDGE('',*,*,#1070,.T.);
#1418=ORIENTED_EDGE('',*,*,#1071,.F.);
#1419=ORIENTED_EDGE('',*,*,#1072,.T.);
#1420=ORIENTED_EDGE('',*,*,#1073,.F.);
#1421=ORIENTED_EDGE('',*,*,#1074,.T.);
#1422=ORIENTED_EDGE('',*,*,#1075,.F.);
#1423=ORIENTED_EDGE('',*,*,#1076,.T.);
#1424=ORIENTED_EDGE('',*,*,#1077,.F.);
#1425=ORIENTED_EDGE('',*,*,#1078,.T.);
#1426=ORIENTED_EDGE('',*,*,#1079,.F.);
#1427=ORIENTED_EDGE('',*,*,#1080,.T.);
#1428=ORIENTED_EDGE('',*,*,#1081,.F.);
#1429=ORIENTED_EDGE('',*,*,#1082,.T.);
#1430=ORIENTED_EDGE('',*,*,#1083,.F.);
#1431=ORIENTED_EDGE('',*,*,#1084,.T.);
#1432=ORIENTED_EDGE('',*,*,#1085,.F.);
#1433=ORIENTED_EDGE('',*,*,#1086,.T.);
#1434=ORIENTED_EDGE('',*,*,#1087,.F.);
#1435=ORIENTED_EDGE('',*,*,#1088,.T.);
#1436=ORIENTED_EDGE('',*,*,#1089,.F.);
#1437=ORIENTED_EDGE('',*,*,#1090,.T.);
#1438=ORIENTED_EDGE('',*,*,#1091,.F.);
#1439=ORIENTED_EDGE('',*,*,#1092,.T.);
#1440=ORIENTED_EDGE('',*,*,#1093,.F.);
#1441=ORIENTED_EDGE('',*,*,#1022,.F.);
#1442=ORIENTED_EDGE('',*,*,#950,.T.);
#1443=ORIENTED_EDGE('',*,*,#1020,.T.);
#1444=ORIENTED_EDGE('',*,*,#916,.T.);
#1445=ORIENTED_EDGE('',*,*,#1058,.T.);
#1446=ORIENTED_EDGE('',*,*,#914,.T.);
#1447=ORIENTED_EDGE('',*,*,#1091,.T.);
#1448=ORIENTED_EDGE('',*,*,#1094,.T.);
#1449=ORIENTED_EDGE('',*,*,#987,.T.);
#1450=ORIENTED_EDGE('',*,*,#1095,.T.);
#1451=ORIENTED_EDGE('',*,*,#989,.T.);
#1452=ORIENTED_EDGE('',*,*,#1096,.T.);
#1453=ORIENTED_EDGE('',*,*,#1089,.T.);
#1454=ORIENTED_EDGE('',*,*,#1097,.T.);
#1455=ORIENTED_EDGE('',*,*,#1023,.T.);
#1456=ORIENTED_EDGE('',*,*,#1093,.T.);
#1457=ORIENTED_EDGE('',*,*,#1098,.T.);
#1458=ORIENTED_EDGE('',*,*,#985,.T.);
#1459=ORIENTED_EDGE('',*,*,#1099,.T.);
#1460=ORIENTED_EDGE('',*,*,#1025,.T.);
#1461=ORIENTED_EDGE('',*,*,#1100,.T.);
#1462=ORIENTED_EDGE('',*,*,#983,.T.);
#1463=ORIENTED_EDGE('',*,*,#1101,.T.);
#1464=ORIENTED_EDGE('',*,*,#1027,.T.);
#1465=ORIENTED_EDGE('',*,*,#1102,.T.);
#1466=ORIENTED_EDGE('',*,*,#981,.T.);
#1467=ORIENTED_EDGE('',*,*,#1103,.T.);
#1468=ORIENTED_EDGE('',*,*,#1029,.T.);
#1469=ORIENTED_EDGE('',*,*,#1104,.T.);
#1470=ORIENTED_EDGE('',*,*,#979,.T.);
#1471=ORIENTED_EDGE('',*,*,#1105,.T.);
#1472=ORIENTED_EDGE('',*,*,#1031,.T.);
#1473=ORIENTED_EDGE('',*,*,#1106,.T.);
#1474=ORIENTED_EDGE('',*,*,#977,.T.);
#1475=ORIENTED_EDGE('',*,*,#1107,.T.);
#1476=ORIENTED_EDGE('',*,*,#1033,.T.);
#1477=ORIENTED_EDGE('',*,*,#1108,.T.);
#1478=ORIENTED_EDGE('',*,*,#975,.T.);
#1479=ORIENTED_EDGE('',*,*,#1109,.T.);
#1480=ORIENTED_EDGE('',*,*,#1035,.T.);
#1481=ORIENTED_EDGE('',*,*,#1110,.T.);
#1482=ORIENTED_EDGE('',*,*,#973,.T.);
#1483=ORIENTED_EDGE('',*,*,#1111,.T.);
#1484=ORIENTED_EDGE('',*,*,#1037,.T.);
#1485=ORIENTED_EDGE('',*,*,#1112,.T.);
#1486=ORIENTED_EDGE('',*,*,#971,.T.);
#1487=ORIENTED_EDGE('',*,*,#1113,.T.);
#1488=ORIENTED_EDGE('',*,*,#1039,.T.);
#1489=ORIENTED_EDGE('',*,*,#1114,.T.);
#1490=ORIENTED_EDGE('',*,*,#969,.T.);
#1491=ORIENTED_EDGE('',*,*,#1115,.T.);
#1492=ORIENTED_EDGE('',*,*,#1041,.T.);
#1493=ORIENTED_EDGE('',*,*,#1116,.T.);
#1494=ORIENTED_EDGE('',*,*,#967,.T.);
#1495=ORIENTED_EDGE('',*,*,#1117,.T.);
#1496=ORIENTED_EDGE('',*,*,#1043,.T.);
#1497=ORIENTED_EDGE('',*,*,#1118,.T.);
#1498=ORIENTED_EDGE('',*,*,#965,.T.);
#1499=ORIENTED_EDGE('',*,*,#1119,.T.);
#1500=ORIENTED_EDGE('',*,*,#1045,.T.);
#1501=ORIENTED_EDGE('',*,*,#1120,.T.);
#1502=ORIENTED_EDGE('',*,*,#963,.T.);
#1503=ORIENTED_EDGE('',*,*,#1121,.T.);
#1504=ORIENTED_EDGE('',*,*,#1047,.T.);
#1505=ORIENTED_EDGE('',*,*,#1122,.T.);
#1506=ORIENTED_EDGE('',*,*,#961,.T.);
#1507=ORIENTED_EDGE('',*,*,#1123,.T.);
#1508=ORIENTED_EDGE('',*,*,#1049,.T.);
#1509=ORIENTED_EDGE('',*,*,#1124,.T.);
#1510=ORIENTED_EDGE('',*,*,#959,.T.);
#1511=ORIENTED_EDGE('',*,*,#1125,.T.);
#1512=ORIENTED_EDGE('',*,*,#1051,.T.);
#1513=ORIENTED_EDGE('',*,*,#1126,.T.);
#1514=ORIENTED_EDGE('',*,*,#957,.T.);
#1515=ORIENTED_EDGE('',*,*,#888,.T.);
#1516=ORIENTED_EDGE('',*,*,#1052,.T.);
#1517=ORIENTED_EDGE('',*,*,#890,.T.);
#1518=ORIENTED_EDGE('',*,*,#956,.T.);
#1519=ORIENTED_EDGE('',*,*,#892,.T.);
#1520=ORIENTED_EDGE('',*,*,#1053,.T.);
#1521=ORIENTED_EDGE('',*,*,#894,.T.);
#1522=ORIENTED_EDGE('',*,*,#955,.T.);
#1523=ORIENTED_EDGE('',*,*,#896,.T.);
#1524=ORIENTED_EDGE('',*,*,#1054,.T.);
#1525=ORIENTED_EDGE('',*,*,#898,.T.);
#1526=ORIENTED_EDGE('',*,*,#954,.T.);
#1527=ORIENTED_EDGE('',*,*,#900,.T.);
#1528=ORIENTED_EDGE('',*,*,#1055,.T.);
#1529=ORIENTED_EDGE('',*,*,#902,.T.);
#1530=ORIENTED_EDGE('',*,*,#953,.T.);
#1531=ORIENTED_EDGE('',*,*,#904,.T.);
#1532=ORIENTED_EDGE('',*,*,#1056,.T.);
#1533=ORIENTED_EDGE('',*,*,#906,.T.);
#1534=ORIENTED_EDGE('',*,*,#952,.T.);
#1535=ORIENTED_EDGE('',*,*,#908,.T.);
#1536=ORIENTED_EDGE('',*,*,#1057,.T.);
#1537=ORIENTED_EDGE('',*,*,#910,.T.);
#1538=ORIENTED_EDGE('',*,*,#951,.T.);
#1539=ORIENTED_EDGE('',*,*,#912,.T.);
#1540=ORIENTED_EDGE('',*,*,#1059,.T.);
#1541=ORIENTED_EDGE('',*,*,#918,.T.);
#1542=ORIENTED_EDGE('',*,*,#1019,.T.);
#1543=ORIENTED_EDGE('',*,*,#920,.T.);
#1544=ORIENTED_EDGE('',*,*,#1060,.T.);
#1545=ORIENTED_EDGE('',*,*,#922,.T.);
#1546=ORIENTED_EDGE('',*,*,#1018,.T.);
#1547=ORIENTED_EDGE('',*,*,#924,.T.);
#1548=ORIENTED_EDGE('',*,*,#1061,.T.);
#1549=ORIENTED_EDGE('',*,*,#926,.T.);
#1550=ORIENTED_EDGE('',*,*,#1017,.T.);
#1551=ORIENTED_EDGE('',*,*,#928,.T.);
#1552=ORIENTED_EDGE('',*,*,#1062,.T.);
#1553=ORIENTED_EDGE('',*,*,#930,.T.);
#1554=ORIENTED_EDGE('',*,*,#1016,.T.);
#1555=ORIENTED_EDGE('',*,*,#932,.T.);
#1556=ORIENTED_EDGE('',*,*,#1063,.T.);
#1557=ORIENTED_EDGE('',*,*,#934,.T.);
#1558=ORIENTED_EDGE('',*,*,#1015,.T.);
#1559=ORIENTED_EDGE('',*,*,#936,.T.);
#1560=ORIENTED_EDGE('',*,*,#1064,.T.);
#1561=ORIENTED_EDGE('',*,*,#938,.T.);
#1562=ORIENTED_EDGE('',*,*,#1014,.T.);
#1563=ORIENTED_EDGE('',*,*,#940,.T.);
#1564=ORIENTED_EDGE('',*,*,#1065,.T.);
#1565=ORIENTED_EDGE('',*,*,#942,.T.);
#1566=ORIENTED_EDGE('',*,*,#1013,.T.);
#1567=ORIENTED_EDGE('',*,*,#1127,.T.);
#1568=ORIENTED_EDGE('',*,*,#1067,.T.);
#1569=ORIENTED_EDGE('',*,*,#1128,.T.);
#1570=ORIENTED_EDGE('',*,*,#1011,.T.);
#1571=ORIENTED_EDGE('',*,*,#1129,.T.);
#1572=ORIENTED_EDGE('',*,*,#1069,.T.);
#1573=ORIENTED_EDGE('',*,*,#1130,.T.);
#1574=ORIENTED_EDGE('',*,*,#1009,.T.);
#1575=ORIENTED_EDGE('',*,*,#1131,.T.);
#1576=ORIENTED_EDGE('',*,*,#991,.T.);
#1577=ORIENTED_EDGE('',*,*,#1132,.T.);
#1578=ORIENTED_EDGE('',*,*,#1087,.T.);
#1579=ORIENTED_EDGE('',*,*,#1133,.T.);
#1580=ORIENTED_EDGE('',*,*,#993,.T.);
#1581=ORIENTED_EDGE('',*,*,#1134,.T.);
#1582=ORIENTED_EDGE('',*,*,#1085,.T.);
#1583=ORIENTED_EDGE('',*,*,#1135,.T.);
#1584=ORIENTED_EDGE('',*,*,#995,.T.);
#1585=ORIENTED_EDGE('',*,*,#1136,.T.);
#1586=ORIENTED_EDGE('',*,*,#1083,.T.);
#1587=ORIENTED_EDGE('',*,*,#1137,.T.);
#1588=ORIENTED_EDGE('',*,*,#997,.T.);
#1589=ORIENTED_EDGE('',*,*,#1138,.T.);
#1590=ORIENTED_EDGE('',*,*,#1081,.T.);
#1591=ORIENTED_EDGE('',*,*,#1139,.T.);
#1592=ORIENTED_EDGE('',*,*,#999,.T.);
#1593=ORIENTED_EDGE('',*,*,#1140,.T.);
#1594=ORIENTED_EDGE('',*,*,#1079,.T.);
#1595=ORIENTED_EDGE('',*,*,#1141,.T.);
#1596=ORIENTED_EDGE('',*,*,#1001,.T.);
#1597=ORIENTED_EDGE('',*,*,#1142,.T.);
#1598=ORIENTED_EDGE('',*,*,#1077,.T.);
#1599=ORIENTED_EDGE('',*,*,#1143,.T.);
#1600=ORIENTED_EDGE('',*,*,#1003,.T.);
#1601=ORIENTED_EDGE('',*,*,#1144,.T.);
#1602=ORIENTED_EDGE('',*,*,#1075,.T.);
#1603=ORIENTED_EDGE('',*,*,#1145,.T.);
#1604=ORIENTED_EDGE('',*,*,#1005,.T.);
#1605=ORIENTED_EDGE('',*,*,#1146,.T.);
#1606=ORIENTED_EDGE('',*,*,#1073,.T.);
#1607=ORIENTED_EDGE('',*,*,#1147,.T.);
#1608=ORIENTED_EDGE('',*,*,#1071,.T.);
#1609=ORIENTED_EDGE('',*,*,#1148,.T.);
#1610=ORIENTED_EDGE('',*,*,#1007,.T.);
#1611=ORIENTED_EDGE('',*,*,#1149,.T.);
#1612=ORIENTED_EDGE('',*,*,#852,.F.);
#1613=ORIENTED_EDGE('',*,*,#1150,.F.);
#1614=ORIENTED_EDGE('',*,*,#869,.F.);
#1615=ORIENTED_EDGE('',*,*,#1151,.F.);
#1616=ORIENTED_EDGE('',*,*,#945,.T.);
#1617=ORIENTED_EDGE('',*,*,#948,.T.);
#1618=ORIENTED_EDGE('',*,*,#882,.T.);
#1619=ORIENTED_EDGE('',*,*,#1152,.T.);
#1620=ORIENTED_EDGE('',*,*,#865,.T.);
#1621=ORIENTED_EDGE('',*,*,#1153,.T.);
#1622=ORIENTED_EDGE('',*,*,#1021,.T.);
#1623=ORIENTED_EDGE('',*,*,#886,.T.);
#1624=ORIENTED_EDGE('',*,*,#881,.T.);
#1625=ORIENTED_EDGE('',*,*,#947,.T.);
#1626=ORIENTED_EDGE('',*,*,#879,.T.);
#1627=ORIENTED_EDGE('',*,*,#876,.T.);
#1628=ORIENTED_EDGE('',*,*,#873,.T.);
#1629=ORIENTED_EDGE('',*,*,#870,.T.);
#1630=ORIENTED_EDGE('',*,*,#1150,.T.);
#1631=ORIENTED_EDGE('',*,*,#851,.F.);
#1632=ORIENTED_EDGE('',*,*,#855,.F.);
#1633=ORIENTED_EDGE('',*,*,#858,.F.);
#1634=ORIENTED_EDGE('',*,*,#861,.F.);
#1635=ORIENTED_EDGE('',*,*,#1154,.F.);
#1636=ORIENTED_EDGE('',*,*,#866,.F.);
#1637=ORIENTED_EDGE('',*,*,#1152,.F.);
#1638=ORIENTED_EDGE('',*,*,#863,.T.);
#1639=ORIENTED_EDGE('',*,*,#1154,.T.);
#1640=ORIENTED_EDGE('',*,*,#860,.F.);
#1641=ORIENTED_EDGE('',*,*,#1155,.F.);
#1642=ORIENTED_EDGE('',*,*,#864,.T.);
#1643=ORIENTED_EDGE('',*,*,#1155,.T.);
#1644=ORIENTED_EDGE('',*,*,#862,.T.);
#1645=ORIENTED_EDGE('',*,*,#859,.T.);
#1646=ORIENTED_EDGE('',*,*,#856,.T.);
#1647=ORIENTED_EDGE('',*,*,#853,.T.);
#1648=ORIENTED_EDGE('',*,*,#1151,.T.);
#1649=ORIENTED_EDGE('',*,*,#868,.F.);
#1650=ORIENTED_EDGE('',*,*,#872,.F.);
#1651=ORIENTED_EDGE('',*,*,#875,.F.);
#1652=ORIENTED_EDGE('',*,*,#878,.F.);
#1653=ORIENTED_EDGE('',*,*,#946,.F.);
#1654=ORIENTED_EDGE('',*,*,#883,.F.);
#1655=ORIENTED_EDGE('',*,*,#1153,.F.);
#1656=ORIENTED_EDGE('',*,*,#1149,.F.);
#1657=ORIENTED_EDGE('',*,*,#1006,.F.);
#1658=ORIENTED_EDGE('',*,*,#1147,.F.);
#1659=ORIENTED_EDGE('',*,*,#1072,.F.);
#1660=ORIENTED_EDGE('',*,*,#1131,.F.);
#1661=ORIENTED_EDGE('',*,*,#1008,.F.);
#1662=ORIENTED_EDGE('',*,*,#1148,.F.);
#1663=ORIENTED_EDGE('',*,*,#1070,.F.);
#1664=ORIENTED_EDGE('',*,*,#1146,.F.);
#1665=ORIENTED_EDGE('',*,*,#1004,.F.);
#1666=ORIENTED_EDGE('',*,*,#1145,.F.);
#1667=ORIENTED_EDGE('',*,*,#1074,.F.);
#1668=ORIENTED_EDGE('',*,*,#1144,.F.);
#1669=ORIENTED_EDGE('',*,*,#1002,.F.);
#1670=ORIENTED_EDGE('',*,*,#1143,.F.);
#1671=ORIENTED_EDGE('',*,*,#1076,.F.);
#1672=ORIENTED_EDGE('',*,*,#1142,.F.);
#1673=ORIENTED_EDGE('',*,*,#1000,.F.);
#1674=ORIENTED_EDGE('',*,*,#1141,.F.);
#1675=ORIENTED_EDGE('',*,*,#1078,.F.);
#1676=ORIENTED_EDGE('',*,*,#1140,.F.);
#1677=ORIENTED_EDGE('',*,*,#998,.F.);
#1678=ORIENTED_EDGE('',*,*,#1139,.F.);
#1679=ORIENTED_EDGE('',*,*,#1080,.F.);
#1680=ORIENTED_EDGE('',*,*,#1138,.F.);
#1681=ORIENTED_EDGE('',*,*,#996,.F.);
#1682=ORIENTED_EDGE('',*,*,#1137,.F.);
#1683=ORIENTED_EDGE('',*,*,#1082,.F.);
#1684=ORIENTED_EDGE('',*,*,#1136,.F.);
#1685=ORIENTED_EDGE('',*,*,#994,.F.);
#1686=ORIENTED_EDGE('',*,*,#1135,.F.);
#1687=ORIENTED_EDGE('',*,*,#1084,.F.);
#1688=ORIENTED_EDGE('',*,*,#1134,.F.);
#1689=ORIENTED_EDGE('',*,*,#992,.F.);
#1690=ORIENTED_EDGE('',*,*,#1133,.F.);
#1691=ORIENTED_EDGE('',*,*,#1086,.F.);
#1692=ORIENTED_EDGE('',*,*,#1132,.F.);
#1693=ORIENTED_EDGE('',*,*,#990,.F.);
#1694=ORIENTED_EDGE('',*,*,#1097,.F.);
#1695=ORIENTED_EDGE('',*,*,#1088,.F.);
#1696=ORIENTED_EDGE('',*,*,#1129,.F.);
#1697=ORIENTED_EDGE('',*,*,#1010,.F.);
#1698=ORIENTED_EDGE('',*,*,#1130,.F.);
#1699=ORIENTED_EDGE('',*,*,#1068,.F.);
#1700=ORIENTED_EDGE('',*,*,#1127,.F.);
#1701=ORIENTED_EDGE('',*,*,#1012,.F.);
#1702=ORIENTED_EDGE('',*,*,#1128,.F.);
#1703=ORIENTED_EDGE('',*,*,#1066,.F.);
#1704=ORIENTED_EDGE('',*,*,#1125,.F.);
#1705=ORIENTED_EDGE('',*,*,#958,.F.);
#1706=ORIENTED_EDGE('',*,*,#1126,.F.);
#1707=ORIENTED_EDGE('',*,*,#1050,.F.);
#1708=ORIENTED_EDGE('',*,*,#1123,.F.);
#1709=ORIENTED_EDGE('',*,*,#960,.F.);
#1710=ORIENTED_EDGE('',*,*,#1124,.F.);
#1711=ORIENTED_EDGE('',*,*,#1048,.F.);
#1712=ORIENTED_EDGE('',*,*,#1121,.F.);
#1713=ORIENTED_EDGE('',*,*,#962,.F.);
#1714=ORIENTED_EDGE('',*,*,#1122,.F.);
#1715=ORIENTED_EDGE('',*,*,#1046,.F.);
#1716=ORIENTED_EDGE('',*,*,#1119,.F.);
#1717=ORIENTED_EDGE('',*,*,#964,.F.);
#1718=ORIENTED_EDGE('',*,*,#1120,.F.);
#1719=ORIENTED_EDGE('',*,*,#1044,.F.);
#1720=ORIENTED_EDGE('',*,*,#1117,.F.);
#1721=ORIENTED_EDGE('',*,*,#966,.F.);
#1722=ORIENTED_EDGE('',*,*,#1118,.F.);
#1723=ORIENTED_EDGE('',*,*,#1042,.F.);
#1724=ORIENTED_EDGE('',*,*,#1115,.F.);
#1725=ORIENTED_EDGE('',*,*,#968,.F.);
#1726=ORIENTED_EDGE('',*,*,#1116,.F.);
#1727=ORIENTED_EDGE('',*,*,#1040,.F.);
#1728=ORIENTED_EDGE('',*,*,#1113,.F.);
#1729=ORIENTED_EDGE('',*,*,#970,.F.);
#1730=ORIENTED_EDGE('',*,*,#1114,.F.);
#1731=ORIENTED_EDGE('',*,*,#1038,.F.);
#1732=ORIENTED_EDGE('',*,*,#1111,.F.);
#1733=ORIENTED_EDGE('',*,*,#972,.F.);
#1734=ORIENTED_EDGE('',*,*,#1112,.F.);
#1735=ORIENTED_EDGE('',*,*,#1036,.F.);
#1736=ORIENTED_EDGE('',*,*,#1109,.F.);
#1737=ORIENTED_EDGE('',*,*,#974,.F.);
#1738=ORIENTED_EDGE('',*,*,#1110,.F.);
#1739=ORIENTED_EDGE('',*,*,#1034,.F.);
#1740=ORIENTED_EDGE('',*,*,#1107,.F.);
#1741=ORIENTED_EDGE('',*,*,#976,.F.);
#1742=ORIENTED_EDGE('',*,*,#1108,.F.);
#1743=ORIENTED_EDGE('',*,*,#1032,.F.);
#1744=ORIENTED_EDGE('',*,*,#1105,.F.);
#1745=ORIENTED_EDGE('',*,*,#978,.F.);
#1746=ORIENTED_EDGE('',*,*,#1106,.F.);
#1747=ORIENTED_EDGE('',*,*,#1030,.F.);
#1748=ORIENTED_EDGE('',*,*,#1103,.F.);
#1749=ORIENTED_EDGE('',*,*,#980,.F.);
#1750=ORIENTED_EDGE('',*,*,#1104,.F.);
#1751=ORIENTED_EDGE('',*,*,#1028,.F.);
#1752=ORIENTED_EDGE('',*,*,#1101,.F.);
#1753=ORIENTED_EDGE('',*,*,#982,.F.);
#1754=ORIENTED_EDGE('',*,*,#1102,.F.);
#1755=ORIENTED_EDGE('',*,*,#1026,.F.);
#1756=ORIENTED_EDGE('',*,*,#1099,.F.);
#1757=ORIENTED_EDGE('',*,*,#984,.F.);
#1758=ORIENTED_EDGE('',*,*,#1100,.F.);
#1759=ORIENTED_EDGE('',*,*,#1024,.F.);
#1760=ORIENTED_EDGE('',*,*,#1095,.F.);
#1761=ORIENTED_EDGE('',*,*,#986,.F.);
#1762=ORIENTED_EDGE('',*,*,#1098,.F.);
#1763=ORIENTED_EDGE('',*,*,#1092,.F.);
#1764=ORIENTED_EDGE('',*,*,#1096,.F.);
#1765=ORIENTED_EDGE('',*,*,#988,.F.);
#1766=ORIENTED_EDGE('',*,*,#1094,.F.);
#1767=ORIENTED_EDGE('',*,*,#1090,.F.);
#1768=CYLINDRICAL_SURFACE('',#1984,13.91746825);
#1769=CYLINDRICAL_SURFACE('',#1986,13.91746825);
#1770=CYLINDRICAL_SURFACE('',#1987,13.91746825);
#1771=CYLINDRICAL_SURFACE('',#1988,13.91746825);
#1772=CYLINDRICAL_SURFACE('',#1989,13.91746825);
#1773=CYLINDRICAL_SURFACE('',#1991,15.);
#1774=CYLINDRICAL_SURFACE('',#1993,15.);
#1775=CYLINDRICAL_SURFACE('',#1994,15.);
#1776=CYLINDRICAL_SURFACE('',#1995,15.);
#1777=CYLINDRICAL_SURFACE('',#1996,15.);
#1778=CYLINDRICAL_SURFACE('',#2002,1.);
#1779=CYLINDRICAL_SURFACE('',#2003,1.);
#1780=CYLINDRICAL_SURFACE('',#2004,1.);
#1781=CYLINDRICAL_SURFACE('',#2005,1.);
#1782=CYLINDRICAL_SURFACE('',#2006,1.);
#1783=CYLINDRICAL_SURFACE('',#2007,1.);
#1784=CYLINDRICAL_SURFACE('',#2008,1.);
#1785=CYLINDRICAL_SURFACE('',#2009,1.);
#1786=CYLINDRICAL_SURFACE('',#2010,1.);
#1787=CYLINDRICAL_SURFACE('',#2011,1.);
#1788=CYLINDRICAL_SURFACE('',#2012,1.);
#1789=CYLINDRICAL_SURFACE('',#2013,1.);
#1790=CYLINDRICAL_SURFACE('',#2014,1.);
#1791=CYLINDRICAL_SURFACE('',#2015,1.);
#1792=CYLINDRICAL_SURFACE('',#2020,15.);
#1793=CYLINDRICAL_SURFACE('',#2113,20.);
#1794=CYLINDRICAL_SURFACE('',#2114,20.);
#1795=CYLINDRICAL_SURFACE('',#2115,20.);
#1796=CYLINDRICAL_SURFACE('',#2116,20.);
#1797=CYLINDRICAL_SURFACE('',#2117,20.);
#1798=CYLINDRICAL_SURFACE('',#2118,20.);
#1799=CYLINDRICAL_SURFACE('',#2119,20.);
#1800=CYLINDRICAL_SURFACE('',#2120,20.);
#1801=CYLINDRICAL_SURFACE('',#2121,20.);
#1802=CYLINDRICAL_SURFACE('',#2122,20.);
#1803=CYLINDRICAL_SURFACE('',#2123,20.);
#1804=CYLINDRICAL_SURFACE('',#2124,20.);
#1805=CYLINDRICAL_SURFACE('',#2125,20.);
#1806=CYLINDRICAL_SURFACE('',#2126,20.);
#1807=CYLINDRICAL_SURFACE('',#2127,20.);
#1808=CYLINDRICAL_SURFACE('',#2128,20.);
#1809=CYLINDRICAL_SURFACE('',#2129,20.);
#1810=CYLINDRICAL_SURFACE('',#2130,20.);
#1811=CYLINDRICAL_SURFACE('',#2131,20.);
#1812=CYLINDRICAL_SURFACE('',#2132,20.);
#1813=CYLINDRICAL_SURFACE('',#2133,20.);
#1814=CYLINDRICAL_SURFACE('',#2134,20.);
#1815=CYLINDRICAL_SURFACE('',#2135,20.);
#1816=CYLINDRICAL_SURFACE('',#2136,20.);
#1817=CYLINDRICAL_SURFACE('',#2137,20.);
#1818=CYLINDRICAL_SURFACE('',#2138,20.);
#1819=CYLINDRICAL_SURFACE('',#2139,20.);
#1820=CYLINDRICAL_SURFACE('',#2140,20.);
#1821=CYLINDRICAL_SURFACE('',#2141,20.);
#1822=CYLINDRICAL_SURFACE('',#2142,20.);
#1823=CYLINDRICAL_SURFACE('',#2143,20.);
#1824=CYLINDRICAL_SURFACE('',#2144,20.);
#1825=CYLINDRICAL_SURFACE('',#2145,20.);
#1826=CYLINDRICAL_SURFACE('',#2146,20.);
#1827=CYLINDRICAL_SURFACE('',#2147,20.);
#1828=CYLINDRICAL_SURFACE('',#2148,20.);
#1829=CYLINDRICAL_SURFACE('',#2149,20.);
#1830=CYLINDRICAL_SURFACE('',#2150,20.);
#1831=CYLINDRICAL_SURFACE('',#2151,20.);
#1832=CYLINDRICAL_SURFACE('',#2152,20.);
#1833=CYLINDRICAL_SURFACE('',#2153,20.);
#1834=CYLINDRICAL_SURFACE('',#2154,20.);
#1835=CYLINDRICAL_SURFACE('',#2158,13.91746825);
#1836=CYLINDRICAL_SURFACE('',#2159,1.);
#1837=CYLINDRICAL_SURFACE('',#2160,1.);
#1838=CYLINDRICAL_SURFACE('',#2161,1.);
#1839=CYLINDRICAL_SURFACE('',#2162,1.);
#1840=CYLINDRICAL_SURFACE('',#2163,1.);
#1841=CYLINDRICAL_SURFACE('',#2164,1.);
#1842=CYLINDRICAL_SURFACE('',#2165,1.);
#1843=CYLINDRICAL_SURFACE('',#2166,1.);
#1844=CYLINDRICAL_SURFACE('',#2167,1.);
#1845=CYLINDRICAL_SURFACE('',#2168,1.);
#1846=CYLINDRICAL_SURFACE('',#2169,1.);
#1847=CYLINDRICAL_SURFACE('',#2170,1.);
#1848=CYLINDRICAL_SURFACE('',#2171,1.);
#1849=CYLINDRICAL_SURFACE('',#2172,1.);
#1850=CYLINDRICAL_SURFACE('',#2173,1.);
#1851=CYLINDRICAL_SURFACE('',#2174,1.);
#1852=CYLINDRICAL_SURFACE('',#2175,1.);
#1853=CYLINDRICAL_SURFACE('',#2176,1.);
#1854=CYLINDRICAL_SURFACE('',#2177,1.);
#1855=CYLINDRICAL_SURFACE('',#2178,1.);
#1856=CYLINDRICAL_SURFACE('',#2179,1.);
#1857=CYLINDRICAL_SURFACE('',#2180,1.);
#1858=CYLINDRICAL_SURFACE('',#2181,1.);
#1859=CYLINDRICAL_SURFACE('',#2182,1.);
#1860=CYLINDRICAL_SURFACE('',#2183,1.);
#1861=CYLINDRICAL_SURFACE('',#2184,1.);
#1862=CYLINDRICAL_SURFACE('',#2185,1.);
#1863=CYLINDRICAL_SURFACE('',#2186,1.);
#1864=ADVANCED_FACE('',(#29),#1768,.F.);
#1865=ADVANCED_FACE('',(#30),#1769,.F.);
#1866=ADVANCED_FACE('',(#31),#1770,.F.);
#1867=ADVANCED_FACE('',(#32),#1771,.F.);
#1868=ADVANCED_FACE('',(#33),#1772,.F.);
#1869=ADVANCED_FACE('',(#34),#1773,.F.);
#1870=ADVANCED_FACE('',(#35),#1774,.F.);
#1871=ADVANCED_FACE('',(#36),#1775,.F.);
#1872=ADVANCED_FACE('',(#37),#1776,.F.);
#1873=ADVANCED_FACE('',(#38),#1777,.F.);
#1874=ADVANCED_FACE('',(#39),#26,.T.);
#1875=ADVANCED_FACE('',(#40),#1778,.F.);
#1876=ADVANCED_FACE('',(#41),#1779,.F.);
#1877=ADVANCED_FACE('',(#42),#1780,.F.);
#1878=ADVANCED_FACE('',(#43),#1781,.F.);
#1879=ADVANCED_FACE('',(#44),#1782,.F.);
#1880=ADVANCED_FACE('',(#45),#1783,.F.);
#1881=ADVANCED_FACE('',(#46),#1784,.F.);
#1882=ADVANCED_FACE('',(#47),#1785,.F.);
#1883=ADVANCED_FACE('',(#48),#1786,.F.);
#1884=ADVANCED_FACE('',(#49),#1787,.F.);
#1885=ADVANCED_FACE('',(#50),#1788,.F.);
#1886=ADVANCED_FACE('',(#51),#1789,.F.);
#1887=ADVANCED_FACE('',(#52),#1790,.F.);
#1888=ADVANCED_FACE('',(#53),#1791,.F.);
#1889=ADVANCED_FACE('',(#54),#25,.F.);
#1890=ADVANCED_FACE('',(#55,#20),#24,.F.);
#1891=ADVANCED_FACE('',(#56),#1792,.F.);
#1892=ADVANCED_FACE('',(#57),#27,.T.);
#1893=ADVANCED_FACE('',(#58),#28,.T.);
#1894=ADVANCED_FACE('',(#59),#1793,.T.);
#1895=ADVANCED_FACE('',(#60),#1794,.T.);
#1896=ADVANCED_FACE('',(#61),#1795,.T.);
#1897=ADVANCED_FACE('',(#62),#1796,.T.);
#1898=ADVANCED_FACE('',(#63),#1797,.T.);
#1899=ADVANCED_FACE('',(#64),#1798,.T.);
#1900=ADVANCED_FACE('',(#65),#1799,.T.);
#1901=ADVANCED_FACE('',(#66),#1800,.T.);
#1902=ADVANCED_FACE('',(#67),#1801,.T.);
#1903=ADVANCED_FACE('',(#68),#1802,.T.);
#1904=ADVANCED_FACE('',(#69),#1803,.T.);
#1905=ADVANCED_FACE('',(#70),#1804,.T.);
#1906=ADVANCED_FACE('',(#71),#1805,.T.);
#1907=ADVANCED_FACE('',(#72),#1806,.T.);
#1908=ADVANCED_FACE('',(#73),#1807,.T.);
#1909=ADVANCED_FACE('',(#74),#1808,.T.);
#1910=ADVANCED_FACE('',(#75),#1809,.T.);
#1911=ADVANCED_FACE('',(#76),#1810,.T.);
#1912=ADVANCED_FACE('',(#77),#1811,.T.);
#1913=ADVANCED_FACE('',(#78),#1812,.T.);
#1914=ADVANCED_FACE('',(#79),#1813,.T.);
#1915=ADVANCED_FACE('',(#80),#1814,.T.);
#1916=ADVANCED_FACE('',(#81),#1815,.T.);
#1917=ADVANCED_FACE('',(#82),#1816,.T.);
#1918=ADVANCED_FACE('',(#83),#1817,.T.);
#1919=ADVANCED_FACE('',(#84),#1818,.T.);
#1920=ADVANCED_FACE('',(#85),#1819,.T.);
#1921=ADVANCED_FACE('',(#86),#1820,.T.);
#1922=ADVANCED_FACE('',(#87),#1821,.T.);
#1923=ADVANCED_FACE('',(#88),#1822,.T.);
#1924=ADVANCED_FACE('',(#89),#1823,.T.);
#1925=ADVANCED_FACE('',(#90),#1824,.T.);
#1926=ADVANCED_FACE('',(#91),#1825,.T.);
#1927=ADVANCED_FACE('',(#92),#1826,.T.);
#1928=ADVANCED_FACE('',(#93),#1827,.T.);
#1929=ADVANCED_FACE('',(#94),#1828,.T.);
#1930=ADVANCED_FACE('',(#95),#1829,.T.);
#1931=ADVANCED_FACE('',(#96),#1830,.T.);
#1932=ADVANCED_FACE('',(#97),#1831,.T.);
#1933=ADVANCED_FACE('',(#98),#1832,.T.);
#1934=ADVANCED_FACE('',(#99),#1833,.T.);
#1935=ADVANCED_FACE('',(#100),#1834,.T.);
#1936=ADVANCED_FACE('',(#101,#21),#17,.T.);
#1937=ADVANCED_FACE('',(#102,#22),#18,.T.);
#1938=ADVANCED_FACE('',(#103,#23),#19,.T.);
#1939=ADVANCED_FACE('',(#104),#16,.F.);
#1940=ADVANCED_FACE('',(#105),#1835,.F.);
#1941=ADVANCED_FACE('',(#106),#15,.F.);
#1942=ADVANCED_FACE('',(#107),#1836,.F.);
#1943=ADVANCED_FACE('',(#108),#1837,.F.);
#1944=ADVANCED_FACE('',(#109),#1838,.F.);
#1945=ADVANCED_FACE('',(#110),#1839,.F.);
#1946=ADVANCED_FACE('',(#111),#1840,.F.);
#1947=ADVANCED_FACE('',(#112),#1841,.F.);
#1948=ADVANCED_FACE('',(#113),#1842,.F.);
#1949=ADVANCED_FACE('',(#114),#1843,.F.);
#1950=ADVANCED_FACE('',(#115),#1844,.F.);
#1951=ADVANCED_FACE('',(#116),#1845,.F.);
#1952=ADVANCED_FACE('',(#117),#1846,.F.);
#1953=ADVANCED_FACE('',(#118),#1847,.F.);
#1954=ADVANCED_FACE('',(#119),#1848,.F.);
#1955=ADVANCED_FACE('',(#120),#1849,.F.);
#1956=ADVANCED_FACE('',(#121),#1850,.F.);
#1957=ADVANCED_FACE('',(#122),#1851,.F.);
#1958=ADVANCED_FACE('',(#123),#1852,.F.);
#1959=ADVANCED_FACE('',(#124),#1853,.F.);
#1960=ADVANCED_FACE('',(#125),#1854,.F.);
#1961=ADVANCED_FACE('',(#126),#1855,.F.);
#1962=ADVANCED_FACE('',(#127),#1856,.F.);
#1963=ADVANCED_FACE('',(#128),#1857,.F.);
#1964=ADVANCED_FACE('',(#129),#1858,.F.);
#1965=ADVANCED_FACE('',(#130),#1859,.F.);
#1966=ADVANCED_FACE('',(#131),#1860,.F.);
#1967=ADVANCED_FACE('',(#132),#1861,.F.);
#1968=ADVANCED_FACE('',(#133),#1862,.F.);
#1969=ADVANCED_FACE('',(#134),#1863,.F.);
#1970=CLOSED_SHELL('',(#1864,#1865,#1866,#1867,#1868,#1869,#1870,#1871,
#1872,#1873,#1874,#1875,#1876,#1877,#1878,#1879,#1880,#1881,#1882,#1883,
#1884,#1885,#1886,#1887,#1888,#1889,#1890,#1891,#1892,#1893,#1894,#1895,
#1896,#1897,#1898,#1899,#1900,#1901,#1902,#1903,#1904,#1905,#1906,#1907,
#1908,#1909,#1910,#1911,#1912,#1913,#1914,#1915,#1916,#1917,#1918,#1919,
#1920,#1921,#1922,#1923,#1924,#1925,#1926,#1927,#1928,#1929,#1930,#1931,
#1932,#1933,#1934,#1935,#1936,#1937,#1938,#1939,#1940,#1941,#1942,#1943,
#1944,#1945,#1946,#1947,#1948,#1949,#1950,#1951,#1952,#1953,#1954,#1955,
#1956,#1957,#1958,#1959,#1960,#1961,#1962,#1963,#1964,#1965,#1966,#1967,
#1968,#1969));
#1971=DERIVED_UNIT_ELEMENT(#1973,1.);
#1972=DERIVED_UNIT_ELEMENT(#7449,-3.);
#1973=(
MASS_UNIT()
NAMED_UNIT(*)
SI_UNIT(.KILO.,.GRAM.)
);
#1974=DERIVED_UNIT((#1971,#1972));
#1975=MEASURE_REPRESENTATION_ITEM('density measure',
POSITIVE_RATIO_MEASURE(7850.),#1974);
#1976=PROPERTY_DEFINITION_REPRESENTATION(#1981,#1978);
#1977=PROPERTY_DEFINITION_REPRESENTATION(#1982,#1979);
#1978=REPRESENTATION('material name',(#1980),#7446);
#1979=REPRESENTATION('density',(#1975),#7446);
#1980=DESCRIPTIVE_REPRESENTATION_ITEM('Steel','Steel');
#1981=PROPERTY_DEFINITION('material property','material name',#7456);
#1982=PROPERTY_DEFINITION('material property','density of part',#7456);
#1983=AXIS2_PLACEMENT_3D('',#2690,#2187,#2188);
#1984=AXIS2_PLACEMENT_3D('',#2691,#2189,#2190);
#1985=AXIS2_PLACEMENT_3D('',#2708,#2192,#2193);
#1986=AXIS2_PLACEMENT_3D('',#2728,#2194,#2195);
#1987=AXIS2_PLACEMENT_3D('',#2787,#2197,#2198);
#1988=AXIS2_PLACEMENT_3D('',#2846,#2200,#2201);
#1989=AXIS2_PLACEMENT_3D('',#2905,#2203,#2204);
#1990=AXIS2_PLACEMENT_3D('',#2933,#2206,#2207);
#1991=AXIS2_PLACEMENT_3D('',#2947,#2208,#2209);
#1992=AXIS2_PLACEMENT_3D('',#2960,#2211,#2212);
#1993=AXIS2_PLACEMENT_3D('',#2977,#2213,#2214);
#1994=AXIS2_PLACEMENT_3D('',#3051,#2216,#2217);
#1995=AXIS2_PLACEMENT_3D('',#3125,#2219,#2220);
#1996=AXIS2_PLACEMENT_3D('',#3201,#2222,#2223);
#1997=AXIS2_PLACEMENT_3D('',#3231,#2225,#2226);
#1998=AXIS2_PLACEMENT_3D('',#3263,#2227,#2228);
#1999=AXIS2_PLACEMENT_3D('',#3265,#2229,#2230);
#2000=AXIS2_PLACEMENT_3D('',#3267,#2231,#2232);
#2001=AXIS2_PLACEMENT_3D('',#3268,#2233,#2234);
#2002=AXIS2_PLACEMENT_3D('',#3269,#2235,#2236);
#2003=AXIS2_PLACEMENT_3D('',#3340,#2239,#2240);
#2004=AXIS2_PLACEMENT_3D('',#3411,#2243,#2244);
#2005=AXIS2_PLACEMENT_3D('',#3482,#2247,#2248);
#2006=AXIS2_PLACEMENT_3D('',#3553,#2251,#2252);
#2007=AXIS2_PLACEMENT_3D('',#3624,#2255,#2256);
#2008=AXIS2_PLACEMENT_3D('',#3695,#2259,#2260);
#2009=AXIS2_PLACEMENT_3D('',#3766,#2263,#2264);
#2010=AXIS2_PLACEMENT_3D('',#3837,#2267,#2268);
#2011=AXIS2_PLACEMENT_3D('',#3908,#2271,#2272);
#2012=AXIS2_PLACEMENT_3D('',#3979,#2275,#2276);
#2013=AXIS2_PLACEMENT_3D('',#4050,#2279,#2280);
#2014=AXIS2_PLACEMENT_3D('',#4121,#2283,#2284);
#2015=AXIS2_PLACEMENT_3D('',#4192,#2287,#2288);
#2016=AXIS2_PLACEMENT_3D('',#4263,#2291,#2292);
#2017=AXIS2_PLACEMENT_3D('',#4265,#2293,#2294);
#2018=AXIS2_PLACEMENT_3D('',#4268,#2296,#2297);
#2019=AXIS2_PLACEMENT_3D('',#4269,#2298,#2299);
#2020=AXIS2_PLACEMENT_3D('',#4270,#2300,#2301);
#2021=AXIS2_PLACEMENT_3D('',#4341,#2302,#2303);
#2022=AXIS2_PLACEMENT_3D('',#4343,#2304,#2305);
#2023=AXIS2_PLACEMENT_3D('',#4345,#2306,#2307);
#2024=AXIS2_PLACEMENT_3D('',#4346,#2308,#2309);
#2025=AXIS2_PLACEMENT_3D('',#4347,#2310,#2311);
#2026=AXIS2_PLACEMENT_3D('',#4348,#2312,#2313);
#2027=AXIS2_PLACEMENT_3D('',#4349,#2314,#2315);
#2028=AXIS2_PLACEMENT_3D('',#4350,#2316,#2317);
#2029=AXIS2_PLACEMENT_3D('',#4351,#2318,#2319);
#2030=AXIS2_PLACEMENT_3D('',#4352,#2320,#2321);
#2031=AXIS2_PLACEMENT_3D('',#4354,#2322,#2323);
#2032=AXIS2_PLACEMENT_3D('',#4389,#2324,#2325);
#2033=AXIS2_PLACEMENT_3D('',#4424,#2326,#2327);
#2034=AXIS2_PLACEMENT_3D('',#4459,#2328,#2329);
#2035=AXIS2_PLACEMENT_3D('',#4494,#2330,#2331);
#2036=AXIS2_PLACEMENT_3D('',#4529,#2332,#2333);
#2037=AXIS2_PLACEMENT_3D('',#4564,#2334,#2335);
#2038=AXIS2_PLACEMENT_3D('',#4599,#2336,#2337);
#2039=AXIS2_PLACEMENT_3D('',#4634,#2338,#2339);
#2040=AXIS2_PLACEMENT_3D('',#4669,#2340,#2341);
#2041=AXIS2_PLACEMENT_3D('',#4704,#2342,#2343);
#2042=AXIS2_PLACEMENT_3D('',#4739,#2344,#2345);
#2043=AXIS2_PLACEMENT_3D('',#4774,#2346,#2347);
#2044=AXIS2_PLACEMENT_3D('',#4809,#2348,#2349);
#2045=AXIS2_PLACEMENT_3D('',#4844,#2350,#2351);
#2046=AXIS2_PLACEMENT_3D('',#4879,#2352,#2353);
#2047=AXIS2_PLACEMENT_3D('',#4914,#2354,#2355);
#2048=AXIS2_PLACEMENT_3D('',#4949,#2356,#2357);
#2049=AXIS2_PLACEMENT_3D('',#4984,#2358,#2359);
#2050=AXIS2_PLACEMENT_3D('',#5019,#2360,#2361);
#2051=AXIS2_PLACEMENT_3D('',#5054,#2362,#2363);
#2052=AXIS2_PLACEMENT_3D('',#5089,#2364,#2365);
#2053=AXIS2_PLACEMENT_3D('',#5124,#2366,#2367);
#2054=AXIS2_PLACEMENT_3D('',#5159,#2368,#2369);
#2055=AXIS2_PLACEMENT_3D('',#5194,#2370,#2371);
#2056=AXIS2_PLACEMENT_3D('',#5229,#2372,#2373);
#2057=AXIS2_PLACEMENT_3D('',#5264,#2374,#2375);
#2058=AXIS2_PLACEMENT_3D('',#5299,#2376,#2377);
#2059=AXIS2_PLACEMENT_3D('',#5333,#2378,#2379);
#2060=AXIS2_PLACEMENT_3D('',#5334,#2380,#2381);
#2061=AXIS2_PLACEMENT_3D('',#5335,#2382,#2383);
#2062=AXIS2_PLACEMENT_3D('',#5336,#2384,#2385);
#2063=AXIS2_PLACEMENT_3D('',#5337,#2386,#2387);
#2064=AXIS2_PLACEMENT_3D('',#5338,#2388,#2389);
#2065=AXIS2_PLACEMENT_3D('',#5339,#2390,#2391);
#2066=AXIS2_PLACEMENT_3D('',#5340,#2392,#2393);
#2067=AXIS2_PLACEMENT_3D('',#5341,#2394,#2395);
#2068=AXIS2_PLACEMENT_3D('',#5343,#2396,#2397);
#2069=AXIS2_PLACEMENT_3D('',#5345,#2398,#2399);
#2070=AXIS2_PLACEMENT_3D('',#5347,#2400,#2401);
#2071=AXIS2_PLACEMENT_3D('',#5382,#2402,#2403);
#2072=AXIS2_PLACEMENT_3D('',#5417,#2404,#2405);
#2073=AXIS2_PLACEMENT_3D('',#5452,#2406,#2407);
#2074=AXIS2_PLACEMENT_3D('',#5487,#2408,#2409);
#2075=AXIS2_PLACEMENT_3D('',#5522,#2410,#2411);
#2076=AXIS2_PLACEMENT_3D('',#5557,#2412,#2413);
#2077=AXIS2_PLACEMENT_3D('',#5592,#2414,#2415);
#2078=AXIS2_PLACEMENT_3D('',#5627,#2416,#2417);
#2079=AXIS2_PLACEMENT_3D('',#5662,#2418,#2419);
#2080=AXIS2_PLACEMENT_3D('',#5697,#2420,#2421);
#2081=AXIS2_PLACEMENT_3D('',#5732,#2422,#2423);
#2082=AXIS2_PLACEMENT_3D('',#5767,#2424,#2425);
#2083=AXIS2_PLACEMENT_3D('',#5802,#2426,#2427);
#2084=AXIS2_PLACEMENT_3D('',#5836,#2428,#2429);
#2085=AXIS2_PLACEMENT_3D('',#5837,#2430,#2431);
#2086=AXIS2_PLACEMENT_3D('',#5838,#2432,#2433);
#2087=AXIS2_PLACEMENT_3D('',#5839,#2434,#2435);
#2088=AXIS2_PLACEMENT_3D('',#5840,#2436,#2437);
#2089=AXIS2_PLACEMENT_3D('',#5841,#2438,#2439);
#2090=AXIS2_PLACEMENT_3D('',#5842,#2440,#2441);
#2091=AXIS2_PLACEMENT_3D('',#5843,#2442,#2443);
#2092=AXIS2_PLACEMENT_3D('',#5844,#2444,#2445);
#2093=AXIS2_PLACEMENT_3D('',#5845,#2446,#2447);
#2094=AXIS2_PLACEMENT_3D('',#5846,#2448,#2449);
#2095=AXIS2_PLACEMENT_3D('',#5847,#2450,#2451);
#2096=AXIS2_PLACEMENT_3D('',#5848,#2452,#2453);
#2097=AXIS2_PLACEMENT_3D('',#5849,#2454,#2455);
#2098=AXIS2_PLACEMENT_3D('',#5851,#2456,#2457);
#2099=AXIS2_PLACEMENT_3D('',#5886,#2458,#2459);
#2100=AXIS2_PLACEMENT_3D('',#5921,#2460,#2461);
#2101=AXIS2_PLACEMENT_3D('',#5956,#2462,#2463);
#2102=AXIS2_PLACEMENT_3D('',#5991,#2464,#2465);
#2103=AXIS2_PLACEMENT_3D('',#6026,#2466,#2467);
#2104=AXIS2_PLACEMENT_3D('',#6061,#2468,#2469);
#2105=AXIS2_PLACEMENT_3D('',#6096,#2470,#2471);
#2106=AXIS2_PLACEMENT_3D('',#6131,#2472,#2473);
#2107=AXIS2_PLACEMENT_3D('',#6166,#2474,#2475);
#2108=AXIS2_PLACEMENT_3D('',#6201,#2476,#2477);
#2109=AXIS2_PLACEMENT_3D('',#6236,#2478,#2479);
#2110=AXIS2_PLACEMENT_3D('',#6271,#2480,#2481);
#2111=AXIS2_PLACEMENT_3D('',#6306,#2482,#2483);
#2112=AXIS2_PLACEMENT_3D('',#6340,#2484,#2485);
#2113=AXIS2_PLACEMENT_3D('',#6341,#2486,#2487);
#2114=AXIS2_PLACEMENT_3D('',#6342,#2488,#2489);
#2115=AXIS2_PLACEMENT_3D('',#6345,#2492,#2493);
#2116=AXIS2_PLACEMENT_3D('',#6348,#2496,#2497);
#2117=AXIS2_PLACEMENT_3D('',#6351,#2500,#2501);
#2118=AXIS2_PLACEMENT_3D('',#6354,#2504,#2505);
#2119=AXIS2_PLACEMENT_3D('',#6357,#2508,#2509);
#2120=AXIS2_PLACEMENT_3D('',#6360,#2512,#2513);
#2121=AXIS2_PLACEMENT_3D('',#6363,#2516,#2517);
#2122=AXIS2_PLACEMENT_3D('',#6366,#2520,#2521);
#2123=AXIS2_PLACEMENT_3D('',#6369,#2524,#2525);
#2124=AXIS2_PLACEMENT_3D('',#6372,#2528,#2529);
#2125=AXIS2_PLACEMENT_3D('',#6375,#2532,#2533);
#2126=AXIS2_PLACEMENT_3D('',#6378,#2536,#2537);
#2127=AXIS2_PLACEMENT_3D('',#6381,#2540,#2541);
#2128=AXIS2_PLACEMENT_3D('',#6384,#2544,#2545);
#2129=AXIS2_PLACEMENT_3D('',#6387,#2548,#2549);
#2130=AXIS2_PLACEMENT_3D('',#6390,#2552,#2553);
#2131=AXIS2_PLACEMENT_3D('',#6392,#2555,#2556);
#2132=AXIS2_PLACEMENT_3D('',#6393,#2557,#2558);
#2133=AXIS2_PLACEMENT_3D('',#6394,#2559,#2560);
#2134=AXIS2_PLACEMENT_3D('',#6395,#2561,#2562);
#2135=AXIS2_PLACEMENT_3D('',#6396,#2563,#2564);
#2136=AXIS2_PLACEMENT_3D('',#6397,#2565,#2566);
#2137=AXIS2_PLACEMENT_3D('',#6398,#2567,#2568);
#2138=AXIS2_PLACEMENT_3D('',#6399,#2569,#2570);
#2139=AXIS2_PLACEMENT_3D('',#6400,#2571,#2572);
#2140=AXIS2_PLACEMENT_3D('',#6401,#2573,#2574);
#2141=AXIS2_PLACEMENT_3D('',#6402,#2575,#2576);
#2142=AXIS2_PLACEMENT_3D('',#6403,#2577,#2578);
#2143=AXIS2_PLACEMENT_3D('',#6404,#2579,#2580);
#2144=AXIS2_PLACEMENT_3D('',#6406,#2582,#2583);
#2145=AXIS2_PLACEMENT_3D('',#6409,#2586,#2587);
#2146=AXIS2_PLACEMENT_3D('',#6412,#2590,#2591);
#2147=AXIS2_PLACEMENT_3D('',#6415,#2594,#2595);
#2148=AXIS2_PLACEMENT_3D('',#6418,#2598,#2599);
#2149=AXIS2_PLACEMENT_3D('',#6421,#2602,#2603);
#2150=AXIS2_PLACEMENT_3D('',#6424,#2606,#2607);
#2151=AXIS2_PLACEMENT_3D('',#6427,#2610,#2611);
#2152=AXIS2_PLACEMENT_3D('',#6430,#2614,#2615);
#2153=AXIS2_PLACEMENT_3D('',#6433,#2618,#2619);
#2154=AXIS2_PLACEMENT_3D('',#6436,#2622,#2623);
#2155=AXIS2_PLACEMENT_3D('',#6439,#2626,#2627);
#2156=AXIS2_PLACEMENT_3D('',#6474,#2628,#2629);
#2157=AXIS2_PLACEMENT_3D('',#6509,#2630,#2631);
#2158=AXIS2_PLACEMENT_3D('',#6933,#2632,#2633);
#2159=AXIS2_PLACEMENT_3D('',#7416,#2634,#2635);
#2160=AXIS2_PLACEMENT_3D('',#7417,#2636,#2637);
#2161=AXIS2_PLACEMENT_3D('',#7418,#2638,#2639);
#2162=AXIS2_PLACEMENT_3D('',#7419,#2640,#2641);
#2163=AXIS2_PLACEMENT_3D('',#7420,#2642,#2643);
#2164=AXIS2_PLACEMENT_3D('',#7421,#2644,#2645);
#2165=AXIS2_PLACEMENT_3D('',#7422,#2646,#2647);
#2166=AXIS2_PLACEMENT_3D('',#7423,#2648,#2649);
#2167=AXIS2_PLACEMENT_3D('',#7424,#2650,#2651);
#2168=AXIS2_PLACEMENT_3D('',#7425,#2652,#2653);
#2169=AXIS2_PLACEMENT_3D('',#7426,#2654,#2655);
#2170=AXIS2_PLACEMENT_3D('',#7427,#2656,#2657);
#2171=AXIS2_PLACEMENT_3D('',#7428,#2658,#2659);
#2172=AXIS2_PLACEMENT_3D('',#7429,#2660,#2661);
#2173=AXIS2_PLACEMENT_3D('',#7430,#2662,#2663);
#2174=AXIS2_PLACEMENT_3D('',#7431,#2664,#2665);
#2175=AXIS2_PLACEMENT_3D('',#7432,#2666,#2667);
#2176=AXIS2_PLACEMENT_3D('',#7433,#2668,#2669);
#2177=AXIS2_PLACEMENT_3D('',#7434,#2670,#2671);
#2178=AXIS2_PLACEMENT_3D('',#7435,#2672,#2673);
#2179=AXIS2_PLACEMENT_3D('',#7436,#2674,#2675);
#2180=AXIS2_PLACEMENT_3D('',#7437,#2676,#2677);
#2181=AXIS2_PLACEMENT_3D('',#7438,#2678,#2679);
#2182=AXIS2_PLACEMENT_3D('',#7439,#2680,#2681);
#2183=AXIS2_PLACEMENT_3D('',#7440,#2682,#2683);
#2184=AXIS2_PLACEMENT_3D('',#7441,#2684,#2685);
#2185=AXIS2_PLACEMENT_3D('',#7442,#2686,#2687);
#2186=AXIS2_PLACEMENT_3D('',#7443,#2688,#2689);
#2187=DIRECTION('axis',(0.,0.,1.));
#2188=DIRECTION('refdir',(1.,0.,0.));
#2189=DIRECTION('center_axis',(0.,1.,0.));
#2190=DIRECTION('ref_axis',(0.223390707928399,0.,0.974728983672512));
#2191=DIRECTION('',(0.,1.,0.));
#2192=DIRECTION('center_axis',(0.,1.,0.));
#2193=DIRECTION('ref_axis',(1.,0.,-8.0671038576656E-16));
#2194=DIRECTION('center_axis',(0.,1.,0.));
#2195=DIRECTION('ref_axis',(1.,0.,-8.0671038576656E-16));
#2196=DIRECTION('',(0.,1.,0.));
#2197=DIRECTION('center_axis',(0.,1.,0.));
#2198=DIRECTION('ref_axis',(1.,0.,-8.0671038576656E-16));
#2199=DIRECTION('',(0.,1.,0.));
#2200=DIRECTION('center_axis',(0.,1.,0.));
#2201=DIRECTION('ref_axis',(1.,0.,-8.0671038576656E-16));
#2202=DIRECTION('',(0.,1.,0.));
#2203=DIRECTION('center_axis',(0.,1.,0.));
#2204=DIRECTION('ref_axis',(1.,0.,-8.0671038576656E-16));
#2205=DIRECTION('',(0.,1.,0.));
#2206=DIRECTION('center_axis',(0.,1.,0.));
#2207=DIRECTION('ref_axis',(1.,0.,-8.0671038576656E-16));
#2208=DIRECTION('center_axis',(0.,1.,0.));
#2209=DIRECTION('ref_axis',(-0.924239162159531,0.,-0.381814053081665));
#2210=DIRECTION('',(0.,1.,0.));
#2211=DIRECTION('center_axis',(0.,1.,0.));
#2212=DIRECTION('ref_axis',(0.,0.,1.));
#2213=DIRECTION('center_axis',(0.,1.,0.));
#2214=DIRECTION('ref_axis',(0.,0.,1.));
#2215=DIRECTION('',(0.,1.,0.));
#2216=DIRECTION('center_axis',(0.,1.,0.));
#2217=DIRECTION('ref_axis',(0.,0.,1.));
#2218=DIRECTION('',(0.,1.,0.));
#2219=DIRECTION('center_axis',(0.,1.,0.));
#2220=DIRECTION('ref_axis',(0.,0.,1.));
#2221=DIRECTION('',(0.,1.,0.));
#2222=DIRECTION('center_axis',(0.,1.,0.));
#2223=DIRECTION('ref_axis',(0.409244647611867,0.,0.912424691906701));
#2224=DIRECTION('',(0.,1.,0.));
#2225=DIRECTION('center_axis',(0.,1.,0.));
#2226=DIRECTION('ref_axis',(0.,0.,1.));
#2227=DIRECTION('center_axis',(0.,1.,0.));
#2228=DIRECTION('ref_axis',(0.,0.,1.));
#2229=DIRECTION('center_axis',(0.,1.,0.));
#2230=DIRECTION('ref_axis',(0.,0.,-1.));
#2231=DIRECTION('center_axis',(-1.,0.,1.22464679914735E-16));
#2232=DIRECTION('ref_axis',(-1.22464679914735E-16,0.,-1.));
#2233=DIRECTION('center_axis',(0.,-1.,0.));
#2234=DIRECTION('ref_axis',(0.,0.,1.));
#2235=DIRECTION('center_axis',(0.,-1.,0.));
#2236=DIRECTION('ref_axis',(0.,0.,-1.));
#2237=DIRECTION('',(0.,1.,0.));
#2238=DIRECTION('',(0.,-1.,0.));
#2239=DIRECTION('center_axis',(0.,-1.,0.));
#2240=DIRECTION('ref_axis',(0.,0.,-1.));
#2241=DIRECTION('',(0.,1.,0.));
#2242=DIRECTION('',(0.,-1.,0.));
#2243=DIRECTION('center_axis',(0.,-1.,0.));
#2244=DIRECTION('ref_axis',(0.,0.,-1.));
#2245=DIRECTION('',(0.,1.,0.));
#2246=DIRECTION('',(0.,-1.,0.));
#2247=DIRECTION('center_axis',(0.,-1.,0.));
#2248=DIRECTION('ref_axis',(0.,0.,-1.));
#2249=DIRECTION('',(0.,1.,0.));
#2250=DIRECTION('',(0.,-1.,0.));
#2251=DIRECTION('center_axis',(0.,-1.,0.));
#2252=DIRECTION('ref_axis',(0.,0.,-1.));
#2253=DIRECTION('',(0.,1.,0.));
#2254=DIRECTION('',(0.,-1.,0.));
#2255=DIRECTION('center_axis',(0.,-1.,0.));
#2256=DIRECTION('ref_axis',(0.,0.,-1.));
#2257=DIRECTION('',(0.,1.,0.));
#2258=DIRECTION('',(0.,-1.,0.));
#2259=DIRECTION('center_axis',(0.,-1.,0.));
#2260=DIRECTION('ref_axis',(0.,0.,-1.));
#2261=DIRECTION('',(0.,1.,0.));
#2262=DIRECTION('',(0.,-1.,0.));
#2263=DIRECTION('center_axis',(0.,-1.,0.));
#2264=DIRECTION('ref_axis',(0.,0.,-1.));
#2265=DIRECTION('',(0.,1.,0.));
#2266=DIRECTION('',(0.,-1.,0.));
#2267=DIRECTION('center_axis',(0.,-1.,0.));
#2268=DIRECTION('ref_axis',(0.,0.,-1.));
#2269=DIRECTION('',(0.,1.,0.));
#2270=DIRECTION('',(0.,-1.,0.));
#2271=DIRECTION('center_axis',(0.,-1.,0.));
#2272=DIRECTION('ref_axis',(0.,0.,-1.));
#2273=DIRECTION('',(0.,1.,0.));
#2274=DIRECTION('',(0.,-1.,0.));
#2275=DIRECTION('center_axis',(0.,-1.,0.));
#2276=DIRECTION('ref_axis',(0.,0.,-1.));
#2277=DIRECTION('',(0.,1.,0.));
#2278=DIRECTION('',(0.,-1.,0.));
#2279=DIRECTION('center_axis',(0.,-1.,0.));
#2280=DIRECTION('ref_axis',(0.,0.,-1.));
#2281=DIRECTION('',(0.,1.,0.));
#2282=DIRECTION('',(0.,-1.,0.));
#2283=DIRECTION('center_axis',(0.,-1.,0.));
#2284=DIRECTION('ref_axis',(0.,0.,-1.));
#2285=DIRECTION('',(0.,1.,0.));
#2286=DIRECTION('',(0.,-1.,0.));
#2287=DIRECTION('center_axis',(0.,-1.,0.));
#2288=DIRECTION('ref_axis',(0.,0.,-1.));
#2289=DIRECTION('',(0.,1.,0.));
#2290=DIRECTION('',(0.,-1.,0.));
#2291=DIRECTION('center_axis',(0.,-1.,0.));
#2292=DIRECTION('ref_axis',(0.,0.,-1.));
#2293=DIRECTION('center_axis',(0.,-1.,0.));
#2294=DIRECTION('ref_axis',(0.,0.,-1.));
#2295=DIRECTION('',(-7.15311613894713E-17,-0.811684396980706,0.584096258931751));
#2296=DIRECTION('center_axis',(0.,1.,0.));
#2297=DIRECTION('ref_axis',(0.,0.,-1.));
#2298=DIRECTION('center_axis',(-6.12323399573677E-17,0.,1.));
#2299=DIRECTION('ref_axis',(-1.,0.,0.));
#2300=DIRECTION('center_axis',(0.,1.,0.));
#2301=DIRECTION('ref_axis',(0.,0.,1.));
#2302=DIRECTION('center_axis',(0.,-1.,0.));
#2303=DIRECTION('ref_axis',(0.,0.,-1.));
#2304=DIRECTION('center_axis',(0.,-1.,0.));
#2305=DIRECTION('ref_axis',(0.,0.,-1.));
#2306=DIRECTION('center_axis',(-1.,0.,-1.22464679914735E-16));
#2307=DIRECTION('ref_axis',(-1.22464679914735E-16,0.,1.));
#2308=DIRECTION('center_axis',(0.,1.,0.));
#2309=DIRECTION('ref_axis',(0.,0.,-1.));
#2310=DIRECTION('center_axis',(0.,1.,0.));
#2311=DIRECTION('ref_axis',(0.,0.,-1.));
#2312=DIRECTION('center_axis',(0.,1.,0.));
#2313=DIRECTION('ref_axis',(1.95399252334028E-14,0.,-1.));
#2314=DIRECTION('center_axis',(0.,1.,0.));
#2315=DIRECTION('ref_axis',(-1.77635683940025E-14,0.,-1.));
#2316=DIRECTION('center_axis',(0.,1.,0.));
#2317=DIRECTION('ref_axis',(0.,0.,-1.));
#2318=DIRECTION('center_axis',(0.,1.,0.));
#2319=DIRECTION('ref_axis',(0.,0.,-1.));
#2320=DIRECTION('center_axis',(0.,1.,0.));
#2321=DIRECTION('ref_axis',(1.59872115546023E-14,0.,-1.));
#2322=DIRECTION('center_axis',(0.,1.,0.));
#2323=DIRECTION('ref_axis',(1.4210854715202E-14,0.,-1.));
#2324=DIRECTION('center_axis',(0.,1.,0.));
#2325=DIRECTION('ref_axis',(0.,0.,-1.));
#2326=DIRECTION('center_axis',(0.,1.,0.));
#2327=DIRECTION('ref_axis',(0.,0.,-1.));
#2328=DIRECTION('center_axis',(0.,1.,0.));
#2329=DIRECTION('ref_axis',(0.,0.,-1.));
#2330=DIRECTION('center_axis',(0.,1.,0.));
#2331=DIRECTION('ref_axis',(0.,0.,-1.));
#2332=DIRECTION('center_axis',(0.,1.,0.));
#2333=DIRECTION('ref_axis',(0.,0.,-1.));
#2334=DIRECTION('center_axis',(0.,1.,0.));
#2335=DIRECTION('ref_axis',(0.,0.,-1.));
#2336=DIRECTION('center_axis',(0.,1.,0.));
#2337=DIRECTION('ref_axis',(0.,0.,-1.));
#2338=DIRECTION('center_axis',(0.,1.,0.));
#2339=DIRECTION('ref_axis',(-8.88178419700125E-16,0.,-1.));
#2340=DIRECTION('center_axis',(0.,1.,0.));
#2341=DIRECTION('ref_axis',(0.,0.,-1.));
#2342=DIRECTION('center_axis',(0.,1.,0.));
#2343=DIRECTION('ref_axis',(-1.77635683940025E-15,0.,-1.));
#2344=DIRECTION('center_axis',(0.,1.,0.));
#2345=DIRECTION('ref_axis',(0.,0.,-1.));
#2346=DIRECTION('center_axis',(0.,1.,0.));
#2347=DIRECTION('ref_axis',(0.,0.,-1.));
#2348=DIRECTION('center_axis',(0.,1.,0.));
#2349=DIRECTION('ref_axis',(0.,0.,-1.));
#2350=DIRECTION('center_axis',(0.,1.,0.));
#2351=DIRECTION('ref_axis',(-7.46069872548105E-14,0.,-1.));
#2352=DIRECTION('center_axis',(0.,1.,0.));
#2353=DIRECTION('ref_axis',(-2.30926389122033E-14,0.,-1.));
#2354=DIRECTION('center_axis',(0.,1.,0.));
#2355=DIRECTION('ref_axis',(-3.10862446895044E-14,0.,-1.));
#2356=DIRECTION('center_axis',(0.,1.,0.));
#2357=DIRECTION('ref_axis',(-2.48689957516035E-14,0.,-1.));
#2358=DIRECTION('center_axis',(0.,1.,0.));
#2359=DIRECTION('ref_axis',(-9.76996261670138E-15,0.,-1.));
#2360=DIRECTION('center_axis',(0.,1.,0.));
#2361=DIRECTION('ref_axis',(-2.8421709430404E-14,0.,-1.));
#2362=DIRECTION('center_axis',(0.,1.,0.));
#2363=DIRECTION('ref_axis',(-1.95399252334028E-14,0.,-1.));
#2364=DIRECTION('center_axis',(0.,1.,0.));
#2365=DIRECTION('ref_axis',(0.,0.,-1.));
#2366=DIRECTION('center_axis',(0.,1.,0.));
#2367=DIRECTION('ref_axis',(-1.68753899743024E-14,0.,-1.));
#2368=DIRECTION('center_axis',(0.,1.,0.));
#2369=DIRECTION('ref_axis',(3.37507799486048E-14,0.,-1.));
#2370=DIRECTION('center_axis',(0.,1.,0.));
#2371=DIRECTION('ref_axis',(0.,0.,-1.));
#2372=DIRECTION('center_axis',(0.,1.,0.));
#2373=DIRECTION('ref_axis',(-3.19744231092045E-14,0.,-1.));
#2374=DIRECTION('center_axis',(0.,1.,0.));
#2375=DIRECTION('ref_axis',(1.50990331349021E-14,0.,-1.));
#2376=DIRECTION('center_axis',(0.,1.,0.));
#2377=DIRECTION('ref_axis',(-2.93098878501041E-14,0.,-1.));
#2378=DIRECTION('center_axis',(0.,1.,0.));
#2379=DIRECTION('ref_axis',(-2.93098878501041E-14,0.,-1.));
#2380=DIRECTION('center_axis',(0.,1.,0.));
#2381=DIRECTION('ref_axis',(-2.8421709430404E-14,0.,-1.));
#2382=DIRECTION('center_axis',(0.,1.,0.));
#2383=DIRECTION('ref_axis',(0.,0.,-1.));
#2384=DIRECTION('center_axis',(0.,1.,0.));
#2385=DIRECTION('ref_axis',(0.,0.,-1.));
#2386=DIRECTION('center_axis',(0.,1.,0.));
#2387=DIRECTION('ref_axis',(0.,0.,-1.));
#2388=DIRECTION('center_axis',(0.,1.,0.));
#2389=DIRECTION('ref_axis',(0.,0.,-1.));
#2390=DIRECTION('center_axis',(0.,1.,0.));
#2391=DIRECTION('ref_axis',(0.,0.,-1.));
#2392=DIRECTION('center_axis',(0.,1.,0.));
#2393=DIRECTION('ref_axis',(0.,0.,-1.));
#2394=DIRECTION('center_axis',(0.,1.,0.));
#2395=DIRECTION('ref_axis',(0.,0.,1.));
#2396=DIRECTION('center_axis',(0.,1.,0.));
#2397=DIRECTION('ref_axis',(0.,0.,1.));
#2398=DIRECTION('center_axis',(-1.,0.,1.22464679914735E-16));
#2399=DIRECTION('ref_axis',(-1.22464679914735E-16,0.,-1.));
#2400=DIRECTION('center_axis',(0.,-1.,0.));
#2401=DIRECTION('ref_axis',(0.,0.,1.));
#2402=DIRECTION('center_axis',(0.,-1.,0.));
#2403=DIRECTION('ref_axis',(0.,0.,1.));
#2404=DIRECTION('center_axis',(0.,-1.,0.));
#2405=DIRECTION('ref_axis',(0.,0.,1.));
#2406=DIRECTION('center_axis',(0.,-1.,0.));
#2407=DIRECTION('ref_axis',(0.,0.,1.));
#2408=DIRECTION('center_axis',(0.,-1.,0.));
#2409=DIRECTION('ref_axis',(-1.77635683940025E-14,0.,1.));
#2410=DIRECTION('center_axis',(0.,-1.,0.));
#2411=DIRECTION('ref_axis',(0.,0.,1.));
#2412=DIRECTION('center_axis',(0.,-1.,0.));
#2413=DIRECTION('ref_axis',(0.,0.,1.));
#2414=DIRECTION('center_axis',(0.,-1.,0.));
#2415=DIRECTION('ref_axis',(-1.4210854715202E-14,0.,1.));
#2416=DIRECTION('center_axis',(0.,-1.,0.));
#2417=DIRECTION('ref_axis',(0.,0.,1.));
#2418=DIRECTION('center_axis',(0.,-1.,0.));
#2419=DIRECTION('ref_axis',(0.,0.,1.));
#2420=DIRECTION('center_axis',(0.,-1.,0.));
#2421=DIRECTION('ref_axis',(0.,0.,1.));
#2422=DIRECTION('center_axis',(0.,-1.,0.));
#2423=DIRECTION('ref_axis',(0.,0.,1.));
#2424=DIRECTION('center_axis',(0.,-1.,0.));
#2425=DIRECTION('ref_axis',(0.,0.,1.));
#2426=DIRECTION('center_axis',(0.,-1.,0.));
#2427=DIRECTION('ref_axis',(0.,0.,1.));
#2428=DIRECTION('center_axis',(0.,-1.,0.));
#2429=DIRECTION('ref_axis',(0.,0.,1.));
#2430=DIRECTION('center_axis',(0.,-1.,0.));
#2431=DIRECTION('ref_axis',(0.,0.,1.));
#2432=DIRECTION('center_axis',(0.,-1.,0.));
#2433=DIRECTION('ref_axis',(-8.88178419700125E-16,0.,1.));
#2434=DIRECTION('center_axis',(0.,-1.,0.));
#2435=DIRECTION('ref_axis',(1.77635683940025E-15,0.,1.));
#2436=DIRECTION('center_axis',(0.,-1.,0.));
#2437=DIRECTION('ref_axis',(0.,0.,1.));
#2438=DIRECTION('center_axis',(0.,-1.,0.));
#2439=DIRECTION('ref_axis',(0.,0.,1.));
#2440=DIRECTION('center_axis',(0.,-1.,0.));
#2441=DIRECTION('ref_axis',(0.,0.,1.));
#2442=DIRECTION('center_axis',(0.,-1.,0.));
#2443=DIRECTION('ref_axis',(-3.28626015289046E-14,0.,1.));
#2444=DIRECTION('center_axis',(0.,-1.,0.));
#2445=DIRECTION('ref_axis',(-2.48689957516035E-14,0.,1.));
#2446=DIRECTION('center_axis',(0.,-1.,0.));
#2447=DIRECTION('ref_axis',(5.15143483426073E-14,0.,1.));
#2448=DIRECTION('center_axis',(0.,-1.,0.));
#2449=DIRECTION('ref_axis',(-3.01980662698043E-14,0.,1.));
#2450=DIRECTION('center_axis',(0.,-1.,0.));
#2451=DIRECTION('ref_axis',(-1.95399252334028E-14,0.,1.));
#2452=DIRECTION('center_axis',(0.,-1.,0.));
#2453=DIRECTION('ref_axis',(3.81916720471054E-14,0.,1.));
#2454=DIRECTION('center_axis',(0.,-1.,0.));
#2455=DIRECTION('ref_axis',(-3.73034936274053E-14,0.,1.));
#2456=DIRECTION('center_axis',(0.,-1.,0.));
#2457=DIRECTION('ref_axis',(-3.5527136788005E-14,0.,1.));
#2458=DIRECTION('center_axis',(0.,-1.,0.));
#2459=DIRECTION('ref_axis',(-3.5527136788005E-14,0.,1.));
#2460=DIRECTION('center_axis',(0.,-1.,0.));
#2461=DIRECTION('ref_axis',(3.37507799486048E-14,0.,1.));
#2462=DIRECTION('center_axis',(0.,-1.,0.));
#2463=DIRECTION('ref_axis',(-1.59872115546023E-14,0.,1.));
#2464=DIRECTION('center_axis',(0.,-1.,0.));
#2465=DIRECTION('ref_axis',(0.,0.,1.));
#2466=DIRECTION('center_axis',(0.,-1.,0.));
#2467=DIRECTION('ref_axis',(4.61852778244065E-14,0.,1.));
#2468=DIRECTION('center_axis',(0.,-1.,0.));
#2469=DIRECTION('ref_axis',(0.,0.,1.));
#2470=DIRECTION('center_axis',(0.,-1.,0.));
#2471=DIRECTION('ref_axis',(0.,0.,1.));
#2472=DIRECTION('center_axis',(0.,-1.,0.));
#2473=DIRECTION('ref_axis',(-5.6843418860808E-14,0.,1.));
#2474=DIRECTION('center_axis',(0.,-1.,0.));
#2475=DIRECTION('ref_axis',(0.,0.,1.));
#2476=DIRECTION('center_axis',(0.,-1.,0.));
#2477=DIRECTION('ref_axis',(0.,0.,1.));
#2478=DIRECTION('center_axis',(0.,-1.,0.));
#2479=DIRECTION('ref_axis',(0.,0.,1.));
#2480=DIRECTION('center_axis',(0.,-1.,0.));
#2481=DIRECTION('ref_axis',(0.,0.,1.));
#2482=DIRECTION('center_axis',(0.,-1.,0.));
#2483=DIRECTION('ref_axis',(0.,0.,1.));
#2484=DIRECTION('center_axis',(0.,-1.,0.));
#2485=DIRECTION('ref_axis',(0.,0.,1.));
#2486=DIRECTION('center_axis',(0.,1.,0.));
#2487=DIRECTION('ref_axis',(0.,0.,1.));
#2488=DIRECTION('center_axis',(0.,1.,0.));
#2489=DIRECTION('ref_axis',(0.,0.,1.));
#2490=DIRECTION('',(0.,-1.,0.));
#2491=DIRECTION('',(0.,1.,0.));
#2492=DIRECTION('center_axis',(0.,1.,0.));
#2493=DIRECTION('ref_axis',(0.,0.,1.));
#2494=DIRECTION('',(0.,1.,0.));
#2495=DIRECTION('',(0.,-1.,0.));
#2496=DIRECTION('center_axis',(0.,1.,0.));
#2497=DIRECTION('ref_axis',(1.05356763564868E-14,0.,-1.));
#2498=DIRECTION('',(0.,-1.,0.));
#2499=DIRECTION('',(0.,1.,0.));
#2500=DIRECTION('center_axis',(0.,1.,0.));
#2501=DIRECTION('ref_axis',(0.,0.,1.));
#2502=DIRECTION('',(0.,-1.,0.));
#2503=DIRECTION('',(0.,1.,0.));
#2504=DIRECTION('center_axis',(0.,1.,0.));
#2505=DIRECTION('ref_axis',(0.,0.,1.));
#2506=DIRECTION('',(0.,-1.,0.));
#2507=DIRECTION('',(0.,1.,0.));
#2508=DIRECTION('center_axis',(0.,1.,0.));
#2509=DIRECTION('ref_axis',(0.,0.,1.));
#2510=DIRECTION('',(0.,-1.,0.));
#2511=DIRECTION('',(0.,1.,0.));
#2512=DIRECTION('center_axis',(0.,1.,0.));
#2513=DIRECTION('ref_axis',(0.,0.,1.));
#2514=DIRECTION('',(0.,-1.,0.));
#2515=DIRECTION('',(0.,1.,0.));
#2516=DIRECTION('center_axis',(0.,1.,0.));
#2517=DIRECTION('ref_axis',(0.,0.,1.));
#2518=DIRECTION('',(0.,-1.,0.));
#2519=DIRECTION('',(0.,1.,0.));
#2520=DIRECTION('center_axis',(0.,1.,0.));
#2521=DIRECTION('ref_axis',(0.,0.,1.));
#2522=DIRECTION('',(0.,-1.,0.));
#2523=DIRECTION('',(0.,1.,0.));
#2524=DIRECTION('center_axis',(0.,1.,0.));
#2525=DIRECTION('ref_axis',(0.,0.,1.));
#2526=DIRECTION('',(0.,-1.,0.));
#2527=DIRECTION('',(0.,1.,0.));
#2528=DIRECTION('center_axis',(0.,1.,0.));
#2529=DIRECTION('ref_axis',(0.,0.,1.));
#2530=DIRECTION('',(0.,-1.,0.));
#2531=DIRECTION('',(0.,1.,0.));
#2532=DIRECTION('center_axis',(0.,1.,0.));
#2533=DIRECTION('ref_axis',(0.,0.,1.));
#2534=DIRECTION('',(0.,-1.,0.));
#2535=DIRECTION('',(0.,1.,0.));
#2536=DIRECTION('center_axis',(0.,1.,0.));
#2537=DIRECTION('ref_axis',(0.,0.,1.));
#2538=DIRECTION('',(0.,-1.,0.));
#2539=DIRECTION('',(0.,1.,0.));
#2540=DIRECTION('center_axis',(0.,1.,0.));
#2541=DIRECTION('ref_axis',(0.,0.,1.));
#2542=DIRECTION('',(0.,-1.,0.));
#2543=DIRECTION('',(0.,1.,0.));
#2544=DIRECTION('center_axis',(0.,1.,0.));
#2545=DIRECTION('ref_axis',(0.,0.,1.));
#2546=DIRECTION('',(0.,-1.,0.));
#2547=DIRECTION('',(0.,1.,0.));
#2548=DIRECTION('center_axis',(0.,1.,0.));
#2549=DIRECTION('ref_axis',(0.,0.,1.));
#2550=DIRECTION('',(0.,-1.,0.));
#2551=DIRECTION('',(0.,1.,0.));
#2552=DIRECTION('center_axis',(0.,1.,0.));
#2553=DIRECTION('ref_axis',(0.,0.,1.));
#2554=DIRECTION('',(0.,-1.,0.));
#2555=DIRECTION('center_axis',(0.,1.,0.));
#2556=DIRECTION('ref_axis',(0.,0.,1.));
#2557=DIRECTION('center_axis',(0.,1.,0.));
#2558=DIRECTION('ref_axis',(0.,0.,1.));
#2559=DIRECTION('center_axis',(0.,1.,0.));
#2560=DIRECTION('ref_axis',(0.,0.,1.));
#2561=DIRECTION('center_axis',(0.,1.,0.));
#2562=DIRECTION('ref_axis',(0.,0.,1.));
#2563=DIRECTION('center_axis',(0.,1.,0.));
#2564=DIRECTION('ref_axis',(0.,0.,1.));
#2565=DIRECTION('center_axis',(0.,1.,0.));
#2566=DIRECTION('ref_axis',(0.,0.,1.));
#2567=DIRECTION('center_axis',(0.,1.,0.));
#2568=DIRECTION('ref_axis',(0.,0.,1.));
#2569=DIRECTION('center_axis',(0.,1.,0.));
#2570=DIRECTION('ref_axis',(0.,0.,1.));
#2571=DIRECTION('center_axis',(0.,1.,0.));
#2572=DIRECTION('ref_axis',(0.,0.,1.));
#2573=DIRECTION('center_axis',(0.,1.,0.));
#2574=DIRECTION('ref_axis',(0.,0.,1.));
#2575=DIRECTION('center_axis',(0.,1.,0.));
#2576=DIRECTION('ref_axis',(0.,0.,1.));
#2577=DIRECTION('center_axis',(0.,1.,0.));
#2578=DIRECTION('ref_axis',(0.,0.,1.));
#2579=DIRECTION('center_axis',(0.,1.,0.));
#2580=DIRECTION('ref_axis',(0.,0.,1.));
#2581=DIRECTION('',(0.,1.,0.));
#2582=DIRECTION('center_axis',(0.,1.,0.));
#2583=DIRECTION('ref_axis',(0.,0.,1.));
#2584=DIRECTION('',(0.,-1.,0.));
#2585=DIRECTION('',(0.,1.,0.));
#2586=DIRECTION('center_axis',(0.,1.,0.));
#2587=DIRECTION('ref_axis',(0.,0.,1.));
#2588=DIRECTION('',(0.,-1.,0.));
#2589=DIRECTION('',(0.,1.,0.));
#2590=DIRECTION('center_axis',(0.,1.,0.));
#2591=DIRECTION('ref_axis',(0.,0.,1.));
#2592=DIRECTION('',(0.,1.,0.));
#2593=DIRECTION('',(0.,-1.,0.));
#2594=DIRECTION('center_axis',(0.,1.,0.));
#2595=DIRECTION('ref_axis',(0.,0.,1.));
#2596=DIRECTION('',(0.,1.,0.));
#2597=DIRECTION('',(0.,-1.,0.));
#2598=DIRECTION('center_axis',(0.,1.,0.));
#2599=DIRECTION('ref_axis',(0.,0.,1.));
#2600=DIRECTION('',(0.,1.,0.));
#2601=DIRECTION('',(0.,-1.,0.));
#2602=DIRECTION('center_axis',(0.,1.,0.));
#2603=DIRECTION('ref_axis',(0.,0.,1.));
#2604=DIRECTION('',(0.,1.,0.));
#2605=DIRECTION('',(0.,-1.,0.));
#2606=DIRECTION('center_axis',(0.,1.,0.));
#2607=DIRECTION('ref_axis',(0.,0.,1.));
#2608=DIRECTION('',(0.,1.,0.));
#2609=DIRECTION('',(0.,-1.,0.));
#2610=DIRECTION('center_axis',(0.,1.,0.));
#2611=DIRECTION('ref_axis',(0.,0.,1.));
#2612=DIRECTION('',(0.,1.,0.));
#2613=DIRECTION('',(0.,-1.,0.));
#2614=DIRECTION('center_axis',(0.,1.,0.));
#2615=DIRECTION('ref_axis',(0.,0.,1.));
#2616=DIRECTION('',(0.,1.,0.));
#2617=DIRECTION('',(0.,-1.,0.));
#2618=DIRECTION('center_axis',(0.,1.,0.));
#2619=DIRECTION('ref_axis',(0.,0.,1.));
#2620=DIRECTION('',(0.,1.,0.));
#2621=DIRECTION('',(0.,-1.,0.));
#2622=DIRECTION('center_axis',(0.,1.,0.));
#2623=DIRECTION('ref_axis',(0.,0.,1.));
#2624=DIRECTION('',(0.,-1.,0.));
#2625=DIRECTION('',(0.,1.,0.));
#2626=DIRECTION('center_axis',(0.,-1.,0.));
#2627=DIRECTION('ref_axis',(0.,0.,-1.));
#2628=DIRECTION('center_axis',(0.,-1.,0.));
#2629=DIRECTION('ref_axis',(0.,0.,-1.));
#2630=DIRECTION('center_axis',(0.,1.,0.));
#2631=DIRECTION('ref_axis',(0.,0.,1.));
#2632=DIRECTION('center_axis',(0.,1.,0.));
#2633=DIRECTION('ref_axis',(1.,0.,-8.0671038576656E-16));
#2634=DIRECTION('center_axis',(0.,-1.,0.));
#2635=DIRECTION('ref_axis',(0.,0.,-1.));
#2636=DIRECTION('center_axis',(0.,-1.,0.));
#2637=DIRECTION('ref_axis',(0.,0.,-1.));
#2638=DIRECTION('center_axis',(0.,-1.,0.));
#2639=DIRECTION('ref_axis',(0.,0.,-1.));
#2640=DIRECTION('center_axis',(0.,-1.,0.));
#2641=DIRECTION('ref_axis',(0.,0.,-1.));
#2642=DIRECTION('center_axis',(0.,-1.,0.));
#2643=DIRECTION('ref_axis',(0.,0.,-1.));
#2644=DIRECTION('center_axis',(0.,-1.,0.));
#2645=DIRECTION('ref_axis',(-0.826238774316001,0.,0.563320058063612));
#2646=DIRECTION('center_axis',(0.,-1.,0.));
#2647=DIRECTION('ref_axis',(-0.733051871829835,0.,0.68017273777091));
#2648=DIRECTION('center_axis',(0.,-1.,0.));
#2649=DIRECTION('ref_axis',(-0.623489801858743,0.,0.781831482468023));
#2650=DIRECTION('center_axis',(0.,-1.,0.));
#2651=DIRECTION('ref_axis',(-0.500000000000009,0.,0.866025403784433));
#2652=DIRECTION('center_axis',(0.,-1.,0.));
#2653=DIRECTION('ref_axis',(-0.365341024366405,0.,0.9308737486442));
#2654=DIRECTION('center_axis',(0.,-1.,0.));
#2655=DIRECTION('ref_axis',(0.,0.,-1.));
#2656=DIRECTION('center_axis',(0.,-1.,0.));
#2657=DIRECTION('ref_axis',(0.,0.,-1.));
#2658=DIRECTION('center_axis',(0.,-1.,0.));
#2659=DIRECTION('ref_axis',(0.,0.,-1.));
#2660=DIRECTION('center_axis',(0.,-1.,0.));
#2661=DIRECTION('ref_axis',(0.,0.,-1.));
#2662=DIRECTION('center_axis',(0.,-1.,0.));
#2663=DIRECTION('ref_axis',(0.,0.,-1.));
#2664=DIRECTION('center_axis',(0.,-1.,0.));
#2665=DIRECTION('ref_axis',(0.,0.,-1.));
#2666=DIRECTION('center_axis',(0.,-1.,0.));
#2667=DIRECTION('ref_axis',(0.,0.,-1.));
#2668=DIRECTION('center_axis',(0.,-1.,0.));
#2669=DIRECTION('ref_axis',(0.,0.,-1.));
#2670=DIRECTION('center_axis',(0.,-1.,0.));
#2671=DIRECTION('ref_axis',(0.,0.,-1.));
#2672=DIRECTION('center_axis',(0.,-1.,0.));
#2673=DIRECTION('ref_axis',(0.826238774315991,0.,0.563320058063628));
#2674=DIRECTION('center_axis',(0.,-1.,0.));
#2675=DIRECTION('ref_axis',(0.733051871829821,0.,0.680172737770925));
#2676=DIRECTION('center_axis',(0.,-1.,0.));
#2677=DIRECTION('ref_axis',(0.623489801858727,0.,0.781831482468035));
#2678=DIRECTION('center_axis',(0.,-1.,0.));
#2679=DIRECTION('ref_axis',(0.499999999999992,0.,0.866025403784443));
#2680=DIRECTION('center_axis',(0.,-1.,0.));
#2681=DIRECTION('ref_axis',(0.365341024366386,0.,0.930873748644208));
#2682=DIRECTION('center_axis',(0.,-1.,0.));
#2683=DIRECTION('ref_axis',(0.222520933956304,0.,0.974927912181826));
#2684=DIRECTION('center_axis',(0.,-1.,0.));
#2685=DIRECTION('ref_axis',(0.074730093586414,0.,0.997203797181181));
#2686=DIRECTION('center_axis',(0.,-1.,0.));
#2687=DIRECTION('ref_axis',(-0.074730093586436,0.,0.997203797181179));
#2688=DIRECTION('center_axis',(0.,-1.,0.));
#2689=DIRECTION('ref_axis',(-0.222520933956326,0.,0.974927912181821));
#2690=CARTESIAN_POINT('',(0.,0.,0.));
#2691=CARTESIAN_POINT('Origin',(-6.66133814775094E-15,-4.12500000273119,
1.12273661808514E-14));
#2692=CARTESIAN_POINT('',(-13.9253091661798,8.85598063790457,-0.000114963733512723));
#2693=CARTESIAN_POINT('',(-13.91746825,9.12499999726881,1.12273661808514E-14));
#2694=CARTESIAN_POINT('',(-13.91746825,-4.12500000273119,2.41591306561625E-14));
#2695=CARTESIAN_POINT('',(12.8644912495576,10.,5.31044135452161));
#2696=CARTESIAN_POINT('Ctrl Pts',(-13.91746825,9.12499999726881,-1.70439829445974E-15));
#2697=CARTESIAN_POINT('Ctrl Pts',(-13.91746825,9.22499999726881,4.52205955612112));
#2698=CARTESIAN_POINT('Ctrl Pts',(-11.2594683329238,9.32499999726881,8.18048258659873));
#2699=CARTESIAN_POINT('Ctrl Pts',(-8.60146841584752,9.42499999726881,11.8389056170763));
#2700=CARTESIAN_POINT('Ctrl Pts',(-4.30073420792376,9.52499999726881,13.2362988694934));
#2701=CARTESIAN_POINT('Ctrl Pts',(-2.68816563252082E-15,9.62499999726881,
14.6336921219105));
#2702=CARTESIAN_POINT('Ctrl Pts',(4.30073420792376,9.72499999726881,13.2362988694934));
#2703=CARTESIAN_POINT('Ctrl Pts',(8.60146841584752,9.82499999726881,11.8389056170763));
#2704=CARTESIAN_POINT('Ctrl Pts',(11.2594683329238,9.92499999726881,8.18048258659874));
#2705=CARTESIAN_POINT('Ctrl Pts',(12.232705012481,9.96161537386475,6.84093721651675));
#2706=CARTESIAN_POINT('Ctrl Pts',(12.8644912495576,10.,5.31044135452161));
#2707=CARTESIAN_POINT('',(12.5263056580321,9.99998562431807,-6.05927221304209));
#2708=CARTESIAN_POINT('Origin',(-6.66133814775094E-15,10.,1.12273661808514E-14));
#2709=CARTESIAN_POINT('Ctrl Pts',(-13.9253091661798,8.85598063790457,-0.000114963733512723));
#2710=CARTESIAN_POINT('Ctrl Pts',(-13.9252718120819,8.9193530649875,2.87082518193299));
#2711=CARTESIAN_POINT('Ctrl Pts',(-12.9549100990668,8.99253171391238,5.85883078958984));
#2712=CARTESIAN_POINT('Ctrl Pts',(-11.2681497809202,9.05589533535467,8.18187596279846));
#2713=CARTESIAN_POINT('Ctrl Pts',(-9.5806326648981,9.11928738612007,10.5059634154779));
#2714=CARTESIAN_POINT('Ctrl Pts',(-7.03823205060608,9.19250326720537,12.3542087194243));
#2715=CARTESIAN_POINT('Ctrl Pts',(-4.30693737864381,9.25589531208968,13.2425401549324));
#2716=CARTESIAN_POINT('Ctrl Pts',(-1.5756427066816,9.31928735697398,14.1308715904405));
#2717=CARTESIAN_POINT('Ctrl Pts',(1.56757490282573,9.39250322046606,14.1317560019325));
#2718=CARTESIAN_POINT('Ctrl Pts',(4.29938766037415,9.45589524952838,13.2450245244376));
#2719=CARTESIAN_POINT('Ctrl Pts',(7.03120041792261,9.51928727859069,12.3582930469426));
#2720=CARTESIAN_POINT('Ctrl Pts',(9.57463949712713,9.59250309484309,10.511490765311));
#2721=CARTESIAN_POINT('Ctrl Pts',(11.2635167981803,9.65589508127142,8.1884158419165));
#2722=CARTESIAN_POINT('Ctrl Pts',(12.9523940992334,9.71928706769974,5.865340918522));
#2723=CARTESIAN_POINT('Ctrl Pts',(13.9245655602359,9.79250275768014,2.87627183998215));
#2724=CARTESIAN_POINT('Ctrl Pts',(13.9254300348736,9.85589462847044,0.00427525597599885));
#2725=CARTESIAN_POINT('Ctrl Pts',(13.9260491219451,9.90129224446865,-2.05248370133824));
#2726=CARTESIAN_POINT('Ctrl Pts',(13.4285536976807,9.95172793603809,-4.16971837805953));
#2727=CARTESIAN_POINT('Ctrl Pts',(12.5263056580321,9.99998562431807,-6.05927221304209));
#2728=CARTESIAN_POINT('Origin',(-6.66133814775094E-15,-4.12500000273119,
1.12273661808514E-14));
#2729=CARTESIAN_POINT('',(-13.9253100239229,6.85598064302872,-0.000116907830248887));
#2730=CARTESIAN_POINT('',(-13.91746825,7.12499999726881,1.12273661808514E-14));
#2731=CARTESIAN_POINT('',(-13.91746825,-4.12500000273119,2.41591306561625E-14));
#2732=CARTESIAN_POINT('Ctrl Pts',(-13.91746825,7.12499999726881,-1.70439829445974E-15));
#2733=CARTESIAN_POINT('Ctrl Pts',(-13.91746825,7.22499999726881,4.52205955612112));
#2734=CARTESIAN_POINT('Ctrl Pts',(-11.2594683329238,7.32499999726881,8.18048258659873));
#2735=CARTESIAN_POINT('Ctrl Pts',(-8.60146841584752,7.42499999726881,11.8389056170763));
#2736=CARTESIAN_POINT('Ctrl Pts',(-4.30073420792376,7.52499999726881,13.2362988694934));
#2737=CARTESIAN_POINT('Ctrl Pts',(-2.68816563252082E-15,7.62499999726881,
14.6336921219105));
#2738=CARTESIAN_POINT('Ctrl Pts',(4.30073420792376,7.72499999726882,13.2362988694934));
#2739=CARTESIAN_POINT('Ctrl Pts',(8.60146841584752,7.82499999726881,11.8389056170763));
#2740=CARTESIAN_POINT('Ctrl Pts',(11.2594683329238,7.92499999726881,8.18048258659874));
#2741=CARTESIAN_POINT('Ctrl Pts',(13.91746825,8.02499999726881,4.52205955612112));
#2742=CARTESIAN_POINT('Ctrl Pts',(13.91746825,8.12499999726881,0.));
#2743=CARTESIAN_POINT('Ctrl Pts',(13.91746825,8.22499999726882,-4.52205955612112));
#2744=CARTESIAN_POINT('Ctrl Pts',(11.2594683329238,8.32499999726881,-8.18048258659873));
#2745=CARTESIAN_POINT('Ctrl Pts',(8.60146841584752,8.42499999726881,-11.8389056170763));
#2746=CARTESIAN_POINT('Ctrl Pts',(4.30073420792376,8.52499999726881,-13.2362988694934));
#2747=CARTESIAN_POINT('Ctrl Pts',(8.96055210840274E-16,8.62499999726881,
-14.6336921219105));
#2748=CARTESIAN_POINT('Ctrl Pts',(-4.30073420792376,8.72499999726881,-13.2362988694934));
#2749=CARTESIAN_POINT('Ctrl Pts',(-8.60146841584752,8.82499999726881,-11.8389056170763));
#2750=CARTESIAN_POINT('Ctrl Pts',(-11.2594683329238,8.92499999726881,-8.18048258659874));
#2751=CARTESIAN_POINT('Ctrl Pts',(-13.91746825,9.02499999726881,-4.52205955612112));
#2752=CARTESIAN_POINT('Ctrl Pts',(-13.91746825,9.12499999726881,-1.70439829445974E-15));
#2753=CARTESIAN_POINT('Ctrl Pts',(-13.9253100239229,6.85598064302872,-0.00011690783024872));
#2754=CARTESIAN_POINT('Ctrl Pts',(-13.9252728868362,6.9193530714081,2.8708227456782));
#2755=CARTESIAN_POINT('Ctrl Pts',(-12.9549118222175,6.99253172420643,5.85882688659709));
#2756=CARTESIAN_POINT('Ctrl Pts',(-11.268152086562,7.05589534912863,8.18187073597568));
#2757=CARTESIAN_POINT('Ctrl Pts',(-9.58063555329233,7.11928740337549,10.5059568642311));
#2758=CARTESIAN_POINT('Ctrl Pts',(-7.03823668336245,7.19250329488089,12.3541982457818));
#2759=CARTESIAN_POINT('Ctrl Pts',(-4.3069435783964,7.25589534912745,13.2425260888189));
#2760=CARTESIAN_POINT('Ctrl Pts',(-1.5756504734303,7.31928740337402,14.1308539318559));
#2761=CARTESIAN_POINT('Ctrl Pts',(1.56756244562312,7.39250329487852,14.1317280584757));
#2762=CARTESIAN_POINT('Ctrl Pts',(4.2993709895412,7.45589534912429,13.2449865736664));
#2763=CARTESIAN_POINT('Ctrl Pts',(7.03117953345925,7.51928740337005,12.3582450888571));
#2764=CARTESIAN_POINT('Ctrl Pts',(9.57460600077808,7.59250329487216,10.5114180746639));
#2765=CARTESIAN_POINT('Ctrl Pts',(11.2634719709365,7.65589534911577,8.1883123706681));
#2766=CARTESIAN_POINT('Ctrl Pts',(12.9523379410949,7.71928740335939,5.86520666667232));
#2767=CARTESIAN_POINT('Ctrl Pts',(13.9244754949704,7.79250329485506,2.87610366183323));
#2768=CARTESIAN_POINT('Ctrl Pts',(13.9253094940389,7.85589534909289,0.00398115999344464));
#2769=CARTESIAN_POINT('Ctrl Pts',(13.9261434931073,7.91928740333071,-2.8681413418463));
#2770=CARTESIAN_POINT('Ctrl Pts',(12.9556686321754,7.99250329480907,-5.85778457974469));
#2771=CARTESIAN_POINT('Ctrl Pts',(11.2681521030809,8.05589534903134,-8.18187069853758));
#2772=CARTESIAN_POINT('Ctrl Pts',(9.58063557398635,8.11928740325361,-10.5059568173305));
#2773=CARTESIAN_POINT('Ctrl Pts',(7.03823671655415,8.1925032946854,-12.354198170557));
#2774=CARTESIAN_POINT('Ctrl Pts',(4.30694362281486,8.25589534886585,-13.2425259881497));
#2775=CARTESIAN_POINT('Ctrl Pts',(1.57565052907554,8.31928740304629,-14.1308538057424));
#2776=CARTESIAN_POINT('Ctrl Pts',(-1.56756235637257,8.39250329435287,-14.1317278562015));
#2777=CARTESIAN_POINT('Ctrl Pts',(-4.29937087010249,8.45589534842084,-13.2449863029715));
#2778=CARTESIAN_POINT('Ctrl Pts',(-7.03117938383236,8.51928740248881,-12.3582447497416));
#2779=CARTESIAN_POINT('Ctrl Pts',(-9.57460576078815,8.59250329345872,-10.5114175307731));
#2780=CARTESIAN_POINT('Ctrl Pts',(-11.2634716497721,8.65589534722424,-8.18831164277533));
#2781=CARTESIAN_POINT('Ctrl Pts',(-12.952337538756,8.71928740098976,-5.86520575477747));
#2782=CARTESIAN_POINT('Ctrl Pts',(-13.9244748496498,8.79250329105437,-2.8761021994983));
#2783=CARTESIAN_POINT('Ctrl Pts',(-13.9253086304444,8.85589534400664,-0.00397920263571027));
#2784=CARTESIAN_POINT('Ctrl Pts',(-13.9253090043686,8.85592377333073,-0.00269114661450619));
#2785=CARTESIAN_POINT('Ctrl Pts',(-13.9253091829394,8.85595220463063,-0.00140306695691192));
#2786=CARTESIAN_POINT('Ctrl Pts',(-13.9253091661798,8.85598063790456,-0.000114963733512659));
#2787=CARTESIAN_POINT('Origin',(-6.66133814775094E-15,-4.12500000273119,
1.12273661808514E-14));
#2788=CARTESIAN_POINT('',(-13.9253100239564,4.85598064344922,-0.000116889146985536));
#2789=CARTESIAN_POINT('',(-13.91746825,5.12499999726881,1.12273661808514E-14));
#2790=CARTESIAN_POINT('',(-13.91746825,-4.12500000273119,2.41591306561625E-14));
#2791=CARTESIAN_POINT('Ctrl Pts',(-13.91746825,5.12499999726881,-1.70439829445974E-15));
#2792=CARTESIAN_POINT('Ctrl Pts',(-13.91746825,5.22499999726881,4.52205955612112));
#2793=CARTESIAN_POINT('Ctrl Pts',(-11.2594683329238,5.32499999726881,8.18048258659873));
#2794=CARTESIAN_POINT('Ctrl Pts',(-8.60146841584752,5.42499999726881,11.8389056170763));
#2795=CARTESIAN_POINT('Ctrl Pts',(-4.30073420792376,5.52499999726881,13.2362988694934));
#2796=CARTESIAN_POINT('Ctrl Pts',(-2.68816563252082E-15,5.62499999726881,
14.6336921219105));
#2797=CARTESIAN_POINT('Ctrl Pts',(4.30073420792376,5.72499999726881,13.2362988694934));
#2798=CARTESIAN_POINT('Ctrl Pts',(8.60146841584752,5.82499999726881,11.8389056170763));
#2799=CARTESIAN_POINT('Ctrl Pts',(11.2594683329238,5.92499999726881,8.18048258659874));
#2800=CARTESIAN_POINT('Ctrl Pts',(13.91746825,6.02499999726881,4.52205955612112));
#2801=CARTESIAN_POINT('Ctrl Pts',(13.91746825,6.12499999726881,0.));
#2802=CARTESIAN_POINT('Ctrl Pts',(13.91746825,6.22499999726882,-4.52205955612112));
#2803=CARTESIAN_POINT('Ctrl Pts',(11.2594683329238,6.32499999726881,-8.18048258659873));
#2804=CARTESIAN_POINT('Ctrl Pts',(8.60146841584752,6.42499999726881,-11.8389056170763));
#2805=CARTESIAN_POINT('Ctrl Pts',(4.30073420792376,6.52499999726881,-13.2362988694934));
#2806=CARTESIAN_POINT('Ctrl Pts',(8.96055210840274E-16,6.62499999726881,
-14.6336921219105));
#2807=CARTESIAN_POINT('Ctrl Pts',(-4.30073420792376,6.72499999726881,-13.2362988694934));
#2808=CARTESIAN_POINT('Ctrl Pts',(-8.60146841584752,6.82499999726882,-11.8389056170763));
#2809=CARTESIAN_POINT('Ctrl Pts',(-11.2594683329238,6.92499999726881,-8.18048258659874));
#2810=CARTESIAN_POINT('Ctrl Pts',(-13.91746825,7.02499999726881,-4.52205955612112));
#2811=CARTESIAN_POINT('Ctrl Pts',(-13.91746825,7.12499999726881,-1.70439829445974E-15));
#2812=CARTESIAN_POINT('Ctrl Pts',(-13.9253100239564,4.85598064344922,-0.000116889146985369));
#2813=CARTESIAN_POINT('Ctrl Pts',(-13.9252728826489,4.91935307173324,2.87082275858457));
#2814=CARTESIAN_POINT('Ctrl Pts',(-12.9549118186175,4.99253172435079,5.85882689146113));
#2815=CARTESIAN_POINT('Ctrl Pts',(-11.2681520866708,5.05589534913498,8.18187073570554));
#2816=CARTESIAN_POINT('Ctrl Pts',(-9.58063555343179,5.11928740338202,10.5059568638925));
#2817=CARTESIAN_POINT('Ctrl Pts',(-7.03823668359199,5.19250329488794,12.3541982452418));
#2818=CARTESIAN_POINT('Ctrl Pts',(-4.30694357870712,5.25589534913498,13.2425260880986));
#2819=CARTESIAN_POINT('Ctrl Pts',(-1.57565047382226,5.31928740338202,14.1308539309553));
#2820=CARTESIAN_POINT('Ctrl Pts',(1.56756244499164,5.39250329488794,14.1317280570371));
#2821=CARTESIAN_POINT('Ctrl Pts',(4.29937098869456,5.45589534913498,13.2449865717452));
#2822=CARTESIAN_POINT('Ctrl Pts',(7.03117953239749,5.51928740338202,12.3582450864533));
#2823=CARTESIAN_POINT('Ctrl Pts',(9.57460599907635,5.59250329488794,10.5114180708148));
#2824=CARTESIAN_POINT('Ctrl Pts',(11.2634719686602,5.65589534913498,8.18831236552126));
#2825=CARTESIAN_POINT('Ctrl Pts',(12.9523379382441,5.71928740338202,5.86520666022773));
#2826=CARTESIAN_POINT('Ctrl Pts',(13.9244754904027,5.79250329488794,2.87610365150138));
#2827=CARTESIAN_POINT('Ctrl Pts',(13.9253094879295,5.85589534913498,0.00398114616963457));
#2828=CARTESIAN_POINT('Ctrl Pts',(13.9261434854563,5.91928740338202,-2.8681413591621));
#2829=CARTESIAN_POINT('Ctrl Pts',(12.9556686199103,5.99250329488794,-5.85778460751713));
#2830=CARTESIAN_POINT('Ctrl Pts',(11.2681520866716,6.05589534913497,-8.18187073570359));
#2831=CARTESIAN_POINT('Ctrl Pts',(9.58063555343278,6.11928740338201,-10.5059568638901));
#2832=CARTESIAN_POINT('Ctrl Pts',(7.03823668359362,6.19250329488793,-12.354198245238));
#2833=CARTESIAN_POINT('Ctrl Pts',(4.30694357870934,6.25589534913497,-13.2425260880934));
#2834=CARTESIAN_POINT('Ctrl Pts',(1.57565047382505,6.319287403382,-14.1308539309489));
#2835=CARTESIAN_POINT('Ctrl Pts',(-1.56756244498713,6.39250329488791,-14.1317280570268));
#2836=CARTESIAN_POINT('Ctrl Pts',(-4.29937098868853,6.45589534913494,-13.2449865717315));
#2837=CARTESIAN_POINT('Ctrl Pts',(-7.03117953238993,6.51928740338197,-12.3582450864361));
#2838=CARTESIAN_POINT('Ctrl Pts',(-9.57460599906421,6.59250329488787,-10.5114180707873));
#2839=CARTESIAN_POINT('Ctrl Pts',(-11.263471968644,6.65589534913488,-8.18831236548442));
#2840=CARTESIAN_POINT('Ctrl Pts',(-12.9523379382237,6.71928740338189,-5.86520666018161));
#2841=CARTESIAN_POINT('Ctrl Pts',(-13.92447549037,6.79250329488775,-2.87610365142733));
#2842=CARTESIAN_POINT('Ctrl Pts',(-13.9253094878858,6.85589534913472,-0.00398114607059023));
#2843=CARTESIAN_POINT('Ctrl Pts',(-13.9253098619072,6.85592377845939,-0.00269309026978836));
#2844=CARTESIAN_POINT('Ctrl Pts',(-13.9253100405753,6.85595220975987,-0.00140501083285746));
#2845=CARTESIAN_POINT('Ctrl Pts',(-13.9253100239131,6.85598064303438,-0.000116907830254263));
#2846=CARTESIAN_POINT('Origin',(-6.66133814775094E-15,-4.12500000273119,
1.12273661808514E-14));
#2847=CARTESIAN_POINT('',(-13.9253100281774,2.85598064305544,-0.000116905227368986));
#2848=CARTESIAN_POINT('',(-13.91746825,3.12499999726881,1.12273661808514E-14));
#2849=CARTESIAN_POINT('',(-13.91746825,-4.12500000273119,2.41591306561625E-14));
#2850=CARTESIAN_POINT('Ctrl Pts',(-13.91746825,3.12499999726881,-1.70439829445974E-15));
#2851=CARTESIAN_POINT('Ctrl Pts',(-13.91746825,3.22499999726881,4.52205955612112));
#2852=CARTESIAN_POINT('Ctrl Pts',(-11.2594683329238,3.32499999726881,8.18048258659873));
#2853=CARTESIAN_POINT('Ctrl Pts',(-8.60146841584752,3.42499999726881,11.8389056170763));
#2854=CARTESIAN_POINT('Ctrl Pts',(-4.30073420792376,3.52499999726881,13.2362988694934));
#2855=CARTESIAN_POINT('Ctrl Pts',(-2.68816563252082E-15,3.62499999726881,
14.6336921219105));
#2856=CARTESIAN_POINT('Ctrl Pts',(4.30073420792376,3.72499999726881,13.2362988694934));
#2857=CARTESIAN_POINT('Ctrl Pts',(8.60146841584752,3.82499999726881,11.8389056170763));
#2858=CARTESIAN_POINT('Ctrl Pts',(11.2594683329238,3.92499999726881,8.18048258659874));
#2859=CARTESIAN_POINT('Ctrl Pts',(13.91746825,4.02499999726881,4.52205955612112));
#2860=CARTESIAN_POINT('Ctrl Pts',(13.91746825,4.12499999726881,0.));
#2861=CARTESIAN_POINT('Ctrl Pts',(13.91746825,4.22499999726881,-4.52205955612112));
#2862=CARTESIAN_POINT('Ctrl Pts',(11.2594683329238,4.32499999726882,-8.18048258659873));
#2863=CARTESIAN_POINT('Ctrl Pts',(8.60146841584752,4.42499999726881,-11.8389056170763));
#2864=CARTESIAN_POINT('Ctrl Pts',(4.30073420792376,4.52499999726881,-13.2362988694934));
#2865=CARTESIAN_POINT('Ctrl Pts',(8.96055210840274E-16,4.62499999726881,
-14.6336921219105));
#2866=CARTESIAN_POINT('Ctrl Pts',(-4.30073420792376,4.72499999726881,-13.2362988694934));
#2867=CARTESIAN_POINT('Ctrl Pts',(-8.60146841584752,4.82499999726881,-11.8389056170763));
#2868=CARTESIAN_POINT('Ctrl Pts',(-11.2594683329238,4.92499999726881,-8.18048258659874));
#2869=CARTESIAN_POINT('Ctrl Pts',(-13.91746825,5.02499999726881,-4.52205955612112));
#2870=CARTESIAN_POINT('Ctrl Pts',(-13.91746825,5.12499999726881,-1.70439829445974E-15));
#2871=CARTESIAN_POINT('Ctrl Pts',(-13.9253100281774,2.85598064305544,-0.000116905227369097));
#2872=CARTESIAN_POINT('Ctrl Pts',(-13.9252728900374,2.91935307142819,2.87082274757346));
#2873=CARTESIAN_POINT('Ctrl Pts',(-12.9549118242671,2.99253172421929,5.85882688765824));
#2874=CARTESIAN_POINT('Ctrl Pts',(-11.2681520882453,3.05589534913917,8.18187073671614));
#2875=CARTESIAN_POINT('Ctrl Pts',(-9.58063555460913,3.11928740338372,10.5059568646507));
#2876=CARTESIAN_POINT('Ctrl Pts',(-7.03823668432677,3.19250329488687,12.3541982457187));
#2877=CARTESIAN_POINT('Ctrl Pts',(-4.30694357929275,3.25589534913299,13.2425260884815));
#2878=CARTESIAN_POINT('Ctrl Pts',(-1.57565047425872,3.3192874033791,14.1308539312444));
#2879=CARTESIAN_POINT('Ctrl Pts',(1.56756244472129,3.39250329488399,14.1317280572211));
#2880=CARTESIAN_POINT('Ctrl Pts',(4.29937098848089,3.45589534913069,13.2449865718934));
#2881=CARTESIAN_POINT('Ctrl Pts',(7.03117953224049,3.51928740337738,12.3582450865657));
#2882=CARTESIAN_POINT('Ctrl Pts',(9.57460599898207,3.59250329488292,10.5114180708867));
#2883=CARTESIAN_POINT('Ctrl Pts',(11.2634719685875,3.65589534912983,8.18831236557844));
#2884=CARTESIAN_POINT('Ctrl Pts',(12.9523379381928,3.71928740337674,5.86520666027015));
#2885=CARTESIAN_POINT('Ctrl Pts',(13.9244754903747,3.79250329488252,2.87610365152695));
#2886=CARTESIAN_POINT('Ctrl Pts',(13.925309487909,3.85589534912951,0.00398114618815027));
#2887=CARTESIAN_POINT('Ctrl Pts',(13.9261434854434,3.9192874033765,-2.86814135915062));
#2888=CARTESIAN_POINT('Ctrl Pts',(12.9556686199049,3.99250329488237,-5.85778460751366));
#2889=CARTESIAN_POINT('Ctrl Pts',(11.2681520866675,4.05589534912939,-8.18187073570405));
#2890=CARTESIAN_POINT('Ctrl Pts',(9.58063555343017,4.11928740337642,-10.5059568638945));
#2891=CARTESIAN_POINT('Ctrl Pts',(7.03823668359168,4.19250329488232,-12.3541982452472));
#2892=CARTESIAN_POINT('Ctrl Pts',(4.30694357870594,4.25589534912935,-13.2425260881052));
#2893=CARTESIAN_POINT('Ctrl Pts',(1.57565047382023,4.31928740337638,-14.1308539309632));
#2894=CARTESIAN_POINT('Ctrl Pts',(-1.56756244499467,4.3925032948823,-14.1317280570457));
#2895=CARTESIAN_POINT('Ctrl Pts',(-4.29937098869911,4.45589534912934,-13.2449865717534));
#2896=CARTESIAN_POINT('Ctrl Pts',(-7.03117953240355,4.51928740337637,-12.3582450864611));
#2897=CARTESIAN_POINT('Ctrl Pts',(-9.57460599908374,4.59250329488229,-10.5114180708215));
#2898=CARTESIAN_POINT('Ctrl Pts',(-11.2634719686686,4.65589534912933,-8.18831236552638));
#2899=CARTESIAN_POINT('Ctrl Pts',(-12.9523379382535,4.71928740337637,-5.86520666023125));
#2900=CARTESIAN_POINT('Ctrl Pts',(-13.9244754904125,4.79250329488229,-2.87610365150269));
#2901=CARTESIAN_POINT('Ctrl Pts',(-13.9253094879392,4.85589534912933,-0.00398114616878975));
#2902=CARTESIAN_POINT('Ctrl Pts',(-13.9253098619625,4.85592377859217,-0.00269308410774835));
#2903=CARTESIAN_POINT('Ctrl Pts',(-13.9253100406305,4.85595221003084,-0.00140499841028125));
#2904=CARTESIAN_POINT('Ctrl Pts',(-13.9253100239662,4.85598064344357,-0.000116889146979828));
#2905=CARTESIAN_POINT('Origin',(-6.66133814775094E-15,-4.12500000273119,
1.12273661808514E-14));
#2906=CARTESIAN_POINT('',(-13.9253943519121,0.855981166599294,-6.20395166811099E-5));
#2907=CARTESIAN_POINT('',(-13.91746825,1.12499999726881,1.12273661808514E-14));
#2908=CARTESIAN_POINT('',(-13.91746825,-4.12500000273119,2.41591306561625E-14));
#2909=CARTESIAN_POINT('',(12.5283600084813,-8.67361737988404E-17,-6.06103274926349));
#2910=CARTESIAN_POINT('Ctrl Pts',(12.5283600084813,4.68585826201131E-16,
-6.0610327492635));
#2911=CARTESIAN_POINT('Ctrl Pts',(12.1667137632719,0.0191284301033244,-6.80856852745574));
#2912=CARTESIAN_POINT('Ctrl Pts',(11.7400024508757,0.037897715955837,-7.51881059027762));
#2913=CARTESIAN_POINT('Ctrl Pts',(11.2618915340295,0.0558925479852688,-8.17740951477131));
#2914=CARTESIAN_POINT('Ctrl Pts',(10.4197242474616,0.0875895001536838,-9.33749695397066));
#2915=CARTESIAN_POINT('Ctrl Pts',(9.37125266942468,0.121741860381471,-10.3937265441764));
#2916=CARTESIAN_POINT('Ctrl Pts',(8.18310416736711,0.155897529776369,-11.2574310079473));
#2917=CARTESIAN_POINT('Ctrl Pts',(6.99495566530955,0.190053199171266,-12.1211354717182));
#2918=CARTESIAN_POINT('Ctrl Pts',(5.66713023923131,0.224212177733273,-12.7923148090542));
#2919=CARTESIAN_POINT('Ctrl Pts',(4.30378406946025,0.255905602448724,-13.2394215925879));
#2920=CARTESIAN_POINT('Ctrl Pts',(1.57709172991813,0.319292451879626,-14.1336351596552));
#2921=CARTESIAN_POINT('Ctrl Pts',(-1.568831071015,0.392507471187441,-14.1305558958117));
#2922=CARTESIAN_POINT('Ctrl Pts',(-4.30011167657012,0.455898333190519,-13.2444164143316));
#2923=CARTESIAN_POINT('Ctrl Pts',(-7.03139228212522,0.519289195193596,-12.3582769328516));
#2924=CARTESIAN_POINT('Ctrl Pts',(-9.57493363093345,0.592504201082199,-10.5111774398961));
#2925=CARTESIAN_POINT('Ctrl Pts',(-11.2637094647283,0.655895878638903,-8.18815303536894));
#2926=CARTESIAN_POINT('Ctrl Pts',(-12.9524852985231,0.719287556195608,-5.8651286308418));
#2927=CARTESIAN_POINT('Ctrl Pts',(-13.9245854523856,0.792503067992123,-2.87603151750354));
#2928=CARTESIAN_POINT('Ctrl Pts',(-13.9253953815675,0.855894988134372,-0.0039262536903649));
#2929=CARTESIAN_POINT('Ctrl Pts',(-13.925395744795,0.855923417398901,-0.00263820562185992));
#2930=CARTESIAN_POINT('Ctrl Pts',(-13.9253959126698,0.855951848639234,-0.00135013391601411));
#2931=CARTESIAN_POINT('Ctrl Pts',(-13.9253958852148,0.8559802818536,-6.20386434500737E-5));
#2932=CARTESIAN_POINT('',(12.8644912495577,1.21377737801098E-15,5.3104413545215));
#2933=CARTESIAN_POINT('Origin',(-6.66133814775094E-15,0.,1.12273661808514E-14));
#2934=CARTESIAN_POINT('Ctrl Pts',(12.8644912495577,1.21377737801098E-15,
5.3104413545215));
#2935=CARTESIAN_POINT('Ctrl Pts',(13.91746825,0.0639743731645901,2.75961506648759));
#2936=CARTESIAN_POINT('Ctrl Pts',(13.91746825,0.124999997268813,0.));
#2937=CARTESIAN_POINT('Ctrl Pts',(13.91746825,0.224999997268814,-4.52205955612112));
#2938=CARTESIAN_POINT('Ctrl Pts',(11.2594683329238,0.324999997268814,-8.18048258659873));
#2939=CARTESIAN_POINT('Ctrl Pts',(8.60146841584752,0.424999997268813,-11.8389056170763));
#2940=CARTESIAN_POINT('Ctrl Pts',(4.30073420792376,0.524999997268814,-13.2362988694934));
#2941=CARTESIAN_POINT('Ctrl Pts',(8.96055210840274E-16,0.624999997268814,
-14.6336921219105));
#2942=CARTESIAN_POINT('Ctrl Pts',(-4.30073420792376,0.724999997268813,-13.2362988694934));
#2943=CARTESIAN_POINT('Ctrl Pts',(-8.60146841584752,0.824999997268814,-11.8389056170763));
#2944=CARTESIAN_POINT('Ctrl Pts',(-11.2594683329238,0.924999997268814,-8.18048258659874));
#2945=CARTESIAN_POINT('Ctrl Pts',(-13.91746825,1.02499999726881,-4.52205955612112));
#2946=CARTESIAN_POINT('Ctrl Pts',(-13.91746825,1.12499999726881,-1.70439829445974E-15));
#2947=CARTESIAN_POINT('Origin',(0.,55.,0.));
#2948=CARTESIAN_POINT('',(2.58656453697214E-14,9.24999999453763,-15.));
#2949=CARTESIAN_POINT('',(0.00102058376974929,9.73098261205039,-14.9997106219673));
#2950=CARTESIAN_POINT('',(-1.83697019872103E-15,55.,-15.));
#2951=CARTESIAN_POINT('',(-11.2021945391719,10.,-9.97551189195556));
#2952=CARTESIAN_POINT('Ctrl Pts',(0.00102058376974929,9.73098261205039,
-14.9997106219673));
#2953=CARTESIAN_POINT('Ctrl Pts',(-1.58078538915521,9.76511265675123,-14.9995865882575));
#2954=CARTESIAN_POINT('Ctrl Pts',(-3.16283268484805,9.79924372904093,-14.7431375881919));
#2955=CARTESIAN_POINT('Ctrl Pts',(-4.63214598891606,9.83090865953961,-14.2682173872495));
#2956=CARTESIAN_POINT('Ctrl Pts',(-7.10540076537876,9.88420936837099,-13.4687972416839));
#2957=CARTESIAN_POINT('Ctrl Pts',(-9.45092401431743,9.94449908955357,-11.9421343758068));
#2958=CARTESIAN_POINT('Ctrl Pts',(-11.2021951253402,9.99999954704415,-9.97551241341977));
#2959=CARTESIAN_POINT('',(-10.5859019588333,10.,10.6272611578886));
#2960=CARTESIAN_POINT('Origin',(0.,10.,0.));
#2961=CARTESIAN_POINT('Ctrl Pts',(-10.5859019588333,10.,10.6272611578886));
#2962=CARTESIAN_POINT('Ctrl Pts',(-11.4944991759793,9.9726648868035,9.72220002145117));
#2963=CARTESIAN_POINT('Ctrl Pts',(-12.2832779280704,9.9467064355095,8.70435304679758));
#2964=CARTESIAN_POINT('Ctrl Pts',(-13.5907051340766,9.89233276344157,6.47910034571265));
#2965=CARTESIAN_POINT('Ctrl Pts',(-14.1003289769331,9.86430951834354,5.27889152722013));
#2966=CARTESIAN_POINT('Ctrl Pts',(-14.9726303765977,9.79429440730737,2.14992614158565));
#2967=CARTESIAN_POINT('Ctrl Pts',(-15.1250354099355,9.75468105136237,0.187518666829867));
#2968=CARTESIAN_POINT('Ctrl Pts',(-14.6684408851648,9.67183980444602,-3.70163769642215));
#2969=CARTESIAN_POINT('Ctrl Pts',(-14.0575286317515,9.62901621767493,-5.5902742934082));
#2970=CARTESIAN_POINT('Ctrl Pts',(-12.1587688950616,9.54651642086861,-8.99420119418117));
#2971=CARTESIAN_POINT('Ctrl Pts',(-10.9007022998447,9.50731603516628,-10.483605698629));
#2972=CARTESIAN_POINT('Ctrl Pts',(-7.85392526658399,9.42309811161276,-12.9314742658652));
#2973=CARTESIAN_POINT('Ctrl Pts',(-6.08338601849334,9.38124166579881,-13.852775855949));
#2974=CARTESIAN_POINT('Ctrl Pts',(-2.82277807087224,9.31089800602228,-14.8001705969079));
#2975=CARTESIAN_POINT('Ctrl Pts',(-1.41356044638002,9.28049584583623,-15.));
#2976=CARTESIAN_POINT('Ctrl Pts',(-4.44089209850063E-15,9.24999999453763,
-15.));
#2977=CARTESIAN_POINT('Origin',(0.,55.,0.));
#2978=CARTESIAN_POINT('',(2.5509618525931E-15,7.24999999453763,-15.));
#2979=CARTESIAN_POINT('',(-6.83643875320143E-5,7.73098175043513,-14.9912999080906));
#2980=CARTESIAN_POINT('',(-1.83697019872103E-15,55.,-15.));
#2981=CARTESIAN_POINT('Ctrl Pts',(-6.8362346329176E-5,7.73098175040323,
-14.9913001678553));
#2982=CARTESIAN_POINT('Ctrl Pts',(-1.58175056789586,7.76510681817977,-14.9913081228373));
#2983=CARTESIAN_POINT('Ctrl Pts',(-3.16340474014989,7.79922994471724,-14.7525545084434));
#2984=CARTESIAN_POINT('Ctrl Pts',(-4.63435332795542,7.830900650376,-14.2750205230096));
#2985=CARTESIAN_POINT('Ctrl Pts',(-7.5785810206237,7.89429223959937,-13.319195964789));
#2986=CARTESIAN_POINT('Ctrl Pts',(-10.3198064280004,7.96750906026121,-11.3285811243437));
#2987=CARTESIAN_POINT('Ctrl Pts',(-12.1399170698981,8.03090064918306,-8.82472903961679));
#2988=CARTESIAN_POINT('Ctrl Pts',(-13.9600277117958,8.09429223810491,-6.32087695488984));
#2989=CARTESIAN_POINT('Ctrl Pts',(-15.0076715526291,8.16750905786423,-3.09918338439864));
#2990=CARTESIAN_POINT('Ctrl Pts',(-15.0084446167181,8.23090064597531,-0.00368988295362637));
#2991=CARTESIAN_POINT('Ctrl Pts',(-15.0092176808072,8.29429223408639,3.09180361849137));
#2992=CARTESIAN_POINT('Ctrl Pts',(-13.9631152414868,8.36750905141896,6.31399932236135));
#2993=CARTESIAN_POINT('Ctrl Pts',(-12.1442551071203,8.4309006373498,8.81876170058454));
#2994=CARTESIAN_POINT('Ctrl Pts',(-10.3253949727537,8.49429222328065,11.3235240788077));
#2995=CARTESIAN_POINT('Ctrl Pts',(-7.58512082235861,8.56750903408873,13.3154549283377));
#2996=CARTESIAN_POINT('Ctrl Pts',(-4.64136933537504,8.6309006141558,14.2727541764046));
#2997=CARTESIAN_POINT('Ctrl Pts',(-1.69761784839144,8.69429219422286,15.2300534244716));
#2998=CARTESIAN_POINT('Ctrl Pts',(1.69013913365758,8.76750898749745,15.2308753519628));
#2999=CARTESIAN_POINT('Ctrl Pts',(4.63437139278096,8.83090055178323,14.2750616316439));
#3000=CARTESIAN_POINT('Ctrl Pts',(7.57860365190432,8.89429211606901,13.319247911325));
#3001=CARTESIAN_POINT('Ctrl Pts',(10.3198427210916,8.96750886231373,11.3286598817021));
#3002=CARTESIAN_POINT('Ctrl Pts',(12.1399656472037,9.03090038400978,8.82484111339816));
#3003=CARTESIAN_POINT('Ctrl Pts',(13.9600885733159,9.09429190570584,6.3210223450942));
#3004=CARTESIAN_POINT('Ctrl Pts',(15.0077691058239,9.16750852679134,3.09936574441221));
#3005=CARTESIAN_POINT('Ctrl Pts',(15.0085752600958,9.23089993224173,0.00400835015090063));
#3006=CARTESIAN_POINT('Ctrl Pts',(15.0093814143676,9.29429133769211,-3.09134904411039));
#3007=CARTESIAN_POINT('Ctrl Pts',(13.9633771441701,9.36750763673948,-6.31383681248648));
#3008=CARTESIAN_POINT('Ctrl Pts',(12.1446066404001,9.4308987103947,-8.81771469192164));
#3009=CARTESIAN_POINT('Ctrl Pts',(10.3258361366301,9.49428978404992,-11.3215925713568));
#3010=CARTESIAN_POINT('Ctrl Pts',(7.58582046439479,9.56750537886126,-13.3186720559702));
#3011=CARTESIAN_POINT('Ctrl Pts',(4.64231726561606,9.63089534615234,-14.2678136917731));
#3012=CARTESIAN_POINT('Ctrl Pts',(3.16940069447126,9.66261541810812,-14.7427601583908));
#3013=CARTESIAN_POINT('Ctrl Pts',(1.58533271205593,9.69679849296251,-14.9998348521848));
#3014=CARTESIAN_POINT('Ctrl Pts',(0.00102058376975222,9.73098261205427,
-14.9997106219605));
#3015=CARTESIAN_POINT('Ctrl Pts',(-6.80011602582908E-15,9.24999999453763,
-15.));
#3016=CARTESIAN_POINT('Ctrl Pts',(0.528291242768994,9.23860275204751,-15.));
#3017=CARTESIAN_POINT('Ctrl Pts',(1.05718906831146,9.22719242326985,-14.9720915654763));
#3018=CARTESIAN_POINT('Ctrl Pts',(3.51165441754719,9.17424031181288,-14.711362549414));
#3019=CARTESIAN_POINT('Ctrl Pts',(5.38100397027734,9.13532588524534,-14.1350878908426));
#3020=CARTESIAN_POINT('Ctrl Pts',(8.83247621854279,9.05161471601136,-12.2841969776372));
#3021=CARTESIAN_POINT('Ctrl Pts',(10.3739393768245,9.00859638743067,-11.0134279408341));
#3022=CARTESIAN_POINT('Ctrl Pts',(12.8471308377384,8.9269754232741,-7.98088191475993));
#3023=CARTESIAN_POINT('Ctrl Pts',(13.7683731002996,8.88663256588173,-6.25901219838719));
#3024=CARTESIAN_POINT('Ctrl Pts',(14.9123330037298,8.80269399805714,-2.5397132087441));
#3025=CARTESIAN_POINT('Ctrl Pts',(15.1161196691175,8.76257391279102,-0.575097487299155));
#3026=CARTESIAN_POINT('Ctrl Pts',(14.7574960401242,8.68014214002275,3.32593461727767));
#3027=CARTESIAN_POINT('Ctrl Pts',(14.1967694637528,8.63744580990892,5.22467530003954));
#3028=CARTESIAN_POINT('Ctrl Pts',(12.3898605809028,8.55464256849419,8.67323562183921));
#3029=CARTESIAN_POINT('Ctrl Pts',(11.1707516208273,8.51568292311292,10.1954867058899));
#3030=CARTESIAN_POINT('Ctrl Pts',(8.18090452190022,8.43137694669673,12.7286564248889));
#3031=CARTESIAN_POINT('Ctrl Pts',(6.4252602392021,8.38861718725193,13.6989636974924));
#3032=CARTESIAN_POINT('Ctrl Pts',(2.67818669378604,8.30777862252087,14.8865048676025));
#3033=CARTESIAN_POINT('Ctrl Pts',(0.727999979379287,8.26570571067662,15.1079642658982));
#3034=CARTESIAN_POINT('Ctrl Pts',(-3.14567440757442,8.1821358864174,14.7944579788416));
#3035=CARTESIAN_POINT('Ctrl Pts',(-5.03259444645361,8.14303382699022,14.2633890391846));
#3036=CARTESIAN_POINT('Ctrl Pts',(-8.52712043536387,8.05964672153622,12.4973120779286));
#3037=CARTESIAN_POINT('Ctrl Pts',(-10.0955857306168,8.01668617149475,11.2682646906188));
#3038=CARTESIAN_POINT('Ctrl Pts',(-12.6400741011877,7.93469247564774,8.30445694506104));
#3039=CARTESIAN_POINT('Ctrl Pts',(-13.6038387226363,7.8948983550951,6.60840939642729));
#3040=CARTESIAN_POINT('Ctrl Pts',(-14.84458550002,7.81083798586673,2.91462201720077));
#3041=CARTESIAN_POINT('Ctrl Pts',(-15.098266432275,7.77010964825133,0.948174687089352));
#3042=CARTESIAN_POINT('Ctrl Pts',(-14.8340023008066,7.68809972133448,-2.96295677287464));
#3043=CARTESIAN_POINT('Ctrl Pts',(-14.321590035365,7.64555128302988,-4.87018778260841));
#3044=CARTESIAN_POINT('Ctrl Pts',(-12.6034288635573,7.56248864860865,-8.36022626825256));
#3045=CARTESIAN_POINT('Ctrl Pts',(-11.4217687981656,7.52363634918965,-9.91377768003396));
#3046=CARTESIAN_POINT('Ctrl Pts',(-8.49493594915421,7.43948879673693,-12.5211858123746));
#3047=CARTESIAN_POINT('Ctrl Pts',(-6.76435993835981,7.39643219802435,-13.5346813079004));
#3048=CARTESIAN_POINT('Ctrl Pts',(-3.31269892778613,7.32110630564275,-14.7240522733231));
#3049=CARTESIAN_POINT('Ctrl Pts',(-1.66109868314052,7.28583618291081,-15.));
#3050=CARTESIAN_POINT('Ctrl Pts',(9.99200722162641E-15,7.24999999453763,
-15.));
#3051=CARTESIAN_POINT('Origin',(0.,55.,0.));
#3052=CARTESIAN_POINT('',(1.33236121880006E-9,5.24999999448014,-15.));
#3053=CARTESIAN_POINT('',(-6.84421007763335E-5,5.7309817539893,-14.9913003802418));
#3054=CARTESIAN_POINT('',(-1.83697019872103E-15,55.,-15.));
#3055=CARTESIAN_POINT('Ctrl Pts',(-6.84423893410289E-5,5.73098175399382,
-14.9913003435626));
#3056=CARTESIAN_POINT('Ctrl Pts',(-1.58175066183254,5.76510682184999,-14.9913083313812));
#3057=CARTESIAN_POINT('Ctrl Pts',(-3.1634048505034,5.79922994848101,-14.7525547556409));
#3058=CARTESIAN_POINT('Ctrl Pts',(-4.63435345385909,5.83090065422838,-14.2750208068931));
#3059=CARTESIAN_POINT('Ctrl Pts',(-7.57858117770644,5.89429224363026,-13.3191963220849));
#3060=CARTESIAN_POINT('Ctrl Pts',(-10.3198066806174,5.96750906482645,-11.3285817010376));
#3061=CARTESIAN_POINT('Ctrl Pts',(-12.1399174085686,6.03090065422832,-8.82472981371212));
#3062=CARTESIAN_POINT('Ctrl Pts',(-13.9600281365199,6.09429224363019,-6.32087792638663));
#3063=CARTESIAN_POINT('Ctrl Pts',(-15.0076722365368,6.16750906482633,-3.09918494486533));
#3064=CARTESIAN_POINT('Ctrl Pts',(-15.0084455337965,6.23090065422815,-0.0036919731709069));
#3065=CARTESIAN_POINT('Ctrl Pts',(-15.0092188310562,6.29429224362998,3.0918009985235));
#3066=CARTESIAN_POINT('Ctrl Pts',(-13.9631170900669,6.367509064826,6.31399512293759));
#3067=CARTESIAN_POINT('Ctrl Pts',(-12.1442575833482,6.43090065422772,8.81875607578865));
#3068=CARTESIAN_POINT('Ctrl Pts',(-10.3253980766296,6.49429224362944,11.3235170286397));
#3069=CARTESIAN_POINT('Ctrl Pts',(-7.58512580395058,6.56750906482513,13.3154436588861));
#3070=CARTESIAN_POINT('Ctrl Pts',(-4.64137600401344,6.63090065422655,14.272739042702));
#3071=CARTESIAN_POINT('Ctrl Pts',(-1.6976262040763,6.69429224362797,15.2300344265178));
#3072=CARTESIAN_POINT('Ctrl Pts',(1.69012573069482,6.76750906482277,15.2308452932488));
#3073=CARTESIAN_POINT('Ctrl Pts',(4.63435345477321,6.83090065422339,14.2750208089641));
#3074=CARTESIAN_POINT('Ctrl Pts',(7.57858117885163,6.89429224362402,13.3191963246794));
#3075=CARTESIAN_POINT('Ctrl Pts',(10.3198066824542,6.96750906481643,11.328581705199));
#3076=CARTESIAN_POINT('Ctrl Pts',(12.1399174110267,7.03090065421491,8.82472981928103));
#3077=CARTESIAN_POINT('Ctrl Pts',(13.9600281395991,7.09429224361338,6.3208779333631));
#3078=CARTESIAN_POINT('Ctrl Pts',(15.0076722414758,7.16750906479938,3.099184956055));
#3079=CARTESIAN_POINT('Ctrl Pts',(15.008445540406,7.23090065419209,0.00369198814540963));
#3080=CARTESIAN_POINT('Ctrl Pts',(15.0092188393362,7.2942922435848,-3.09180097976421));
#3081=CARTESIAN_POINT('Ctrl Pts',(13.9631171033475,7.36750906475353,-6.31399509284909));
#3082=CARTESIAN_POINT('Ctrl Pts',(12.1442576011209,7.43090065413073,-8.81875603552298));
#3083=CARTESIAN_POINT('Ctrl Pts',(10.3253980988943,7.49429224350793,-11.3235169781968));
#3084=CARTESIAN_POINT('Ctrl Pts',(7.58512583966146,7.56750906463024,-13.3154435779798));
#3085=CARTESIAN_POINT('Ctrl Pts',(4.6413760518032,7.63090065396574,-14.2727389344296));
#3086=CARTESIAN_POINT('Ctrl Pts',(3.16833608848935,7.66262153758646,-14.7517654884395));
#3087=CARTESIAN_POINT('Ctrl Pts',(1.58411980197502,7.6968026192655,-14.9912921948233));
#3088=CARTESIAN_POINT('Ctrl Pts',(-6.83623436140227E-5,7.73098175354933,
-14.9913001624092));
#3089=CARTESIAN_POINT('Ctrl Pts',(9.0205620750794E-16,7.24999999453763,
-15.));
#3090=CARTESIAN_POINT('Ctrl Pts',(0.274318407999821,7.24408190776585,-15.));
#3091=CARTESIAN_POINT('Ctrl Pts',(0.548896071303149,7.23815822787521,-14.9924750402218));
#3092=CARTESIAN_POINT('Ctrl Pts',(2.76750334430884,7.19029446820306,-14.8705004580741));
#3093=CARTESIAN_POINT('Ctrl Pts',(4.67229746574086,7.15087864271698,-14.3861223433915));
#3094=CARTESIAN_POINT('Ctrl Pts',(8.20962543733976,7.06785164377213,-12.707355136599));
#3095=CARTESIAN_POINT('Ctrl Pts',(9.80457274166051,7.02497672527155,-11.521509982572));
#3096=CARTESIAN_POINT('Ctrl Pts',(12.4207263671208,6.94263455483925,-8.62886040847937));
#3097=CARTESIAN_POINT('Ctrl Pts',(13.4276075139763,6.90327153566704,-6.95924009883362));
#3098=CARTESIAN_POINT('Ctrl Pts',(14.7665965432954,6.81910148786986,-3.29202805317379));
#3099=CARTESIAN_POINT('Ctrl Pts',(15.0710504958439,6.77764050597108,-1.32405628128834));
#3100=CARTESIAN_POINT('Ctrl Pts',(14.9019832420036,6.69608338712857,2.59593757994175));
#3101=CARTESIAN_POINT('Ctrl Pts',(14.4382554847469,6.65370893566287,4.51050738265952));
#3102=CARTESIAN_POINT('Ctrl Pts',(12.8099115683469,6.57041727417585,8.0408915743445));
#3103=CARTESIAN_POINT('Ctrl Pts',(11.6659964533365,6.53155190168283,9.62571037679868));
#3104=CARTESIAN_POINT('Ctrl Pts',(8.80657613734866,6.44769264686886,12.3031688450696));
#3105=CARTESIAN_POINT('Ctrl Pts',(7.10667821097856,6.40465548407442,13.3573563913234));
#3106=CARTESIAN_POINT('Ctrl Pts',(3.43756268126005,6.32322794475648,14.7286007325102));
#3107=CARTESIAN_POINT('Ctrl Pts',(1.50975908904848,6.28257121481607,15.0488959781042));
#3108=CARTESIAN_POINT('Ctrl Pts',(-2.3780107616234,6.19869729803175,14.9385418892853));
#3109=CARTESIAN_POINT('Ctrl Pts',(-4.30092613054443,6.15883374800775,14.5023105045773));
#3110=CARTESIAN_POINT('Ctrl Pts',(-7.88063343014564,6.07620387650148,12.9131907761395));
#3111=CARTESIAN_POINT('Ctrl Pts',(-9.50139628878246,6.03344374415043,11.7719296818464));
#3112=CARTESIAN_POINT('Ctrl Pts',(-12.1893445952164,5.95078027886444,8.95275980351985));
#3113=CARTESIAN_POINT('Ctrl Pts',(-13.2398598503524,5.91172287494427,7.31013817360815));
#3114=CARTESIAN_POINT('Ctrl Pts',(-14.6783512311941,5.82745669330983,3.67057103520002));
#3115=CARTESIAN_POINT('Ctrl Pts',(-15.0343601338642,5.78513874642439,1.70142660411347));
#3116=CARTESIAN_POINT('Ctrl Pts',(-14.9610711681848,5.70406473953906,-2.22614162085573));
#3117=CARTESIAN_POINT('Ctrl Pts',(-14.5462289834748,5.66189002946842,-4.14686032194438));
#3118=CARTESIAN_POINT('Ctrl Pts',(-13.0085367448041,5.57840106802468,-7.71631502552091));
#3119=CARTESIAN_POINT('Ctrl Pts',(-11.9025972114028,5.53940214811731,-9.33229556430957));
#3120=CARTESIAN_POINT('Ctrl Pts',(-9.11120555393066,5.45585871915438,-12.0784815268498));
#3121=CARTESIAN_POINT('Ctrl Pts',(-7.44274342232535,5.41286770671269,-13.1722973312317));
#3122=CARTESIAN_POINT('Ctrl Pts',(-3.82722671649164,5.33127408714938,-14.6304111573872));
#3123=CARTESIAN_POINT('Ctrl Pts',(-1.92246340024698,5.29147480952066,-15.0000000003415));
#3124=CARTESIAN_POINT('Ctrl Pts',(2.66474953214413E-9,5.24999999448014,
-15.));
#3125=CARTESIAN_POINT('Origin',(0.,55.,0.));
#3126=CARTESIAN_POINT('',(-1.33481873359495E-15,3.24999999453763,-15.));
#3127=CARTESIAN_POINT('',(-6.84901614817283E-5,3.73098175203604,-14.991300476154));
#3128=CARTESIAN_POINT('',(-1.83697019872103E-15,55.,-15.));
#3129=CARTESIAN_POINT('Ctrl Pts',(-6.84911644887505E-5,3.73098175205168,
-14.9913003487535));
#3130=CARTESIAN_POINT('Ctrl Pts',(-1.58175069489899,3.7651068195571,-14.9913083316662));
#3131=CARTESIAN_POINT('Ctrl Pts',(-3.16340486672447,3.79922994581223,-14.752554755845));
#3132=CARTESIAN_POINT('Ctrl Pts',(-4.63435345547198,3.83090065123411,-14.2750208118415));
#3133=CARTESIAN_POINT('Ctrl Pts',(-7.57858118033826,3.894292240636,-13.3191963267064));
#3134=CARTESIAN_POINT('Ctrl Pts',(-10.3198066842013,3.96750906183222,-11.3285817049816));
#3135=CARTESIAN_POINT('Ctrl Pts',(-12.1399174127856,4.03090065123411,-8.82472981680017));
#3136=CARTESIAN_POINT('Ctrl Pts',(-13.9600281413698,4.094292240636,-6.32087792861879));
#3137=CARTESIAN_POINT('Ctrl Pts',(-15.0076722417615,4.16750906183222,-3.09918494601298));
#3138=CARTESIAN_POINT('Ctrl Pts',(-15.0084455390326,4.23090065123411,-0.00369197327518734));
#3139=CARTESIAN_POINT('Ctrl Pts',(-15.0092188363038,4.294292240636,3.0918009994626));
#3140=CARTESIAN_POINT('Ctrl Pts',(-13.9631170949875,4.36750906183222,6.31399512491072));
#3141=CARTESIAN_POINT('Ctrl Pts',(-12.1442575876713,4.4309006512341,8.8187560785555));
#3142=CARTESIAN_POINT('Ctrl Pts',(-10.3253980803551,4.49429224063599,11.3235170322003));
#3143=CARTESIAN_POINT('Ctrl Pts',(-7.58512580682313,4.56750906183221,13.3154436629198));
#3144=CARTESIAN_POINT('Ctrl Pts',(-4.64137600595344,4.6309006512341,14.2727390468729));
#3145=CARTESIAN_POINT('Ctrl Pts',(-1.69762620508374,4.69429224063599,15.2300344308259));
#3146=CARTESIAN_POINT('Ctrl Pts',(1.69012573060365,4.76750906183221,15.230845296978));
#3147=CARTESIAN_POINT('Ctrl Pts',(4.63435345547036,4.8309006512341,14.2750208118427));
#3148=CARTESIAN_POINT('Ctrl Pts',(7.57858118033706,4.89429224063599,13.3191963267073));
#3149=CARTESIAN_POINT('Ctrl Pts',(10.3198066842007,4.96750906183221,11.3285817049822));
#3150=CARTESIAN_POINT('Ctrl Pts',(12.1399174127851,5.0309006512341,8.82472981680081));
#3151=CARTESIAN_POINT('Ctrl Pts',(13.9600281413695,5.09429224063599,6.32087792861938));
#3152=CARTESIAN_POINT('Ctrl Pts',(15.0076722417614,5.16750906183221,3.0991849460138));
#3153=CARTESIAN_POINT('Ctrl Pts',(15.0084455390327,5.2309006512341,0.0036919732761438));
#3154=CARTESIAN_POINT('Ctrl Pts',(15.009218836304,5.29429224063599,-3.0918009994615));
#3155=CARTESIAN_POINT('Ctrl Pts',(13.963117094988,5.36750906183221,-6.31399512490912));
#3156=CARTESIAN_POINT('Ctrl Pts',(12.1442575876721,5.4309006512341,-8.8187560785534));
#3157=CARTESIAN_POINT('Ctrl Pts',(10.3253980803562,5.49429224063599,-11.3235170321977));
#3158=CARTESIAN_POINT('Ctrl Pts',(7.58512580682488,5.5675090618322,-13.3154436629157));
#3159=CARTESIAN_POINT('Ctrl Pts',(4.64137600595582,5.63090065123409,-14.2727390468674));
#3160=CARTESIAN_POINT('Ctrl Pts',(3.16833603610437,5.66262153488861,-14.751765614648));
#3161=CARTESIAN_POINT('Ctrl Pts',(1.58411973702393,5.69680261663468,-14.9912923482719));
#3162=CARTESIAN_POINT('Ctrl Pts',(-6.84423919252098E-5,5.73098175099951,
-14.9913003487459));
#3163=CARTESIAN_POINT('Ctrl Pts',(2.66474657712673E-9,5.24999999448014,
-15.));
#3164=CARTESIAN_POINT('Ctrl Pts',(0.0109019206636,5.24976479882861,-14.9999999999981));
#3165=CARTESIAN_POINT('Ctrl Pts',(0.0218044087600423,5.24952959087764,-14.9999881148144));
#3166=CARTESIAN_POINT('Ctrl Pts',(1.99297525906017,5.20700397176538,-14.9956899733892));
#3167=CARTESIAN_POINT('Ctrl Pts',(3.93352400887114,5.16657618592714,-14.6071909414448));
#3168=CARTESIAN_POINT('Ctrl Pts',(7.5535045960795,5.08436463407933,-13.1064911868366));
#3169=CARTESIAN_POINT('Ctrl Pts',(9.19837775830398,5.0417436135271,-12.0093853885902));
#3170=CARTESIAN_POINT('Ctrl Pts',(11.961098581246,4.95862726119819,-9.25741652880736));
#3171=CARTESIAN_POINT('Ctrl Pts',(13.0574115009439,4.91957565368482,-7.63358548375813));
#3172=CARTESIAN_POINT('Ctrl Pts',(14.5720888636825,4.83604198275494,-4.05447374478637));
#3173=CARTESIAN_POINT('Ctrl Pts',(14.9745641000663,4.7939217621252,-2.13239248249197));
#3174=CARTESIAN_POINT('Ctrl Pts',(15.0235847200968,4.7129745502096,1.7968812785167));
#3175=CARTESIAN_POINT('Ctrl Pts',(14.6544342524156,4.67042049248358,3.76626102734445));
#3176=CARTESIAN_POINT('Ctrl Pts',(13.1906193591421,4.5861323318767,7.39867126794394));
#3177=CARTESIAN_POINT('Ctrl Pts',(12.1290034873955,4.54713150308286,9.0343827120093));
#3178=CARTESIAN_POINT('Ctrl Pts',(9.42291814022549,4.46439146946127,11.834627248811));
#3179=CARTESIAN_POINT('Ctrl Pts',(7.79575310762084,4.42166509015631,12.9644147526343));
#3180=CARTESIAN_POINT('Ctrl Pts',(4.20542198048754,4.33914154131683,14.5305274668531));
#3181=CARTESIAN_POINT('Ctrl Pts',(2.2778949668247,4.29914281425955,14.9543638294653));
#3182=CARTESIAN_POINT('Ctrl Pts',(-1.61151271512882,4.21523356325281,15.0382405565191));
#3183=CARTESIAN_POINT('Ctrl Pts',(-3.53633446994501,4.17475008443741,14.705097354147));
#3184=CARTESIAN_POINT('Ctrl Pts',(-7.19428771397439,4.09321716085627,13.3101788768618));
#3185=CARTESIAN_POINT('Ctrl Pts',(-8.88611855682806,4.05018940332045,12.2456296382667));
#3186=CARTESIAN_POINT('Ctrl Pts',(-11.7279859027703,3.96640928983965,9.55025263853908));
#3187=CARTESIAN_POINT('Ctrl Pts',(-12.8620932915086,3.92752088222504,7.95735693704845));
#3188=CARTESIAN_POINT('Ctrl Pts',(-14.4670491829671,3.84417507262599,4.41673444718689));
#3189=CARTESIAN_POINT('Ctrl Pts',(-14.9181389775334,3.80184986016128,2.50045812965698));
#3190=CARTESIAN_POINT('Ctrl Pts',(-15.062466516303,3.72041488527708,-1.4216211056045));
#3191=CARTESIAN_POINT('Ctrl Pts',(-14.744742319807,3.67874402627311,-3.38993188659679));
#3192=CARTESIAN_POINT('Ctrl Pts',(-13.3801172531565,3.59454774397521,-7.05009289469516));
#3193=CARTESIAN_POINT('Ctrl Pts',(-12.3619911438479,3.55527613098357,-8.71278006743765));
#3194=CARTESIAN_POINT('Ctrl Pts',(-9.72726148643625,3.47284809635788,-11.5866331486816));
#3195=CARTESIAN_POINT('Ctrl Pts',(-8.12556401541971,3.4300000392942,-12.7610692113449));
#3196=CARTESIAN_POINT('Ctrl Pts',(-4.57722191337332,3.34707222327694,-14.4168552354962));
#3197=CARTESIAN_POINT('Ctrl Pts',(-2.66775971306922,3.3075536730654,-14.8889124613056));
#3198=CARTESIAN_POINT('Ctrl Pts',(-0.480937758274165,3.2603756430627,-14.9942225569522));
#3199=CARTESIAN_POINT('Ctrl Pts',(-0.240364424603242,3.25518556532022,-15.));
#3200=CARTESIAN_POINT('Ctrl Pts',(8.32667268468867E-16,3.24999999453763,
-15.));
#3201=CARTESIAN_POINT('Origin',(0.,55.,0.));
#3202=CARTESIAN_POINT('',(7.40818758532816E-15,1.24999999453763,-15.));
#3203=CARTESIAN_POINT('',(-6.84957688546338E-5,1.73098243060034,-14.9912992733362));
#3204=CARTESIAN_POINT('',(-1.83697019872103E-15,55.,-15.));
#3205=CARTESIAN_POINT('',(-10.5859019588344,1.89874939928235E-16,10.6272611578875));
#3206=CARTESIAN_POINT('Ctrl Pts',(2.77555756156289E-15,1.24999999453763,
-15.));
#3207=CARTESIAN_POINT('Ctrl Pts',(1.44649893008702,1.21879353542334,-15.));
#3208=CARTESIAN_POINT('Ctrl Pts',(2.88810285543109,1.18769268009666,-14.7907485570333));
#3209=CARTESIAN_POINT('Ctrl Pts',(6.17635122444132,1.11675271176986,-13.8119418642845));
#3210=CARTESIAN_POINT('Ctrl Pts',(7.94290762878449,1.07466314390477,-12.8774021979827));
#3211=CARTESIAN_POINT('Ctrl Pts',(10.9743765872172,0.990419911797843,-10.406468049226));
#3212=CARTESIAN_POINT('Ctrl Pts',(12.2219414200264,0.951297462277326,-8.90818086063031));
#3213=CARTESIAN_POINT('Ctrl Pts',(14.09599328433,0.86871251926984,-5.49207603379368));
#3214=CARTESIAN_POINT('Ctrl Pts',(14.6933896064191,0.825920546289655,-3.6005886360081));
#3215=CARTESIAN_POINT('Ctrl Pts',(15.1235986807847,0.743186712923933,0.291905763038543));
#3216=CARTESIAN_POINT('Ctrl Pts',(14.9573959256981,0.703449417073601,2.25493702049411));
#3217=CARTESIAN_POINT('Ctrl Pts',(13.8865045011945,0.619611538997999,5.99306998571657));
#3218=CARTESIAN_POINT('Ctrl Pts',(12.9973995792766,0.578774174818223,7.73429684240451));
#3219=CARTESIAN_POINT('Ctrl Pts',(10.5784493700135,0.497453364435456,10.8178295199995));
#3220=CARTESIAN_POINT('Ctrl Pts',(9.05793765385095,0.454408647679198,12.1195167056772));
#3221=CARTESIAN_POINT('Ctrl Pts',(5.63952200809127,0.370472785421644,14.0336253458994));
#3222=CARTESIAN_POINT('Ctrl Pts',(3.78340077437536,0.33162227515126,14.643521752963));
#3223=CARTESIAN_POINT('Ctrl Pts',(-0.0747956407987688,0.248386369350932,
15.1263713406294));
#3224=CARTESIAN_POINT('Ctrl Pts',(-2.04114228347508,0.205964826664073,14.9882131259005));
#3225=CARTESIAN_POINT('Ctrl Pts',(-5.17126197473394,0.138436292673248,14.1394304986789));
#3226=CARTESIAN_POINT('Ctrl Pts',(-6.36802475838185,0.111850586832609,13.642351247398));
#3227=CARTESIAN_POINT('Ctrl Pts',(-8.61835859267282,0.0561389951771444,
12.3462724960974));
#3228=CARTESIAN_POINT('Ctrl Pts',(-9.66037135228488,0.0278445535815771,
11.5491897823255));
#3229=CARTESIAN_POINT('Ctrl Pts',(-10.5859019588344,3.72965547335014E-16,
10.6272611578875));
#3230=CARTESIAN_POINT('',(-11.2048488917208,-7.1913842116661E-6,-9.97806181972789));
#3231=CARTESIAN_POINT('Origin',(0.,0.,0.));
#3232=CARTESIAN_POINT('Ctrl Pts',(-11.2048488917208,-7.1913842116661E-6,
-9.97806181972789));
#3233=CARTESIAN_POINT('Ctrl Pts',(-11.5379957456007,0.0104918214318446,
-9.60793224961175));
#3234=CARTESIAN_POINT('Ctrl Pts',(-11.8507334269699,0.0208213942015304,
-9.22272930831057));
#3235=CARTESIAN_POINT('Ctrl Pts',(-12.1401700523417,0.0309024946804515,
-8.82455598433063));
#3236=CARTESIAN_POINT('Ctrl Pts',(-13.9601837290757,0.0942937145186316,
-6.32079235585692));
#3237=CARTESIAN_POINT('Ctrl Pts',(-15.0077876895707,0.167510161559469,-3.0991063868834));
#3238=CARTESIAN_POINT('Ctrl Pts',(-15.0085351769943,0.230901619148677,-0.00363256652182212));
#3239=CARTESIAN_POINT('Ctrl Pts',(-15.0092826644179,0.294293076737886,3.09184125383976));
#3240=CARTESIAN_POINT('Ctrl Pts',(-13.9631583336176,0.367509754541118,6.31402225839931));
#3241=CARTESIAN_POINT('Ctrl Pts',(-12.1442902423676,0.430901295427717,8.81877725538886));
#3242=CARTESIAN_POINT('Ctrl Pts',(-10.3254221511176,0.494292836314315,11.3235322523784));
#3243=CARTESIAN_POINT('Ctrl Pts',(-7.58514090555205,0.567509603802316,13.3154530283963));
#3244=CARTESIAN_POINT('Ctrl Pts',(-4.64138811340974,0.630901175207195,14.2727463067798));
#3245=CARTESIAN_POINT('Ctrl Pts',(-1.69763532126743,0.694292746612073,15.2300395851634));
#3246=CARTESIAN_POINT('Ctrl Pts',(1.69011988947632,0.767509547800035,15.2308482289819));
#3247=CARTESIAN_POINT('Ctrl Pts',(4.63434862271633,0.83090113051322,14.2750230393885));
#3248=CARTESIAN_POINT('Ctrl Pts',(7.57857735595633,0.894292713226404,13.3191978497951));
#3249=CARTESIAN_POINT('Ctrl Pts',(10.3198040059563,0.967509526978254,11.3285824982415));
#3250=CARTESIAN_POINT('Ctrl Pts',(12.1399150710267,1.03090111389322,8.82473046130971));
#3251=CARTESIAN_POINT('Ctrl Pts',(13.9600261360972,1.09429270080818,6.32087842437794));
#3252=CARTESIAN_POINT('Ctrl Pts',(15.0076706618173,1.16750951923524,3.09918529945154));
#3253=CARTESIAN_POINT('Ctrl Pts',(15.0084441195704,1.23090110771248,0.00369238461067931));
#3254=CARTESIAN_POINT('Ctrl Pts',(15.0092175773235,1.29429269618973,-3.09180053023017));
#3255=CARTESIAN_POINT('Ctrl Pts',(13.9631160693637,1.36750951635571,-6.31399460284901));
#3256=CARTESIAN_POINT('Ctrl Pts',(12.1442567168669,1.43090110541392,-8.8187554642366));
#3257=CARTESIAN_POINT('Ctrl Pts',(10.3253973643702,1.49429269447214,-11.3235163256242));
#3258=CARTESIAN_POINT('Ctrl Pts',(7.58512530060943,1.56750951528484,-13.3154428952571));
#3259=CARTESIAN_POINT('Ctrl Pts',(4.64137567585488,1.63090110455911,-14.2727382436107));
#3260=CARTESIAN_POINT('Ctrl Pts',(3.16833579410987,1.66262198815021,-14.7517647935849));
#3261=CARTESIAN_POINT('Ctrl Pts',(1.58411958958126,1.69680306982908,-14.9912915223269));
#3262=CARTESIAN_POINT('Ctrl Pts',(-6.84970357445536E-5,1.73098220413675,
-14.9912995293035));
#3263=CARTESIAN_POINT('Origin',(0.,14.5,0.));
#3264=CARTESIAN_POINT('',(-1.04319752050324E-15,14.2380952380952,-8.5183541999992));
#3265=CARTESIAN_POINT('Origin',(0.,14.2380952380952,0.));
#3266=CARTESIAN_POINT('',(1.09535739652841E-15,15.,-8.94427190999916));
#3267=CARTESIAN_POINT('Origin',(-1.09535739652841E-15,14.5,-8.94427190999916));
#3268=CARTESIAN_POINT('Origin',(0.,15.,0.));
#3269=CARTESIAN_POINT('Origin',(-16.937894873478,15.,11.5480611903042));
#3270=CARTESIAN_POINT('',(-16.9914145384678,13.,10.5494943946118));
#3271=CARTESIAN_POINT('',(-16.0279081863313,13.,11.962698657516));
#3272=CARTESIAN_POINT('Ctrl Pts',(-16.0279081863313,13.,11.962698657516));
#3273=CARTESIAN_POINT('Ctrl Pts',(-16.0279081863313,13.2307830063166,11.962698657516));
#3274=CARTESIAN_POINT('Ctrl Pts',(-16.0072473230187,13.4482186445052,11.9221473384442));
#3275=CARTESIAN_POINT('Ctrl Pts',(-15.9663903880569,13.7769100368013,11.7921895099995));
#3276=CARTESIAN_POINT('Ctrl Pts',(-15.9484024470875,13.8987970697126,11.7182253926136));
#3277=CARTESIAN_POINT('Ctrl Pts',(-15.9361038912785,14.070960240117,11.5663790020679));
#3278=CARTESIAN_POINT('Ctrl Pts',(-15.9361156024722,14.1331871531496,11.4950700200378));
#3279=CARTESIAN_POINT('Ctrl Pts',(-15.9553490995768,14.2262396014356,11.3507508237358));
#3280=CARTESIAN_POINT('Ctrl Pts',(-15.9710984394898,14.2596643552468,11.2818031481269));
#3281=CARTESIAN_POINT('Ctrl Pts',(-16.0142751150412,14.3002528648129,11.1610362246494));
#3282=CARTESIAN_POINT('Ctrl Pts',(-16.0368329605195,14.3118965327173,11.1107561734434));
#3283=CARTESIAN_POINT('Ctrl Pts',(-16.072275639918,14.3197988739872,11.0470776390676));
#3284=CARTESIAN_POINT('Ctrl Pts',(-16.080845998888,14.3211174135335,11.0325472681886));
#3285=CARTESIAN_POINT('Ctrl Pts',(-16.0950848032132,14.3223975837947,11.0097586988878));
#3286=CARTESIAN_POINT('Ctrl Pts',(-16.1004855375561,14.322695490088,11.0013936219641));
#3287=CARTESIAN_POINT('Ctrl Pts',(-16.1108188782009,14.3229188058871,10.9859048588595));
#3288=CARTESIAN_POINT('Ctrl Pts',(-16.1157150753445,14.3228894956393,10.9787671229183));
#3289=CARTESIAN_POINT('Ctrl Pts',(-16.1268936455059,14.3225217875817,10.9629186558463));
#3290=CARTESIAN_POINT('Ctrl Pts',(-16.1332247510575,14.32211287692,10.9542414674305));
#3291=CARTESIAN_POINT('Ctrl Pts',(-16.1519880242198,14.3203237246116,10.9293804343295));
#3292=CARTESIAN_POINT('Ctrl Pts',(-16.1647654548604,14.3184072758457,10.9134859035882));
#3293=CARTESIAN_POINT('Ctrl Pts',(-16.2360169120431,14.3040279250197,10.8301955663469));
#3294=CARTESIAN_POINT('Ctrl Pts',(-16.3010166767744,14.2783489573174,10.7727525620891));
#3295=CARTESIAN_POINT('Ctrl Pts',(-16.4257189271696,14.2062243258756,10.6863531254875));
#3296=CARTESIAN_POINT('Ctrl Pts',(-16.4831309422745,14.1643023720266,10.6554290644585));
#3297=CARTESIAN_POINT('Ctrl Pts',(-16.6091303182323,14.0506751973212,10.6004795774555));
#3298=CARTESIAN_POINT('Ctrl Pts',(-16.6742484574357,13.9754972256992,10.5817009043953));
#3299=CARTESIAN_POINT('Ctrl Pts',(-16.8059758999792,13.7819053039245,10.5538406828608));
#3300=CARTESIAN_POINT('Ctrl Pts',(-16.8690775843019,13.6535838431341,10.549393469151));
#3301=CARTESIAN_POINT('Ctrl Pts',(-16.9637307850209,13.3527863336741,10.5471875418471));
#3302=CARTESIAN_POINT('Ctrl Pts',(-16.9914145384678,13.1801109092551,10.5494943946118));
#3303=CARTESIAN_POINT('Ctrl Pts',(-16.9914145384678,13.,10.5494943946118));
#3304=CARTESIAN_POINT('',(-16.9914145384678,2.,10.5494943946118));
#3305=CARTESIAN_POINT('',(-16.9914145384678,7.15533896865705,10.5494943946118));
#3306=CARTESIAN_POINT('',(-16.0279081863313,2.,11.962698657516));
#3307=CARTESIAN_POINT('Ctrl Pts',(-16.9914145384678,2.,10.5494943946118));
#3308=CARTESIAN_POINT('Ctrl Pts',(-16.9914145384678,1.76921699368351,10.5494943946118));
#3309=CARTESIAN_POINT('Ctrl Pts',(-16.9461181191041,1.55178135549487,10.5450767997788));
#3310=CARTESIAN_POINT('Ctrl Pts',(-16.8102170737025,1.22308996319824,10.5545230777412));
#3311=CARTESIAN_POINT('Ctrl Pts',(-16.7347940857063,1.10120293028714,10.5648007021129));
#3312=CARTESIAN_POINT('Ctrl Pts',(-16.5889510999436,0.929039759882949,10.6088280152323));
#3313=CARTESIAN_POINT('Ctrl Pts',(-16.5225757191087,0.866812846850382,10.6348910134164));
#3314=CARTESIAN_POINT('Ctrl Pts',(-16.3952595533801,0.773760398564352,10.7055206939785));
#3315=CARTESIAN_POINT('Ctrl Pts',(-16.3368318521026,0.740335644753209,10.7453707554966));
#3316=CARTESIAN_POINT('Ctrl Pts',(-16.2401873042076,0.699747135187093,10.829683900854));
#3317=CARTESIAN_POINT('Ctrl Pts',(-16.201624230834,0.68810346728273,10.8690517724486));
#3318=CARTESIAN_POINT('Ctrl Pts',(-16.1552962196294,0.680201126012814,10.925308813261));
#3319=CARTESIAN_POINT('Ctrl Pts',(-16.1449013825453,0.678882586466489,10.9385952760241));
#3320=CARTESIAN_POINT('Ctrl Pts',(-16.1288901209718,0.677602416205288,10.9601754044348));
#3321=CARTESIAN_POINT('Ctrl Pts',(-16.1230764002754,0.677304509912005,10.9682589120302));
#3322=CARTESIAN_POINT('Ctrl Pts',(-16.1124335105586,0.677081194112866,10.9835366281511));
#3323=CARTESIAN_POINT('Ctrl Pts',(-16.1075779612261,0.677110504360752,10.9907020773007));
#3324=CARTESIAN_POINT('Ctrl Pts',(-16.0969090295463,0.677478212418278,11.0068980100059));
#3325=CARTESIAN_POINT('Ctrl Pts',(-16.0911446752256,0.677887123079961,11.0159616028683));
#3326=CARTESIAN_POINT('Ctrl Pts',(-16.0748571855851,0.679676275388451,11.0425105965937));
#3327=CARTESIAN_POINT('Ctrl Pts',(-16.0647295037701,0.681592724154313,11.0602116954951));
#3328=CARTESIAN_POINT('Ctrl Pts',(-16.0132277956712,0.695972074980335,11.1569671836666));
#3329=CARTESIAN_POINT('Ctrl Pts',(-15.9835026915948,0.721651042682632,11.2384600443413));
#3330=CARTESIAN_POINT('Ctrl Pts',(-15.948634572065,0.793775674124513,11.3861073543037));
#3331=CARTESIAN_POINT('Ctrl Pts',(-15.940823139861,0.835697627973445,11.4508485201555));
#3332=CARTESIAN_POINT('Ctrl Pts',(-15.9357048459904,0.949324802678886,11.5882133334503));
#3333=CARTESIAN_POINT('Ctrl Pts',(-15.9420145998857,1.02450277430093,11.6556907194473));
#3334=CARTESIAN_POINT('Ctrl Pts',(-15.9642056898239,1.21809469607594,11.7884908195618));
#3335=CARTESIAN_POINT('Ctrl Pts',(-15.9831195293165,1.34641615686654,11.8488552706053));
#3336=CARTESIAN_POINT('Ctrl Pts',(-16.015646786808,1.64721366632494,11.9377713661201));
#3337=CARTESIAN_POINT('Ctrl Pts',(-16.0279081863312,1.81988909074271,11.9626986575157));
#3338=CARTESIAN_POINT('Ctrl Pts',(-16.0279081863313,1.99999999999696,11.962698657516));
#3339=CARTESIAN_POINT('',(-16.0279081863313,7.15533896865705,11.962698657516));
#3340=CARTESIAN_POINT('Origin',(-15.0275633725115,15.,13.9435411243038));
#3341=CARTESIAN_POINT('',(-15.229313925221,13.,12.9641041868334));
#3342=CARTESIAN_POINT('',(-14.0659419770516,13.,14.2179209555482));
#3343=CARTESIAN_POINT('Ctrl Pts',(-14.0659419770516,13.,14.2179209555482));
#3344=CARTESIAN_POINT('Ctrl Pts',(-14.0659419770516,13.2307830063165,14.2179209555482));
#3345=CARTESIAN_POINT('Ctrl Pts',(-14.0515557390026,13.4482186445051,14.1747432193167));
#3346=CARTESIAN_POINT('Ctrl Pts',(-14.0305243515059,13.7769100368017,14.0401475022654));
#3347=CARTESIAN_POINT('Ctrl Pts',(-14.0237611006461,13.8987970697128,13.9643285394737));
#3348=CARTESIAN_POINT('Ctrl Pts',(-14.0342314397017,14.0709602401171,13.8123451430229));
#3349=CARTESIAN_POINT('Ctrl Pts',(-14.0448710723715,14.1331871531496,13.7418343688676));
#3350=CARTESIAN_POINT('Ctrl Pts',(-14.0853994072742,14.2262396014356,13.6019937027432));
#3351=CARTESIAN_POINT('Ctrl Pts',(-14.1112489578932,14.2596643552468,13.5361634330158));
#3352=CARTESIAN_POINT('Ctrl Pts',(-14.1719427616066,14.3002528648129,13.4231805258631));
#3353=CARTESIAN_POINT('Ctrl Pts',(-14.201742507364,14.3118965327173,13.3768241336965));
#3354=CARTESIAN_POINT('Ctrl Pts',(-14.2462801143873,14.3197988739872,13.319139293194));
#3355=CARTESIAN_POINT('Ctrl Pts',(-14.2569203889328,14.3211174135335,13.3060485602752));
#3356=CARTESIAN_POINT('Ctrl Pts',(-14.2743966175898,14.3223975837947,13.285636704129));
#3357=CARTESIAN_POINT('Ctrl Pts',(-14.2809837802137,14.322695490088,13.2781699958887));
#3358=CARTESIAN_POINT('Ctrl Pts',(-14.2935101863345,14.3229188058871,13.2643943339777));
#3359=CARTESIAN_POINT('Ctrl Pts',(-14.2994155213414,14.3228894956393,13.2580660609675));
#3360=CARTESIAN_POINT('Ctrl Pts',(-14.312831327558,14.3225217875817,13.2440606876077));
#3361=CARTESIAN_POINT('Ctrl Pts',(-14.3203849877172,14.32211287692,13.2364240185359));
#3362=CARTESIAN_POINT('Ctrl Pts',(-14.3426440353336,14.3203237246116,13.2146371833869));
#3363=CARTESIAN_POINT('Ctrl Pts',(-14.3576477095126,14.3184072758457,13.2008245586401));
#3364=CARTESIAN_POINT('Ctrl Pts',(-14.4405171274012,14.3040279250197,13.1290839842961));
#3365=CARTESIAN_POINT('Ctrl Pts',(-14.5133523339955,14.2783489573174,13.0819702831715));
#3366=CARTESIAN_POINT('Ctrl Pts',(-14.6495389311134,14.2062243258755,13.0151217628875));
#3367=CARTESIAN_POINT('Ctrl Pts',(-14.7109186935799,14.1643023720266,12.993099914907));
#3368=CARTESIAN_POINT('Ctrl Pts',(-14.8437005566803,14.0506751973212,12.9575434008026));
#3369=CARTESIAN_POINT('Ctrl Pts',(-14.9108901960597,13.9754972256991,12.9486798250412));
#3370=CARTESIAN_POINT('Ctrl Pts',(-15.0452987024602,13.7819053039245,12.9407637357167));
#3371=CARTESIAN_POINT('Ctrl Pts',(-15.1083584159147,13.653583843134,12.9457710117406));
#3372=CARTESIAN_POINT('Ctrl Pts',(-15.2022831949909,13.352786333674,12.9576970503581));
#3373=CARTESIAN_POINT('Ctrl Pts',(-15.229313925221,13.1801109092551,12.9641041868334));
#3374=CARTESIAN_POINT('Ctrl Pts',(-15.229313925221,13.,12.9641041868334));
#3375=CARTESIAN_POINT('',(-15.229313925221,2.,12.9641041868334));
#3376=CARTESIAN_POINT('',(-15.229313925221,7.15533896865705,12.9641041868334));
#3377=CARTESIAN_POINT('',(-14.0659419770516,2.,14.2179209555482));
#3378=CARTESIAN_POINT('Ctrl Pts',(-15.229313925221,2.,12.9641041868334));
#3379=CARTESIAN_POINT('Ctrl Pts',(-15.229313925221,1.76921699368347,12.9641041868334));
#3380=CARTESIAN_POINT('Ctrl Pts',(-15.1851818377814,1.55178135549484,12.9529848518931));
#3381=CARTESIAN_POINT('Ctrl Pts',(-15.0493908000978,1.22308996319839,12.9420706229531));
#3382=CARTESIAN_POINT('Ctrl Pts',(-14.9732784241339,1.10120293028724,12.9409922416994));
#3383=CARTESIAN_POINT('Ctrl Pts',(-14.822502453502,0.929039759882903,12.9627910370038));
#3384=CARTESIAN_POINT('Ctrl Pts',(-14.7529839425173,0.866812846850368,12.9786701958542));
#3385=CARTESIAN_POINT('Ctrl Pts',(-14.6165629855179,0.773760398564377,13.0295355113793));
#3386=CARTESIAN_POINT('Ctrl Pts',(-14.5528485299132,0.740335644753216,13.0602322836295));
#3387=CARTESIAN_POINT('Ctrl Pts',(-14.4447171995156,0.699747135187088,13.1291995983831));
#3388=CARTESIAN_POINT('Ctrl Pts',(-14.4007173670128,0.688103467282728,13.1623802355323));
#3389=CARTESIAN_POINT('Ctrl Pts',(-14.3465221245647,0.680201126012797,13.2111040999026));
#3390=CARTESIAN_POINT('Ctrl Pts',(-14.3342631447028,0.678882586466487,13.2226928937786));
#3391=CARTESIAN_POINT('Ctrl Pts',(-14.3152143644495,0.677602416205294,13.2416456352757));
#3392=CARTESIAN_POINT('Ctrl Pts',(-14.3082607939192,0.677304509912007,13.2487723666625));
#3393=CARTESIAN_POINT('Ctrl Pts',(-14.2954597510545,0.677081194112868,13.2622932029151));
#3394=CARTESIAN_POINT('Ctrl Pts',(-14.2895904794169,0.67711050436075,13.2686549378419));
#3395=CARTESIAN_POINT('Ctrl Pts',(-14.2766268323757,0.677478212418279,13.2830798536052));
#3396=CARTESIAN_POINT('Ctrl Pts',(-14.2695760027101,0.677887123079964,13.2911830811929));
#3397=CARTESIAN_POINT('Ctrl Pts',(-14.2495135086824,0.67967627538845,13.3150080202274));
#3398=CARTESIAN_POINT('Ctrl Pts',(-14.2368607328113,0.681592724154317,13.3310019598304));
#3399=CARTESIAN_POINT('Ctrl Pts',(-14.1715135990179,0.69597207498033,13.4190008378538));
#3400=CARTESIAN_POINT('Ctrl Pts',(-14.1299746191623,0.72165104268262,13.4951531937323));
#3401=CARTESIAN_POINT('Ctrl Pts',(-14.0734902580471,0.793775674124498,13.6359545816804));
#3402=CARTESIAN_POINT('Ctrl Pts',(-14.0561169030133,0.835697627973428,13.6988084086426));
#3403=CARTESIAN_POINT('Ctrl Pts',(-14.03058261319,0.949324802678877,13.8338761283497));
#3404=CARTESIAN_POINT('Ctrl Pts',(-14.026764909823,1.02450277430095,13.9015402677163));
#3405=CARTESIAN_POINT('Ctrl Pts',(-14.028915315752,1.21809469607554,14.0361645107683));
#3406=CARTESIAN_POINT('Ctrl Pts',(-14.0386210487045,1.346416156866,14.0986737022684));
#3407=CARTESIAN_POINT('Ctrl Pts',(-14.0575327472296,1.64721366632512,14.1914446146304));
#3408=CARTESIAN_POINT('Ctrl Pts',(-14.0659419770515,1.81988909074295,14.2179209555479));
#3409=CARTESIAN_POINT('Ctrl Pts',(-14.0659419770516,1.99999999999696,14.2179209555482));
#3410=CARTESIAN_POINT('',(-14.0659419770516,7.15533896865705,14.2179209555482));
#3411=CARTESIAN_POINT('Origin',(-12.7815409381041,15.,16.0275453905945));
#3412=CARTESIAN_POINT('',(-13.1270156045685,13.,15.0891173140584));
#3413=CARTESIAN_POINT('',(-11.789765867274,13.,16.1555383938407));
#3414=CARTESIAN_POINT('Ctrl Pts',(-11.789765867274,13.,16.1555383938407));
#3415=CARTESIAN_POINT('Ctrl Pts',(-11.789765867274,13.2307830063164,16.1555383938407));
#3416=CARTESIAN_POINT('Ctrl Pts',(-11.781975619274,13.4482186445051,16.1106987597278));
#3417=CARTESIAN_POINT('Ctrl Pts',(-11.781239585686,13.7769100368021,15.9744717999761));
#3418=CARTESIAN_POINT('Ctrl Pts',(-11.7858521047839,13.8987970697131,15.8984916621203));
#3419=CARTESIAN_POINT('Ctrl Pts',(-11.8188574486313,14.070960240117,15.749766317696));
#3420=CARTESIAN_POINT('Ctrl Pts',(-11.8398873309648,14.1331871531496,15.6816288455947));
#3421=CARTESIAN_POINT('Ctrl Pts',(-11.900805167635,14.2262396014356,15.5493905190492));
#3422=CARTESIAN_POINT('Ctrl Pts',(-11.9361774927143,14.2596643552468,15.488148194648));
#3423=CARTESIAN_POINT('Ctrl Pts',(-12.0130326253082,14.3002528648129,15.3854731552671));
#3424=CARTESIAN_POINT('Ctrl Pts',(-12.049408594267,14.3118965327173,15.3440759473394));
#3425=CARTESIAN_POINT('Ctrl Pts',(-12.1020462323703,14.3197988739872,15.2936733847255));
#3426=CARTESIAN_POINT('Ctrl Pts',(-12.1145187363407,14.3211174135335,15.2823147151085));
#3427=CARTESIAN_POINT('Ctrl Pts',(-12.1348419992599,14.3223975837947,15.2647355392537));
#3428=CARTESIAN_POINT('Ctrl Pts',(-12.1424684438367,14.322695490088,15.2583339936205));
#3429=CARTESIAN_POINT('Ctrl Pts',(-12.15690809622,14.3229188058871,15.2465791584267));
#3430=CARTESIAN_POINT('Ctrl Pts',(-12.1636906536643,14.3228894956393,15.2412017115094));
#3431=CARTESIAN_POINT('Ctrl Pts',(-12.1790440089943,14.3225217875817,15.2293522887594));
#3432=CARTESIAN_POINT('Ctrl Pts',(-12.1876514874749,14.32211287692,15.2229267295996));
#3433=CARTESIAN_POINT('Ctrl Pts',(-12.2129090792039,14.3203237246116,15.2047007742981));
#3434=CARTESIAN_POINT('Ctrl Pts',(-12.2298038396329,14.3184072758457,15.1932786067579));
#3435=CARTESIAN_POINT('Ctrl Pts',(-12.3224400523694,14.3040279250197,15.1346903611944));
#3436=CARTESIAN_POINT('Ctrl Pts',(-12.4014836826679,14.2783489573174,15.098958405433));
#3437=CARTESIAN_POINT('Ctrl Pts',(-12.5461124429704,14.2062243258755,15.053154086946));
#3438=CARTESIAN_POINT('Ctrl Pts',(-12.6100888303321,14.1643023720266,15.0405263837077));
#3439=CARTESIAN_POINT('Ctrl Pts',(-12.7466870531688,14.0506751973212,15.0251571162718));
#3440=CARTESIAN_POINT('Ctrl Pts',(-12.814447287208,13.9754972256992,15.026406635445));
#3441=CARTESIAN_POINT('Ctrl Pts',(-12.9485343935361,13.7819053039242,15.0386115106851));
#3442=CARTESIAN_POINT('Ctrl Pts',(-13.0101434863268,13.6535838431336,15.0529614221706));
#3443=CARTESIAN_POINT('Ctrl Pts',(-13.1012417194014,13.3527863336744,15.0787530187139));
#3444=CARTESIAN_POINT('Ctrl Pts',(-13.1270156045685,13.1801109092556,15.0891173140584));
#3445=CARTESIAN_POINT('Ctrl Pts',(-13.1270156045685,13.,15.0891173140584));
#3446=CARTESIAN_POINT('',(-13.1270156045684,2.,15.0891173140584));
#3447=CARTESIAN_POINT('',(-13.1270156045685,7.15533896865705,15.0891173140584));
#3448=CARTESIAN_POINT('',(-11.789765867274,2.,16.1555383938407));
#3449=CARTESIAN_POINT('Ctrl Pts',(-13.1270156045685,2.,15.0891173140584));
#3450=CARTESIAN_POINT('Ctrl Pts',(-13.1270156045685,1.76921699368368,15.0891173140584));
#3451=CARTESIAN_POINT('Ctrl Pts',(-13.0850336869605,1.55178135549501,15.0715446265793));
#3452=CARTESIAN_POINT('Ctrl Pts',(-12.9523860043884,1.22308996319819,15.0405136965761));
#3453=CARTESIAN_POINT('Ctrl Pts',(-12.8772844651639,1.10120293028711,15.0281033989523));
#3454=CARTESIAN_POINT('Ctrl Pts',(-12.7249435956972,0.929039759883002,15.027186727376));
#3455=CARTESIAN_POINT('Ctrl Pts',(-12.6538348832222,0.866812846850416,15.0325273327234));
#3456=CARTESIAN_POINT('Ctrl Pts',(-12.5113565537024,0.77376039856439,15.0624920361152));
#3457=CARTESIAN_POINT('Ctrl Pts',(-12.4437786194239,0.740335644753225,15.0833498039303));
#3458=CARTESIAN_POINT('Ctrl Pts',(-12.326575981763,0.699747135187091,15.1354306722335));
#3459=CARTESIAN_POINT('Ctrl Pts',(-12.2781222736816,0.688103467282733,15.1616828743329));
#3460=CARTESIAN_POINT('Ctrl Pts',(-12.2172704321517,0.680201126012812,15.2017851516446));
#3461=CARTESIAN_POINT('Ctrl Pts',(-12.2034211548646,0.678882586466492,15.2114174021283));
#3462=CARTESIAN_POINT('Ctrl Pts',(-12.1817603742052,0.677602416205302,15.2273193837853));
#3463=CARTESIAN_POINT('Ctrl Pts',(-12.1738222851161,0.677304509912008,15.233330139561));
#3464=CARTESIAN_POINT('Ctrl Pts',(-12.1591490432479,0.677081194112868,15.244792062806));
#3465=CARTESIAN_POINT('Ctrl Pts',(-12.1523971591347,0.677110504360756,15.2502079728642));
#3466=CARTESIAN_POINT('Ctrl Pts',(-12.1374283831855,0.677478212418281,15.2625396429037));
#3467=CARTESIAN_POINT('Ctrl Pts',(-12.1292485820587,0.677887123079966,15.2695014925025));
#3468=CARTESIAN_POINT('Ctrl Pts',(-12.1058592466079,0.679676275388455,15.2900701670778));
#3469=CARTESIAN_POINT('Ctrl Pts',(-12.0909640187857,0.681592724154323,15.3039996692007));
#3470=CARTESIAN_POINT('Ctrl Pts',(-12.0132312062838,0.695972074980334,15.3812761875548));
#3471=CARTESIAN_POINT('Ctrl Pts',(-11.9608062628178,0.72165104268261,15.4503869208448));
#3472=CARTESIAN_POINT('Ctrl Pts',(-11.8839674274069,0.793775674124508,15.581197116439));
#3473=CARTESIAN_POINT('Ctrl Pts',(-11.8574202415863,0.835697627973448,15.6407595538802));
#3474=CARTESIAN_POINT('Ctrl Pts',(-11.8120403496509,0.949324802678866,15.770512990334));
#3475=CARTESIAN_POINT('Ctrl Pts',(-11.7981804702061,1.0245027743009,15.8368523780082));
#3476=CARTESIAN_POINT('Ctrl Pts',(-11.7802421556109,1.21809469607568,15.9702934808683));
#3477=CARTESIAN_POINT('Ctrl Pts',(-11.7805229719874,1.34641615686618,16.0335510607801));
#3478=CARTESIAN_POINT('Ctrl Pts',(-11.7853966554516,1.64721366632502,16.1281044411059));
#3479=CARTESIAN_POINT('Ctrl Pts',(-11.789765867274,1.81988909074279,16.1555383938404));
#3480=CARTESIAN_POINT('Ctrl Pts',(-11.789765867274,1.99999999999696,16.1555383938407));
#3481=CARTESIAN_POINT('',(-11.789765867274,7.15533896865705,16.1555383938407));
#3482=CARTESIAN_POINT('Origin',(-10.2500000000001,15.,17.7535207775809));
#3483=CARTESIAN_POINT('',(-10.7314814470502,13.,16.8770644945031));
#3484=CARTESIAN_POINT('',(-9.25022587002318,13.,17.7322678006383));
#3485=CARTESIAN_POINT('Ctrl Pts',(-9.25022587002318,13.,17.7322678006383));
#3486=CARTESIAN_POINT('Ctrl Pts',(-9.25022587002318,13.2307830063164,17.7322678006383));
#3487=CARTESIAN_POINT('Ctrl Pts',(-9.24920563333955,13.448218644505,17.6867679119748));
#3488=CARTESIAN_POINT('Ctrl Pts',(-9.26878139543422,13.7769100368018,17.5519527946956));
#3489=CARTESIAN_POINT('Ctrl Pts',(-9.28466664843517,13.8987970697129,17.4775087525022));
#3490=CARTESIAN_POINT('Ctrl Pts',(-9.33946971223246,14.070960240117,17.3353637385373));
#3491=CARTESIAN_POINT('Ctrl Pts',(-9.37042007140925,14.1331871531496,17.2711216470228));
#3492=CARTESIAN_POINT('Ctrl Pts',(-9.45036660603935,14.2262396014356,17.1494396457541));
#3493=CARTESIAN_POINT('Ctrl Pts',(-9.49447154628764,14.2596643552468,17.0941533190062));
#3494=CARTESIAN_POINT('Ctrl Pts',(-9.58577119109918,14.3002528648129,17.0040797381116));
#3495=CARTESIAN_POINT('Ctrl Pts',(-9.62791080422237,14.3118965327173,16.968566459641));
#3496=CARTESIAN_POINT('Ctrl Pts',(-9.68747263555182,14.3197988739872,16.9265720848766));
#3497=CARTESIAN_POINT('Ctrl Pts',(-9.7014987538183,14.3211174135335,16.9171992124711));
#3498=CARTESIAN_POINT('Ctrl Pts',(-9.72421506288889,14.3223975837947,16.9028454066481));
#3499=CARTESIAN_POINT('Ctrl Pts',(-9.73271042724927,14.322695490088,16.8976520235729));
#3500=CARTESIAN_POINT('Ctrl Pts',(-9.74874076792188,14.3229188058871,16.8881805986899));
#3501=CARTESIAN_POINT('Ctrl Pts',(-9.7562490366784,14.3228894956393,16.8838741011437));
#3502=CARTESIAN_POINT('Ctrl Pts',(-9.77319697253397,14.3225217875817,16.8744453255274));
#3503=CARTESIAN_POINT('Ctrl Pts',(-9.78266599249032,14.32211287692,16.8693744126533));
#3504=CARTESIAN_POINT('Ctrl Pts',(-9.81035791546956,14.3203237246116,16.8551164749231));
#3505=CARTESIAN_POINT('Ctrl Pts',(-9.82876636111817,14.3184072758457,16.846339916938));
#3506=CARTESIAN_POINT('Ctrl Pts',(-9.92910002878696,14.3040279250197,16.8022127647466));
#3507=CARTESIAN_POINT('Ctrl Pts',(-10.0125863787044,14.2783489573174,16.7786607471948));
#3508=CARTESIAN_POINT('Ctrl Pts',(-10.1624265346782,14.2062243258755,16.7549238232904));
#3509=CARTESIAN_POINT('Ctrl Pts',(-10.2275704201592,14.1643023720266,16.7519723468181));
#3510=CARTESIAN_POINT('Ctrl Pts',(-10.3649336241558,14.0506751973212,16.7571336500882));
#3511=CARTESIAN_POINT('Ctrl Pts',(-10.4317508011968,13.9754972256992,16.7684683520024));
#3512=CARTESIAN_POINT('Ctrl Pts',(-10.5625212230692,13.7819053039241,16.8005215550623));
#3513=CARTESIAN_POINT('Ctrl Pts',(-10.6213034498691,13.6535838431336,16.8238935486993));
#3514=CARTESIAN_POINT('Ctrl Pts',(-10.7075401529509,13.3527863336743,16.862974561521));
#3515=CARTESIAN_POINT('Ctrl Pts',(-10.7314814470502,13.1801109092554,16.8770644945031));
#3516=CARTESIAN_POINT('Ctrl Pts',(-10.7314814470502,13.,16.8770644945031));
#3517=CARTESIAN_POINT('',(-10.7314814470502,2.,16.8770644945031));
#3518=CARTESIAN_POINT('',(-10.7314814470502,7.15533896865705,16.8770644945031));
#3519=CARTESIAN_POINT('',(-9.25022587002318,2.,17.7322678006383));
#3520=CARTESIAN_POINT('Ctrl Pts',(-10.7314814470502,2.,16.8770644945031));
#3521=CARTESIAN_POINT('Ctrl Pts',(-10.7314814470502,1.76921699368364,16.8770644945031));
#3522=CARTESIAN_POINT('Ctrl Pts',(-10.69258750594,1.55178135549497,16.8534309992855));
#3523=CARTESIAN_POINT('Ctrl Pts',(-10.5660463085147,1.22308996319829,16.8029765479183));
#3524=CARTESIAN_POINT('Ctrl Pts',(-10.4936332503143,1.10120293028718,16.779511559466));
#3525=CARTESIAN_POINT('Ctrl Pts',(-10.3431305253007,0.929039759882949,16.7558998979372));
#3526=CARTESIAN_POINT('Ctrl Pts',(-10.2720200624686,0.866812846850395,16.7505826494833));
#3527=CARTESIAN_POINT('Ctrl Pts',(-10.1266670908715,0.773760398564389,16.7589773787831));
#3528=CARTESIAN_POINT('Ctrl Pts',(-10.0567352573018,0.740335644753221,16.7695302140966));
#3529=CARTESIAN_POINT('Ctrl Pts',(-9.93307942563142,0.699747135187091,16.8035612354126));
#3530=CARTESIAN_POINT('Ctrl Pts',(-9.88125421774262,0.68810346728273,16.8222985716477));
#3531=CARTESIAN_POINT('Ctrl Pts',(-9.81510510671598,0.680201126012817,16.8528834432927));
#3532=CARTESIAN_POINT('Ctrl Pts',(-9.79997490197305,0.678882586466492,16.8603439818252));
#3533=CARTESIAN_POINT('Ctrl Pts',(-9.77618598695396,0.677602416205292,16.8728399796491));
#3534=CARTESIAN_POINT('Ctrl Pts',(-9.76744070309917,0.677304509912009,16.877600489462));
#3535=CARTESIAN_POINT('Ctrl Pts',(-9.75122303820409,0.677081194112869,16.8867474592743));
#3536=CARTESIAN_POINT('Ctrl Pts',(-9.74373936754935,0.677110504360761,16.8910965619828));
#3537=CARTESIAN_POINT('Ctrl Pts',(-9.72709984041161,0.677478212418283,16.9010595171671));
#3538=CARTESIAN_POINT('Ctrl Pts',(-9.7179737910642,0.677887123079955,16.9067244725611));
#3539=CARTESIAN_POINT('Ctrl Pts',(-9.69178009329431,0.679676275388457,16.923577412476));
#3540=CARTESIAN_POINT('Ctrl Pts',(-9.67497514829699,0.681592724154348,16.9351313150593));
#3541=CARTESIAN_POINT('Ctrl Pts',(-9.58659307966834,0.695972074980328,16.9999592440195));
#3542=CARTESIAN_POINT('Ctrl Pts',(-9.52445325919946,0.721651042682576,17.0604845351414));
#3543=CARTESIAN_POINT('Ctrl Pts',(-9.42897640210358,0.793775674124485,17.1783814547695));
#3544=CARTESIAN_POINT('Ctrl Pts',(-9.39384840575943,0.835697627973411,17.2333219762611));
#3545=CARTESIAN_POINT('Ctrl Pts',(-9.32963662350969,0.949324802678845,17.3548626521025));
#3546=CARTESIAN_POINT('Ctrl Pts',(-9.30604417479121,1.02450277430091,17.4183953757863));
#3547=CARTESIAN_POINT('Ctrl Pts',(-9.26841785197759,1.21809469607555,17.5476724847211));
#3548=CARTESIAN_POINT('Ctrl Pts',(-9.25926747880433,1.34641615686602,17.6102653832394));
#3549=CARTESIAN_POINT('Ctrl Pts',(-9.24999427717265,1.64721366632522,17.7044890652576));
#3550=CARTESIAN_POINT('Ctrl Pts',(-9.25022587002319,1.81988909074306,17.732267800638));
#3551=CARTESIAN_POINT('Ctrl Pts',(-9.25022587002318,1.99999999999696,17.7322678006383));
#3552=CARTESIAN_POINT('',(-9.25022587002318,7.15533896865705,17.7322678006383));
#3553=CARTESIAN_POINT('Origin',(-7.48949099951118,15.,19.0829118472062));
#3554=CARTESIAN_POINT('',(-8.09622372724404,13.,18.2880059426502));
#3555=CARTESIAN_POINT('',(-6.50405111237413,13.,18.9128876464601));
#3556=CARTESIAN_POINT('Ctrl Pts',(-6.50405111237413,13.,18.9128876464602));
#3557=CARTESIAN_POINT('Ctrl Pts',(-6.50405111237413,13.2307830063164,18.9128876464602));
#3558=CARTESIAN_POINT('Ctrl Pts',(-6.50982367740847,13.448218644505,18.8677438955725));
#3559=CARTESIAN_POINT('Ctrl Pts',(-6.54927394500862,13.7769100368017,18.7373521677104));
#3560=CARTESIAN_POINT('Ctrl Pts',(-6.57607708161016,13.8987970697128,18.6661071780668));
#3561=CARTESIAN_POINT('Ctrl Pts',(-6.65145365547152,14.070960240117,18.5337177792858));
#3562=CARTESIAN_POINT('Ctrl Pts',(-6.69163311161148,14.1331871531496,18.4748061305258));
#3563=CARTESIAN_POINT('Ctrl Pts',(-6.78882247072554,14.2262396014356,18.3663986293687));
#3564=CARTESIAN_POINT('Ctrl Pts',(-6.84067479465893,14.2596643552468,18.3183033054559));
#3565=CARTESIAN_POINT('Ctrl Pts',(-6.94437946849109,14.3002528648129,18.2428432780026));
#3566=CARTESIAN_POINT('Ctrl Pts',(-6.99134139645513,14.3118965327173,18.2140072369462));
#3567=CARTESIAN_POINT('Ctrl Pts',(-7.05649690812152,14.3197988739872,18.1813591349701));
#3568=CARTESIAN_POINT('Ctrl Pts',(-7.07176332037966,14.3211174135335,18.1741814342573));
#3569=CARTESIAN_POINT('Ctrl Pts',(-7.09636523079496,14.3223975837947,18.1633736387688));
#3570=CARTESIAN_POINT('Ctrl Pts',(-7.10553974253713,14.322695490088,18.159504429848));
#3571=CARTESIAN_POINT('Ctrl Pts',(-7.12280268017755,14.3229188058871,18.1525279912569));
#3572=CARTESIAN_POINT('Ctrl Pts',(-7.13086893792918,14.3228894956393,18.1493886431206));
#3573=CARTESIAN_POINT('Ctrl Pts',(-7.14903286542921,14.3225217875817,18.1425911379046));
#3574=CARTESIAN_POINT('Ctrl Pts',(-7.1591519046026,14.32211287692,18.1389881471303));
#3575=CARTESIAN_POINT('Ctrl Pts',(-7.18865956703214,14.3203237246116,18.12901672574));
#3576=CARTESIAN_POINT('Ctrl Pts',(-7.20817048364376,14.3184072758457,18.1230818311123));
#3577=CARTESIAN_POINT('Ctrl Pts',(-7.31396031790531,14.3040279250197,18.0944014999551));
#3578=CARTESIAN_POINT('Ctrl Pts',(-7.40002444034159,14.2783489573174,18.0835555337666));
#3579=CARTESIAN_POINT('Ctrl Pts',(-7.5517288105057,14.2062243258755,18.0824162481006));
#3580=CARTESIAN_POINT('Ctrl Pts',(-7.61658498735137,14.1643023720266,18.0892069295016));
#3581=CARTESIAN_POINT('Ctrl Pts',(-7.75164470551645,14.0506751973211,18.1147835084914));
#3582=CARTESIAN_POINT('Ctrl Pts',(-7.81602624023625,13.9754972256991,18.135950194636));
#3583=CARTESIAN_POINT('Ctrl Pts',(-7.9405587825197,13.7819053039243,18.1871357099254));
#3584=CARTESIAN_POINT('Ctrl Pts',(-7.99520104551699,13.6535838431338,18.2190076939972));
#3585=CARTESIAN_POINT('Ctrl Pts',(-8.07464983316097,13.352786333674,18.2705051178503));
#3586=CARTESIAN_POINT('Ctrl Pts',(-8.09622372724404,13.1801109092551,18.2880059426503));
#3587=CARTESIAN_POINT('Ctrl Pts',(-8.09622372724404,13.,18.2880059426503));
#3588=CARTESIAN_POINT('',(-8.09622372724404,2.,18.2880059426502));
#3589=CARTESIAN_POINT('',(-8.09622372724404,7.15533896865705,18.2880059426502));
#3590=CARTESIAN_POINT('',(-6.50405111237413,2.,18.9128876464601));
#3591=CARTESIAN_POINT('Ctrl Pts',(-8.09622372724404,2.,18.2880059426503));
#3592=CARTESIAN_POINT('Ctrl Pts',(-8.09622372724404,1.76921699368363,18.2880059426503));
#3593=CARTESIAN_POINT('Ctrl Pts',(-8.06128658900587,1.55178135549497,18.258839572924));
#3594=CARTESIAN_POINT('Ctrl Pts',(-7.94367859797464,1.22308996319802,18.1900886692629));
#3595=CARTESIAN_POINT('Ctrl Pts',(-7.87557160885953,1.10120293028699,18.1560931590493));
#3596=CARTESIAN_POINT('Ctrl Pts',(-7.73026901047779,0.929039759883001,18.1103139530696));
#3597=CARTESIAN_POINT('Ctrl Pts',(-7.6607452875216,0.866812846850408,18.0944576293583));
#3598=CARTESIAN_POINT('Ctrl Pts',(-7.51576461904418,0.77376039856438,18.0810948601855));
#3599=CARTESIAN_POINT('Ctrl Pts',(-7.44504104778629,0.740335644753215,18.0811070300945));
#3600=CARTESIAN_POINT('Ctrl Pts',(-7.31769428905091,0.699747135187085,18.0963280076416));
#3601=CARTESIAN_POINT('Ctrl Pts',(-7.26365527086037,0.688103467282728,18.1071319168834));
#3602=CARTESIAN_POINT('Ctrl Pts',(-7.19368655216932,0.680201126012834,18.1275161673691));
#3603=CARTESIAN_POINT('Ctrl Pts',(-7.17761340374256,0.678882586466488,18.1326383378477));
#3604=CARTESIAN_POINT('Ctrl Pts',(-7.15222775941504,0.677602416205269,18.1414492118963));
#3605=CARTESIAN_POINT('Ctrl Pts',(-7.14287063598481,0.677304509912005,18.1448531338237));
#3606=CARTESIAN_POINT('Ctrl Pts',(-7.12547082389801,0.677081194112869,18.1514808220125));
#3607=CARTESIAN_POINT('Ctrl Pts',(-7.11742253953793,0.677110504360749,18.1546659656033));
#3608=CARTESIAN_POINT('Ctrl Pts',(-7.09948396075144,0.677478212418279,18.1620376499773));
#3609=CARTESIAN_POINT('Ctrl Pts',(-7.08961552404527,0.677887123079965,18.1662791654242));
#3610=CARTESIAN_POINT('Ctrl Pts',(-7.06120258788119,0.679676275388452,18.1790399038492));
#3611=CARTESIAN_POINT('Ctrl Pts',(-7.04286332041069,0.681592724154316,18.1879601118015));
#3612=CARTESIAN_POINT('Ctrl Pts',(-6.94580630502122,0.695972074980332,18.23889130256));
#3613=CARTESIAN_POINT('Ctrl Pts',(-6.87533970845571,0.721651042682604,18.289479116525));
#3614=CARTESIAN_POINT('Ctrl Pts',(-6.76335762489168,0.793775674124505,18.3918291378214));
#3615=CARTESIAN_POINT('Ctrl Pts',(-6.72043351941505,0.835697627973431,18.4409204628998));
#3616=CARTESIAN_POINT('Ctrl Pts',(-6.63882423195967,0.949324802678887,18.5515333602703));
#3617=CARTESIAN_POINT('Ctrl Pts',(-6.60602623028652,1.02450277430096,18.6108402039012));
#3618=CARTESIAN_POINT('Ctrl Pts',(-6.54955240913056,1.21809469607569,18.7330654819212));
#3619=CARTESIAN_POINT('Ctrl Pts',(-6.53117525062368,1.3464161568662,18.7935954771248));
#3620=CARTESIAN_POINT('Ctrl Pts',(-6.50796231189705,1.64721366632507,18.8853846594789));
#3621=CARTESIAN_POINT('Ctrl Pts',(-6.50405111237418,1.81988909074283,18.9128876464598));
#3622=CARTESIAN_POINT('Ctrl Pts',(-6.50405111237413,1.99999999999696,18.9128876464602));
#3623=CARTESIAN_POINT('',(-6.50405111237413,7.15533896865705,18.9128876464601));
#3624=CARTESIAN_POINT('Origin',(-4.56167914610452,15.,19.9860221997274));
#3625=CARTESIAN_POINT('',(-5.28010974797827,13.,19.2904235580587));
#3626=CARTESIAN_POINT('',(-3.61258660049557,13.,19.6710248348661));
#3627=CARTESIAN_POINT('Ctrl Pts',(-3.61258660049557,13.,19.6710248348661));
#3628=CARTESIAN_POINT('Ctrl Pts',(-3.61258660049557,13.2307830063165,19.6710248348661));
#3629=CARTESIAN_POINT('Ctrl Pts',(-3.62502301768392,13.4482186445051,19.6272456585514));
#3630=CARTESIAN_POINT('Ctrl Pts',(-3.68346653700098,13.7769100368018,19.5041900558409));
#3631=CARTESIAN_POINT('Ctrl Pts',(-3.7205888194223,13.8987970697129,19.4377356140869));
#3632=CARTESIAN_POINT('Ctrl Pts',(-3.81485511524366,14.0709602401171,19.3180591908917));
#3633=CARTESIAN_POINT('Ctrl Pts',(-3.86336612569119,14.1331871531496,19.265793973771));
#3634=CARTESIAN_POINT('Ctrl Pts',(-3.97562725960715,14.2262396014356,19.1730826171634));
#3635=CARTESIAN_POINT('Ctrl Pts',(-4.03406867199236,14.2596643552468,19.1332526661466));
#3636=CARTESIAN_POINT('Ctrl Pts',(-4.14786178379862,14.3002528648129,19.074091844454));
#3637=CARTESIAN_POINT('Ctrl Pts',(-4.198596974735,14.3118965327173,19.0525771903189));
#3638=CARTESIAN_POINT('Ctrl Pts',(-4.26789070027406,14.3197988739872,19.0300046657799));
#3639=CARTESIAN_POINT('Ctrl Pts',(-4.28405638010093,14.3211174135335,19.0251824747329));
#3640=CARTESIAN_POINT('Ctrl Pts',(-4.30999432583578,14.3223975837947,19.018162117871));
#3641=CARTESIAN_POINT('Ctrl Pts',(-4.31964304152775,14.322695490088,19.0157035148381));
#3642=CARTESIAN_POINT('Ctrl Pts',(-4.33775295063517,14.3229188058871,19.0113779046487));
#3643=CARTESIAN_POINT('Ctrl Pts',(-4.3461970105128,14.3228894956393,19.0094758337721));
#3644=CARTESIAN_POINT('Ctrl Pts',(-4.36517117753165,14.3225217875817,19.0054614439905));
#3645=CARTESIAN_POINT('Ctrl Pts',(-4.37571419330787,14.3221128769201,19.0034068601762));
#3646=CARTESIAN_POINT('Ctrl Pts',(-4.40637844276948,14.3203237246116,18.9979447002021));
#3647=CARTESIAN_POINT('Ctrl Pts',(-4.42655598870776,14.3184072758457,18.9949840446709));
#3648=CARTESIAN_POINT('Ctrl Pts',(-4.53543881947725,14.3040279250197,18.982391205753));
#3649=CARTESIAN_POINT('Ctrl Pts',(-4.62215818415387,14.2783489573174,18.98449357189));
#3650=CARTESIAN_POINT('Ctrl Pts',(-4.77233794356264,14.2062243258755,19.0059773742217));
#3651=CARTESIAN_POINT('Ctrl Pts',(-4.83545763195386,14.1643023720266,19.0223585208946));
#3652=CARTESIAN_POINT('Ctrl Pts',(-4.96519685336308,14.0506751973212,19.0677790370936));
#3653=CARTESIAN_POINT('Ctrl Pts',(-5.02570456866326,13.9754972256991,19.0983048786769));
#3654=CARTESIAN_POINT('Ctrl Pts',(-5.14121738014714,13.7819053039245,19.1674793063659));
#3655=CARTESIAN_POINT('Ctrl Pts',(-5.19049906148,13.6535838431341,19.2071393134152));
#3656=CARTESIAN_POINT('Ctrl Pts',(-5.26138517905537,13.352786333674,19.2699027809478));
#3657=CARTESIAN_POINT('Ctrl Pts',(-5.28010974797827,13.1801109092551,19.2904235580587));
#3658=CARTESIAN_POINT('Ctrl Pts',(-5.28010974797827,13.,19.2904235580587));
#3659=CARTESIAN_POINT('',(-5.28010974797827,2.,19.2904235580587));
#3660=CARTESIAN_POINT('',(-5.28010974797827,7.15533896865705,19.2904235580587));
#3661=CARTESIAN_POINT('',(-3.61258660049557,2.,19.6710248348661));
#3662=CARTESIAN_POINT('Ctrl Pts',(-5.28010974797827,2.,19.2904235580587));
#3663=CARTESIAN_POINT('Ctrl Pts',(-5.28010974797827,1.76921699368367,19.2904235580587));
#3664=CARTESIAN_POINT('Ctrl Pts',(-5.24990985054842,1.551781355495,19.2563758423276));
#3665=CARTESIAN_POINT('Ctrl Pts',(-5.14386223408975,1.22308996319841,19.170864267953));
#3666=CARTESIAN_POINT('Ctrl Pts',(-5.0815827116535,1.10120293028726,19.1270976395004));
#3667=CARTESIAN_POINT('Ctrl Pts',(-4.94472605984577,0.929039759882984,19.0601735208833));
#3668=CARTESIAN_POINT('Ctrl Pts',(-4.87834212185191,0.866812846850407,19.0341323259847));
#3669=CARTESIAN_POINT('Ctrl Pts',(-4.73697238505461,0.773760398564378,18.9993105605213));
#3670=CARTESIAN_POINT('Ctrl Pts',(-4.66703692382327,0.740335644753219,18.9887817931701));
#3671=CARTESIAN_POINT('Ctrl Pts',(-4.53884395417889,0.699747135187103,18.9848527154618));
#3672=CARTESIAN_POINT('Ctrl Pts',(-4.48379826805617,0.688103467282729,18.9874818562307));
#3673=CARTESIAN_POINT('Ctrl Pts',(-4.41157292725603,0.680201126012804,18.9972101350854));
#3674=CARTESIAN_POINT('Ctrl Pts',(-4.3949158827214,0.678882586466484,18.9998795166857));
#3675=CARTESIAN_POINT('Ctrl Pts',(-4.36850058243192,0.677602416205282,19.0048084465919));
#3676=CARTESIAN_POINT('Ctrl Pts',(-4.35874064210125,0.677304509912003,19.0067797426429));
#3677=CARTESIAN_POINT('Ctrl Pts',(-4.34054736587191,0.677081194112864,19.0107400976062));
#3678=CARTESIAN_POINT('Ctrl Pts',(-4.33211425317947,0.67711050436075,19.0126901312349));
#3679=CARTESIAN_POINT('Ctrl Pts',(-4.31327734095231,0.677478212418275,19.0173058735508));
#3680=CARTESIAN_POINT('Ctrl Pts',(-4.30288696145643,0.677887123079956,19.0200292006042));
#3681=CARTESIAN_POINT('Ctrl Pts',(-4.27288948494075,0.67967627538845,19.0284126837297));
#3682=CARTESIAN_POINT('Ctrl Pts',(-4.25342556392753,0.681592724154324,19.0344999343454));
#3683=CARTESIAN_POINT('Ctrl Pts',(-4.14986169511941,0.695972074980326,19.0703966682618));
#3684=CARTESIAN_POINT('Ctrl Pts',(-4.07264242978201,0.72165104268258,19.1099169568999));
#3685=CARTESIAN_POINT('Ctrl Pts',(-3.94665661445175,0.793775674124502,19.1944337495171));
#3686=CARTESIAN_POINT('Ctrl Pts',(-3.89689525342903,0.835697627973452,19.2365792591011));
#3687=CARTESIAN_POINT('Ctrl Pts',(-3.79971147739453,0.949324802678854,19.3337934686556));
#3688=CARTESIAN_POINT('Ctrl Pts',(-3.75844057592701,1.02450277430089,19.3875496153486));
#3689=CARTESIAN_POINT('Ctrl Pts',(-3.68438078827308,1.21809469607583,19.4999927517141));
#3690=CARTESIAN_POINT('Ctrl Pts',(-3.65718735978631,1.3464161568664,19.5571077035329));
#3691=CARTESIAN_POINT('Ctrl Pts',(-3.62055322265767,1.64721366632496,19.6444119675661));
#3692=CARTESIAN_POINT('Ctrl Pts',(-3.61258660049567,1.81988909074273,19.6710248348658));
#3693=CARTESIAN_POINT('Ctrl Pts',(-3.61258660049557,1.99999999999696,19.6710248348661));
#3694=CARTESIAN_POINT('',(-3.61258660049557,7.15533896865705,19.6710248348661));
#3695=CARTESIAN_POINT('Origin',(-1.53196691852177,15.,20.4426778422142));
#3696=CARTESIAN_POINT('',(-2.34604684206137,13.,19.8619249876454));
#3697=CARTESIAN_POINT('',(-0.64042287358161,13.,19.9897438338512));
#3698=CARTESIAN_POINT('Ctrl Pts',(-0.640422873581611,13.,19.9897438338512));
#3699=CARTESIAN_POINT('Ctrl Pts',(-0.640422873581611,13.2307830063166,19.9897438338512));
#3700=CARTESIAN_POINT('Ctrl Pts',(-0.659245333914542,13.4482186445052,19.9483071865653));
#3701=CARTESIAN_POINT('Ctrl Pts',(-0.735376573301907,13.7769100368016,19.8353365678279));
#3702=CARTESIAN_POINT('Ctrl Pts',(-0.781988751096387,13.8987970697127,19.7751571563797));
#3703=CARTESIAN_POINT('Ctrl Pts',(-0.893039015599555,14.0709602401171,19.6708670823051));
#3704=CARTESIAN_POINT('Ctrl Pts',(-0.948797924543277,14.1331871531496,19.6264158154083));
#3705=CARTESIAN_POINT('Ctrl Pts',(-1.07362310503543,14.2262396014356,19.5514716218559));
#3706=CARTESIAN_POINT('Ctrl Pts',(-1.13734812129129,14.2596643552468,19.520796779024));
#3707=CARTESIAN_POINT('Ctrl Pts',(-1.25868772099131,14.3002528648129,19.4792567180883));
#3708=CARTESIAN_POINT('Ctrl Pts',(-1.31206283457189,14.3118965327173,19.4655440526961));
#3709=CARTESIAN_POINT('Ctrl Pts',(-1.38394686665954,14.3197988739872,19.4535513384923));
#3710=CARTESIAN_POINT('Ctrl Pts',(-1.4006506994808,14.3211174135335,19.4511923768908));
#3711=CARTESIAN_POINT('Ctrl Pts',(-1.42734526968834,14.3223975837947,19.4481162818268));
#3712=CARTESIAN_POINT('Ctrl Pts',(-1.43725265296573,14.322695490088,19.4471232058109));
#3713=CARTESIAN_POINT('Ctrl Pts',(-1.45580498809647,14.3229188058871,19.445545051007));
#3714=CARTESIAN_POINT('Ctrl Pts',(-1.46443822375576,14.3228894956393,19.4449227465105));
#3715=CARTESIAN_POINT('Ctrl Pts',(-1.48379877875662,14.3225217875817,19.4437811469972));
#3716=CARTESIAN_POINT('Ctrl Pts',(-1.49453025758538,14.32211287692,19.4433208661502));
#3717=CARTESIAN_POINT('Ctrl Pts',(-1.52566610541662,14.3203237246115,19.4424899832204));
#3718=CARTESIAN_POINT('Ctrl Pts',(-1.54605954764774,14.3184072758457,19.4425697029378));
#3719=CARTESIAN_POINT('Ctrl Pts',(-1.65560311240912,14.3040279250197,19.4463456594716));
#3720=CARTESIAN_POINT('Ctrl Pts',(-1.74104055201862,14.2783489573174,19.4613493945487));
#3721=CARTESIAN_POINT('Ctrl Pts',(-1.88634093301148,14.2062243258755,19.5049763722349));
#3722=CARTESIAN_POINT('Ctrl Pts',(-1.94631414341175,14.1643023720266,19.5305820564321));
#3723=CARTESIAN_POINT('Ctrl Pts',(-2.06783470824646,14.0506751973211,19.5948318905635));
#3724=CARTESIAN_POINT('Ctrl Pts',(-2.12311696175322,13.9754972256991,19.634034990727));
#3725=CARTESIAN_POINT('Ctrl Pts',(-2.22702967710817,13.7819053039245,19.7196530884083));
#3726=CARTESIAN_POINT('Ctrl Pts',(-2.26984990545114,13.6535838431341,19.7662151794138));
#3727=CARTESIAN_POINT('Ctrl Pts',(-2.33058987422693,13.352786333674,19.8388426584747));
#3728=CARTESIAN_POINT('Ctrl Pts',(-2.34604684206137,13.1801109092551,19.8619249876454));
#3729=CARTESIAN_POINT('Ctrl Pts',(-2.34604684206137,13.,19.8619249876454));
#3730=CARTESIAN_POINT('',(-2.34604684206137,2.,19.8619249876454));
#3731=CARTESIAN_POINT('',(-2.34604684206137,7.15533896865705,19.8619249876454));
#3732=CARTESIAN_POINT('',(-0.640422873581611,2.,19.9897438338512));
#3733=CARTESIAN_POINT('Ctrl Pts',(-2.34604684206137,2.,19.8619249876454));
#3734=CARTESIAN_POINT('Ctrl Pts',(-2.34604684206137,1.76921699368363,19.8619249876454));
#3735=CARTESIAN_POINT('Ctrl Pts',(-2.32125880124458,1.55178135549497,19.8237564956167));
#3736=CARTESIAN_POINT('Ctrl Pts',(-2.22914048787154,1.22308996319806,19.7233944377965));
#3737=CARTESIAN_POINT('Ctrl Pts',(-2.17407965373138,1.10120293028702,19.6708343652623));
#3738=CARTESIAN_POINT('Ctrl Pts',(-2.04872609995066,0.929039759883018,19.5842603082292));
#3739=CARTESIAN_POINT('Ctrl Pts',(-1.98696485439773,0.866812846850413,19.5486159594053));
#3740=CARTESIAN_POINT('Ctrl Pts',(-1.85236401559414,0.773760398564378,19.4931130583505));
#3741=CARTESIAN_POINT('Ctrl Pts',(-1.78477890702837,0.740335644753211,19.4722785490035));
#3742=CARTESIAN_POINT('Ctrl Pts',(-1.65860334558422,0.699747135187081,19.4492871851433));
#3743=CARTESIAN_POINT('Ctrl Pts',(-1.60378062119709,0.688103467282729,19.4436828267792));
#3744=CARTESIAN_POINT('Ctrl Pts',(-1.53091205305283,0.680201126012809,19.4425378203286));
#3745=CARTESIAN_POINT('Ctrl Pts',(-1.5140432032602,0.678882586466493,19.4426947834767));
#3746=CARTESIAN_POINT('Ctrl Pts',(-1.48718832116715,0.677602416205302,19.4436316650914));
#3747=CARTESIAN_POINT('Ctrl Pts',(-1.47724358487521,0.677304509912011,19.4441262997696));
#3748=CARTESIAN_POINT('Ctrl Pts',(-1.45866325223096,0.677081194112872,19.4453308537217));
#3749=CARTESIAN_POINT('Ctrl Pts',(-1.45003369300855,0.677110504360755,19.4460022168593));
#3750=CARTESIAN_POINT('Ctrl Pts',(-1.43071923283236,0.677478212418284,19.4477589090611));
#3751=CARTESIAN_POINT('Ctrl Pts',(-1.42003901445494,0.677887123079984,19.4489032130949));
#3752=CARTESIAN_POINT('Ctrl Pts',(-1.38912709164412,0.67967627538846,19.4527221677611));
#3753=CARTESIAN_POINT('Ctrl Pts',(-1.36897330892053,0.681592724154322,19.4558404819203));
#3754=CARTESIAN_POINT('Ctrl Pts',(-1.26121603238859,0.695972074980342,19.4759008852766));
#3755=CARTESIAN_POINT('Ctrl Pts',(-1.17896904906595,0.721651042682606,19.5034708306449));
#3756=CARTESIAN_POINT('Ctrl Pts',(-1.0417938168987,0.793775674124526,19.5682664290956));
#3757=CARTESIAN_POINT('Ctrl Pts',(-0.986306786906974,0.835697627973477,
19.6025246621443));
#3758=CARTESIAN_POINT('Ctrl Pts',(-0.875719447258557,0.949324802678891,
19.6841685790833));
#3759=CARTESIAN_POINT('Ctrl Pts',(-0.826897569737367,1.02450277430092,19.7311732053505));
#3760=CARTESIAN_POINT('Ctrl Pts',(-0.736906188861597,1.21809469607588,19.8313224062017));
#3761=CARTESIAN_POINT('Ctrl Pts',(-0.70150394665151,1.34641615686645,19.8837464609917));
#3762=CARTESIAN_POINT('Ctrl Pts',(-0.652266957208208,1.64721366632511,19.9646155737116));
#3763=CARTESIAN_POINT('Ctrl Pts',(-0.640422873581753,1.81988909074286,19.989743833851));
#3764=CARTESIAN_POINT('Ctrl Pts',(-0.640422873581611,1.99999999999696,19.9897438338512));
#3765=CARTESIAN_POINT('',(-0.64042287358161,7.15533896865705,19.9897438338512));
#3766=CARTESIAN_POINT('Origin',(1.53196691852163,15.,20.4426778422142));
#3767=CARTESIAN_POINT('',(0.640422873581467,13.,19.9897438338512));
#3768=CARTESIAN_POINT('',(2.34604684206123,13.,19.8619249876454));
#3769=CARTESIAN_POINT('Ctrl Pts',(2.34604684206123,13.,19.8619249876454));
#3770=CARTESIAN_POINT('Ctrl Pts',(2.34604684206123,13.2307830063164,19.8619249876454));
#3771=CARTESIAN_POINT('Ctrl Pts',(2.32125880124443,13.4482186445051,19.8237564956168));
#3772=CARTESIAN_POINT('Ctrl Pts',(2.22914048787148,13.7769100368016,19.7233944377966));
#3773=CARTESIAN_POINT('Ctrl Pts',(2.1740796537314,13.8987970697128,19.6708343652624));
#3774=CARTESIAN_POINT('Ctrl Pts',(2.04872609995052,14.070960240117,19.5842603082292));
#3775=CARTESIAN_POINT('Ctrl Pts',(1.98696485439761,14.1331871531496,19.5486159594054));
#3776=CARTESIAN_POINT('Ctrl Pts',(1.85236401559408,14.2262396014356,19.4931130583506));
#3777=CARTESIAN_POINT('Ctrl Pts',(1.78477890702834,14.2596643552468,19.4722785490036));
#3778=CARTESIAN_POINT('Ctrl Pts',(1.65860334558414,14.3002528648129,19.4492871851433));
#3779=CARTESIAN_POINT('Ctrl Pts',(1.60378062119701,14.3118965327173,19.4436828267792));
#3780=CARTESIAN_POINT('Ctrl Pts',(1.53091205305277,14.3197988739872,19.4425378203286));
#3781=CARTESIAN_POINT('Ctrl Pts',(1.51404320326011,14.3211174135335,19.4426947834767));
#3782=CARTESIAN_POINT('Ctrl Pts',(1.48718832116685,14.3223975837947,19.4436316650914));
#3783=CARTESIAN_POINT('Ctrl Pts',(1.477243584875,14.322695490088,19.4441262997696));
#3784=CARTESIAN_POINT('Ctrl Pts',(1.45866325223079,14.3229188058871,19.4453308537217));
#3785=CARTESIAN_POINT('Ctrl Pts',(1.45003369300832,14.3228894956392,19.4460022168593));
#3786=CARTESIAN_POINT('Ctrl Pts',(1.43071923283242,14.3225217875817,19.4477589090611));
#3787=CARTESIAN_POINT('Ctrl Pts',(1.42003901445516,14.32211287692,19.4489032130949));
#3788=CARTESIAN_POINT('Ctrl Pts',(1.389127091644,14.3203237246115,19.4527221677611));
#3789=CARTESIAN_POINT('Ctrl Pts',(1.36897330892038,14.3184072758457,19.4558404819204));
#3790=CARTESIAN_POINT('Ctrl Pts',(1.26121603238861,14.3040279250197,19.4759008852765));
#3791=CARTESIAN_POINT('Ctrl Pts',(1.17896904906596,14.2783489573175,19.5034708306449));
#3792=CARTESIAN_POINT('Ctrl Pts',(1.04179381689871,14.2062243258756,19.5682664290955));
#3793=CARTESIAN_POINT('Ctrl Pts',(0.986306786906978,14.1643023720267,19.6025246621442));
#3794=CARTESIAN_POINT('Ctrl Pts',(0.875719447258558,14.0506751973213,19.6841685790831));
#3795=CARTESIAN_POINT('Ctrl Pts',(0.82689756973735,13.9754972256993,19.7311732053504));
#3796=CARTESIAN_POINT('Ctrl Pts',(0.736906188861359,13.781905303924,19.8313224062018));
#3797=CARTESIAN_POINT('Ctrl Pts',(0.701503946651358,13.6535838431333,19.8837464609918));
#3798=CARTESIAN_POINT('Ctrl Pts',(0.652266957208,13.3527863336746,19.9646155737117));
#3799=CARTESIAN_POINT('Ctrl Pts',(0.640422873581468,13.1801109092557,19.9897438338512));
#3800=CARTESIAN_POINT('Ctrl Pts',(0.640422873581468,13.,19.9897438338512));
#3801=CARTESIAN_POINT('',(0.640422873581467,2.,19.9897438338512));
#3802=CARTESIAN_POINT('',(0.640422873581467,7.15533896865705,19.9897438338512));
#3803=CARTESIAN_POINT('',(2.34604684206123,2.,19.8619249876454));
#3804=CARTESIAN_POINT('Ctrl Pts',(0.640422873581469,2.,19.9897438338512));
#3805=CARTESIAN_POINT('Ctrl Pts',(0.640422873581469,1.76921699368341,19.9897438338512));
#3806=CARTESIAN_POINT('Ctrl Pts',(0.659245333914411,1.55178135549478,19.9483071865653));
#3807=CARTESIAN_POINT('Ctrl Pts',(0.735376573301688,1.22308996319878,19.8353365678281));
#3808=CARTESIAN_POINT('Ctrl Pts',(0.781988751096088,1.10120293028752,19.7751571563799));
#3809=CARTESIAN_POINT('Ctrl Pts',(0.893039015599445,0.9290397598829,19.6708670823051));
#3810=CARTESIAN_POINT('Ctrl Pts',(0.948797924543163,0.866812846850381,19.6264158154083));
#3811=CARTESIAN_POINT('Ctrl Pts',(1.07362310503531,0.773760398564378,19.551471621856));
#3812=CARTESIAN_POINT('Ctrl Pts',(1.13734812129116,0.740335644753222,19.520796779024));
#3813=CARTESIAN_POINT('Ctrl Pts',(1.25868772099113,0.699747135187109,19.4792567180884));
#3814=CARTESIAN_POINT('Ctrl Pts',(1.31206283457175,0.688103467282737,19.4655440526961));
#3815=CARTESIAN_POINT('Ctrl Pts',(1.38394686665948,0.680201126012816,19.4535513384923));
#3816=CARTESIAN_POINT('Ctrl Pts',(1.40065069948071,0.678882586466495,19.4511923768908));
#3817=CARTESIAN_POINT('Ctrl Pts',(1.42734526968814,0.677602416205295,19.4481162818268));
#3818=CARTESIAN_POINT('Ctrl Pts',(1.43725265296557,0.677304509912014,19.4471232058109));
#3819=CARTESIAN_POINT('Ctrl Pts',(1.4558049880964,0.677081194112876,19.445545051007));
#3820=CARTESIAN_POINT('Ctrl Pts',(1.46443822375574,0.67711050436076,19.4449227465105));
#3821=CARTESIAN_POINT('Ctrl Pts',(1.48379877875644,0.677478212418286,19.4437811469972));
#3822=CARTESIAN_POINT('Ctrl Pts',(1.49453025758516,0.677887123079974,19.4433208661502));
#3823=CARTESIAN_POINT('Ctrl Pts',(1.52566610541638,0.679676275388456,19.4424899832204));
#3824=CARTESIAN_POINT('Ctrl Pts',(1.54605954764739,0.681592724154302,19.4425697029378));
#3825=CARTESIAN_POINT('Ctrl Pts',(1.65560311240901,0.695972074980338,19.4463456594716));
#3826=CARTESIAN_POINT('Ctrl Pts',(1.74104055201853,0.721651042682625,19.4613493945487));
#3827=CARTESIAN_POINT('Ctrl Pts',(1.88634093301138,0.793775674124519,19.5049763722349));
#3828=CARTESIAN_POINT('Ctrl Pts',(1.94631414341165,0.835697627973449,19.5305820564322));
#3829=CARTESIAN_POINT('Ctrl Pts',(2.06783470824634,0.949324802678895,19.5948318905636));
#3830=CARTESIAN_POINT('Ctrl Pts',(2.12311696175311,1.02450277430094,19.6340349907271));
#3831=CARTESIAN_POINT('Ctrl Pts',(2.22702967710846,1.2180946960763,19.7196530884087));
#3832=CARTESIAN_POINT('Ctrl Pts',(2.26984990545121,1.34641615686702,19.766215179414));
#3833=CARTESIAN_POINT('Ctrl Pts',(2.33058987422659,1.64721366632519,19.8388426584745));
#3834=CARTESIAN_POINT('Ctrl Pts',(2.34604684206105,1.81988909074297,19.8619249876452));
#3835=CARTESIAN_POINT('Ctrl Pts',(2.34604684206123,1.99999999999696,19.8619249876455));
#3836=CARTESIAN_POINT('',(2.34604684206123,7.15533896865705,19.8619249876454));
#3837=CARTESIAN_POINT('Origin',(4.56167914610439,15.,19.9860221997274));
#3838=CARTESIAN_POINT('',(3.61258660049544,13.,19.6710248348662));
#3839=CARTESIAN_POINT('',(5.28010974797813,13.,19.2904235580587));
#3840=CARTESIAN_POINT('Ctrl Pts',(5.28010974797813,13.,19.2904235580587));
#3841=CARTESIAN_POINT('Ctrl Pts',(5.28010974797813,13.2307830063166,19.2904235580587));
#3842=CARTESIAN_POINT('Ctrl Pts',(5.24990985054821,13.4482186445052,19.2563758423276));
#3843=CARTESIAN_POINT('Ctrl Pts',(5.14386223408951,13.7769100368019,19.170864267953));
#3844=CARTESIAN_POINT('Ctrl Pts',(5.08158271165319,13.898797069713,19.1270976395003));
#3845=CARTESIAN_POINT('Ctrl Pts',(4.9447260598456,14.0709602401171,19.0601735208833));
#3846=CARTESIAN_POINT('Ctrl Pts',(4.87834212185171,14.1331871531496,19.0341323259847));
#3847=CARTESIAN_POINT('Ctrl Pts',(4.73697238505442,14.2262396014357,18.9993105605213));
#3848=CARTESIAN_POINT('Ctrl Pts',(4.66703692382307,14.2596643552468,18.9887817931701));
#3849=CARTESIAN_POINT('Ctrl Pts',(4.5388439541787,14.3002528648129,18.9848527154618));
#3850=CARTESIAN_POINT('Ctrl Pts',(4.483798268056,14.3118965327173,18.9874818562308));
#3851=CARTESIAN_POINT('Ctrl Pts',(4.41157292725591,14.3197988739872,18.9972101350854));
#3852=CARTESIAN_POINT('Ctrl Pts',(4.39491588272127,14.3211174135335,18.9998795166857));
#3853=CARTESIAN_POINT('Ctrl Pts',(4.36850058243167,14.3223975837947,19.0048084465919));
#3854=CARTESIAN_POINT('Ctrl Pts',(4.35874064210106,14.322695490088,19.0067797426429));
#3855=CARTESIAN_POINT('Ctrl Pts',(4.34054736587192,14.3229188058871,19.0107400976062));
#3856=CARTESIAN_POINT('Ctrl Pts',(4.33211425317961,14.3228894956393,19.0126901312349));
#3857=CARTESIAN_POINT('Ctrl Pts',(4.31327734095211,14.3225217875817,19.0173058735508));
#3858=CARTESIAN_POINT('Ctrl Pts',(4.30288696145615,14.32211287692,19.0200292006043));
#3859=CARTESIAN_POINT('Ctrl Pts',(4.27288948494072,14.3203237246116,19.0284126837297));
#3860=CARTESIAN_POINT('Ctrl Pts',(4.2534255639276,14.3184072758457,19.0344999343454));
#3861=CARTESIAN_POINT('Ctrl Pts',(4.14986169511925,14.3040279250197,19.0703966682618));
#3862=CARTESIAN_POINT('Ctrl Pts',(4.07264242978186,14.2783489573174,19.1099169569));
#3863=CARTESIAN_POINT('Ctrl Pts',(3.94665661445164,14.2062243258755,19.1944337495171));
#3864=CARTESIAN_POINT('Ctrl Pts',(3.89689525342894,14.1643023720266,19.2365792591011));
#3865=CARTESIAN_POINT('Ctrl Pts',(3.79971147739439,14.0506751973212,19.3337934686556));
#3866=CARTESIAN_POINT('Ctrl Pts',(3.7584405759269,13.9754972256991,19.3875496153486));
#3867=CARTESIAN_POINT('Ctrl Pts',(3.6843807882729,13.7819053039241,19.4999927517142));
#3868=CARTESIAN_POINT('Ctrl Pts',(3.65718735978617,13.6535838431335,19.557107703533));
#3869=CARTESIAN_POINT('Ctrl Pts',(3.62055322265743,13.3527863336743,19.6444119675664));
#3870=CARTESIAN_POINT('Ctrl Pts',(3.61258660049544,13.1801109092553,19.6710248348662));
#3871=CARTESIAN_POINT('Ctrl Pts',(3.61258660049544,13.,19.6710248348662));
#3872=CARTESIAN_POINT('',(3.61258660049544,2.,19.6710248348662));
#3873=CARTESIAN_POINT('',(3.61258660049544,7.15533896865705,19.6710248348662));
#3874=CARTESIAN_POINT('',(5.28010974797813,2.,19.2904235580587));
#3875=CARTESIAN_POINT('Ctrl Pts',(3.61258660049544,2.,19.6710248348662));
#3876=CARTESIAN_POINT('Ctrl Pts',(3.61258660049544,1.76921699368358,19.6710248348662));
#3877=CARTESIAN_POINT('Ctrl Pts',(3.62502301768377,1.55178135549492,19.6272456585514));
#3878=CARTESIAN_POINT('Ctrl Pts',(3.68346653700084,1.22308996319823,19.504190055841));
#3879=CARTESIAN_POINT('Ctrl Pts',(3.72058881942217,1.10120293028713,19.437735614087));
#3880=CARTESIAN_POINT('Ctrl Pts',(3.81485511524352,0.929039759882942,19.3180591908918));
#3881=CARTESIAN_POINT('Ctrl Pts',(3.86336612569106,0.866812846850388,19.265793973771));
#3882=CARTESIAN_POINT('Ctrl Pts',(3.97562725960705,0.773760398564355,19.1730826171634));
#3883=CARTESIAN_POINT('Ctrl Pts',(4.03406867199226,0.740335644753212,19.1332526661466));
#3884=CARTESIAN_POINT('Ctrl Pts',(4.14786178379843,0.699747135187113,19.0740918444541));
#3885=CARTESIAN_POINT('Ctrl Pts',(4.19859697473483,0.688103467282729,19.052577190319));
#3886=CARTESIAN_POINT('Ctrl Pts',(4.26789070027408,0.6802011260128,19.0300046657799));
#3887=CARTESIAN_POINT('Ctrl Pts',(4.28405638010089,0.678882586466487,19.025182474733));
#3888=CARTESIAN_POINT('Ctrl Pts',(4.30999432583554,0.677602416205286,19.018162117871));
#3889=CARTESIAN_POINT('Ctrl Pts',(4.31964304152757,0.677304509912008,19.0157035148382));
#3890=CARTESIAN_POINT('Ctrl Pts',(4.33775295063488,0.677081194112872,19.0113779046488));
#3891=CARTESIAN_POINT('Ctrl Pts',(4.34619701051234,0.677110504360746,19.0094758337722));
#3892=CARTESIAN_POINT('Ctrl Pts',(4.36517117753169,0.67747821241828,19.0054614439905));
#3893=CARTESIAN_POINT('Ctrl Pts',(4.37571419330806,0.677887123079975,19.0034068601762));
#3894=CARTESIAN_POINT('Ctrl Pts',(4.40637844276941,0.679676275388456,18.9979447002022));
#3895=CARTESIAN_POINT('Ctrl Pts',(4.42655598870774,0.681592724154333,18.9949840446709));
#3896=CARTESIAN_POINT('Ctrl Pts',(4.53543881947714,0.695972074980334,18.982391205753));
#3897=CARTESIAN_POINT('Ctrl Pts',(4.62215818415375,0.721651042682596,18.98449357189));
#3898=CARTESIAN_POINT('Ctrl Pts',(4.77233794356254,0.793775674124505,19.0059773742218));
#3899=CARTESIAN_POINT('Ctrl Pts',(4.83545763195377,0.835697627973436,19.0223585208947));
#3900=CARTESIAN_POINT('Ctrl Pts',(4.96519685336303,0.949324802678905,19.0677790370937));
#3901=CARTESIAN_POINT('Ctrl Pts',(5.02570456866321,1.02450277430102,19.098304878677));
#3902=CARTESIAN_POINT('Ctrl Pts',(5.14121738014689,1.21809469607534,19.1674793063659));
#3903=CARTESIAN_POINT('Ctrl Pts',(5.19049906147982,1.34641615686572,19.2071393134152));
#3904=CARTESIAN_POINT('Ctrl Pts',(5.26138517905505,1.6472136663253,19.2699027809477));
#3905=CARTESIAN_POINT('Ctrl Pts',(5.28010974797791,1.81988909074311,19.2904235580585));
#3906=CARTESIAN_POINT('Ctrl Pts',(5.28010974797813,1.99999999999696,19.2904235580587));
#3907=CARTESIAN_POINT('',(5.28010974797813,7.15533896865705,19.2904235580587));
#3908=CARTESIAN_POINT('Origin',(7.48949099951105,15.,19.0829118472062));
#3909=CARTESIAN_POINT('',(6.504051112374,13.,18.9128876464602));
#3910=CARTESIAN_POINT('',(8.09622372724391,13.,18.2880059426503));
#3911=CARTESIAN_POINT('Ctrl Pts',(8.09622372724391,13.,18.2880059426503));
#3912=CARTESIAN_POINT('Ctrl Pts',(8.09622372724391,13.2307830063165,18.2880059426503));
#3913=CARTESIAN_POINT('Ctrl Pts',(8.06128658900573,13.4482186445051,18.2588395729241));
#3914=CARTESIAN_POINT('Ctrl Pts',(7.94367859797438,13.7769100368024,18.1900886692629));
#3915=CARTESIAN_POINT('Ctrl Pts',(7.87557160885916,13.8987970697133,18.1560931590493));
#3916=CARTESIAN_POINT('Ctrl Pts',(7.73026901047765,14.070960240117,18.1103139530696));
#3917=CARTESIAN_POINT('Ctrl Pts',(7.66074528752144,14.1331871531496,18.0944576293584));
#3918=CARTESIAN_POINT('Ctrl Pts',(7.51576461904404,14.2262396014356,18.0810948601856));
#3919=CARTESIAN_POINT('Ctrl Pts',(7.44504104778615,14.2596643552468,18.0811070300946));
#3920=CARTESIAN_POINT('Ctrl Pts',(7.31769428905071,14.300252864813,18.0963280076417));
#3921=CARTESIAN_POINT('Ctrl Pts',(7.26365527086019,14.3118965327173,18.1071319168835));
#3922=CARTESIAN_POINT('Ctrl Pts',(7.19368655216916,14.3197988739872,18.1275161673692));
#3923=CARTESIAN_POINT('Ctrl Pts',(7.17761340374241,14.3211174135335,18.1326383378478));
#3924=CARTESIAN_POINT('Ctrl Pts',(7.15222775941507,14.3223975837947,18.1414492118962));
#3925=CARTESIAN_POINT('Ctrl Pts',(7.14287063598477,14.322695490088,18.1448531338237));
#3926=CARTESIAN_POINT('Ctrl Pts',(7.12547082389792,14.3229188058871,18.1514808220125));
#3927=CARTESIAN_POINT('Ctrl Pts',(7.11742253953789,14.3228894956393,18.1546659656033));
#3928=CARTESIAN_POINT('Ctrl Pts',(7.09948396075123,14.3225217875817,18.1620376499774));
#3929=CARTESIAN_POINT('Ctrl Pts',(7.08961552404499,14.32211287692,18.1662791654243));
#3930=CARTESIAN_POINT('Ctrl Pts',(7.06120258788104,14.3203237246116,18.1790399038493));
#3931=CARTESIAN_POINT('Ctrl Pts',(7.04286332041054,14.3184072758457,18.1879601118015));
#3932=CARTESIAN_POINT('Ctrl Pts',(6.94580630502104,14.3040279250197,18.23889130256));
#3933=CARTESIAN_POINT('Ctrl Pts',(6.87533970845555,14.2783489573174,18.2894791165251));
#3934=CARTESIAN_POINT('Ctrl Pts',(6.76335762489152,14.2062243258755,18.3918291378215));
#3935=CARTESIAN_POINT('Ctrl Pts',(6.7204335194149,14.1643023720266,18.4409204628999));
#3936=CARTESIAN_POINT('Ctrl Pts',(6.63882423195951,14.0506751973211,18.5515333602703));
#3937=CARTESIAN_POINT('Ctrl Pts',(6.60602623028637,13.975497225699,18.6108402039013));
#3938=CARTESIAN_POINT('Ctrl Pts',(6.54955240913032,13.781905303924,18.7330654819215));
#3939=CARTESIAN_POINT('Ctrl Pts',(6.53117525062352,13.6535838431334,18.793595477125));
#3940=CARTESIAN_POINT('Ctrl Pts',(6.50796231189685,13.3527863336739,18.8853846594792));
#3941=CARTESIAN_POINT('Ctrl Pts',(6.504051112374,13.1801109092551,18.9128876464602));
#3942=CARTESIAN_POINT('Ctrl Pts',(6.504051112374,13.,18.9128876464602));
#3943=CARTESIAN_POINT('',(6.504051112374,2.,18.9128876464602));
#3944=CARTESIAN_POINT('',(6.504051112374,7.15533896865705,18.9128876464602));
#3945=CARTESIAN_POINT('',(8.09622372724391,2.,18.2880059426503));
#3946=CARTESIAN_POINT('Ctrl Pts',(6.504051112374,2.,18.9128876464602));
#3947=CARTESIAN_POINT('Ctrl Pts',(6.504051112374,1.76921699368367,18.9128876464602));
#3948=CARTESIAN_POINT('Ctrl Pts',(6.50982367740834,1.551781355495,18.8677438955726));
#3949=CARTESIAN_POINT('Ctrl Pts',(6.5492739450085,1.22308996319826,18.7373521677105));
#3950=CARTESIAN_POINT('Ctrl Pts',(6.57607708161005,1.10120293028716,18.6661071780668));
#3951=CARTESIAN_POINT('Ctrl Pts',(6.65145365547139,0.929039759882971,18.5337177792858));
#3952=CARTESIAN_POINT('Ctrl Pts',(6.69163311161137,0.866812846850399,18.4748061305258));
#3953=CARTESIAN_POINT('Ctrl Pts',(6.78882247072542,0.773760398564376,18.3663986293687));
#3954=CARTESIAN_POINT('Ctrl Pts',(6.84067479465881,0.740335644753217,18.3183033054559));
#3955=CARTESIAN_POINT('Ctrl Pts',(6.94437946849098,0.699747135187097,18.2428432780026));
#3956=CARTESIAN_POINT('Ctrl Pts',(6.991341396455,0.688103467282732,18.2140072369462));
#3957=CARTESIAN_POINT('Ctrl Pts',(7.0564969081215,0.680201126012809,18.1813591349701));
#3958=CARTESIAN_POINT('Ctrl Pts',(7.0717633203796,0.678882586466488,18.1741814342573));
#3959=CARTESIAN_POINT('Ctrl Pts',(7.09636523079491,0.677602416205286,18.1633736387689));
#3960=CARTESIAN_POINT('Ctrl Pts',(7.10553974253705,0.677304509912006,18.1595044298481));
#3961=CARTESIAN_POINT('Ctrl Pts',(7.12280268017735,0.677081194112869,18.152527991257));
#3962=CARTESIAN_POINT('Ctrl Pts',(7.13086893792887,0.677110504360749,18.1493886431207));
#3963=CARTESIAN_POINT('Ctrl Pts',(7.14903286542903,0.67747821241828,18.1425911379047));
#3964=CARTESIAN_POINT('Ctrl Pts',(7.15915190460237,0.677887123079977,18.1389881471304));
#3965=CARTESIAN_POINT('Ctrl Pts',(7.18865956703199,0.679676275388453,18.12901672574));
#3966=CARTESIAN_POINT('Ctrl Pts',(7.20817048364359,0.681592724154316,18.1230818311124));
#3967=CARTESIAN_POINT('Ctrl Pts',(7.31396031790517,0.695972074980321,18.0944014999551));
#3968=CARTESIAN_POINT('Ctrl Pts',(7.40002444034146,0.721651042682573,18.0835555337666));
#3969=CARTESIAN_POINT('Ctrl Pts',(7.55172881050556,0.79377567412448,18.0824162481007));
#3970=CARTESIAN_POINT('Ctrl Pts',(7.61658498735123,0.835697627973413,18.0892069295016));
#3971=CARTESIAN_POINT('Ctrl Pts',(7.75164470551629,0.949324802678829,18.1147835084915));
#3972=CARTESIAN_POINT('Ctrl Pts',(7.81602624023608,1.02450277430088,18.135950194636));
#3973=CARTESIAN_POINT('Ctrl Pts',(7.94055878251954,1.2180946960756,18.1871357099255));
#3974=CARTESIAN_POINT('Ctrl Pts',(7.99520104551683,1.34641615686609,18.2190076939973));
#3975=CARTESIAN_POINT('Ctrl Pts',(8.07464983316065,1.64721366632523,18.2705051178503));
#3976=CARTESIAN_POINT('Ctrl Pts',(8.09622372724366,1.81988909074307,18.2880059426501));
#3977=CARTESIAN_POINT('Ctrl Pts',(8.09622372724391,1.99999999999696,18.2880059426503));
#3978=CARTESIAN_POINT('',(8.09622372724391,7.15533896865705,18.2880059426503));
#3979=CARTESIAN_POINT('Origin',(10.25,15.,17.753520777581));
#3980=CARTESIAN_POINT('',(9.25022587002305,13.,17.7322678006384));
#3981=CARTESIAN_POINT('',(10.73148144705,13.,16.8770644945032));
#3982=CARTESIAN_POINT('Ctrl Pts',(10.73148144705,13.,16.8770644945032));
#3983=CARTESIAN_POINT('Ctrl Pts',(10.73148144705,13.2307830063164,16.8770644945032));
#3984=CARTESIAN_POINT('Ctrl Pts',(10.6925875059399,13.448218644505,16.8534309992856));
#3985=CARTESIAN_POINT('Ctrl Pts',(10.5660463085144,13.7769100368023,16.8029765479183));
#3986=CARTESIAN_POINT('Ctrl Pts',(10.4936332503139,13.8987970697132,16.779511559466));
#3987=CARTESIAN_POINT('Ctrl Pts',(10.3431305253007,14.0709602401169,16.7558998979373));
#3988=CARTESIAN_POINT('Ctrl Pts',(10.2720200624685,14.1331871531496,16.7505826494834));
#3989=CARTESIAN_POINT('Ctrl Pts',(10.1266670908714,14.2262396014356,16.7589773787832));
#3990=CARTESIAN_POINT('Ctrl Pts',(10.0567352573017,14.2596643552468,16.7695302140967));
#3991=CARTESIAN_POINT('Ctrl Pts',(9.93307942563133,14.3002528648129,16.8035612354127));
#3992=CARTESIAN_POINT('Ctrl Pts',(9.88125421774253,14.3118965327173,16.8222985716477));
#3993=CARTESIAN_POINT('Ctrl Pts',(9.81510510671582,14.3197988739872,16.8528834432928));
#3994=CARTESIAN_POINT('Ctrl Pts',(9.79997490197292,14.3211174135335,16.8603439818252));
#3995=CARTESIAN_POINT('Ctrl Pts',(9.77618598695367,14.3223975837947,16.8728399796492));
#3996=CARTESIAN_POINT('Ctrl Pts',(9.76744070309897,14.322695490088,16.8776004894621));
#3997=CARTESIAN_POINT('Ctrl Pts',(9.75122303820415,14.3229188058871,16.8867474592743));
#3998=CARTESIAN_POINT('Ctrl Pts',(9.74373936754956,14.3228894956393,16.8910965619827));
#3999=CARTESIAN_POINT('Ctrl Pts',(9.72709984041136,14.3225217875817,16.9010595171673));
#4000=CARTESIAN_POINT('Ctrl Pts',(9.7179737910638,14.32211287692,16.9067244725614));
#4001=CARTESIAN_POINT('Ctrl Pts',(9.69178009329434,14.3203237246116,16.9235774124759));
#4002=CARTESIAN_POINT('Ctrl Pts',(9.67497514829712,14.3184072758457,16.9351313150592));
#4003=CARTESIAN_POINT('Ctrl Pts',(9.58659307966827,14.3040279250197,16.9999592440195));
#4004=CARTESIAN_POINT('Ctrl Pts',(9.52445325919937,14.2783489573175,17.0604845351414));
#4005=CARTESIAN_POINT('Ctrl Pts',(9.42897640210348,14.2062243258756,17.1783814547695));
#4006=CARTESIAN_POINT('Ctrl Pts',(9.39384840575933,14.1643023720266,17.2333219762612));
#4007=CARTESIAN_POINT('Ctrl Pts',(9.32963662350961,14.0506751973212,17.3548626521025));
#4008=CARTESIAN_POINT('Ctrl Pts',(9.30604417479111,13.9754972256992,17.4183953757863));
#4009=CARTESIAN_POINT('Ctrl Pts',(9.26841785197754,13.7819053039249,17.5476724847209));
#4010=CARTESIAN_POINT('Ctrl Pts',(9.25926747880422,13.6535838431345,17.6102653832393));
#4011=CARTESIAN_POINT('Ctrl Pts',(9.24999427717249,13.3527863336741,17.7044890652579));
#4012=CARTESIAN_POINT('Ctrl Pts',(9.25022587002305,13.1801109092551,17.7322678006384));
#4013=CARTESIAN_POINT('Ctrl Pts',(9.25022587002305,13.,17.7322678006384));
#4014=CARTESIAN_POINT('',(9.25022587002305,2.,17.7322678006384));
#4015=CARTESIAN_POINT('',(9.25022587002305,7.15533896865705,17.7322678006384));
#4016=CARTESIAN_POINT('',(10.73148144705,2.,16.8770644945032));
#4017=CARTESIAN_POINT('Ctrl Pts',(9.25022587002305,2.,17.7322678006384));
#4018=CARTESIAN_POINT('Ctrl Pts',(9.25022587002305,1.76921699368396,17.7322678006384));
#4019=CARTESIAN_POINT('Ctrl Pts',(9.24920563333939,1.55178135549524,17.686767911975));
#4020=CARTESIAN_POINT('Ctrl Pts',(9.26878139543412,1.22308996319765,17.5519527946954));
#4021=CARTESIAN_POINT('Ctrl Pts',(9.28466664843518,1.10120293028674,17.4775087525019));
#4022=CARTESIAN_POINT('Ctrl Pts',(9.33946971223234,0.92903975988301,17.3353637385373));
#4023=CARTESIAN_POINT('Ctrl Pts',(9.37042007140914,0.86681284685042,17.2711216470229));
#4024=CARTESIAN_POINT('Ctrl Pts',(9.45036660603923,0.773760398564389,17.1494396457541));
#4025=CARTESIAN_POINT('Ctrl Pts',(9.49447154628753,0.740335644753227,17.0941533190063));
#4026=CARTESIAN_POINT('Ctrl Pts',(9.58577119109902,0.69974713518712,17.0040797381117));
#4027=CARTESIAN_POINT('Ctrl Pts',(9.62791080422223,0.688103467282735,16.9685664596411));
#4028=CARTESIAN_POINT('Ctrl Pts',(9.68747263555172,0.680201126012804,16.9265720848767));
#4029=CARTESIAN_POINT('Ctrl Pts',(9.70149875381818,0.678882586466489,16.9171992124711));
#4030=CARTESIAN_POINT('Ctrl Pts',(9.72421506288885,0.67760241620529,16.9028454066481));
#4031=CARTESIAN_POINT('Ctrl Pts',(9.73271042724919,0.677304509912007,16.897652023573));
#4032=CARTESIAN_POINT('Ctrl Pts',(9.74874076792182,0.677081194112867,16.88818059869));
#4033=CARTESIAN_POINT('Ctrl Pts',(9.75624903667841,0.677110504360757,16.8838741011437));
#4034=CARTESIAN_POINT('Ctrl Pts',(9.77319697253375,0.67747821241828,16.8744453255276));
#4035=CARTESIAN_POINT('Ctrl Pts',(9.78266599248998,0.677887123079958,16.8693744126535));
#4036=CARTESIAN_POINT('Ctrl Pts',(9.81035791546945,0.679676275388449,16.8551164749232));
#4037=CARTESIAN_POINT('Ctrl Pts',(9.82876636111806,0.681592724154306,16.8463399169381));
#4038=CARTESIAN_POINT('Ctrl Pts',(9.92910002878683,0.695972074980311,16.8022127647466));
#4039=CARTESIAN_POINT('Ctrl Pts',(10.0125863787043,0.721651042682582,16.7786607471949));
#4040=CARTESIAN_POINT('Ctrl Pts',(10.162426534678,0.793775674124447,16.7549238232904));
#4041=CARTESIAN_POINT('Ctrl Pts',(10.227570420159,0.835697627973365,16.7519723468182));
#4042=CARTESIAN_POINT('Ctrl Pts',(10.3649336241556,0.949324802678747,16.7571336500883));
#4043=CARTESIAN_POINT('Ctrl Pts',(10.4317508011966,1.02450277430074,16.7684683520025));
#4044=CARTESIAN_POINT('Ctrl Pts',(10.5625212230688,1.21809469607534,16.8005215550623));
#4045=CARTESIAN_POINT('Ctrl Pts',(10.6213034498688,1.34641615686575,16.8238935486993));
#4046=CARTESIAN_POINT('Ctrl Pts',(10.7075401529506,1.64721366632518,16.862974561521));
#4047=CARTESIAN_POINT('Ctrl Pts',(10.7314814470498,1.81988909074306,16.8770644945031));
#4048=CARTESIAN_POINT('Ctrl Pts',(10.73148144705,1.99999999999696,16.8770644945032));
#4049=CARTESIAN_POINT('',(10.73148144705,7.15533896865705,16.8770644945032));
#4050=CARTESIAN_POINT('Origin',(12.781540938104,15.,16.0275453905946));
#4051=CARTESIAN_POINT('',(11.7897658672739,13.,16.1555383938408));
#4052=CARTESIAN_POINT('',(13.1270156045683,13.,15.0891173140585));
#4053=CARTESIAN_POINT('Ctrl Pts',(13.1270156045683,13.,15.0891173140585));
#4054=CARTESIAN_POINT('Ctrl Pts',(13.1270156045683,13.2307830063163,15.0891173140585));
#4055=CARTESIAN_POINT('Ctrl Pts',(13.0850336869604,13.448218644505,15.0715446265794));
#4056=CARTESIAN_POINT('Ctrl Pts',(12.9523860043884,13.7769100368016,15.0405136965762));
#4057=CARTESIAN_POINT('Ctrl Pts',(12.8772844651639,13.8987970697128,15.0281033989524));
#4058=CARTESIAN_POINT('Ctrl Pts',(12.7249435956971,14.070960240117,15.0271867273761));
#4059=CARTESIAN_POINT('Ctrl Pts',(12.6538348832221,14.1331871531496,15.0325273327235));
#4060=CARTESIAN_POINT('Ctrl Pts',(12.5113565537022,14.2262396014356,15.0624920361153));
#4061=CARTESIAN_POINT('Ctrl Pts',(12.4437786194238,14.2596643552468,15.0833498039304));
#4062=CARTESIAN_POINT('Ctrl Pts',(12.3265759817629,14.3002528648129,15.1354306722336));
#4063=CARTESIAN_POINT('Ctrl Pts',(12.2781222736815,14.3118965327173,15.161682874333));
#4064=CARTESIAN_POINT('Ctrl Pts',(12.2172704321515,14.3197988739872,15.2017851516447));
#4065=CARTESIAN_POINT('Ctrl Pts',(12.2034211548644,14.3211174135335,15.2114174021284));
#4066=CARTESIAN_POINT('Ctrl Pts',(12.181760374205,14.3223975837947,15.2273193837854));
#4067=CARTESIAN_POINT('Ctrl Pts',(12.1738222851159,14.322695490088,15.2333301395611));
#4068=CARTESIAN_POINT('Ctrl Pts',(12.1591490432477,14.3229188058871,15.2447920628061));
#4069=CARTESIAN_POINT('Ctrl Pts',(12.1523971591345,14.3228894956393,15.2502079728644));
#4070=CARTESIAN_POINT('Ctrl Pts',(12.1374283831854,14.3225217875817,15.2625396429037));
#4071=CARTESIAN_POINT('Ctrl Pts',(12.1292485820586,14.32211287692,15.2695014925025));
#4072=CARTESIAN_POINT('Ctrl Pts',(12.1058592466077,14.3203237246116,15.2900701670779));
#4073=CARTESIAN_POINT('Ctrl Pts',(12.0909640187856,14.3184072758457,15.3039996692008));
#4074=CARTESIAN_POINT('Ctrl Pts',(12.0132312062837,14.3040279250197,15.3812761875548));
#4075=CARTESIAN_POINT('Ctrl Pts',(11.9608062628177,14.2783489573174,15.4503869208448));
#4076=CARTESIAN_POINT('Ctrl Pts',(11.8839674274068,14.2062243258755,15.5811971164391));
#4077=CARTESIAN_POINT('Ctrl Pts',(11.8574202415862,14.1643023720266,15.6407595538803));
#4078=CARTESIAN_POINT('Ctrl Pts',(11.8120403496508,14.0506751973211,15.7705129903341));
#4079=CARTESIAN_POINT('Ctrl Pts',(11.798180470206,13.9754972256991,15.8368523780083));
#4080=CARTESIAN_POINT('Ctrl Pts',(11.7802421556108,13.7819053039245,15.9702934808683));
#4081=CARTESIAN_POINT('Ctrl Pts',(11.7805229719873,13.6535838431341,16.0335510607801));
#4082=CARTESIAN_POINT('Ctrl Pts',(11.7853966554515,13.352786333674,16.1281044411063));
#4083=CARTESIAN_POINT('Ctrl Pts',(11.7897658672739,13.1801109092551,16.1555383938408));
#4084=CARTESIAN_POINT('Ctrl Pts',(11.7897658672739,13.,16.1555383938408));
#4085=CARTESIAN_POINT('',(11.7897658672739,2.,16.1555383938408));
#4086=CARTESIAN_POINT('',(11.7897658672739,7.15533896865705,16.1555383938408));
#4087=CARTESIAN_POINT('',(13.1270156045683,2.,15.0891173140585));
#4088=CARTESIAN_POINT('Ctrl Pts',(11.7897658672739,2.,16.1555383938408));
#4089=CARTESIAN_POINT('Ctrl Pts',(11.7897658672739,1.76921699368393,16.1555383938408));
#4090=CARTESIAN_POINT('Ctrl Pts',(11.7819756192739,1.55178135549522,16.110698759728));
#4091=CARTESIAN_POINT('Ctrl Pts',(11.7812395856859,1.22308996319819,15.9744717999763));
#4092=CARTESIAN_POINT('Ctrl Pts',(11.7858521047838,1.10120293028711,15.8984916621206));
#4093=CARTESIAN_POINT('Ctrl Pts',(11.8188574486311,0.929039759882988,15.7497663176961));
#4094=CARTESIAN_POINT('Ctrl Pts',(11.8398873309647,0.866812846850428,15.6816288455948));
#4095=CARTESIAN_POINT('Ctrl Pts',(11.9008051676348,0.773760398564456,15.5493905190494));
#4096=CARTESIAN_POINT('Ctrl Pts',(11.9361774927141,0.740335644753246,15.4881481946482));
#4097=CARTESIAN_POINT('Ctrl Pts',(12.013032625308,0.699747135187088,15.3854731552672));
#4098=CARTESIAN_POINT('Ctrl Pts',(12.0494085942669,0.688103467282735,15.3440759473395));
#4099=CARTESIAN_POINT('Ctrl Pts',(12.1020462323703,0.680201126012816,15.2936733847256));
#4100=CARTESIAN_POINT('Ctrl Pts',(12.1145187363406,0.678882586466488,15.2823147151085));
#4101=CARTESIAN_POINT('Ctrl Pts',(12.1348419992596,0.677602416205286,15.264735539254));
#4102=CARTESIAN_POINT('Ctrl Pts',(12.1424684438365,0.677304509912005,15.2583339936207));
#4103=CARTESIAN_POINT('Ctrl Pts',(12.15690809622,0.677081194112865,15.2465791584266));
#4104=CARTESIAN_POINT('Ctrl Pts',(12.1636906536646,0.677110504360758,15.2412017115092));
#4105=CARTESIAN_POINT('Ctrl Pts',(12.1790440089941,0.67747821241828,15.2293522887596));
#4106=CARTESIAN_POINT('Ctrl Pts',(12.1876514874747,0.677887123079962,15.2229267295998));
#4107=CARTESIAN_POINT('Ctrl Pts',(12.2129090792038,0.679676275388449,15.2047007742981));
#4108=CARTESIAN_POINT('Ctrl Pts',(12.2298038396328,0.681592724154312,15.193278606758));
#4109=CARTESIAN_POINT('Ctrl Pts',(12.3224400523693,0.695972074980307,15.1346903611945));
#4110=CARTESIAN_POINT('Ctrl Pts',(12.4014836826677,0.721651042682546,15.0989584054331));
#4111=CARTESIAN_POINT('Ctrl Pts',(12.5461124429702,0.793775674124437,15.0531540869461));
#4112=CARTESIAN_POINT('Ctrl Pts',(12.6100888303319,0.835697627973343,15.0405263837078));
#4113=CARTESIAN_POINT('Ctrl Pts',(12.7466870531686,0.949324802678761,15.0251571162719));
#4114=CARTESIAN_POINT('Ctrl Pts',(12.8144472872079,1.02450277430081,15.026406635445));
#4115=CARTESIAN_POINT('Ctrl Pts',(12.9485343935359,1.21809469607573,15.0386115106852));
#4116=CARTESIAN_POINT('Ctrl Pts',(13.0101434863266,1.34641615686627,15.0529614221707));
#4117=CARTESIAN_POINT('Ctrl Pts',(13.1012417194009,1.64721366632428,15.0787530187139));
#4118=CARTESIAN_POINT('Ctrl Pts',(13.1270156045681,1.81988909074207,15.0891173140584));
#4119=CARTESIAN_POINT('Ctrl Pts',(13.1270156045683,1.99999999999696,15.0891173140585));
#4120=CARTESIAN_POINT('',(13.1270156045683,7.15533896865705,15.0891173140585));
#4121=CARTESIAN_POINT('Origin',(15.0275633725114,15.,13.9435411243039));
#4122=CARTESIAN_POINT('',(14.0659419770515,13.,14.2179209555483));
#4123=CARTESIAN_POINT('',(15.2293139252209,13.,12.9641041868335));
#4124=CARTESIAN_POINT('Ctrl Pts',(15.2293139252209,13.,12.9641041868335));
#4125=CARTESIAN_POINT('Ctrl Pts',(15.2293139252209,13.2307830063161,12.9641041868335));
#4126=CARTESIAN_POINT('Ctrl Pts',(15.1851818377815,13.4482186445048,12.9529848518933));
#4127=CARTESIAN_POINT('Ctrl Pts',(15.0493908000976,13.7769100368018,12.9420706229532));
#4128=CARTESIAN_POINT('Ctrl Pts',(14.9732784241337,13.8987970697129,12.9409922416995));
#4129=CARTESIAN_POINT('Ctrl Pts',(14.822502453502,14.0709602401169,12.9627910370038));
#4130=CARTESIAN_POINT('Ctrl Pts',(14.7529839425174,14.1331871531495,12.9786701958542));
#4131=CARTESIAN_POINT('Ctrl Pts',(14.6165629855179,14.2262396014356,13.0295355113793));
#4132=CARTESIAN_POINT('Ctrl Pts',(14.5528485299132,14.2596643552468,13.0602322836296));
#4133=CARTESIAN_POINT('Ctrl Pts',(14.4447171995156,14.3002528648129,13.1291995983831));
#4134=CARTESIAN_POINT('Ctrl Pts',(14.4007173670128,14.3118965327173,13.1623802355324));
#4135=CARTESIAN_POINT('Ctrl Pts',(14.3465221245647,14.3197988739872,13.2111040999027));
#4136=CARTESIAN_POINT('Ctrl Pts',(14.3342631447028,14.3211174135335,13.2226928937787));
#4137=CARTESIAN_POINT('Ctrl Pts',(14.3152143644494,14.3223975837947,13.2416456352758));
#4138=CARTESIAN_POINT('Ctrl Pts',(14.3082607939191,14.322695490088,13.2487723666626));
#4139=CARTESIAN_POINT('Ctrl Pts',(14.2954597510544,14.3229188058871,13.2622932029153));
#4140=CARTESIAN_POINT('Ctrl Pts',(14.2895904794167,14.3228894956393,13.2686549378421));
#4141=CARTESIAN_POINT('Ctrl Pts',(14.2766268323755,14.3225217875817,13.2830798536054));
#4142=CARTESIAN_POINT('Ctrl Pts',(14.2695760027099,14.32211287692,13.2911830811931));
#4143=CARTESIAN_POINT('Ctrl Pts',(14.2495135086823,14.3203237246116,13.3150080202275));
#4144=CARTESIAN_POINT('Ctrl Pts',(14.2368607328113,14.3184072758457,13.3310019598304));
#4145=CARTESIAN_POINT('Ctrl Pts',(14.1715135990179,14.3040279250197,13.4190008378538));
#4146=CARTESIAN_POINT('Ctrl Pts',(14.1299746191622,14.2783489573175,13.4951531937323));
#4147=CARTESIAN_POINT('Ctrl Pts',(14.073490258047,14.2062243258756,13.6359545816804));
#4148=CARTESIAN_POINT('Ctrl Pts',(14.0561169030132,14.1643023720267,13.6988084086426));
#4149=CARTESIAN_POINT('Ctrl Pts',(14.03058261319,14.0506751973212,13.8338761283497));
#4150=CARTESIAN_POINT('Ctrl Pts',(14.0267649098229,13.9754972256992,13.9015402677163));
#4151=CARTESIAN_POINT('Ctrl Pts',(14.0289153157519,13.7819053039247,14.0361645107683));
#4152=CARTESIAN_POINT('Ctrl Pts',(14.0386210487043,13.6535838431343,14.0986737022685));
#4153=CARTESIAN_POINT('Ctrl Pts',(14.0575327472295,13.3527863336742,14.1914446146307));
#4154=CARTESIAN_POINT('Ctrl Pts',(14.0659419770515,13.1801109092554,14.2179209555483));
#4155=CARTESIAN_POINT('Ctrl Pts',(14.0659419770515,13.,14.2179209555483));
#4156=CARTESIAN_POINT('',(14.0659419770515,2.,14.2179209555483));
#4157=CARTESIAN_POINT('',(14.0659419770515,7.15533896865705,14.2179209555483));
#4158=CARTESIAN_POINT('',(15.2293139252209,2.,12.9641041868335));
#4159=CARTESIAN_POINT('Ctrl Pts',(14.0659419770515,2.,14.2179209555483));
#4160=CARTESIAN_POINT('Ctrl Pts',(14.0659419770515,1.76921699368392,14.2179209555483));
#4161=CARTESIAN_POINT('Ctrl Pts',(14.0515557390025,1.55178135549521,14.174743219317));
#4162=CARTESIAN_POINT('Ctrl Pts',(14.0305243515057,1.22308996319716,14.0401475022651));
#4163=CARTESIAN_POINT('Ctrl Pts',(14.023761100646,1.1012029302864,13.9643285394731));
#4164=CARTESIAN_POINT('Ctrl Pts',(14.0342314397016,0.929039759883043,13.812345143023));
#4165=CARTESIAN_POINT('Ctrl Pts',(14.0448710723714,0.866812846850419,13.7418343688677));
#4166=CARTESIAN_POINT('Ctrl Pts',(14.0853994072741,0.773760398564395,13.6019937027433));
#4167=CARTESIAN_POINT('Ctrl Pts',(14.1112489578931,0.740335644753216,13.5361634330159));
#4168=CARTESIAN_POINT('Ctrl Pts',(14.1719427616065,0.699747135187087,13.4231805258632));
#4169=CARTESIAN_POINT('Ctrl Pts',(14.2017425073639,0.688103467282732,13.3768241336966));
#4170=CARTESIAN_POINT('Ctrl Pts',(14.2462801143871,0.680201126012817,13.3191392931941));
#4171=CARTESIAN_POINT('Ctrl Pts',(14.2569203889327,0.67888258646649,13.3060485602753));
#4172=CARTESIAN_POINT('Ctrl Pts',(14.2743966175898,0.677602416205279,13.285636704129));
#4173=CARTESIAN_POINT('Ctrl Pts',(14.2809837802136,0.677304509912008,13.2781699958888));
#4174=CARTESIAN_POINT('Ctrl Pts',(14.2935101863345,0.67708119411287,13.2643943339778));
#4175=CARTESIAN_POINT('Ctrl Pts',(14.2994155213414,0.677110504360754,13.2580660609675));
#4176=CARTESIAN_POINT('Ctrl Pts',(14.3128313275579,0.67747821241828,13.2440606876078));
#4177=CARTESIAN_POINT('Ctrl Pts',(14.3203849877169,0.677887123079967,13.2364240185361));
#4178=CARTESIAN_POINT('Ctrl Pts',(14.3426440353336,0.679676275388453,13.2146371833869));
#4179=CARTESIAN_POINT('Ctrl Pts',(14.3576477095126,0.681592724154322,13.2008245586401));
#4180=CARTESIAN_POINT('Ctrl Pts',(14.4405171274011,0.695972074980321,13.1290839842962));
#4181=CARTESIAN_POINT('Ctrl Pts',(14.5133523339954,0.721651042682576,13.0819702831716));
#4182=CARTESIAN_POINT('Ctrl Pts',(14.6495389311133,0.793775674124474,13.0151217628876));
#4183=CARTESIAN_POINT('Ctrl Pts',(14.7109186935798,0.835697627973395,12.9930999149071));
#4184=CARTESIAN_POINT('Ctrl Pts',(14.8437005566802,0.949324802678824,12.9575434008027));
#4185=CARTESIAN_POINT('Ctrl Pts',(14.9108901960596,1.02450277430087,12.9486798250413));
#4186=CARTESIAN_POINT('Ctrl Pts',(15.0452987024602,1.2180946960756,12.9407637357169));
#4187=CARTESIAN_POINT('Ctrl Pts',(15.1083584159146,1.3464161568661,12.9457710117407));
#4188=CARTESIAN_POINT('Ctrl Pts',(15.2022831949905,1.64721366632511,12.9576970503582));
#4189=CARTESIAN_POINT('Ctrl Pts',(15.2293139252206,1.81988909074293,12.9641041868334));
#4190=CARTESIAN_POINT('Ctrl Pts',(15.2293139252209,1.99999999999696,12.9641041868335));
#4191=CARTESIAN_POINT('',(15.2293139252209,7.15533896865705,12.9641041868335));
#4192=CARTESIAN_POINT('Origin',(16.9378948734779,15.,11.5480611903043));
#4193=CARTESIAN_POINT('',(16.0279081863312,13.,11.9626986575161));
#4194=CARTESIAN_POINT('',(16.9914145384677,13.,10.5494943946119));
#4195=CARTESIAN_POINT('Ctrl Pts',(16.9914145384677,13.,10.5494943946119));
#4196=CARTESIAN_POINT('Ctrl Pts',(16.9914145384677,13.230783006316,10.5494943946119));
#4197=CARTESIAN_POINT('Ctrl Pts',(16.9461181191042,13.4482186445047,10.5450767997789));
#4198=CARTESIAN_POINT('Ctrl Pts',(16.8102170737022,13.7769100368023,10.5545230777413));
#4199=CARTESIAN_POINT('Ctrl Pts',(16.7347940857059,13.8987970697132,10.5648007021131));
#4200=CARTESIAN_POINT('Ctrl Pts',(16.5889510999436,14.070960240117,10.6088280152324));
#4201=CARTESIAN_POINT('Ctrl Pts',(16.5225757191088,14.1331871531496,10.6348910134165));
#4202=CARTESIAN_POINT('Ctrl Pts',(16.3952595533801,14.2262396014356,10.7055206939785));
#4203=CARTESIAN_POINT('Ctrl Pts',(16.3368318521026,14.2596643552468,10.7453707554967));
#4204=CARTESIAN_POINT('Ctrl Pts',(16.2401873042076,14.3002528648129,10.8296839008541));
#4205=CARTESIAN_POINT('Ctrl Pts',(16.201624230834,14.3118965327173,10.8690517724486));
#4206=CARTESIAN_POINT('Ctrl Pts',(16.1552962196293,14.3197988739872,10.9253088132612));
#4207=CARTESIAN_POINT('Ctrl Pts',(16.1449013825452,14.3211174135335,10.9385952760242));
#4208=CARTESIAN_POINT('Ctrl Pts',(16.1288901209716,14.3223975837947,10.960175404435));
#4209=CARTESIAN_POINT('Ctrl Pts',(16.1230764002753,14.322695490088,10.9682589120303));
#4210=CARTESIAN_POINT('Ctrl Pts',(16.1124335105586,14.3229188058871,10.9835366281512));
#4211=CARTESIAN_POINT('Ctrl Pts',(16.107577961226,14.3228894956393,10.9907020773008));
#4212=CARTESIAN_POINT('Ctrl Pts',(16.0969090295463,14.3225217875817,11.006898010006));
#4213=CARTESIAN_POINT('Ctrl Pts',(16.0911446752256,14.3221128769201,11.0159616028683));
#4214=CARTESIAN_POINT('Ctrl Pts',(16.0748571855851,14.3203237246116,11.0425105965937));
#4215=CARTESIAN_POINT('Ctrl Pts',(16.06472950377,14.3184072758457,11.0602116954952));
#4216=CARTESIAN_POINT('Ctrl Pts',(16.0132277956712,14.3040279250197,11.1569671836665));
#4217=CARTESIAN_POINT('Ctrl Pts',(15.9835026915948,14.2783489573175,11.2384600443412));
#4218=CARTESIAN_POINT('Ctrl Pts',(15.948634572065,14.2062243258756,11.3861073543037));
#4219=CARTESIAN_POINT('Ctrl Pts',(15.9408231398609,14.1643023720267,11.4508485201554));
#4220=CARTESIAN_POINT('Ctrl Pts',(15.9357048459903,14.0506751973213,11.5882133334502));
#4221=CARTESIAN_POINT('Ctrl Pts',(15.9420145998856,13.9754972256992,11.6556907194473));
#4222=CARTESIAN_POINT('Ctrl Pts',(15.9642056898237,13.7819053039251,11.7884908195613));
#4223=CARTESIAN_POINT('Ctrl Pts',(15.9831195293163,13.6535838431348,11.848855270605));
#4224=CARTESIAN_POINT('Ctrl Pts',(16.015646786808,13.3527863336742,11.9377713661205));
#4225=CARTESIAN_POINT('Ctrl Pts',(16.0279081863312,13.1801109092553,11.9626986575161));
#4226=CARTESIAN_POINT('Ctrl Pts',(16.0279081863312,13.,11.9626986575161));
#4227=CARTESIAN_POINT('',(16.0279081863312,2.,11.9626986575161));
#4228=CARTESIAN_POINT('',(16.0279081863312,7.15533896865705,11.9626986575161));
#4229=CARTESIAN_POINT('',(16.9914145384677,2.,10.5494943946119));
#4230=CARTESIAN_POINT('Ctrl Pts',(16.0279081863312,2.,11.9626986575161));
#4231=CARTESIAN_POINT('Ctrl Pts',(16.0279081863312,1.76921699368344,11.9626986575161));
#4232=CARTESIAN_POINT('Ctrl Pts',(16.0072473230186,1.5517813554948,11.9221473384443));
#4233=CARTESIAN_POINT('Ctrl Pts',(15.9663903880568,1.22308996319875,11.7921895099996));
#4234=CARTESIAN_POINT('Ctrl Pts',(15.9484024470874,1.10120293028749,11.7182253926138));
#4235=CARTESIAN_POINT('Ctrl Pts',(15.9361038912784,0.929039759882935,11.566379002068));
#4236=CARTESIAN_POINT('Ctrl Pts',(15.9361156024721,0.866812846850398,11.4950700200379));
#4237=CARTESIAN_POINT('Ctrl Pts',(15.9553490995767,0.773760398564395,11.3507508237359));
#4238=CARTESIAN_POINT('Ctrl Pts',(15.9710984394897,0.74033564475323,11.281803148127));
#4239=CARTESIAN_POINT('Ctrl Pts',(16.0142751150411,0.699747135187093,11.1610362246495));
#4240=CARTESIAN_POINT('Ctrl Pts',(16.0368329605195,0.688103467282733,11.1107561734435));
#4241=CARTESIAN_POINT('Ctrl Pts',(16.0722756399178,0.680201126012817,11.0470776390679));
#4242=CARTESIAN_POINT('Ctrl Pts',(16.0808459988879,0.678882586466491,11.0325472681889));
#4243=CARTESIAN_POINT('Ctrl Pts',(16.0950848032132,0.677602416205282,11.0097586988877));
#4244=CARTESIAN_POINT('Ctrl Pts',(16.1004855375561,0.677304509912006,11.0013936219642));
#4245=CARTESIAN_POINT('Ctrl Pts',(16.1108188782008,0.677081194112868,10.9859048588597));
#4246=CARTESIAN_POINT('Ctrl Pts',(16.1157150753444,0.677110504360751,10.9787671229184));
#4247=CARTESIAN_POINT('Ctrl Pts',(16.1268936455059,0.67747821241828,10.9629186558464));
#4248=CARTESIAN_POINT('Ctrl Pts',(16.1332247510575,0.677887123079972,10.9542414674305));
#4249=CARTESIAN_POINT('Ctrl Pts',(16.1519880242197,0.679676275388452,10.9293804343295));
#4250=CARTESIAN_POINT('Ctrl Pts',(16.1647654548604,0.681592724154313,10.9134859035882));
#4251=CARTESIAN_POINT('Ctrl Pts',(16.236016912043,0.695972074980326,10.830195566347));
#4252=CARTESIAN_POINT('Ctrl Pts',(16.3010166767743,0.721651042682589,10.7727525620892));
#4253=CARTESIAN_POINT('Ctrl Pts',(16.4257189271696,0.793775674124489,10.6863531254876));
#4254=CARTESIAN_POINT('Ctrl Pts',(16.4831309422744,0.835697627973411,10.6554290644586));
#4255=CARTESIAN_POINT('Ctrl Pts',(16.6091303182323,0.949324802678855,10.6004795774556));
#4256=CARTESIAN_POINT('Ctrl Pts',(16.6742484574357,1.02450277430091,10.5817009043954));
#4257=CARTESIAN_POINT('Ctrl Pts',(16.8059758999795,1.21809469607595,10.5538406828609));
#4258=CARTESIAN_POINT('Ctrl Pts',(16.8690775843021,1.34641615686656,10.5493934691511));
#4259=CARTESIAN_POINT('Ctrl Pts',(16.9637307850204,1.64721366632454,10.5471875418472));
#4260=CARTESIAN_POINT('Ctrl Pts',(16.9914145384674,1.81988909074229,10.5494943946119));
#4261=CARTESIAN_POINT('Ctrl Pts',(16.9914145384677,1.99999999999696,10.5494943946119));
#4262=CARTESIAN_POINT('',(16.9914145384677,7.15533896865705,10.5494943946119));
#4263=CARTESIAN_POINT('Origin',(0.,10.,0.));
#4264=CARTESIAN_POINT('',(-1.2104212116119E-15,10.5197767707395,9.88383926250932));
#4265=CARTESIAN_POINT('Origin',(0.,10.5197767707395,0.));
#4266=CARTESIAN_POINT('',(-1.25622748337536E-15,10.,10.2578758565326));
#4267=CARTESIAN_POINT('',(-1.25622748337536E-15,10.,10.2578758565326));
#4268=CARTESIAN_POINT('Origin',(0.,10.,0.));
#4269=CARTESIAN_POINT('Origin',(0.,9.,0.));
#4270=CARTESIAN_POINT('Origin',(0.,55.,0.));
#4271=CARTESIAN_POINT('Ctrl Pts',(-6.84974266905282E-5,1.73098175114777,
-14.9913003134462));
#4272=CARTESIAN_POINT('Ctrl Pts',(-1.58175070745777,1.765106818946,-14.9913083077169));
#4273=CARTESIAN_POINT('Ctrl Pts',(-3.16340488845619,1.79922994552908,-14.7525547372204));
#4274=CARTESIAN_POINT('Ctrl Pts',(-4.63435348820715,1.83090065125223,-14.2750207909766));
#4275=CARTESIAN_POINT('Ctrl Pts',(-7.57858120488043,1.89429224060655,-13.3191963111672));
#4276=CARTESIAN_POINT('Ctrl Pts',(-10.3198066996126,1.96750906174981,-11.3285816953526));
#4277=CARTESIAN_POINT('Ctrl Pts',(-12.1399174251641,2.03090065113401,-8.82472980910963));
#4278=CARTESIAN_POINT('Ctrl Pts',(-13.9600281507157,2.09429224051821,-6.32087792286664));
#4279=CARTESIAN_POINT('Ctrl Pts',(-15.0076722477122,2.16750906169473,-3.09918494241014));
#4280=CARTESIAN_POINT('Ctrl Pts',(-15.0084455438422,2.23090065109004,-0.00369197035070593));
#4281=CARTESIAN_POINT('Ctrl Pts',(-15.0092188399722,2.29429224048535,3.09180100170874));
#4282=CARTESIAN_POINT('Ctrl Pts',(-13.9631170973651,2.36750906167425,6.31399512639733));
#4283=CARTESIAN_POINT('Ctrl Pts',(-12.1442575895887,2.43090065107369,8.81875607981639));
#4284=CARTESIAN_POINT('Ctrl Pts',(-10.3253980818124,2.49429224047314,11.3235170332355));
#4285=CARTESIAN_POINT('Ctrl Pts',(-7.58512580775422,2.56750906166663,13.3154436636881));
#4286=CARTESIAN_POINT('Ctrl Pts',(-4.64137600666889,2.63090065106761,14.2727390475577));
#4287=CARTESIAN_POINT('Ctrl Pts',(-1.69762620558358,2.69429224046859,15.2300344314273));
#4288=CARTESIAN_POINT('Ctrl Pts',(1.69012573034607,2.7675090616638,15.2308452974655));
#4289=CARTESIAN_POINT('Ctrl Pts',(4.63435345532926,2.83090065106535,14.2750208122733));
#4290=CARTESIAN_POINT('Ctrl Pts',(7.57858118031246,2.8942922404669,13.3191963270811));
#4291=CARTESIAN_POINT('Ctrl Pts',(10.3198066842951,2.96750906166274,11.3285817052745));
#4292=CARTESIAN_POINT('Ctrl Pts',(12.1399174129371,3.03090065106451,8.82472981702972));
#4293=CARTESIAN_POINT('Ctrl Pts',(13.960028141579,3.09429224046627,6.32087792878491));
#4294=CARTESIAN_POINT('Ctrl Pts',(15.0076722420157,3.16750906166235,3.09918494610006));
#4295=CARTESIAN_POINT('Ctrl Pts',(15.0084455392951,3.23090065106419,0.00369197329617168));
#4296=CARTESIAN_POINT('Ctrl Pts',(15.0092188365744,3.29429224046604,-3.09180099950771));
#4297=CARTESIAN_POINT('Ctrl Pts',(13.9631170952466,3.36750906166221,-6.31399512502508));
#4298=CARTESIAN_POINT('Ctrl Pts',(12.1442575878977,3.43090065106408,-8.81875607872101));
#4299=CARTESIAN_POINT('Ctrl Pts',(10.3253980805488,3.49429224046595,-11.3235170324169));
#4300=CARTESIAN_POINT('Ctrl Pts',(7.58512580696637,3.56750906166215,-13.3154436631778));
#4301=CARTESIAN_POINT('Ctrl Pts',(4.64137600604,3.63090065106404,-14.2727390471503));
#4302=CARTESIAN_POINT('Ctrl Pts',(3.16833602104511,3.66262153504404,-14.7517656198566));
#4303=CARTESIAN_POINT('Ctrl Pts',(1.58411970453723,3.69680261716608,-14.9912923534872));
#4304=CARTESIAN_POINT('Ctrl Pts',(-6.84911646355472E-5,3.73098175188159,
-14.9913003490479));
#4305=CARTESIAN_POINT('Ctrl Pts',(-3.05311331771918E-15,3.24999999453763,
-15.));
#4306=CARTESIAN_POINT('Ctrl Pts',(1.69447149542401,3.21344382823677,-15.));
#4307=CARTESIAN_POINT('Ctrl Pts',(3.37857148173565,3.17760196698827,-14.7128537372208));
#4308=CARTESIAN_POINT('Ctrl Pts',(6.85224478103598,3.10146992330727,-13.4902072651534));
#4309=CARTESIAN_POINT('Ctrl Pts',(8.57507104277145,3.05841571590314,-12.4662337329222));
#4310=CARTESIAN_POINT('Ctrl Pts',(11.4847709994949,2.97433904334776,-9.84083376247935));
#4311=CARTESIAN_POINT('Ctrl Pts',(12.6568248311454,2.93549488089339,-8.27929755502302));
#4312=CARTESIAN_POINT('Ctrl Pts',(14.3521588728965,2.85237085804128,-4.77885013866731));
#4313=CARTESIAN_POINT('Ctrl Pts',(14.8521763278656,2.80986434593444,-2.86963520799592));
#4314=CARTESIAN_POINT('Ctrl Pts',(15.0922176035204,2.72796704560905,1.04387754523847));
#4315=CARTESIAN_POINT('Ctrl Pts',(14.8256602087132,2.68706359731782,3.01074482798475));
#4316=CARTESIAN_POINT('Ctrl Pts',(13.559974712131,2.60297403268256,6.69785205055585));
#4317=CARTESIAN_POINT('Ctrl Pts',(12.5852610957421,2.56330143421576,8.38721205360679));
#4318=CARTESIAN_POINT('Ctrl Pts',(10.0225107962479,2.48121639091764,11.3330880399214));
#4319=CARTESIAN_POINT('Ctrl Pts',(8.4472325234507,2.4382749890194,12.5512481519198));
#4320=CARTESIAN_POINT('Ctrl Pts',(4.94175360397132,2.35497630708745,14.2952766480767));
#4321=CARTESIAN_POINT('Ctrl Pts',(3.05029919831742,2.31580649825434,14.8145711038343));
#4322=CARTESIAN_POINT('Ctrl Pts',(-0.825296039338653,2.23219523397215,15.1028044652666));
#4323=CARTESIAN_POINT('Ctrl Pts',(-2.7727784108608,2.19018066504396,14.8690170062344));
#4324=CARTESIAN_POINT('Ctrl Pts',(-6.51371936464339,2.10947440353561,13.657515583309));
#4325=CARTESIAN_POINT('Ctrl Pts',(-8.26539432745589,2.06646011827319,12.6743791914222));
#4326=CARTESIAN_POINT('Ctrl Pts',(-11.2402168420017,1.98213368259293,10.1189164953688));
#4327=CARTESIAN_POINT('Ctrl Pts',(-12.4490887227661,1.94321539628452,8.58808212913896));
#4328=CARTESIAN_POINT('Ctrl Pts',(-14.2317782073065,1.86033808472668,5.12804242053749));
#4329=CARTESIAN_POINT('Ctrl Pts',(-14.7793010417228,1.81767970961917,3.22686143131848));
#4330=CARTESIAN_POINT('Ctrl Pts',(-15.1121444733584,1.73536051930109,-0.677060128825201));
#4331=CARTESIAN_POINT('Ctrl Pts',(-14.8947670512829,1.69508594409108,-2.64220623078359));
#4332=CARTESIAN_POINT('Ctrl Pts',(-13.7244190366527,1.61111284508068,-6.35461418271265));
#4333=CARTESIAN_POINT('Ctrl Pts',(-12.7915784483883,1.57093168677448,-8.06946435315158));
#4334=CARTESIAN_POINT('Ctrl Pts',(-10.2988839711982,1.48920625948387,-11.0834047081748));
#4335=CARTESIAN_POINT('Ctrl Pts',(-8.74997222403237,1.44620108946803,-12.3428839618657));
#4336=CARTESIAN_POINT('Ctrl Pts',(-5.28667725254191,1.3625752730104,-14.170771401069));
#4337=CARTESIAN_POINT('Ctrl Pts',(-3.41254216005598,1.32362145057806,-14.7347976703891));
#4338=CARTESIAN_POINT('Ctrl Pts',(-0.989333004231613,1.27134365356508,-14.9755593970588));
#4339=CARTESIAN_POINT('Ctrl Pts',(-0.494380605024368,1.2606656561684,-15.));
#4340=CARTESIAN_POINT('Ctrl Pts',(3.7470027081099E-15,1.24999999453763,
-15.));
#4341=CARTESIAN_POINT('Origin',(0.,2.,0.));
#4342=CARTESIAN_POINT('',(-2.20436423846524E-15,0.,18.));
#4343=CARTESIAN_POINT('Origin',(0.,0.,0.));
#4344=CARTESIAN_POINT('',(-2.44929359829471E-15,2.,20.));
#4345=CARTESIAN_POINT('Origin',(-2.20436423846524E-15,2.,18.));
#4346=CARTESIAN_POINT('Origin',(0.,2.,0.));
#4347=CARTESIAN_POINT('Origin',(0.,2.,0.));
#4348=CARTESIAN_POINT('Origin',(0.,2.,0.));
#4349=CARTESIAN_POINT('Origin',(0.,2.,0.));
#4350=CARTESIAN_POINT('Origin',(0.,2.,0.));
#4351=CARTESIAN_POINT('Origin',(0.,2.,0.));
#4352=CARTESIAN_POINT('Origin',(0.,2.,0.));
#4353=CARTESIAN_POINT('',(-17.6318374120493,2.,9.44024943923928));
#4354=CARTESIAN_POINT('Origin',(0.,2.,0.));
#4355=CARTESIAN_POINT('',(-18.3739550283926,2.,7.89922633012926));
#4356=CARTESIAN_POINT('Ctrl Pts',(-17.6318374120493,2.,9.44024943923928));
#4357=CARTESIAN_POINT('Ctrl Pts',(-17.6318374120493,1.81988909074479,9.44024943923928));
#4358=CARTESIAN_POINT('Ctrl Pts',(-17.6159977422289,1.64721366632586,9.4174280318645));
#4359=CARTESIAN_POINT('Ctrl Pts',(-17.5705815309535,1.34641615686614,9.33435299184046));
#4360=CARTESIAN_POINT('Ctrl Pts',(-17.542882088841,1.21809469607563,9.27748172334055));
#4361=CARTESIAN_POINT('Ctrl Pts',(-17.501146027173,1.02450277430082,9.14947230095494));
#4362=CARTESIAN_POINT('Ctrl Pts',(-17.4848497654908,0.949324802678794,9.08368900162752));
#4363=CARTESIAN_POINT('Ctrl Pts',(-17.4694377291815,0.8356976279734,8.94709559768558));
#4364=CARTESIAN_POINT('Ctrl Pts',(-17.4675127440683,0.793775674124465,8.88191330360781));
#4365=CARTESIAN_POINT('Ctrl Pts',(-17.4799857258403,0.72165104268258,8.73071826855566));
#4366=CARTESIAN_POINT('Ctrl Pts',(-17.4972329444317,0.695972074980313,8.64570531892942));
#4367=CARTESIAN_POINT('Ctrl Pts',(-17.533738763781,0.681592724154307,8.54235457833203));
#4368=CARTESIAN_POINT('Ctrl Pts',(-17.5411151158639,0.679676275388448,8.52334173343143));
#4369=CARTESIAN_POINT('Ctrl Pts',(-17.5532637655127,0.677887123079953,8.49466174566406));
#4370=CARTESIAN_POINT('Ctrl Pts',(-17.5576128783383,0.677478212418279,8.4848402532145));
#4371=CARTESIAN_POINT('Ctrl Pts',(-17.5657487683529,0.677110504360758,8.46723509394104));
#4372=CARTESIAN_POINT('Ctrl Pts',(-17.5694821304318,0.677081194112865,8.45942599486203));
#4373=CARTESIAN_POINT('Ctrl Pts',(-17.5777291224312,0.677304509912006,8.44273267780523));
#4374=CARTESIAN_POINT('Ctrl Pts',(-17.5822731243802,0.677602416205293,8.4338729662034));
#4375=CARTESIAN_POINT('Ctrl Pts',(-17.5948892021481,0.678882586466489,8.41014751528776));
#4376=CARTESIAN_POINT('Ctrl Pts',(-17.6031876929708,0.680201126012814,8.39546018126065));
#4377=CARTESIAN_POINT('Ctrl Pts',(-17.6406135817166,0.688103467282728,8.33292665333568));
#4378=CARTESIAN_POINT('Ctrl Pts',(-17.6728784606254,0.699747135187075,8.28825096049382));
#4379=CARTESIAN_POINT('Ctrl Pts',(-17.7558773465181,0.740335644753217,8.19047540087652));
#4380=CARTESIAN_POINT('Ctrl Pts',(-17.8077131151708,0.773760398564391,8.14236223461453));
#4381=CARTESIAN_POINT('Ctrl Pts',(-17.9230804568698,0.866812846850391,8.05354593936736));
#4382=CARTESIAN_POINT('Ctrl Pts',(-17.984829991229,0.929039759882956,8.01788130616106));
#4383=CARTESIAN_POINT('Ctrl Pts',(-18.1224821008189,1.10120293028719,7.95260897264876));
#4384=CARTESIAN_POINT('Ctrl Pts',(-18.1955308759283,1.22308996319832,7.93120492779697));
#4385=CARTESIAN_POINT('Ctrl Pts',(-18.3285061242631,1.55178135549482,7.90160915717232));
#4386=CARTESIAN_POINT('Ctrl Pts',(-18.3739550283926,1.76921699368346,7.89922633012924));
#4387=CARTESIAN_POINT('Ctrl Pts',(-18.3739550283926,2.,7.89922633012924));
#4388=CARTESIAN_POINT('',(-18.8419005257165,2.,6.70692064803259));
#4389=CARTESIAN_POINT('Origin',(0.,2.,0.));
#4390=CARTESIAN_POINT('',(-19.3460517250298,2.,5.07250260251026));
#4391=CARTESIAN_POINT('Ctrl Pts',(-18.8419005257165,2.,6.70692064803259));
#4392=CARTESIAN_POINT('Ctrl Pts',(-18.8419005257165,1.81988909074474,6.70692064803259));
#4393=CARTESIAN_POINT('Ctrl Pts',(-18.8228364176483,1.64721366632584,6.68671491720808));
#4394=CARTESIAN_POINT('Ctrl Pts',(-18.7655457757009,1.34641615686593,6.61133669179201));
#4395=CARTESIAN_POINT('Ctrl Pts',(-18.7296794907333,1.21809469607547,6.55922901599697));
#4396=CARTESIAN_POINT('Ctrl Pts',(-18.6693307719866,1.02450277430086,6.43886979030719));
#4397=CARTESIAN_POINT('Ctrl Pts',(-18.6434120340747,0.9493248026788,6.37625006785276));
#4398=CARTESIAN_POINT('Ctrl Pts',(-18.6078139470089,0.835697627973363,6.24347934419383));
#4399=CARTESIAN_POINT('Ctrl Pts',(-18.5961955455651,0.793775674124456,6.17931198662929));
#4400=CARTESIAN_POINT('Ctrl Pts',(-18.5859947637774,0.721651042682576,6.02794667372827));
#4401=CARTESIAN_POINT('Ctrl Pts',(-18.5903788225206,0.695972074980317,5.94131268396543));
#4402=CARTESIAN_POINT('Ctrl Pts',(-18.6110732734402,0.681592724154312,5.83367537570512));
#4403=CARTESIAN_POINT('Ctrl Pts',(-18.6155335202743,0.679676275388454,5.81377550034262));
#4404=CARTESIAN_POINT('Ctrl Pts',(-18.6232719491733,0.677887123079973,5.78360518206808));
#4405=CARTESIAN_POINT('Ctrl Pts',(-18.6261086685101,0.677478212418283,5.7732451859429));
#4406=CARTESIAN_POINT('Ctrl Pts',(-18.6315297745209,0.677110504360756,5.75462407026726));
#4407=CARTESIAN_POINT('Ctrl Pts',(-18.6340575522064,0.677081194112872,5.7463457636283));
#4408=CARTESIAN_POINT('Ctrl Pts',(-18.6397244223148,0.67730450991201,5.728609746754));
#4409=CARTESIAN_POINT('Ctrl Pts',(-18.6428972000216,0.67760241620529,5.71917174246272));
#4410=CARTESIAN_POINT('Ctrl Pts',(-18.6518362716541,0.678882586466493,5.69383095641032));
#4411=CARTESIAN_POINT('Ctrl Pts',(-18.6578530416432,0.680201126012818,5.6780708418912));
#4412=CARTESIAN_POINT('Ctrl Pts',(-18.68554077542,0.688103467282738,5.61065772253403));
#4413=CARTESIAN_POINT('Ctrl Pts',(-18.7107867157854,0.699747135187095,5.56167218959856));
#4414=CARTESIAN_POINT('Ctrl Pts',(-18.7782858817164,0.740335644753237,5.45261836015402));
#4415=CARTESIAN_POINT('Ctrl Pts',(-18.8223717923287,0.773760398564429,5.39731685777789));
#4416=CARTESIAN_POINT('Ctrl Pts',(-18.9232131942233,0.866812846850413,5.29229795711686));
#4417=CARTESIAN_POINT('Ctrl Pts',(-18.9789574995473,0.929039759882981,5.24782837786024));
#4418=CARTESIAN_POINT('Ctrl Pts',(-19.1053438122994,1.10120293028715,5.16276910002646));
#4419=CARTESIAN_POINT('Ctrl Pts',(-19.1743865855955,1.22308996319825,5.13071676568739));
#4420=CARTESIAN_POINT('Ctrl Pts',(-19.3014655895508,1.55178135549489,5.08163262301067));
#4421=CARTESIAN_POINT('Ctrl Pts',(-19.3460517250298,1.76921699368355,5.07250260251024));
#4422=CARTESIAN_POINT('Ctrl Pts',(-19.3460517250298,2.,5.07250260251024));
#4423=CARTESIAN_POINT('',(-19.6310667169424,2.,3.82377033240159));
#4424=CARTESIAN_POINT('Origin',(0.,2.,0.));
#4425=CARTESIAN_POINT('',(-19.8859895945179,2.,2.1324675488094));
#4426=CARTESIAN_POINT('Ctrl Pts',(-19.6310667169425,2.,3.82377033240159));
#4427=CARTESIAN_POINT('Ctrl Pts',(-19.6310667169425,1.81988909074493,3.82377033240159));
#4428=CARTESIAN_POINT('Ctrl Pts',(-19.6092040312984,1.64721366632612,3.80663164076505));
#4429=CARTESIAN_POINT('Ctrl Pts',(-19.5413187369503,1.34641615686645,3.74063405495413));
#4430=CARTESIAN_POINT('Ctrl Pts',(-19.4980868026665,1.21809469607589,3.69445397123602));
#4431=CARTESIAN_POINT('Ctrl Pts',(-19.4204735174945,1.02450277430095,3.58443356845608));
#4432=CARTESIAN_POINT('Ctrl Pts',(-19.3855112851284,0.949324802678919,3.52637624399831));
#4433=CARTESIAN_POINT('Ctrl Pts',(-19.3305223497471,0.835697627973509,3.40039407919205));
#4434=CARTESIAN_POINT('Ctrl Pts',(-19.309470067862,0.793775674124545,3.33867505087534));
#4435=CARTESIAN_POINT('Ctrl Pts',(-19.2768233911235,0.721651042682616,3.19052071109196));
#4436=CARTESIAN_POINT('Ctrl Pts',(-19.2682463573906,0.695972074980345,3.10420094136547));
#4437=CARTESIAN_POINT('Ctrl Pts',(-19.2726671600435,0.681592724154332,2.99468150504349));
#4438=CARTESIAN_POINT('Ctrl Pts',(-19.274111667085,0.679676275388456,2.97433912955108));
#4439=CARTESIAN_POINT('Ctrl Pts',(-19.2772670115199,0.677887123079978,2.94335243582452));
#4440=CARTESIAN_POINT('Ctrl Pts',(-19.2785279697455,0.677478212418279,2.93268536121782));
#4441=CARTESIAN_POINT('Ctrl Pts',(-19.2811131932022,0.677110504360745,2.9134642540937));
#4442=CARTESIAN_POINT('Ctrl Pts',(-19.2823789201179,0.677081194112869,2.90490166358563));
#4443=CARTESIAN_POINT('Ctrl Pts',(-19.2853390798214,0.677304509912006,2.88651914020291));
#4444=CARTESIAN_POINT('Ctrl Pts',(-19.2870697586749,0.677602416205286,2.87671367264215));
#4445=CARTESIAN_POINT('Ctrl Pts',(-19.292132140083,0.678882586466491,2.85032362273911));
#4446=CARTESIAN_POINT('Ctrl Pts',(-19.2957327845394,0.680201126012821,2.83384278264351));
#4447=CARTESIAN_POINT('Ctrl Pts',(-19.3130638651272,0.688103467282731,2.76305596954383));
#4448=CARTESIAN_POINT('Ctrl Pts',(-19.330726914359,0.699747135187089,2.71085485237436));
#4449=CARTESIAN_POINT('Ctrl Pts',(-19.3812185405004,0.740335644753224,2.59295883544636));
#4450=CARTESIAN_POINT('Ctrl Pts',(-19.416569786679,0.773760398564389,2.53170434113618));
#4451=CARTESIAN_POINT('Ctrl Pts',(-19.5006326184863,0.866812846850399,2.4128287837635));
#4452=CARTESIAN_POINT('Ctrl Pts',(-19.5491264591089,0.929039759882971,2.36054763537338));
#4453=CARTESIAN_POINT('Ctrl Pts',(-19.6614237136434,1.1012029302871,2.25760149692869));
#4454=CARTESIAN_POINT('Ctrl Pts',(-19.7249181836605,1.22308996319818,2.21561686928659));
#4455=CARTESIAN_POINT('Ctrl Pts',(-19.8432622082797,1.55178135549486,2.1481408131961));
#4456=CARTESIAN_POINT('Ctrl Pts',(-19.8859895945179,1.76921699368351,2.13246754880938));
#4457=CARTESIAN_POINT('Ctrl Pts',(-19.8859895945179,2.,2.13246754880938));
#4458=CARTESIAN_POINT('',(-19.9817073170732,2.,0.855203306135164));
#4459=CARTESIAN_POINT('Origin',(0.,2.,0.));
#4460=CARTESIAN_POINT('',(-19.9817073170732,2.,-0.855203306135162));
#4461=CARTESIAN_POINT('Ctrl Pts',(-19.9817073170732,2.,0.855203306135164));
#4462=CARTESIAN_POINT('Ctrl Pts',(-19.9817073170732,1.81988909074479,0.855203306135164));
#4463=CARTESIAN_POINT('Ctrl Pts',(-19.9575344301234,1.64721366632583,0.84151450373685));
#4464=CARTESIAN_POINT('Ctrl Pts',(-19.8805709286732,1.34641615686618,0.786371834540181));
#4465=CARTESIAN_POINT('Ctrl Pts',(-19.8309390750465,1.21809469607565,0.747150929658905));
#4466=CARTESIAN_POINT('Ctrl Pts',(-19.7377949759878,1.0245027743008,0.649927023783788));
#4467=CARTESIAN_POINT('Ctrl Pts',(-19.6945702476653,0.949324802678775,0.597729002014202));
#4468=CARTESIAN_POINT('Ctrl Pts',(-19.6214188259185,0.835697627973388,0.481349629443001));
#4469=CARTESIAN_POINT('Ctrl Pts',(-19.5914029367816,0.793775674124455,0.423457631479113));
#4470=CARTESIAN_POINT('Ctrl Pts',(-19.5370396379037,0.721651042682579,0.281823787946533));
#4471=CARTESIAN_POINT('Ctrl Pts',(-19.5156931084552,0.695972074980309,0.197746479272946));
#4472=CARTESIAN_POINT('Ctrl Pts',(-19.5037415094152,0.681592724154303,0.0887913981211697));
#4473=CARTESIAN_POINT('Ctrl Pts',(-19.5021380087638,0.679676275388447,0.068460937552722));
#4474=CARTESIAN_POINT('Ctrl Pts',(-19.5006397835541,0.677887123079963,0.0373500599078312));
#4475=CARTESIAN_POINT('Ctrl Pts',(-19.5002968129453,0.677478212418278,0.026614191639708));
#4476=CARTESIAN_POINT('Ctrl Pts',(-19.4999884042278,0.677110504360755,0.00722246083917098));
#4477=CARTESIAN_POINT('Ctrl Pts',(-19.4999638061259,0.677081194112864,-0.0014331394156183));
#4478=CARTESIAN_POINT('Ctrl Pts',(-19.5001511303483,0.677304509912003,-0.0200515341109055));
#4479=CARTESIAN_POINT('Ctrl Pts',(-19.5004010498428,0.677602416205283,-0.0300054269988812));
#4480=CARTESIAN_POINT('Ctrl Pts',(-19.5014736557912,0.678882586466487,-0.0568552306459216));
#4481=CARTESIAN_POINT('Ctrl Pts',(-19.5025777422676,0.680201126012814,-0.0736886415840043));
#4482=CARTESIAN_POINT('Ctrl Pts',(-19.5091650219649,0.688103467282729,-0.146267887993327));
#4483=CARTESIAN_POINT('Ctrl Pts',(-19.5188506167305,0.699747135187091,-0.200518502698964));
#4484=CARTESIAN_POINT('Ctrl Pts',(-19.5512068035893,0.740335644753208,-0.324623104909526));
#4485=CARTESIAN_POINT('Ctrl Pts',(-19.5770336969107,0.773760398564358,-0.390462266970876));
#4486=CARTESIAN_POINT('Ctrl Pts',(-19.6424401338777,0.866812846850379,-0.520538997539429));
#4487=CARTESIAN_POINT('Ctrl Pts',(-19.682600237533,0.929039759882943,-0.579463840600022));
#4488=CARTESIAN_POINT('Ctrl Pts',(-19.7782998987493,1.10120293028717,-0.697997193036222));
#4489=CARTESIAN_POINT('Ctrl Pts',(-19.8348277039488,1.22308996319829,-0.748976246777304));
#4490=CARTESIAN_POINT('Ctrl Pts',(-19.9417931392794,1.55178135549488,-0.833336912689306));
#4491=CARTESIAN_POINT('Ctrl Pts',(-19.9817073170732,1.76921699368353,-0.855203306135184));
#4492=CARTESIAN_POINT('Ctrl Pts',(-19.9817073170732,2.,-0.855203306135184));
#4493=CARTESIAN_POINT('',(-19.8859895945179,2.,-2.13246754880969));
#4494=CARTESIAN_POINT('Origin',(0.,2.,0.));
#4495=CARTESIAN_POINT('',(-19.6310667169424,2.,-3.82377033240188));
#4496=CARTESIAN_POINT('Ctrl Pts',(-19.8859895945179,2.,-2.13246754880969));
#4497=CARTESIAN_POINT('Ctrl Pts',(-19.8859895945179,1.81988909074502,-2.13246754880969));
#4498=CARTESIAN_POINT('Ctrl Pts',(-19.8600464886125,1.64721366632611,-2.1424006767442));
#4499=CARTESIAN_POINT('Ctrl Pts',(-19.7757240175041,1.3464161568659,-2.18545663321727));
#4500=CARTESIAN_POINT('Ctrl Pts',(-19.7208009381303,1.21809469607546,-2.21684222905734));
#4501=CARTESIAN_POINT('Ctrl Pts',(-19.6142067104422,1.02450277430092,-2.29909781662787));
#4502=CARTESIAN_POINT('Ctrl Pts',(-19.5636850551672,0.949324802678848,-2.34427051815756));
#4503=CARTESIAN_POINT('Ctrl Pts',(-19.4740052289375,0.835697627973381,-2.44844737562159));
#4504=CARTESIAN_POINT('Ctrl Pts',(-19.4356962379124,0.793775674124476,-2.5012191316618));
#4505=CARTESIAN_POINT('Ctrl Pts',(-19.3608307031593,0.721651042682593,-2.63316861292196));
#4506=CARTESIAN_POINT('Ctrl Pts',(-19.327191524189,0.695972074980323,-2.71312531240044));
#4507=CARTESIAN_POINT('Ctrl Pts',(-19.2991345024293,0.681592724154319,-2.81908216191175));
#4508=CARTESIAN_POINT('Ctrl Pts',(-19.2945188136398,0.679676275388452,-2.83894655866234));
#4509=CARTESIAN_POINT('Ctrl Pts',(-19.2884004866609,0.677887123079959,-2.86948665462817));
#4510=CARTESIAN_POINT('Ctrl Pts',(-19.2864612486144,0.677478212418279,-2.88005149500117));
#4511=CARTESIAN_POINT('Ctrl Pts',(-19.2832660970638,0.677110504360754,-2.89918067025652));
#4512=CARTESIAN_POINT('Ctrl Pts',(-19.2819517234253,0.677081194112868,-2.90773592845103));
#4513=CARTESIAN_POINT('Ctrl Pts',(-19.279362027653,0.677304509912006,-2.92617429028702));
#4514=CARTESIAN_POINT('Ctrl Pts',(-19.2781256049999,0.677602416205275,-2.93605425498333));
#4515=CARTESIAN_POINT('Ctrl Pts',(-19.2751844752441,0.678882586466488,-2.96276403212908));
#4516=CARTESIAN_POINT('Ctrl Pts',(-19.2737673402731,0.680201126012823,-2.97957398332571));
#4517=CARTESIAN_POINT('Ctrl Pts',(-19.2694636701365,0.688103467282729,-3.05232436261338));
#4518=CARTESIAN_POINT('Ctrl Pts',(-19.2709554502539,0.699747135187094,-3.10741260576911));
#4519=CARTESIAN_POINT('Ctrl Pts',(-19.2844534140826,0.740335644753214,-3.2349535015256));
#4520=CARTESIAN_POINT('Ctrl Pts',(-19.3001790244277,0.773760398564374,-3.30390659325361));
#4521=CARTESIAN_POINT('Ctrl Pts',(-19.3454679948335,0.866812846850393,-3.44227879780244));
#4522=CARTESIAN_POINT('Ctrl Pts',(-19.3763972511685,0.929039759882955,-3.50653105190989));
#4523=CARTESIAN_POINT('Ctrl Pts',(-19.4533615467739,1.10120293028716,-3.63800377911457));
#4524=CARTESIAN_POINT('Ctrl Pts',(-19.5016599493969,1.22308996319827,-3.69683847113443));
#4525=CARTESIAN_POINT('Ctrl Pts',(-19.5948573643688,1.5517813554949,-3.79619926899331));
#4526=CARTESIAN_POINT('Ctrl Pts',(-19.6310667169424,1.76921699368356,-3.8237703324019));
#4527=CARTESIAN_POINT('Ctrl Pts',(-19.6310667169424,2.,-3.8237703324019));
#4528=CARTESIAN_POINT('',(-19.3460517250297,2.,-5.07250260251053));
#4529=CARTESIAN_POINT('Origin',(0.,2.,0.));
#4530=CARTESIAN_POINT('',(-18.8419005257164,2.,-6.70692064803285));
#4531=CARTESIAN_POINT('Ctrl Pts',(-19.3460517250297,2.,-5.07250260251053));
#4532=CARTESIAN_POINT('Ctrl Pts',(-19.3460517250297,1.81988909074476,-5.07250260251053));
#4533=CARTESIAN_POINT('Ctrl Pts',(-19.3189179262848,1.64721366632586,-5.07845816631725));
#4534=CARTESIAN_POINT('Ctrl Pts',(-19.2291201101844,1.34641615686622,-5.10846561114682));
#4535=CARTESIAN_POINT('Ctrl Pts',(-19.170132695899,1.21809469607569,-5.1313147955976));
#4536=CARTESIAN_POINT('Ctrl Pts',(-19.052469478486,1.02450277430077,-5.1967646109608));
#4537=CARTESIAN_POINT('Ctrl Pts',(-18.9957794665529,0.949324802678752,-5.2339029087441));
#4538=CARTESIAN_POINT('Ctrl Pts',(-18.8915745349669,0.835697627973337,-5.32355011225221));
#4539=CARTESIAN_POINT('Ctrl Pts',(-18.8458282016095,0.793775674124434,-5.37002279254151));
#4540=CARTESIAN_POINT('Ctrl Pts',(-18.7521328033159,0.72165104268255,-5.48934037815789));
#4541=CARTESIAN_POINT('Ctrl Pts',(-18.7069524184949,0.695972074980304,-5.5633903678994));
#4542=CARTESIAN_POINT('Ctrl Pts',(-18.6634167215189,0.681592724154308,-5.66398208484064));
#4543=CARTESIAN_POINT('Ctrl Pts',(-18.6558919514516,0.679676275388446,-5.68293667997482));
#4544=CARTESIAN_POINT('Ctrl Pts',(-18.645290196018,0.677887123079963,-5.71222377898339));
#4545=CARTESIAN_POINT('Ctrl Pts',(-18.6417980099072,0.677478212418275,-5.72238159038533));
#4546=CARTESIAN_POINT('Ctrl Pts',(-18.6357874899294,0.677110504360751,-5.74082089593017));
#4547=CARTESIAN_POINT('Ctrl Pts',(-18.6332127016895,0.677081194112861,-5.74908470173359));
#4548=CARTESIAN_POINT('Ctrl Pts',(-18.6279038354466,0.677304509911999,-5.76693114817561));
#4549=CARTESIAN_POINT('Ctrl Pts',(-18.6252086902849,0.677602416205275,-5.77651648259521));
#4550=CARTESIAN_POINT('Ctrl Pts',(-18.6183195248036,0.678882586466483,-5.80248958095449));
#4551=CARTESIAN_POINT('Ctrl Pts',(-18.6144128248387,0.680201126012813,-5.81890056587748));
#4552=CARTESIAN_POINT('Ctrl Pts',(-18.5993143417476,0.688103467282732,-5.89019695478677));
#4553=CARTESIAN_POINT('Ctrl Pts',(-18.592578983314,0.699747135187108,-5.94489224607107));
#4554=CARTESIAN_POINT('Ctrl Pts',(-18.5869172019054,0.740335644753231,-6.07302038251725));
#4555=CARTESIAN_POINT('Ctrl Pts',(-18.5921902451248,0.773760398564417,-6.14354710578427));
#4556=CARTESIAN_POINT('Ctrl Pts',(-18.6163500682083,0.866812846850423,-6.28712377791693));
#4557=CARTESIAN_POINT('Ctrl Pts',(-18.6373575687455,0.929039759882987,-6.35526815388811));
#4558=CARTESIAN_POINT('Ctrl Pts',(-18.6938672435559,1.10120293028721,-6.49674337238769));
#4559=CARTESIAN_POINT('Ctrl Pts',(-18.7328573370985,1.22308996319834,-6.56211943288799));
#4560=CARTESIAN_POINT('Ctrl Pts',(-18.8102048554652,1.55178135549513,-6.67426080665839));
#4561=CARTESIAN_POINT('Ctrl Pts',(-18.8419005257164,1.76921699368383,-6.70692064803287));
#4562=CARTESIAN_POINT('Ctrl Pts',(-18.8419005257164,2.,-6.70692064803287));
#4563=CARTESIAN_POINT('',(-18.3739550283925,2.,-7.89922633012952));
#4564=CARTESIAN_POINT('Origin',(0.,2.,0.));
#4565=CARTESIAN_POINT('',(-17.6318374120492,2.,-9.44024943923952));
#4566=CARTESIAN_POINT('Ctrl Pts',(-18.3739550283925,2.,-7.89922633012952));
#4567=CARTESIAN_POINT('Ctrl Pts',(-18.3739550283925,1.81988909074475,-7.89922633012952));
#4568=CARTESIAN_POINT('Ctrl Pts',(-18.3462366610348,1.64721366632585,-7.90107129235424));
#4569=CARTESIAN_POINT('Ctrl Pts',(-18.2529694347674,1.34641615686599,-7.9173599088087));
#4570=CARTESIAN_POINT('Ctrl Pts',(-18.1912353669319,1.21809469607552,-7.93116226884682));
#4571=CARTESIAN_POINT('Ctrl Pts',(-18.0651315616386,1.02450277430082,-7.97834427127982));
#4572=CARTESIAN_POINT('Ctrl Pts',(-18.0035395542366,0.949324802678788,-8.0066185571134));
#4573=CARTESIAN_POINT('Ctrl Pts',(-17.8871372832725,0.835697627973395,-8.07973353627678));
#4574=CARTESIAN_POINT('Ctrl Pts',(-17.8349755050763,0.793775674124463,-8.11886901793129));
#4575=CARTESIAN_POINT('Ctrl Pts',(-17.7245432436132,0.721651042682567,-8.22288935020758));
#4576=CARTESIAN_POINT('Ctrl Pts',(-17.6688309080801,0.695972074980312,-8.2893784758052));
#4577=CARTESIAN_POINT('Ctrl Pts',(-17.6107890514174,0.681592724154294,-8.38235800744289));
#4578=CARTESIAN_POINT('Ctrl Pts',(-17.6005232910015,0.679676275388448,-8.39997938662685));
#4579=CARTESIAN_POINT('Ctrl Pts',(-17.5856749328107,0.677887123079976,-8.4273592632818));
#4580=CARTESIAN_POINT('Ctrl Pts',(-17.5807078083027,0.67747821241828,-8.4368831369912));
#4581=CARTESIAN_POINT('Ctrl Pts',(-17.5720161849818,0.677110504360752,-8.4542206692099));
#4582=CARTESIAN_POINT('Ctrl Pts',(-17.568238498655,0.677081194112868,-8.462008422856));
#4583=CARTESIAN_POINT('Ctrl Pts',(-17.5603290532409,0.677304509912006,-8.47886429378072));
#4584=CARTESIAN_POINT('Ctrl Pts',(-17.5562353906599,0.677602416205278,-8.48794087739189));
#4585=CARTESIAN_POINT('Ctrl Pts',(-17.5455520820259,0.678882586466487,-8.51259710086676));
#4586=CARTESIAN_POINT('Ctrl Pts',(-17.5392430862887,0.680201126012812,-8.52824252523127));
#4587=CARTESIAN_POINT('Ctrl Pts',(-17.5136870654057,0.688103467282732,-8.59649228024758));
#4588=CARTESIAN_POINT('Ctrl Pts',(-17.4988750251987,0.699747135187092,-8.6495728172344));
#4589=CARTESIAN_POINT('Ctrl Pts',(-17.4741799733937,0.740335644753232,-8.77542602352748));
#4590=CARTESIAN_POINT('Ctrl Pts',(-17.4688826584154,0.773760398564412,-8.84595092787762));
#4591=CARTESIAN_POINT('Ctrl Pts',(-17.4713736436518,0.866812846850416,-8.99152480199198));
#4592=CARTESIAN_POINT('Ctrl Pts',(-17.481990115543,0.929039759883,-9.06203906707294));
#4593=CARTESIAN_POINT('Ctrl Pts',(-17.5167828368025,1.10120293028693,-9.21035645426663));
#4594=CARTESIAN_POINT('Ctrl Pts',(-17.5455936470042,1.22308996319793,-9.2808134900866));
#4595=CARTESIAN_POINT('Ctrl Pts',(-17.6053634530184,1.55178135549517,-9.40323038678665));
#4596=CARTESIAN_POINT('Ctrl Pts',(-17.6318374120492,1.76921699368387,-9.44024943923954));
#4597=CARTESIAN_POINT('Ctrl Pts',(-17.6318374120492,2.,-9.44024943923954));
#4598=CARTESIAN_POINT('',(-16.9914145384677,2.,-10.549494394612));
#4599=CARTESIAN_POINT('Origin',(0.,2.,0.));
#4600=CARTESIAN_POINT('',(-16.0279081863311,2.,-11.9626986575162));
#4601=CARTESIAN_POINT('Ctrl Pts',(-16.9914145384677,2.,-10.549494394612));
#4602=CARTESIAN_POINT('Ctrl Pts',(-16.9914145384677,1.81988909074501,-10.549494394612));
#4603=CARTESIAN_POINT('Ctrl Pts',(-16.9637307850208,1.64721366632606,-10.5471875418473));
#4604=CARTESIAN_POINT('Ctrl Pts',(-16.8690775843017,1.34641615686576,-10.5493934691512));
#4605=CARTESIAN_POINT('Ctrl Pts',(-16.805975899979,1.21809469607534,-10.5538406828611));
#4606=CARTESIAN_POINT('Ctrl Pts',(-16.6742484574355,1.02450277430078,-10.5817009043955));
#4607=CARTESIAN_POINT('Ctrl Pts',(-16.6091303182321,0.949324802678771,-10.6004795774557));
#4608=CARTESIAN_POINT('Ctrl Pts',(-16.4831309422743,0.835697627973413,-10.6554290644587));
#4609=CARTESIAN_POINT('Ctrl Pts',(-16.4257189271695,0.79377567412446,-10.6863531254877));
#4610=CARTESIAN_POINT('Ctrl Pts',(-16.3010166767742,0.72165104268255,-10.7727525620893));
#4611=CARTESIAN_POINT('Ctrl Pts',(-16.2360169120429,0.695972074980308,-10.8301955663472));
#4612=CARTESIAN_POINT('Ctrl Pts',(-16.1647654548604,0.681592724154322,-10.9134859035882));
#4613=CARTESIAN_POINT('Ctrl Pts',(-16.1519880242196,0.679676275388447,-10.9293804343296));
#4614=CARTESIAN_POINT('Ctrl Pts',(-16.1332247510572,0.677887123079948,-10.9542414674309));
#4615=CARTESIAN_POINT('Ctrl Pts',(-16.1268936455057,0.677478212418276,-10.9629186558466));
#4616=CARTESIAN_POINT('Ctrl Pts',(-16.1157150753443,0.677110504360751,-10.9787671229185));
#4617=CARTESIAN_POINT('Ctrl Pts',(-16.1108188782008,0.677081194112868,-10.9859048588598));
#4618=CARTESIAN_POINT('Ctrl Pts',(-16.100485537556,0.677304509912005,-11.0013936219642));
#4619=CARTESIAN_POINT('Ctrl Pts',(-16.0950848032132,0.677602416205271,-11.0097586988877));
#4620=CARTESIAN_POINT('Ctrl Pts',(-16.0808459988878,0.678882586466487,-11.032547268189));
#4621=CARTESIAN_POINT('Ctrl Pts',(-16.0722756399178,0.680201126012812,-11.047077639068));
#4622=CARTESIAN_POINT('Ctrl Pts',(-16.0368329605194,0.688103467282734,-11.1107561734436));
#4623=CARTESIAN_POINT('Ctrl Pts',(-16.0142751150411,0.699747135187099,-11.1610362246496));
#4624=CARTESIAN_POINT('Ctrl Pts',(-15.9710984394896,0.740335644753225,-11.2818031481271));
#4625=CARTESIAN_POINT('Ctrl Pts',(-15.9553490995766,0.773760398564391,-11.3507508237361));
#4626=CARTESIAN_POINT('Ctrl Pts',(-15.936115602472,0.866812846850395,-11.495070020038));
#4627=CARTESIAN_POINT('Ctrl Pts',(-15.9361038912783,0.929039759882963,-11.5663790020681));
#4628=CARTESIAN_POINT('Ctrl Pts',(-15.9484024470873,1.10120293028715,-11.7182253926136));
#4629=CARTESIAN_POINT('Ctrl Pts',(-15.9663903880566,1.22308996319826,-11.7921895099996));
#4630=CARTESIAN_POINT('Ctrl Pts',(-16.0072473230185,1.55178135549485,-11.9221473384444));
#4631=CARTESIAN_POINT('Ctrl Pts',(-16.0279081863311,1.7692169936835,-11.9626986575162));
#4632=CARTESIAN_POINT('Ctrl Pts',(-16.0279081863311,2.,-11.9626986575162));
#4633=CARTESIAN_POINT('',(-15.2293139252208,2.,-12.9641041868336));
#4634=CARTESIAN_POINT('Origin',(0.,2.,0.));
#4635=CARTESIAN_POINT('',(-14.0659419770514,2.,-14.2179209555484));
#4636=CARTESIAN_POINT('Ctrl Pts',(-15.2293139252208,2.,-12.9641041868336));
#4637=CARTESIAN_POINT('Ctrl Pts',(-15.2293139252208,1.81988909074482,-12.9641041868336));
#4638=CARTESIAN_POINT('Ctrl Pts',(-15.2022831949907,1.64721366632595,-12.9576970503583));
#4639=CARTESIAN_POINT('Ctrl Pts',(-15.1083584159147,1.34641615686652,-12.9457710117408));
#4640=CARTESIAN_POINT('Ctrl Pts',(-15.0452987024603,1.21809469607592,-12.9407637357169));
#4641=CARTESIAN_POINT('Ctrl Pts',(-14.9108901960595,1.02450277430086,-12.9486798250414));
#4642=CARTESIAN_POINT('Ctrl Pts',(-14.8437005566801,0.949324802678846,-12.9575434008028));
#4643=CARTESIAN_POINT('Ctrl Pts',(-14.7109186935797,0.835697627973428,-12.9930999149071));
#4644=CARTESIAN_POINT('Ctrl Pts',(-14.6495389311132,0.793775674124494,-13.0151217628877));
#4645=CARTESIAN_POINT('Ctrl Pts',(-14.5133523339953,0.721651042682607,-13.0819702831716));
#4646=CARTESIAN_POINT('Ctrl Pts',(-14.4405171274011,0.695972074980327,-13.1290839842963));
#4647=CARTESIAN_POINT('Ctrl Pts',(-14.3576477095123,0.681592724154295,-13.2008245586403));
#4648=CARTESIAN_POINT('Ctrl Pts',(-14.3426440353334,0.679676275388449,-13.2146371833871));
#4649=CARTESIAN_POINT('Ctrl Pts',(-14.320384987717,0.677887123079976,-13.2364240185361));
#4650=CARTESIAN_POINT('Ctrl Pts',(-14.3128313275579,0.67747821241828,-13.2440606876079));
#4651=CARTESIAN_POINT('Ctrl Pts',(-14.2994155213413,0.677110504360751,-13.2580660609677));
#4652=CARTESIAN_POINT('Ctrl Pts',(-14.2935101863344,0.677081194112867,-13.2643943339779));
#4653=CARTESIAN_POINT('Ctrl Pts',(-14.2809837802135,0.677304509912005,-13.2781699958889));
#4654=CARTESIAN_POINT('Ctrl Pts',(-14.2743966175897,0.677602416205283,-13.2856367041291));
#4655=CARTESIAN_POINT('Ctrl Pts',(-14.2569203889326,0.678882586466487,-13.3060485602754));
#4656=CARTESIAN_POINT('Ctrl Pts',(-14.2462801143871,0.680201126012811,-13.3191392931942));
#4657=CARTESIAN_POINT('Ctrl Pts',(-14.2017425073638,0.688103467282728,-13.3768241336967));
#4658=CARTESIAN_POINT('Ctrl Pts',(-14.1719427616064,0.699747135187087,-13.4231805258633));
#4659=CARTESIAN_POINT('Ctrl Pts',(-14.111248957893,0.740335644753215,-13.536163433016));
#4660=CARTESIAN_POINT('Ctrl Pts',(-14.085399407274,0.773760398564378,-13.6019937027433));
#4661=CARTESIAN_POINT('Ctrl Pts',(-14.0448710723713,0.866812846850393,-13.7418343688678));
#4662=CARTESIAN_POINT('Ctrl Pts',(-14.0342314397015,0.929039759882965,-13.8123451430231));
#4663=CARTESIAN_POINT('Ctrl Pts',(-14.0237611006459,1.10120293028696,-13.9643285394737));
#4664=CARTESIAN_POINT('Ctrl Pts',(-14.0305243515057,1.22308996319797,-14.0401475022655));
#4665=CARTESIAN_POINT('Ctrl Pts',(-14.0515557390024,1.55178135549505,-14.174743219317));
#4666=CARTESIAN_POINT('Ctrl Pts',(-14.0659419770514,1.76921699368372,-14.2179209555484));
#4667=CARTESIAN_POINT('Ctrl Pts',(-14.0659419770514,2.,-14.2179209555484));
#4668=CARTESIAN_POINT('',(-13.1270156045682,2.,-15.0891173140586));
#4669=CARTESIAN_POINT('Origin',(0.,2.,0.));
#4670=CARTESIAN_POINT('',(-11.7897658672738,2.,-16.1555383938408));
#4671=CARTESIAN_POINT('Ctrl Pts',(-13.1270156045682,2.,-15.0891173140586));
#4672=CARTESIAN_POINT('Ctrl Pts',(-13.1270156045682,1.81988909074509,-15.0891173140586));
#4673=CARTESIAN_POINT('Ctrl Pts',(-13.1012417194014,1.64721366632626,-15.0787530187141));
#4674=CARTESIAN_POINT('Ctrl Pts',(-13.0101434863265,1.3464161568661,-15.0529614221708));
#4675=CARTESIAN_POINT('Ctrl Pts',(-12.9485343935357,1.21809469607562,-15.0386115106853));
#4676=CARTESIAN_POINT('Ctrl Pts',(-12.8144472872079,1.024502774301,-15.0264066354451));
#4677=CARTESIAN_POINT('Ctrl Pts',(-12.7466870531687,0.94932480267895,-15.025157116272));
#4678=CARTESIAN_POINT('Ctrl Pts',(-12.6100888303321,0.835697627973538,-15.0405263837078));
#4679=CARTESIAN_POINT('Ctrl Pts',(-12.5461124429704,0.793775674124561,-15.0531540869461));
#4680=CARTESIAN_POINT('Ctrl Pts',(-12.4014836826678,0.721651042682641,-15.0989584054331));
#4681=CARTESIAN_POINT('Ctrl Pts',(-12.3224400523694,0.695972074980351,-15.1346903611945));
#4682=CARTESIAN_POINT('Ctrl Pts',(-12.2298038396328,0.68159272415433,-15.193278606758));
#4683=CARTESIAN_POINT('Ctrl Pts',(-12.2129090792038,0.679676275388457,-15.2047007742982));
#4684=CARTESIAN_POINT('Ctrl Pts',(-12.1876514874747,0.677887123079972,-15.2229267295998));
#4685=CARTESIAN_POINT('Ctrl Pts',(-12.1790440089941,0.677478212418279,-15.2293522887596));
#4686=CARTESIAN_POINT('Ctrl Pts',(-12.1636906536643,0.677110504360749,-15.2412017115094));
#4687=CARTESIAN_POINT('Ctrl Pts',(-12.1569080962198,0.677081194112867,-15.2465791584268));
#4688=CARTESIAN_POINT('Ctrl Pts',(-12.1424684438364,0.677304509912006,-15.2583339936208));
#4689=CARTESIAN_POINT('Ctrl Pts',(-12.1348419992594,0.677602416205293,-15.2647355392541));
#4690=CARTESIAN_POINT('Ctrl Pts',(-12.1145187363405,0.678882586466489,-15.2823147151086));
#4691=CARTESIAN_POINT('Ctrl Pts',(-12.1020462323702,0.680201126012812,-15.2936733847256));
#4692=CARTESIAN_POINT('Ctrl Pts',(-12.0494085942668,0.688103467282728,-15.3440759473396));
#4693=CARTESIAN_POINT('Ctrl Pts',(-12.013032625308,0.699747135187082,-15.3854731552673));
#4694=CARTESIAN_POINT('Ctrl Pts',(-11.9361774927141,0.740335644753208,-15.4881481946481));
#4695=CARTESIAN_POINT('Ctrl Pts',(-11.9008051676348,0.773760398564376,-15.5493905190493));
#4696=CARTESIAN_POINT('Ctrl Pts',(-11.8398873309646,0.866812846850365,-15.6816288455948));
#4697=CARTESIAN_POINT('Ctrl Pts',(-11.8188574486311,0.929039759882916,-15.7497663176961));
#4698=CARTESIAN_POINT('Ctrl Pts',(-11.7858521047837,1.10120293028703,-15.8984916621206));
#4699=CARTESIAN_POINT('Ctrl Pts',(-11.7812395856858,1.22308996319808,-15.9744717999763));
#4700=CARTESIAN_POINT('Ctrl Pts',(-11.7819756192738,1.55178135549489,-16.1106987597279));
#4701=CARTESIAN_POINT('Ctrl Pts',(-11.7897658672738,1.76921699368353,-16.1555383938409));
#4702=CARTESIAN_POINT('Ctrl Pts',(-11.7897658672738,2.,-16.1555383938409));
#4703=CARTESIAN_POINT('',(-10.7314814470499,2.,-16.8770644945033));
#4704=CARTESIAN_POINT('Origin',(0.,2.,0.));
#4705=CARTESIAN_POINT('',(-9.25022587002293,2.,-17.7322678006384));
#4706=CARTESIAN_POINT('Ctrl Pts',(-10.7314814470499,2.,-16.8770644945033));
#4707=CARTESIAN_POINT('Ctrl Pts',(-10.7314814470499,1.81988909074481,-16.8770644945033));
#4708=CARTESIAN_POINT('Ctrl Pts',(-10.7075401529507,1.64721366632597,-16.8629745615211));
#4709=CARTESIAN_POINT('Ctrl Pts',(-10.6213034498689,1.34641615686625,-16.8238935486994));
#4710=CARTESIAN_POINT('Ctrl Pts',(-10.5625212230689,1.21809469607572,-16.8005215550624));
#4711=CARTESIAN_POINT('Ctrl Pts',(-10.4317508011966,1.02450277430083,-16.7684683520025));
#4712=CARTESIAN_POINT('Ctrl Pts',(-10.3649336241555,0.949324802678824,-16.7571336500883));
#4713=CARTESIAN_POINT('Ctrl Pts',(-10.227570420159,0.835697627973431,-16.7519723468182));
#4714=CARTESIAN_POINT('Ctrl Pts',(-10.162426534678,0.793775674124491,-16.7549238232905));
#4715=CARTESIAN_POINT('Ctrl Pts',(-10.0125863787042,0.721651042682578,-16.7786607471949));
#4716=CARTESIAN_POINT('Ctrl Pts',(-9.92910002878675,0.695972074980325,-16.8022127647467));
#4717=CARTESIAN_POINT('Ctrl Pts',(-9.82876636111801,0.681592724154313,-16.8463399169381));
#4718=CARTESIAN_POINT('Ctrl Pts',(-9.81035791546937,0.679676275388451,-16.8551164749233));
#4719=CARTESIAN_POINT('Ctrl Pts',(-9.78266599249009,0.677887123079971,-16.8693744126534));
#4720=CARTESIAN_POINT('Ctrl Pts',(-9.77319697253375,0.677478212418277,-16.8744453255276));
#4721=CARTESIAN_POINT('Ctrl Pts',(-9.75624903667802,0.677110504360746,-16.8838741011439));
#4722=CARTESIAN_POINT('Ctrl Pts',(-9.74874076792157,0.677081194112869,-16.8881805986901));
#4723=CARTESIAN_POINT('Ctrl Pts',(-9.7327104272492,0.677304509912005,-16.897652023573));
#4724=CARTESIAN_POINT('Ctrl Pts',(-9.72421506288897,0.677602416205272,-16.902845406648));
#4725=CARTESIAN_POINT('Ctrl Pts',(-9.70149875381804,0.678882586466486,-16.9171992124712));
#4726=CARTESIAN_POINT('Ctrl Pts',(-9.68747263555155,0.680201126012809,-16.9265720848768));
#4727=CARTESIAN_POINT('Ctrl Pts',(-9.6279108042221,0.688103467282735,-16.9685664596412));
#4728=CARTESIAN_POINT('Ctrl Pts',(-9.58577119109891,0.699747135187103,-17.0040797381117));
#4729=CARTESIAN_POINT('Ctrl Pts',(-9.49447154628738,0.740335644753234,-17.0941533190064));
#4730=CARTESIAN_POINT('Ctrl Pts',(-9.45036660603908,0.773760398564411,-17.1494396457542));
#4731=CARTESIAN_POINT('Ctrl Pts',(-9.37042007140899,0.866812846850435,-17.271121647023));
#4732=CARTESIAN_POINT('Ctrl Pts',(-9.33946971223221,0.92903975988304,-17.3353637385374));
#4733=CARTESIAN_POINT('Ctrl Pts',(-9.28466664843497,1.10120293028698,-17.4775087525022));
#4734=CARTESIAN_POINT('Ctrl Pts',(-9.26878139543398,1.223089963198,-17.5519527946957));
#4735=CARTESIAN_POINT('Ctrl Pts',(-9.24920563333928,1.55178135549516,-17.686767911975));
#4736=CARTESIAN_POINT('Ctrl Pts',(-9.25022587002291,1.76921699368387,-17.7322678006384));
#4737=CARTESIAN_POINT('Ctrl Pts',(-9.25022587002291,2.,-17.7322678006384));
#4738=CARTESIAN_POINT('',(-8.09622372724378,2.,-18.2880059426504));
#4739=CARTESIAN_POINT('Origin',(0.,2.,0.));
#4740=CARTESIAN_POINT('',(-6.50405111237386,2.,-18.9128876464602));
#4741=CARTESIAN_POINT('Ctrl Pts',(-8.09622372724378,2.,-18.2880059426504));
#4742=CARTESIAN_POINT('Ctrl Pts',(-8.09622372724378,1.81988909074511,-18.2880059426504));
#4743=CARTESIAN_POINT('Ctrl Pts',(-8.07464983316078,1.64721366632618,-18.2705051178505));
#4744=CARTESIAN_POINT('Ctrl Pts',(-7.99520104551664,1.34641615686584,-18.2190076939973));
#4745=CARTESIAN_POINT('Ctrl Pts',(-7.94055878251929,1.21809469607541,-18.1871357099255));
#4746=CARTESIAN_POINT('Ctrl Pts',(-7.81602624023591,1.02450277430082,-18.1359501946361));
#4747=CARTESIAN_POINT('Ctrl Pts',(-7.75164470551612,0.949324802678792,-18.1147835084915));
#4748=CARTESIAN_POINT('Ctrl Pts',(-7.61658498735105,0.835697627973385,-18.0892069295017));
#4749=CARTESIAN_POINT('Ctrl Pts',(-7.55172881050539,0.793775674124463,-18.0824162481007));
#4750=CARTESIAN_POINT('Ctrl Pts',(-7.40002444034132,0.721651042682576,-18.0835555337667));
#4751=CARTESIAN_POINT('Ctrl Pts',(-7.31396031790502,0.695972074980316,-18.0944014999552));
#4752=CARTESIAN_POINT('Ctrl Pts',(-7.2081704836434,0.681592724154309,-18.1230818311125));
#4753=CARTESIAN_POINT('Ctrl Pts',(-7.18865956703183,0.679676275388451,-18.1290167257401));
#4754=CARTESIAN_POINT('Ctrl Pts',(-7.15915190460213,0.67788712307997,-18.1389881471305));
#4755=CARTESIAN_POINT('Ctrl Pts',(-7.14903286542884,0.677478212418281,-18.1425911379048));
#4756=CARTESIAN_POINT('Ctrl Pts',(-7.13086893792883,0.677110504360753,-18.1493886431207));
#4757=CARTESIAN_POINT('Ctrl Pts',(-7.12280268017725,0.677081194112869,-18.152527991257));
#4758=CARTESIAN_POINT('Ctrl Pts',(-7.10553974253689,0.677304509912007,-18.1595044298481));
#4759=CARTESIAN_POINT('Ctrl Pts',(-7.09636523079475,0.67760241620529,-18.1633736387689));
#4760=CARTESIAN_POINT('Ctrl Pts',(-7.07176332037948,0.678882586466489,-18.1741814342574));
#4761=CARTESIAN_POINT('Ctrl Pts',(-7.05649690812141,0.680201126012806,-18.1813591349702));
#4762=CARTESIAN_POINT('Ctrl Pts',(-6.99134139645488,0.688103467282732,-18.2140072369463));
#4763=CARTESIAN_POINT('Ctrl Pts',(-6.94437946849086,0.699747135187087,-18.2428432780026));
#4764=CARTESIAN_POINT('Ctrl Pts',(-6.84067479465865,0.740335644753229,-18.318303305456));
#4765=CARTESIAN_POINT('Ctrl Pts',(-6.78882247072525,0.773760398564405,-18.3663986293688));
#4766=CARTESIAN_POINT('Ctrl Pts',(-6.69163311161122,0.866812846850411,-18.4748061305259));
#4767=CARTESIAN_POINT('Ctrl Pts',(-6.65145365547125,0.929039759882986,-18.5337177792859));
#4768=CARTESIAN_POINT('Ctrl Pts',(-6.57607708160988,1.10120293028723,-18.6661071780669));
#4769=CARTESIAN_POINT('Ctrl Pts',(-6.54927394500836,1.22308996319837,-18.7373521677105));
#4770=CARTESIAN_POINT('Ctrl Pts',(-6.50982367740821,1.55178135549494,-18.8677438955726));
#4771=CARTESIAN_POINT('Ctrl Pts',(-6.50405111237384,1.7692169936836,-18.9128876464603));
#4772=CARTESIAN_POINT('Ctrl Pts',(-6.50405111237384,2.,-18.9128876464603));
#4773=CARTESIAN_POINT('',(-5.28010974797799,2.,-19.2904235580587));
#4774=CARTESIAN_POINT('Origin',(0.,2.,0.));
#4775=CARTESIAN_POINT('',(-3.61258660049529,2.,-19.6710248348662));
#4776=CARTESIAN_POINT('Ctrl Pts',(-5.28010974797799,2.,-19.2904235580588));
#4777=CARTESIAN_POINT('Ctrl Pts',(-5.28010974797799,1.81988909074502,-19.2904235580588));
#4778=CARTESIAN_POINT('Ctrl Pts',(-5.26138517905511,1.64721366632611,-19.2699027809479));
#4779=CARTESIAN_POINT('Ctrl Pts',(-5.19049906147968,1.34641615686569,-19.2071393134152));
#4780=CARTESIAN_POINT('Ctrl Pts',(-5.14121738014675,1.21809469607531,-19.1674793063659));
#4781=CARTESIAN_POINT('Ctrl Pts',(-5.02570456866301,1.0245027743009,-19.098304878677));
#4782=CARTESIAN_POINT('Ctrl Pts',(-4.96519685336282,0.949324802678843,-19.0677790370937));
#4783=CARTESIAN_POINT('Ctrl Pts',(-4.8354576319536,0.835697627973413,-19.0223585208947));
#4784=CARTESIAN_POINT('Ctrl Pts',(-4.77233794356237,0.793775674124483,-19.0059773742218));
#4785=CARTESIAN_POINT('Ctrl Pts',(-4.62215818415357,0.721651042682578,-18.9844935718901));
#4786=CARTESIAN_POINT('Ctrl Pts',(-4.53543881947696,0.695972074980324,-18.9823912057531));
#4787=CARTESIAN_POINT('Ctrl Pts',(-4.4265559887076,0.681592724154333,-18.994984044671));
#4788=CARTESIAN_POINT('Ctrl Pts',(-4.40637844276927,0.679676275388453,-18.9979447002022));
#4789=CARTESIAN_POINT('Ctrl Pts',(-4.37571419330775,0.677887123079962,-19.0034068601762));
#4790=CARTESIAN_POINT('Ctrl Pts',(-4.36517117753146,0.677478212418278,-19.0054614439905));
#4791=CARTESIAN_POINT('Ctrl Pts',(-4.34619701051242,0.677110504360751,-19.0094758337722));
#4792=CARTESIAN_POINT('Ctrl Pts',(-4.33775295063484,0.677081194112867,-19.0113779046488));
#4793=CARTESIAN_POINT('Ctrl Pts',(-4.31964304152743,0.677304509912005,-19.0157035148382));
#4794=CARTESIAN_POINT('Ctrl Pts',(-4.30999432583542,0.677602416205281,-19.018162117871));
#4795=CARTESIAN_POINT('Ctrl Pts',(-4.28405638010065,0.678882586466489,-19.025182474733));
#4796=CARTESIAN_POINT('Ctrl Pts',(-4.26789070027377,0.680201126012818,-19.03000466578));
#4797=CARTESIAN_POINT('Ctrl Pts',(-4.1985969747347,0.688103467282731,-19.052577190319));
#4798=CARTESIAN_POINT('Ctrl Pts',(-4.14786178379832,0.699747135187091,-19.0740918444541));
#4799=CARTESIAN_POINT('Ctrl Pts',(-4.03406867199209,0.740335644753215,-19.1332526661467));
#4800=CARTESIAN_POINT('Ctrl Pts',(-3.97562725960688,0.773760398564378,-19.1730826171634));
#4801=CARTESIAN_POINT('Ctrl Pts',(-3.86336612569091,0.866812846850391,-19.265793973771));
#4802=CARTESIAN_POINT('Ctrl Pts',(-3.81485511524337,0.929039759882958,-19.3180591908918));
#4803=CARTESIAN_POINT('Ctrl Pts',(-3.72058881942203,1.10120293028712,-19.437735614087));
#4804=CARTESIAN_POINT('Ctrl Pts',(-3.6834665370007,1.22308996319821,-19.504190055841));
#4805=CARTESIAN_POINT('Ctrl Pts',(-3.62502301768363,1.55178135549492,-19.6272456585514));
#4806=CARTESIAN_POINT('Ctrl Pts',(-3.61258660049527,1.76921699368358,-19.6710248348662));
#4807=CARTESIAN_POINT('Ctrl Pts',(-3.61258660049527,2.,-19.6710248348662));
#4808=CARTESIAN_POINT('',(-2.3460468420611,2.,-19.8619249876455));
#4809=CARTESIAN_POINT('Origin',(0.,2.,0.));
#4810=CARTESIAN_POINT('',(-0.64042287358133,2.,-19.9897438338512));
#4811=CARTESIAN_POINT('Ctrl Pts',(-2.3460468420611,2.,-19.8619249876455));
#4812=CARTESIAN_POINT('Ctrl Pts',(-2.3460468420611,1.81988909074479,-19.8619249876455));
#4813=CARTESIAN_POINT('Ctrl Pts',(-2.33058987422662,1.64721366632591,-19.8388426584747));
#4814=CARTESIAN_POINT('Ctrl Pts',(-2.26984990545094,1.34641615686635,-19.7662151794139));
#4815=CARTESIAN_POINT('Ctrl Pts',(-2.22702967710807,1.2180946960758,-19.7196530884085));
#4816=CARTESIAN_POINT('Ctrl Pts',(-2.12311696175294,1.02450277430088,-19.634034990727));
#4817=CARTESIAN_POINT('Ctrl Pts',(-2.06783470824617,0.949324802678847,-19.5948318905636));
#4818=CARTESIAN_POINT('Ctrl Pts',(-1.94631414341151,0.835697627973458,-19.5305820564322));
#4819=CARTESIAN_POINT('Ctrl Pts',(-1.88634093301124,0.793775674124502,-19.5049763722349));
#4820=CARTESIAN_POINT('Ctrl Pts',(-1.74104055201835,0.721651042682599,-19.4613493945487));
#4821=CARTESIAN_POINT('Ctrl Pts',(-1.65560311240884,0.695972074980325,-19.4463456594716));
#4822=CARTESIAN_POINT('Ctrl Pts',(-1.5460595476473,0.681592724154303,-19.4425697029378));
#4823=CARTESIAN_POINT('Ctrl Pts',(-1.52566610541627,0.679676275388451,-19.4424899832204));
#4824=CARTESIAN_POINT('Ctrl Pts',(-1.49453025758518,0.677887123079976,-19.4433208661502));
#4825=CARTESIAN_POINT('Ctrl Pts',(-1.48379877875639,0.67747821241828,-19.4437811469972));
#4826=CARTESIAN_POINT('Ctrl Pts',(-1.46443822375562,0.677110504360752,-19.4449227465105));
#4827=CARTESIAN_POINT('Ctrl Pts',(-1.45580498809627,0.677081194112866,-19.445545051007));
#4828=CARTESIAN_POINT('Ctrl Pts',(-1.4372526529654,0.677304509912006,-19.4471232058109));
#4829=CARTESIAN_POINT('Ctrl Pts',(-1.42734526968794,0.67760241620529,-19.4481162818268));
#4830=CARTESIAN_POINT('Ctrl Pts',(-1.40065069948053,0.67888258646649,-19.4511923768908));
#4831=CARTESIAN_POINT('Ctrl Pts',(-1.38394686665927,0.680201126012819,-19.4535513384923));
#4832=CARTESIAN_POINT('Ctrl Pts',(-1.31206283457163,0.688103467282729,-19.4655440526961));
#4833=CARTESIAN_POINT('Ctrl Pts',(-1.25868772099104,0.699747135187084,-19.4792567180883));
#4834=CARTESIAN_POINT('Ctrl Pts',(-1.13734812129103,0.740335644753212,-19.520796779024));
#4835=CARTESIAN_POINT('Ctrl Pts',(-1.07362310503518,0.773760398564369,-19.551471621856));
#4836=CARTESIAN_POINT('Ctrl Pts',(-0.948797924543008,0.866812846850385,
-19.6264158154083));
#4837=CARTESIAN_POINT('Ctrl Pts',(-0.893039015599283,0.929039759882952,
-19.6708670823051));
#4838=CARTESIAN_POINT('Ctrl Pts',(-0.78198875109622,1.10120293028711,-19.7751571563796));
#4839=CARTESIAN_POINT('Ctrl Pts',(-0.735376573301681,1.22308996319819,-19.8353365678279));
#4840=CARTESIAN_POINT('Ctrl Pts',(-0.659245333914243,1.55178135549488,-19.9483071865653));
#4841=CARTESIAN_POINT('Ctrl Pts',(-0.640422873581307,1.76921699368353,-19.9897438338513));
#4842=CARTESIAN_POINT('Ctrl Pts',(-0.640422873581307,2.,-19.9897438338513));
#4843=CARTESIAN_POINT('',(0.640422873581746,2.,-19.9897438338512));
#4844=CARTESIAN_POINT('Origin',(0.,2.,0.));
#4845=CARTESIAN_POINT('',(2.34604684206151,2.,-19.8619249876454));
#4846=CARTESIAN_POINT('Ctrl Pts',(0.640422873581747,2.,-19.9897438338512));
#4847=CARTESIAN_POINT('Ctrl Pts',(0.640422873581747,1.81988909074435,-19.9897438338512));
#4848=CARTESIAN_POINT('Ctrl Pts',(0.652266957208265,1.64721366632541,-19.9646155737117));
#4849=CARTESIAN_POINT('Ctrl Pts',(0.701503946651762,1.34641615686591,-19.8837464609916));
#4850=CARTESIAN_POINT('Ctrl Pts',(0.736906188861901,1.21809469607545,-19.8313224062015));
#4851=CARTESIAN_POINT('Ctrl Pts',(0.826897569737635,1.02450277430071,-19.7311732053503));
#4852=CARTESIAN_POINT('Ctrl Pts',(0.87571944725884,0.949324802678696,-19.6841685790831));
#4853=CARTESIAN_POINT('Ctrl Pts',(0.986306786907279,0.835697627973325,-19.6025246621442));
#4854=CARTESIAN_POINT('Ctrl Pts',(1.04179381689901,0.79377567412441,-19.5682664290955));
#4855=CARTESIAN_POINT('Ctrl Pts',(1.17896904906626,0.721651042682535,-19.5034708306449));
#4856=CARTESIAN_POINT('Ctrl Pts',(1.26121603238891,0.695972074980294,-19.4759008852765));
#4857=CARTESIAN_POINT('Ctrl Pts',(1.36897330892072,0.681592724154312,-19.4558404819203));
#4858=CARTESIAN_POINT('Ctrl Pts',(1.38912709164432,0.679676275388446,-19.452722167761));
#4859=CARTESIAN_POINT('Ctrl Pts',(1.42003901445536,0.67788712307996,-19.4489032130949));
#4860=CARTESIAN_POINT('Ctrl Pts',(1.43071923283266,0.677478212418276,-19.4477589090611));
#4861=CARTESIAN_POINT('Ctrl Pts',(1.45003369300861,0.677110504360752,-19.4460022168593));
#4862=CARTESIAN_POINT('Ctrl Pts',(1.45866325223108,0.677081194112864,-19.4453308537217));
#4863=CARTESIAN_POINT('Ctrl Pts',(1.47724358487521,0.677304509912002,-19.4441262997696));
#4864=CARTESIAN_POINT('Ctrl Pts',(1.48718832116697,0.677602416205274,-19.4436316650913));
#4865=CARTESIAN_POINT('Ctrl Pts',(1.51404320326043,0.678882586466486,-19.4426947834766));
#4866=CARTESIAN_POINT('Ctrl Pts',(1.53091205305311,0.680201126012814,-19.4425378203286));
#4867=CARTESIAN_POINT('Ctrl Pts',(1.60378062119731,0.688103467282732,-19.4436828267792));
#4868=CARTESIAN_POINT('Ctrl Pts',(1.65860334558445,0.699747135187098,-19.4492871851433));
#4869=CARTESIAN_POINT('Ctrl Pts',(1.78477890702861,0.740335644753242,-19.4722785490035));
#4870=CARTESIAN_POINT('Ctrl Pts',(1.85236401559436,0.773760398564429,-19.4931130583506));
#4871=CARTESIAN_POINT('Ctrl Pts',(1.98696485439789,0.866812846850427,-19.5486159594053));
#4872=CARTESIAN_POINT('Ctrl Pts',(2.04872609995081,0.929039759883002,-19.5842603082291));
#4873=CARTESIAN_POINT('Ctrl Pts',(2.17407965373154,1.10120293028703,-19.6708343652622));
#4874=CARTESIAN_POINT('Ctrl Pts',(2.22914048787169,1.22308996319807,-19.7233944377964));
#4875=CARTESIAN_POINT('Ctrl Pts',(2.32125880124478,1.55178135549517,-19.8237564956168));
#4876=CARTESIAN_POINT('Ctrl Pts',(2.34604684206154,1.76921699368388,-19.8619249876454));
#4877=CARTESIAN_POINT('Ctrl Pts',(2.34604684206154,2.,-19.8619249876454));
#4878=CARTESIAN_POINT('',(3.61258660049572,2.,-19.6710248348661));
#4879=CARTESIAN_POINT('Origin',(0.,2.,0.));
#4880=CARTESIAN_POINT('',(5.28010974797841,2.,-19.2904235580586));
#4881=CARTESIAN_POINT('Ctrl Pts',(3.61258660049572,2.,-19.6710248348661));
#4882=CARTESIAN_POINT('Ctrl Pts',(3.61258660049572,1.81988909074476,-19.6710248348661));
#4883=CARTESIAN_POINT('Ctrl Pts',(3.6205532226577,1.64721366632591,-19.6444119675663));
#4884=CARTESIAN_POINT('Ctrl Pts',(3.65718735978646,1.34641615686632,-19.5571077035329));
#4885=CARTESIAN_POINT('Ctrl Pts',(3.68438078827324,1.21809469607577,-19.499992751714));
#4886=CARTESIAN_POINT('Ctrl Pts',(3.75844057592716,1.02450277430086,-19.3875496153485));
#4887=CARTESIAN_POINT('Ctrl Pts',(3.79971147739468,0.949324802678824,-19.3337934686556));
#4888=CARTESIAN_POINT('Ctrl Pts',(3.89689525342927,0.835697627973335,-19.2365792591009));
#4889=CARTESIAN_POINT('Ctrl Pts',(3.94665661445198,0.793775674124462,-19.194433749517));
#4890=CARTESIAN_POINT('Ctrl Pts',(4.07264242978215,0.721651042682596,-19.1099169568999));
#4891=CARTESIAN_POINT('Ctrl Pts',(4.14986169511956,0.695972074980323,-19.0703966682617));
#4892=CARTESIAN_POINT('Ctrl Pts',(4.25342556392772,0.681592724154318,-19.0344999343454));
#4893=CARTESIAN_POINT('Ctrl Pts',(4.27288948494092,0.679676275388449,-19.0284126837296));
#4894=CARTESIAN_POINT('Ctrl Pts',(4.30288696145656,0.677887123079957,-19.0200292006042));
#4895=CARTESIAN_POINT('Ctrl Pts',(4.31327734095245,0.677478212418276,-19.0173058735507));
#4896=CARTESIAN_POINT('Ctrl Pts',(4.33211425317972,0.677110504360749,-19.0126901312348));
#4897=CARTESIAN_POINT('Ctrl Pts',(4.3405473658721,0.677081194112867,-19.0107400976061));
#4898=CARTESIAN_POINT('Ctrl Pts',(4.35874064210121,0.677304509912003,-19.0067797426429));
#4899=CARTESIAN_POINT('Ctrl Pts',(4.3685005824317,0.677602416205262,-19.0048084465919));
#4900=CARTESIAN_POINT('Ctrl Pts',(4.39491588272165,0.678882586466486,-18.9998795166856));
#4901=CARTESIAN_POINT('Ctrl Pts',(4.4115729272564,0.680201126012832,-18.9972101350853));
#4902=CARTESIAN_POINT('Ctrl Pts',(4.48379826805628,0.688103467282728,-18.9874818562307));
#4903=CARTESIAN_POINT('Ctrl Pts',(4.53884395417898,0.699747135187088,-18.9848527154618));
#4904=CARTESIAN_POINT('Ctrl Pts',(4.66703692382342,0.740335644753217,-18.98878179317));
#4905=CARTESIAN_POINT('Ctrl Pts',(4.73697238505475,0.773760398564373,-18.9993105605212));
#4906=CARTESIAN_POINT('Ctrl Pts',(4.8783421218521,0.866812846850432,-19.0341323259846));
#4907=CARTESIAN_POINT('Ctrl Pts',(4.94472605984597,0.929039759883055,-19.0601735208833));
#4908=CARTESIAN_POINT('Ctrl Pts',(5.08158271165323,1.10120293028674,-19.1270976395001));
#4909=CARTESIAN_POINT('Ctrl Pts',(5.14386223408967,1.22308996319764,-19.1708642679528));
#4910=CARTESIAN_POINT('Ctrl Pts',(5.24990985054866,1.55178135549527,-19.2563758423276));
#4911=CARTESIAN_POINT('Ctrl Pts',(5.28010974797843,1.76921699368399,-19.2904235580586));
#4912=CARTESIAN_POINT('Ctrl Pts',(5.28010974797843,2.,-19.2904235580586));
#4913=CARTESIAN_POINT('',(6.50405111237426,2.,-18.9128876464601));
#4914=CARTESIAN_POINT('Origin',(0.,2.,0.));
#4915=CARTESIAN_POINT('',(8.09622372724416,2.,-18.2880059426502));
#4916=CARTESIAN_POINT('Ctrl Pts',(6.50405111237426,2.,-18.9128876464601));
#4917=CARTESIAN_POINT('Ctrl Pts',(6.50405111237426,1.8198890907451,-18.9128876464601));
#4918=CARTESIAN_POINT('Ctrl Pts',(6.50796231189708,1.64721366632617,-18.8853846594792));
#4919=CARTESIAN_POINT('Ctrl Pts',(6.53117525062385,1.3464161568656,-18.7935954771246));
#4920=CARTESIAN_POINT('Ctrl Pts',(6.54955240913081,1.21809469607524,-18.7330654819209));
#4921=CARTESIAN_POINT('Ctrl Pts',(6.60602623028666,1.02450277430095,-18.6108402039011));
#4922=CARTESIAN_POINT('Ctrl Pts',(6.6388242319598,0.949324802678871,-18.5515333602702));
#4923=CARTESIAN_POINT('Ctrl Pts',(6.72043351941518,0.835697627973432,-18.4409204628998));
#4924=CARTESIAN_POINT('Ctrl Pts',(6.7633576248918,0.793775674124494,-18.3918291378213));
#4925=CARTESIAN_POINT('Ctrl Pts',(6.87533970845585,0.721651042682606,-18.289479116525));
#4926=CARTESIAN_POINT('Ctrl Pts',(6.94580630502134,0.695972074980327,-18.2388913025599));
#4927=CARTESIAN_POINT('Ctrl Pts',(7.04286332041081,0.681592724154322,-18.1879601118014));
#4928=CARTESIAN_POINT('Ctrl Pts',(7.06120258788132,0.679676275388452,-18.1790399038492));
#4929=CARTESIAN_POINT('Ctrl Pts',(7.08961552404526,0.677887123079975,-18.1662791654242));
#4930=CARTESIAN_POINT('Ctrl Pts',(7.09948396075149,0.677478212418278,-18.1620376499773));
#4931=CARTESIAN_POINT('Ctrl Pts',(7.11742253953811,0.677110504360746,-18.1546659656032));
#4932=CARTESIAN_POINT('Ctrl Pts',(7.12547082389817,0.677081194112869,-18.1514808220124));
#4933=CARTESIAN_POINT('Ctrl Pts',(7.14287063598514,0.677304509912007,-18.1448531338236));
#4934=CARTESIAN_POINT('Ctrl Pts',(7.15222775941556,0.677602416205295,-18.1414492118961));
#4935=CARTESIAN_POINT('Ctrl Pts',(7.17761340374253,0.678882586466487,-18.1326383378477));
#4936=CARTESIAN_POINT('Ctrl Pts',(7.19368655216912,0.680201126012792,-18.1275161673692));
#4937=CARTESIAN_POINT('Ctrl Pts',(7.26365527086049,0.688103467282727,-18.1071319168834));
#4938=CARTESIAN_POINT('Ctrl Pts',(7.31769428905104,0.699747135187085,-18.0963280076416));
#4939=CARTESIAN_POINT('Ctrl Pts',(7.44504104778636,0.7403356447532,-18.0811070300945));
#4940=CARTESIAN_POINT('Ctrl Pts',(7.51576461904424,0.773760398564332,-18.0810948601855));
#4941=CARTESIAN_POINT('Ctrl Pts',(7.66074528752166,0.866812846850361,-18.0944576293583));
#4942=CARTESIAN_POINT('Ctrl Pts',(7.73026901047786,0.929039759882932,-18.1103139530695));
#4943=CARTESIAN_POINT('Ctrl Pts',(7.87557160885981,1.10120293028716,-18.1560931590493));
#4944=CARTESIAN_POINT('Ctrl Pts',(7.94367859797485,1.22308996319828,-18.1900886692629));
#4945=CARTESIAN_POINT('Ctrl Pts',(8.06128658900593,1.55178135549478,-18.2588395729239));
#4946=CARTESIAN_POINT('Ctrl Pts',(8.09622372724418,1.76921699368341,-18.2880059426502));
#4947=CARTESIAN_POINT('Ctrl Pts',(8.09622372724418,2.,-18.2880059426502));
#4948=CARTESIAN_POINT('',(9.2502258700233,2.,-17.7322678006382));
#4949=CARTESIAN_POINT('Origin',(0.,2.,0.));
#4950=CARTESIAN_POINT('',(10.7314814470503,2.,-16.8770644945031));
#4951=CARTESIAN_POINT('Ctrl Pts',(9.2502258700233,2.,-17.7322678006382));
#4952=CARTESIAN_POINT('Ctrl Pts',(9.2502258700233,1.81988909074469,-17.7322678006382));
#4953=CARTESIAN_POINT('Ctrl Pts',(9.24999427717275,1.64721366632582,-17.7044890652578));
#4954=CARTESIAN_POINT('Ctrl Pts',(9.25926747880446,1.3464161568656,-17.6102653832392));
#4955=CARTESIAN_POINT('Ctrl Pts',(9.26841785197777,1.21809469607524,-17.5476724847208));
#4956=CARTESIAN_POINT('Ctrl Pts',(9.30604417479133,1.02450277430091,-17.4183953757862));
#4957=CARTESIAN_POINT('Ctrl Pts',(9.32963662350981,0.949324802678834,-17.3548626521024));
#4958=CARTESIAN_POINT('Ctrl Pts',(9.39384840575956,0.83569762797339,-17.233321976261));
#4959=CARTESIAN_POINT('Ctrl Pts',(9.42897640210371,0.793775674124473,-17.1783814547694));
#4960=CARTESIAN_POINT('Ctrl Pts',(9.52445325919957,0.721651042682582,-17.0604845351413));
#4961=CARTESIAN_POINT('Ctrl Pts',(9.58659307966846,0.695972074980322,-16.9999592440194));
#4962=CARTESIAN_POINT('Ctrl Pts',(9.67497514829724,0.681592724154319,-16.9351313150592));
#4963=CARTESIAN_POINT('Ctrl Pts',(9.6917800932945,0.679676275388452,-16.9235774124758));
#4964=CARTESIAN_POINT('Ctrl Pts',(9.71797379106408,0.677887123079971,-16.9067244725612));
#4965=CARTESIAN_POINT('Ctrl Pts',(9.7270998404116,0.677478212418278,-16.9010595171671));
#4966=CARTESIAN_POINT('Ctrl Pts',(9.7437393675498,0.677110504360747,-16.8910965619825));
#4967=CARTESIAN_POINT('Ctrl Pts',(9.75122303820438,0.677081194112869,-16.8867474592741));
#4968=CARTESIAN_POINT('Ctrl Pts',(9.76744070309923,0.677304509912006,-16.8776004894619));
#4969=CARTESIAN_POINT('Ctrl Pts',(9.77618598695396,0.677602416205282,-16.8728399796491));
#4970=CARTESIAN_POINT('Ctrl Pts',(9.79997490197311,0.678882586466485,-16.8603439818251));
#4971=CARTESIAN_POINT('Ctrl Pts',(9.81510510671598,0.680201126012797,-16.8528834432927));
#4972=CARTESIAN_POINT('Ctrl Pts',(9.88125421774278,0.688103467282731,-16.8222985716476));
#4973=CARTESIAN_POINT('Ctrl Pts',(9.9330794256316,0.69974713518711,-16.8035612354125));
#4974=CARTESIAN_POINT('Ctrl Pts',(10.0567352573019,0.740335644753225,-16.7695302140966));
#4975=CARTESIAN_POINT('Ctrl Pts',(10.1266670908716,0.773760398564404,-16.7589773787831));
#4976=CARTESIAN_POINT('Ctrl Pts',(10.2720200624687,0.866812846850407,-16.7505826494832));
#4977=CARTESIAN_POINT('Ctrl Pts',(10.3431305253009,0.929039759882985,-16.7558998979371));
#4978=CARTESIAN_POINT('Ctrl Pts',(10.4936332503143,1.10120293028701,-16.7795115594659));
#4979=CARTESIAN_POINT('Ctrl Pts',(10.5660463085148,1.22308996319805,-16.8029765479182));
#4980=CARTESIAN_POINT('Ctrl Pts',(10.6925875059402,1.55178135549506,-16.8534309992854));
#4981=CARTESIAN_POINT('Ctrl Pts',(10.7314814470503,1.76921699368374,-16.8770644945031));
#4982=CARTESIAN_POINT('Ctrl Pts',(10.7314814470503,2.,-16.8770644945031));
#4983=CARTESIAN_POINT('',(11.7897658672741,2.,-16.1555383938406));
#4984=CARTESIAN_POINT('Origin',(0.,2.,0.));
#4985=CARTESIAN_POINT('',(13.1270156045686,2.,-15.0891173140583));
#4986=CARTESIAN_POINT('Ctrl Pts',(11.7897658672741,2.,-16.1555383938406));
#4987=CARTESIAN_POINT('Ctrl Pts',(11.7897658672741,1.81988909074508,-16.1555383938406));
#4988=CARTESIAN_POINT('Ctrl Pts',(11.7853966554518,1.64721366632622,-16.1281044411062));
#4989=CARTESIAN_POINT('Ctrl Pts',(11.7805229719875,1.34641615686633,-16.0335510607801));
#4990=CARTESIAN_POINT('Ctrl Pts',(11.780242155611,1.21809469607579,-15.9702934808683));
#4991=CARTESIAN_POINT('Ctrl Pts',(11.7981804702062,1.02450277430095,-15.8368523780082));
#4992=CARTESIAN_POINT('Ctrl Pts',(11.812040349651,0.949324802678906,-15.770512990334));
#4993=CARTESIAN_POINT('Ctrl Pts',(11.8574202415864,0.835697627973491,-15.6407595538801));
#4994=CARTESIAN_POINT('Ctrl Pts',(11.883967427407,0.793775674124528,-15.581197116439));
#4995=CARTESIAN_POINT('Ctrl Pts',(11.9608062628179,0.721651042682612,-15.4503869208447));
#4996=CARTESIAN_POINT('Ctrl Pts',(12.0132312062839,0.695972074980337,-15.3812761875547));
#4997=CARTESIAN_POINT('Ctrl Pts',(12.0909640187859,0.681592724154318,-15.3039996692006));
#4998=CARTESIAN_POINT('Ctrl Pts',(12.105859246608,0.679676275388452,-15.2900701670777));
#4999=CARTESIAN_POINT('Ctrl Pts',(12.1292485820588,0.677887123079968,-15.2695014925024));
#5000=CARTESIAN_POINT('Ctrl Pts',(12.1374283831855,0.677478212418277,-15.2625396429036));
#5001=CARTESIAN_POINT('Ctrl Pts',(12.152397159135,0.677110504360747,-15.250207972864));
#5002=CARTESIAN_POINT('Ctrl Pts',(12.1591490432481,0.677081194112867,-15.2447920628058));
#5003=CARTESIAN_POINT('Ctrl Pts',(12.1738222851161,0.677304509912004,-15.233330139561));
#5004=CARTESIAN_POINT('Ctrl Pts',(12.181760374205,0.677602416205277,-15.2273193837854));
#5005=CARTESIAN_POINT('Ctrl Pts',(12.2034211548647,0.678882586466486,-15.2114174021282));
#5006=CARTESIAN_POINT('Ctrl Pts',(12.2172704321519,0.680201126012816,-15.2017851516445));
#5007=CARTESIAN_POINT('Ctrl Pts',(12.2781222736817,0.688103467282726,-15.1616828743328));
#5008=CARTESIAN_POINT('Ctrl Pts',(12.326575981763,0.699747135187072,-15.1354306722335));
#5009=CARTESIAN_POINT('Ctrl Pts',(12.443778619424,0.740335644753206,-15.0833498039303));
#5010=CARTESIAN_POINT('Ctrl Pts',(12.5113565537025,0.773760398564372,-15.0624920361151));
#5011=CARTESIAN_POINT('Ctrl Pts',(12.6538348832223,0.866812846850369,-15.0325273327234));
#5012=CARTESIAN_POINT('Ctrl Pts',(12.7249435956972,0.929039759882913,-15.0271867273759));
#5013=CARTESIAN_POINT('Ctrl Pts',(12.8772844651644,1.10120293028758,-15.0281033989522));
#5014=CARTESIAN_POINT('Ctrl Pts',(12.9523860043888,1.22308996319888,-15.0405136965761));
#5015=CARTESIAN_POINT('Ctrl Pts',(13.0850336869604,1.55178135549463,-15.0715446265792));
#5016=CARTESIAN_POINT('Ctrl Pts',(13.1270156045686,1.76921699368324,-15.0891173140583));
#5017=CARTESIAN_POINT('Ctrl Pts',(13.1270156045686,2.,-15.0891173140583));
#5018=CARTESIAN_POINT('',(14.0659419770517,2.,-14.2179209555481));
#5019=CARTESIAN_POINT('Origin',(0.,2.,0.));
#5020=CARTESIAN_POINT('',(15.2293139252211,2.,-12.9641041868332));
#5021=CARTESIAN_POINT('Ctrl Pts',(14.0659419770517,2.,-14.2179209555481));
#5022=CARTESIAN_POINT('Ctrl Pts',(14.0659419770517,1.81988909074488,-14.2179209555481));
#5023=CARTESIAN_POINT('Ctrl Pts',(14.0575327472297,1.64721366632606,-14.1914446146305));
#5024=CARTESIAN_POINT('Ctrl Pts',(14.0386210487046,1.3464161568661,-14.0986737022684));
#5025=CARTESIAN_POINT('Ctrl Pts',(14.0289153157521,1.21809469607562,-14.0361645107683));
#5026=CARTESIAN_POINT('Ctrl Pts',(14.0267649098231,1.02450277430098,-13.9015402677162));
#5027=CARTESIAN_POINT('Ctrl Pts',(14.0305826131901,0.949324802678911,-13.8338761283497));
#5028=CARTESIAN_POINT('Ctrl Pts',(14.0561169030134,0.835697627973446,-13.6988084086425));
#5029=CARTESIAN_POINT('Ctrl Pts',(14.0734902580472,0.79377567412452,-13.6359545816803));
#5030=CARTESIAN_POINT('Ctrl Pts',(14.1299746191624,0.721651042682623,-13.4951531937322));
#5031=CARTESIAN_POINT('Ctrl Pts',(14.171513599018,0.695972074980337,-13.4190008378537));
#5032=CARTESIAN_POINT('Ctrl Pts',(14.2368607328115,0.6815927241543,-13.3310019598302));
#5033=CARTESIAN_POINT('Ctrl Pts',(14.2495135086825,0.679676275388452,-13.3150080202273));
#5034=CARTESIAN_POINT('Ctrl Pts',(14.2695760027102,0.677887123079972,-13.2911830811928));
#5035=CARTESIAN_POINT('Ctrl Pts',(14.2766268323757,0.677478212418281,-13.2830798536051));
#5036=CARTESIAN_POINT('Ctrl Pts',(14.2895904794169,0.677110504360752,-13.2686549378418));
#5037=CARTESIAN_POINT('Ctrl Pts',(14.2954597510546,0.67708119411287,-13.262293202915));
#5038=CARTESIAN_POINT('Ctrl Pts',(14.3082607939192,0.677304509912008,-13.2487723666625));
#5039=CARTESIAN_POINT('Ctrl Pts',(14.3152143644495,0.677602416205283,-13.2416456352758));
#5040=CARTESIAN_POINT('Ctrl Pts',(14.334263144703,0.678882586466489,-13.2226928937785));
#5041=CARTESIAN_POINT('Ctrl Pts',(14.3465221245649,0.680201126012814,-13.2111040999024));
#5042=CARTESIAN_POINT('Ctrl Pts',(14.4007173670129,0.688103467282732,-13.1623802355322));
#5043=CARTESIAN_POINT('Ctrl Pts',(14.4447171995157,0.699747135187098,-13.129199598383));
#5044=CARTESIAN_POINT('Ctrl Pts',(14.5528485299134,0.740335644753221,-13.0602322836294));
#5045=CARTESIAN_POINT('Ctrl Pts',(14.616562985518,0.773760398564372,-13.0295355113792));
#5046=CARTESIAN_POINT('Ctrl Pts',(14.7529839425175,0.866812846850405,-12.9786701958541));
#5047=CARTESIAN_POINT('Ctrl Pts',(14.8225024535021,0.92903975988299,-12.9627910370036));
#5048=CARTESIAN_POINT('Ctrl Pts',(14.9732784241334,1.10120293028663,-12.9409922416994));
#5049=CARTESIAN_POINT('Ctrl Pts',(15.0493908000975,1.22308996319748,-12.9420706229529));
#5050=CARTESIAN_POINT('Ctrl Pts',(15.1851818377817,1.55178135549525,-12.952984851893));
#5051=CARTESIAN_POINT('Ctrl Pts',(15.2293139252211,1.76921699368396,-12.9641041868332));
#5052=CARTESIAN_POINT('Ctrl Pts',(15.2293139252211,2.,-12.9641041868332));
#5053=CARTESIAN_POINT('',(16.0279081863314,2.,-11.9626986575159));
#5054=CARTESIAN_POINT('Origin',(0.,2.,0.));
#5055=CARTESIAN_POINT('',(16.9914145384679,2.,-10.5494943946116));
#5056=CARTESIAN_POINT('Ctrl Pts',(16.0279081863314,2.,-11.9626986575159));
#5057=CARTESIAN_POINT('Ctrl Pts',(16.0279081863314,1.81988909074454,-11.9626986575159));
#5058=CARTESIAN_POINT('Ctrl Pts',(16.0156467868081,1.64721366632572,-11.9377713661203));
#5059=CARTESIAN_POINT('Ctrl Pts',(15.9831195293166,1.34641615686638,-11.8488552706051));
#5060=CARTESIAN_POINT('Ctrl Pts',(15.964205689824,1.21809469607582,-11.7884908195616));
#5061=CARTESIAN_POINT('Ctrl Pts',(15.9420145998858,1.02450277430106,-11.6556907194473));
#5062=CARTESIAN_POINT('Ctrl Pts',(15.9357048459904,0.94932480267895,-11.5882133334502));
#5063=CARTESIAN_POINT('Ctrl Pts',(15.9408231398611,0.835697627973474,-11.4508485201554));
#5064=CARTESIAN_POINT('Ctrl Pts',(15.9486345720651,0.793775674124531,-11.3861073543036));
#5065=CARTESIAN_POINT('Ctrl Pts',(15.9835026915949,0.721651042682623,-11.2384600443411));
#5066=CARTESIAN_POINT('Ctrl Pts',(16.0132277956713,0.69597207498034,-11.1569671836665));
#5067=CARTESIAN_POINT('Ctrl Pts',(16.0647295037702,0.681592724154312,-11.060211695495));
#5068=CARTESIAN_POINT('Ctrl Pts',(16.0748571855852,0.679676275388453,-11.0425105965936));
#5069=CARTESIAN_POINT('Ctrl Pts',(16.0911446752255,0.677887123079977,-11.0159616028683));
#5070=CARTESIAN_POINT('Ctrl Pts',(16.0969090295463,0.677478212418279,-11.0068980100059));
#5071=CARTESIAN_POINT('Ctrl Pts',(16.1075779612263,0.677110504360747,-10.9907020773004));
#5072=CARTESIAN_POINT('Ctrl Pts',(16.1124335105588,0.677081194112869,-10.9835366281509));
#5073=CARTESIAN_POINT('Ctrl Pts',(16.1230764002755,0.677304509912007,-10.96825891203));
#5074=CARTESIAN_POINT('Ctrl Pts',(16.1288901209719,0.677602416205292,-10.9601754044347));
#5075=CARTESIAN_POINT('Ctrl Pts',(16.1449013825454,0.678882586466488,-10.938595276024));
#5076=CARTESIAN_POINT('Ctrl Pts',(16.1552962196294,0.680201126012803,-10.925308813261));
#5077=CARTESIAN_POINT('Ctrl Pts',(16.2016242308341,0.68810346728273,-10.8690517724484));
#5078=CARTESIAN_POINT('Ctrl Pts',(16.2401873042077,0.699747135187078,-10.8296839008539));
#5079=CARTESIAN_POINT('Ctrl Pts',(16.3368318521027,0.740335644753211,-10.7453707554965));
#5080=CARTESIAN_POINT('Ctrl Pts',(16.3952595533802,0.77376039856436,-10.7055206939783));
#5081=CARTESIAN_POINT('Ctrl Pts',(16.5225757191088,0.866812846850366,-10.6348910134163));
#5082=CARTESIAN_POINT('Ctrl Pts',(16.5889510999437,0.929039759882897,-10.6088280152322));
#5083=CARTESIAN_POINT('Ctrl Pts',(16.7347940857065,1.10120293028731,-10.5648007021127));
#5084=CARTESIAN_POINT('Ctrl Pts',(16.8102170737027,1.22308996319849,-10.5545230777411));
#5085=CARTESIAN_POINT('Ctrl Pts',(16.9461181191041,1.55178135549484,-10.5450767997787));
#5086=CARTESIAN_POINT('Ctrl Pts',(16.9914145384679,1.76921699368348,-10.5494943946116));
#5087=CARTESIAN_POINT('Ctrl Pts',(16.9914145384679,2.,-10.5494943946116));
#5088=CARTESIAN_POINT('',(17.6318374120494,2.,-9.44024943923915));
#5089=CARTESIAN_POINT('Origin',(0.,2.,0.));
#5090=CARTESIAN_POINT('',(18.3739550283926,2.,-7.89922633012913));
#5091=CARTESIAN_POINT('Ctrl Pts',(17.6318374120494,2.,-9.44024943923915));
#5092=CARTESIAN_POINT('Ctrl Pts',(17.6318374120494,1.81988909074482,-9.44024943923915));
#5093=CARTESIAN_POINT('Ctrl Pts',(17.615997742229,1.64721366632586,-9.41742803186439));
#5094=CARTESIAN_POINT('Ctrl Pts',(17.5705815309534,1.34641615686527,-9.3343529918401));
#5095=CARTESIAN_POINT('Ctrl Pts',(17.5428820888409,1.21809469607497,-9.27748172333999));
#5096=CARTESIAN_POINT('Ctrl Pts',(17.5011460271731,1.02450277430074,-9.14947230095474));
#5097=CARTESIAN_POINT('Ctrl Pts',(17.4848497654909,0.949324802678687,-9.08368900162728));
#5098=CARTESIAN_POINT('Ctrl Pts',(17.4694377291815,0.8356976279733,-8.94709559768533));
#5099=CARTESIAN_POINT('Ctrl Pts',(17.4675127440684,0.793775674124394,-8.88191330360755));
#5100=CARTESIAN_POINT('Ctrl Pts',(17.4799857258404,0.721651042682515,-8.73071826855539));
#5101=CARTESIAN_POINT('Ctrl Pts',(17.4972329444318,0.695972074980285,-8.64570531892915));
#5102=CARTESIAN_POINT('Ctrl Pts',(17.5337387637811,0.681592724154289,-8.54235457833179));
#5103=CARTESIAN_POINT('Ctrl Pts',(17.541115115864,0.679676275388442,-8.52334173343123));
#5104=CARTESIAN_POINT('Ctrl Pts',(17.5532637655127,0.677887123079961,-8.49466174566406));
#5105=CARTESIAN_POINT('Ctrl Pts',(17.5576128783384,0.677478212418277,-8.48484025321442));
#5106=CARTESIAN_POINT('Ctrl Pts',(17.5657487683529,0.677110504360757,-8.46723509394098));
#5107=CARTESIAN_POINT('Ctrl Pts',(17.5694821304318,0.677081194112861,-8.45942599486193));
#5108=CARTESIAN_POINT('Ctrl Pts',(17.5777291224312,0.677304509912002,-8.44273267780515));
#5109=CARTESIAN_POINT('Ctrl Pts',(17.5822731243802,0.67760241620528,-8.43387296620338));
#5110=CARTESIAN_POINT('Ctrl Pts',(17.5948892021482,0.678882586466486,-8.41014751528757));
#5111=CARTESIAN_POINT('Ctrl Pts',(17.6031876929709,0.680201126012818,-8.39546018126044));
#5112=CARTESIAN_POINT('Ctrl Pts',(17.6406135817167,0.688103467282735,-8.33292665333547));
#5113=CARTESIAN_POINT('Ctrl Pts',(17.6728784606255,0.6997471351871,-8.28825096049362));
#5114=CARTESIAN_POINT('Ctrl Pts',(17.7558773465182,0.740335644753253,-8.19047540087629));
#5115=CARTESIAN_POINT('Ctrl Pts',(17.807713115171,0.773760398564461,-8.14236223461434));
#5116=CARTESIAN_POINT('Ctrl Pts',(17.9230804568699,0.866812846850466,-8.05354593936716));
#5117=CARTESIAN_POINT('Ctrl Pts',(17.9848299912292,0.929039759883073,-8.01788130616089));
#5118=CARTESIAN_POINT('Ctrl Pts',(18.1224821008186,1.10120293028677,-7.95260897264879));
#5119=CARTESIAN_POINT('Ctrl Pts',(18.1955308759281,1.22308996319768,-7.93120492779688));
#5120=CARTESIAN_POINT('Ctrl Pts',(18.3285061242634,1.55178135549542,-7.90160915717213));
#5121=CARTESIAN_POINT('Ctrl Pts',(18.3739550283926,1.76921699368418,-7.89922633012911));
#5122=CARTESIAN_POINT('Ctrl Pts',(18.3739550283926,2.,-7.89922633012911));
#5123=CARTESIAN_POINT('',(18.8419005257165,2.,-6.70692064803245));
#5124=CARTESIAN_POINT('Origin',(0.,2.,0.));
#5125=CARTESIAN_POINT('',(19.3460517250298,2.,-5.07250260251012));
#5126=CARTESIAN_POINT('Ctrl Pts',(18.8419005257165,2.,-6.70692064803245));
#5127=CARTESIAN_POINT('Ctrl Pts',(18.8419005257165,1.81988909074486,-6.70692064803245));
#5128=CARTESIAN_POINT('Ctrl Pts',(18.8228364176484,1.64721366632602,-6.68671491720796));
#5129=CARTESIAN_POINT('Ctrl Pts',(18.7655457757011,1.34641615686634,-6.61133669179199));
#5130=CARTESIAN_POINT('Ctrl Pts',(18.7296794907334,1.21809469607579,-6.55922901599702));
#5131=CARTESIAN_POINT('Ctrl Pts',(18.6693307719867,1.02450277430104,-6.43886979030718));
#5132=CARTESIAN_POINT('Ctrl Pts',(18.6434120340748,0.949324802678927,-6.37625006785276));
#5133=CARTESIAN_POINT('Ctrl Pts',(18.6078139470089,0.835697627973446,-6.24347934419381));
#5134=CARTESIAN_POINT('Ctrl Pts',(18.5961955455651,0.793775674124516,-6.17931198662928));
#5135=CARTESIAN_POINT('Ctrl Pts',(18.5859947637774,0.721651042682615,-6.02794667372826));
#5136=CARTESIAN_POINT('Ctrl Pts',(18.5903788225206,0.695972074980335,-5.94131268396542));
#5137=CARTESIAN_POINT('Ctrl Pts',(18.6110732734402,0.681592724154314,-5.83367537570506));
#5138=CARTESIAN_POINT('Ctrl Pts',(18.6155335202744,0.67967627538845,-5.81377550034254));
#5139=CARTESIAN_POINT('Ctrl Pts',(18.6232719491733,0.677887123079967,-5.78360518206799));
#5140=CARTESIAN_POINT('Ctrl Pts',(18.6261086685102,0.677478212418277,-5.7732451859428));
#5141=CARTESIAN_POINT('Ctrl Pts',(18.6315297745209,0.677110504360747,-5.75462407026704));
#5142=CARTESIAN_POINT('Ctrl Pts',(18.6340575522064,0.677081194112865,-5.74634576362813));
#5143=CARTESIAN_POINT('Ctrl Pts',(18.6397244223149,0.677304509912003,-5.72860974675388));
#5144=CARTESIAN_POINT('Ctrl Pts',(18.6428972000217,0.677602416205286,-5.71917174246258));
#5145=CARTESIAN_POINT('Ctrl Pts',(18.6518362716542,0.678882586466489,-5.69383095641017));
#5146=CARTESIAN_POINT('Ctrl Pts',(18.6578530416433,0.680201126012822,-5.67807084189102));
#5147=CARTESIAN_POINT('Ctrl Pts',(18.68554077542,0.688103467282724,-5.61065772253396));
#5148=CARTESIAN_POINT('Ctrl Pts',(18.7107867157853,0.699747135187063,-5.56167218959849));
#5149=CARTESIAN_POINT('Ctrl Pts',(18.7782858817164,0.740335644753215,-5.45261836015392));
#5150=CARTESIAN_POINT('Ctrl Pts',(18.8223717923287,0.773760398564386,-5.39731685777779));
#5151=CARTESIAN_POINT('Ctrl Pts',(18.9232131942233,0.866812846850378,-5.29229795711675));
#5152=CARTESIAN_POINT('Ctrl Pts',(18.9789574995473,0.929039759882936,-5.24782837786012));
#5153=CARTESIAN_POINT('Ctrl Pts',(19.1053438122995,1.10120293028719,-5.16276910002629));
#5154=CARTESIAN_POINT('Ctrl Pts',(19.1743865855956,1.22308996319832,-5.13071676568724));
#5155=CARTESIAN_POINT('Ctrl Pts',(19.3014655895509,1.55178135549482,-5.08163262301054));
#5156=CARTESIAN_POINT('Ctrl Pts',(19.3460517250298,1.76921699368346,-5.0725026025101));
#5157=CARTESIAN_POINT('Ctrl Pts',(19.3460517250298,2.,-5.0725026025101));
#5158=CARTESIAN_POINT('',(19.6310667169425,2.,-3.82377033240147));
#5159=CARTESIAN_POINT('Origin',(0.,2.,0.));
#5160=CARTESIAN_POINT('',(19.8859895945179,2.,-2.13246754880927));
#5161=CARTESIAN_POINT('Ctrl Pts',(19.6310667169425,2.,-3.82377033240147));
#5162=CARTESIAN_POINT('Ctrl Pts',(19.6310667169425,1.81988909074477,-3.82377033240147));
#5163=CARTESIAN_POINT('Ctrl Pts',(19.6092040312984,1.6472136663258,-3.8066316407649));
#5164=CARTESIAN_POINT('Ctrl Pts',(19.5413187369501,1.34641615686547,-3.74063405495375));
#5165=CARTESIAN_POINT('Ctrl Pts',(19.4980868026662,1.21809469607512,-3.6944539712355));
#5166=CARTESIAN_POINT('Ctrl Pts',(19.4204735174944,1.02450277430081,-3.58443356845583));
#5167=CARTESIAN_POINT('Ctrl Pts',(19.3855112851283,0.949324802678728,-3.52637624399804));
#5168=CARTESIAN_POINT('Ctrl Pts',(19.330522349747,0.835697627973268,-3.40039407919165));
#5169=CARTESIAN_POINT('Ctrl Pts',(19.309470067862,0.793775674124397,-3.33867505087496));
#5170=CARTESIAN_POINT('Ctrl Pts',(19.2768233911235,0.721651042682542,-3.19052071109164));
#5171=CARTESIAN_POINT('Ctrl Pts',(19.2682463573906,0.695972074980292,-3.10420094136514));
#5172=CARTESIAN_POINT('Ctrl Pts',(19.2726671600435,0.681592724154318,-2.99468150504328));
#5173=CARTESIAN_POINT('Ctrl Pts',(19.274111667085,0.679676275388441,-2.97433912955087));
#5174=CARTESIAN_POINT('Ctrl Pts',(19.27726701152,0.677887123079949,-2.94335243582403));
#5175=CARTESIAN_POINT('Ctrl Pts',(19.2785279697456,0.67747821241827,-2.93268536121749));
#5176=CARTESIAN_POINT('Ctrl Pts',(19.2811131932022,0.677110504360745,-2.9134642540938));
#5177=CARTESIAN_POINT('Ctrl Pts',(19.2823789201179,0.67708119411286,-2.9049016635856));
#5178=CARTESIAN_POINT('Ctrl Pts',(19.2853390798214,0.677304509911999,-2.88651914020279));
#5179=CARTESIAN_POINT('Ctrl Pts',(19.2870697586749,0.677602416205275,-2.87671367264206));
#5180=CARTESIAN_POINT('Ctrl Pts',(19.292132140083,0.67888258646648,-2.85032362273903));
#5181=CARTESIAN_POINT('Ctrl Pts',(19.2957327845394,0.680201126012793,-2.83384278264349));
#5182=CARTESIAN_POINT('Ctrl Pts',(19.3130638651273,0.688103467282727,-2.76305596954363));
#5183=CARTESIAN_POINT('Ctrl Pts',(19.330726914359,0.699747135187109,-2.71085485237415));
#5184=CARTESIAN_POINT('Ctrl Pts',(19.3812185405004,0.740335644753217,-2.59295883544623));
#5185=CARTESIAN_POINT('Ctrl Pts',(19.416569786679,0.773760398564384,-2.53170434113605));
#5186=CARTESIAN_POINT('Ctrl Pts',(19.5006326184863,0.866812846850409,-2.41282878376335));
#5187=CARTESIAN_POINT('Ctrl Pts',(19.5491264591089,0.929039759882994,-2.36054763537323));
#5188=CARTESIAN_POINT('Ctrl Pts',(19.6614237136432,1.10120293028685,-2.2576014969287));
#5189=CARTESIAN_POINT('Ctrl Pts',(19.7249181836604,1.22308996319782,-2.21561686928651));
#5190=CARTESIAN_POINT('Ctrl Pts',(19.8432622082799,1.55178135549519,-2.14814081319588));
#5191=CARTESIAN_POINT('Ctrl Pts',(19.8859895945179,1.76921699368389,-2.13246754880925));
#5192=CARTESIAN_POINT('Ctrl Pts',(19.8859895945179,2.,-2.13246754880925));
#5193=CARTESIAN_POINT('',(19.9817073170732,2.,-0.855203306135164));
#5194=CARTESIAN_POINT('Origin',(0.,2.,0.));
#5195=CARTESIAN_POINT('',(19.9817073170732,2.,0.855203306135162));
#5196=CARTESIAN_POINT('Ctrl Pts',(19.9817073170732,2.,-0.855203306135164));
#5197=CARTESIAN_POINT('Ctrl Pts',(19.9817073170732,1.81988909074462,-0.855203306135164));
#5198=CARTESIAN_POINT('Ctrl Pts',(19.9575344301234,1.64721366632577,-0.841514503736831));
#5199=CARTESIAN_POINT('Ctrl Pts',(19.8805709286732,1.34641615686583,-0.786371834540144));
#5200=CARTESIAN_POINT('Ctrl Pts',(19.8309390750464,1.21809469607541,-0.747150929658758));
#5201=CARTESIAN_POINT('Ctrl Pts',(19.7377949759879,1.02450277430087,-0.649927023783837));
#5202=CARTESIAN_POINT('Ctrl Pts',(19.6945702476653,0.949324802678828,-0.597729002014238));
#5203=CARTESIAN_POINT('Ctrl Pts',(19.6214188259185,0.835697627973398,-0.481349629443031));
#5204=CARTESIAN_POINT('Ctrl Pts',(19.5914029367817,0.793775674124477,-0.423457631479136));
#5205=CARTESIAN_POINT('Ctrl Pts',(19.5370396379037,0.721651042682572,-0.281823787946542));
#5206=CARTESIAN_POINT('Ctrl Pts',(19.5156931084552,0.695972074980323,-0.197746479272954));
#5207=CARTESIAN_POINT('Ctrl Pts',(19.5037415094152,0.681592724154317,-0.088791398121264));
#5208=CARTESIAN_POINT('Ctrl Pts',(19.5021380087638,0.679676275388452,-0.0684609375527777));
#5209=CARTESIAN_POINT('Ctrl Pts',(19.5006397835541,0.677887123079976,-0.037350059908036));
#5210=CARTESIAN_POINT('Ctrl Pts',(19.5002968129453,0.677478212418279,-0.026614191639818));
#5211=CARTESIAN_POINT('Ctrl Pts',(19.4999884042278,0.677110504360752,-0.00722246083910553));
#5212=CARTESIAN_POINT('Ctrl Pts',(19.4999638061259,0.677081194112864,0.00143313941565086));
#5213=CARTESIAN_POINT('Ctrl Pts',(19.5001511303483,0.677304509912003,0.0200515341109047));
#5214=CARTESIAN_POINT('Ctrl Pts',(19.5004010498428,0.677602416205283,0.0300054269988785));
#5215=CARTESIAN_POINT('Ctrl Pts',(19.5014736557912,0.678882586466489,0.0568552306459664));
#5216=CARTESIAN_POINT('Ctrl Pts',(19.5025777422676,0.680201126012824,0.0736886415840773));
#5217=CARTESIAN_POINT('Ctrl Pts',(19.5091650219649,0.688103467282733,0.146267887993362));
#5218=CARTESIAN_POINT('Ctrl Pts',(19.5188506167305,0.699747135187103,0.200518502699007));
#5219=CARTESIAN_POINT('Ctrl Pts',(19.5512068035893,0.740335644753241,0.324623104909619));
#5220=CARTESIAN_POINT('Ctrl Pts',(19.5770336969107,0.773760398564421,0.390462266970961));
#5221=CARTESIAN_POINT('Ctrl Pts',(19.6424401338777,0.866812846850421,0.520538997539476));
#5222=CARTESIAN_POINT('Ctrl Pts',(19.682600237533,0.929039759882966,0.579463840600046));
#5223=CARTESIAN_POINT('Ctrl Pts',(19.7782998987493,1.10120293028711,0.697997193036181));
#5224=CARTESIAN_POINT('Ctrl Pts',(19.8348277039488,1.22308996319818,0.748976246777288));
#5225=CARTESIAN_POINT('Ctrl Pts',(19.9417931392795,1.55178135549514,0.833336912689382));
#5226=CARTESIAN_POINT('Ctrl Pts',(19.9817073170732,1.76921699368384,0.855203306135186));
#5227=CARTESIAN_POINT('Ctrl Pts',(19.9817073170732,2.,0.855203306135186));
#5228=CARTESIAN_POINT('',(19.8859895945179,2.,2.13246754880954));
#5229=CARTESIAN_POINT('Origin',(0.,2.,0.));
#5230=CARTESIAN_POINT('',(19.6310667169424,2.,3.82377033240173));
#5231=CARTESIAN_POINT('Ctrl Pts',(19.8859895945179,2.,2.13246754880954));
#5232=CARTESIAN_POINT('Ctrl Pts',(19.8859895945179,1.8198890907447,2.13246754880954));
#5233=CARTESIAN_POINT('Ctrl Pts',(19.8600464886124,1.64721366632589,2.14240067674411));
#5234=CARTESIAN_POINT('Ctrl Pts',(19.7757240175044,1.34641615686683,2.185456633217));
#5235=CARTESIAN_POINT('Ctrl Pts',(19.7208009381307,1.21809469607616,2.21684222905691));
#5236=CARTESIAN_POINT('Ctrl Pts',(19.6142067104422,1.02450277430089,2.29909781662772));
#5237=CARTESIAN_POINT('Ctrl Pts',(19.5636850551672,0.94932480267886,2.34427051815743));
#5238=CARTESIAN_POINT('Ctrl Pts',(19.4740052289375,0.835697627973422,2.44844737562141));
#5239=CARTESIAN_POINT('Ctrl Pts',(19.4356962379125,0.793775674124499,2.50121913166163));
#5240=CARTESIAN_POINT('Ctrl Pts',(19.3608307031593,0.721651042682586,2.63316861292181));
#5241=CARTESIAN_POINT('Ctrl Pts',(19.327191524189,0.695972074980332,2.7131253124003));
#5242=CARTESIAN_POINT('Ctrl Pts',(19.2991345024294,0.681592724154329,2.81908216191155));
#5243=CARTESIAN_POINT('Ctrl Pts',(19.2945188136399,0.679676275388455,2.83894655866216));
#5244=CARTESIAN_POINT('Ctrl Pts',(19.2884004866609,0.677887123079974,2.86948665462779));
#5245=CARTESIAN_POINT('Ctrl Pts',(19.2864612486144,0.677478212418279,2.88005149500091));
#5246=CARTESIAN_POINT('Ctrl Pts',(19.2832660970637,0.677110504360745,2.89918067025673));
#5247=CARTESIAN_POINT('Ctrl Pts',(19.2819517234253,0.677081194112872,2.90773592845107));
#5248=CARTESIAN_POINT('Ctrl Pts',(19.279362027653,0.677304509912008,2.92617429028691));
#5249=CARTESIAN_POINT('Ctrl Pts',(19.2781256049999,0.677602416205281,2.93605425498323));
#5250=CARTESIAN_POINT('Ctrl Pts',(19.2751844752441,0.67888258646649,2.96276403212888));
#5251=CARTESIAN_POINT('Ctrl Pts',(19.2737673402732,0.680201126012803,2.97957398332542));
#5252=CARTESIAN_POINT('Ctrl Pts',(19.2694636701366,0.688103467282739,3.05232436261333));
#5253=CARTESIAN_POINT('Ctrl Pts',(19.2709554502539,0.699747135187125,3.10741260576907));
#5254=CARTESIAN_POINT('Ctrl Pts',(19.2844534140827,0.74033564475323,3.2349535015255));
#5255=CARTESIAN_POINT('Ctrl Pts',(19.3001790244278,0.773760398564397,3.3039065932535));
#5256=CARTESIAN_POINT('Ctrl Pts',(19.3454679948336,0.866812846850431,3.44227879780236));
#5257=CARTESIAN_POINT('Ctrl Pts',(19.3763972511686,0.929039759883061,3.50653105190981));
#5258=CARTESIAN_POINT('Ctrl Pts',(19.4533615467738,1.10120293028684,3.63800377911416));
#5259=CARTESIAN_POINT('Ctrl Pts',(19.5016599493968,1.22308996319779,3.69683847113415));
#5260=CARTESIAN_POINT('Ctrl Pts',(19.5948573643688,1.55178135549505,3.79619926899321));
#5261=CARTESIAN_POINT('Ctrl Pts',(19.6310667169424,1.76921699368374,3.82377033240175));
#5262=CARTESIAN_POINT('Ctrl Pts',(19.6310667169424,2.,3.82377033240175));
#5263=CARTESIAN_POINT('',(19.3460517250297,2.,5.0725026025104));
#5264=CARTESIAN_POINT('Origin',(0.,2.,0.));
#5265=CARTESIAN_POINT('',(18.8419005257164,2.,6.70692064803272));
#5266=CARTESIAN_POINT('Ctrl Pts',(19.3460517250297,2.,5.07250260251039));
#5267=CARTESIAN_POINT('Ctrl Pts',(19.3460517250297,1.81988909074465,5.07250260251039));
#5268=CARTESIAN_POINT('Ctrl Pts',(19.3189179262848,1.64721366632576,5.07845816631713));
#5269=CARTESIAN_POINT('Ctrl Pts',(19.2291201101844,1.34641615686615,5.10846561114669));
#5270=CARTESIAN_POINT('Ctrl Pts',(19.170132695899,1.21809469607564,5.13131479559749));
#5271=CARTESIAN_POINT('Ctrl Pts',(19.0524694784861,1.02450277430085,5.19676461096065));
#5272=CARTESIAN_POINT('Ctrl Pts',(18.995779466553,0.9493248026788,5.23390290874393));
#5273=CARTESIAN_POINT('Ctrl Pts',(18.891574534967,0.835697627973384,5.32355011225203));
#5274=CARTESIAN_POINT('Ctrl Pts',(18.8458282016095,0.79377567412446,5.37002279254134));
#5275=CARTESIAN_POINT('Ctrl Pts',(18.752132803316,0.721651042682566,5.48934037815772));
#5276=CARTESIAN_POINT('Ctrl Pts',(18.706952418495,0.695972074980312,5.56339036789922));
#5277=CARTESIAN_POINT('Ctrl Pts',(18.6634167215189,0.681592724154301,5.66398208484056));
#5278=CARTESIAN_POINT('Ctrl Pts',(18.6558919514517,0.679676275388448,5.68293667997471));
#5279=CARTESIAN_POINT('Ctrl Pts',(18.645290196018,0.677887123079966,5.71222377898327));
#5280=CARTESIAN_POINT('Ctrl Pts',(18.6417980099073,0.677478212418277,5.7223815903852));
#5281=CARTESIAN_POINT('Ctrl Pts',(18.6357874899294,0.677110504360751,5.74082089593012));
#5282=CARTESIAN_POINT('Ctrl Pts',(18.6332127016895,0.677081194112866,5.74908470173349));
#5283=CARTESIAN_POINT('Ctrl Pts',(18.6279038354467,0.677304509912004,5.76693114817551));
#5284=CARTESIAN_POINT('Ctrl Pts',(18.6252086902849,0.677602416205286,5.77651648259516));
#5285=CARTESIAN_POINT('Ctrl Pts',(18.6183195248037,0.678882586466487,5.80248958095431));
#5286=CARTESIAN_POINT('Ctrl Pts',(18.6144128248388,0.680201126012805,5.81890056587725));
#5287=CARTESIAN_POINT('Ctrl Pts',(18.5993143417476,0.688103467282734,5.89019695478662));
#5288=CARTESIAN_POINT('Ctrl Pts',(18.592578983314,0.6997471351871,5.94489224607092));
#5289=CARTESIAN_POINT('Ctrl Pts',(18.5869172019055,0.74033564475324,6.07302038251713));
#5290=CARTESIAN_POINT('Ctrl Pts',(18.5921902451249,0.773760398564419,6.14354710578414));
#5291=CARTESIAN_POINT('Ctrl Pts',(18.6163500682084,0.866812846850423,6.28712377791679));
#5292=CARTESIAN_POINT('Ctrl Pts',(18.6373575687455,0.929039759883009,6.35526815388799));
#5293=CARTESIAN_POINT('Ctrl Pts',(18.6938672435559,1.10120293028707,6.49674337238743));
#5294=CARTESIAN_POINT('Ctrl Pts',(18.7328573370985,1.22308996319813,6.56211943288778));
#5295=CARTESIAN_POINT('Ctrl Pts',(18.8102048554653,1.55178135549509,6.67426080665824));
#5296=CARTESIAN_POINT('Ctrl Pts',(18.8419005257164,1.76921699368378,6.70692064803274));
#5297=CARTESIAN_POINT('Ctrl Pts',(18.8419005257164,2.,6.70692064803274));
#5298=CARTESIAN_POINT('',(18.3739550283925,2.,7.89922633012939));
#5299=CARTESIAN_POINT('Origin',(0.,2.,0.));
#5300=CARTESIAN_POINT('',(17.6318374120493,2.,9.4402494392394));
#5301=CARTESIAN_POINT('Ctrl Pts',(18.3739550283925,2.,7.89922633012939));
#5302=CARTESIAN_POINT('Ctrl Pts',(18.3739550283925,1.8198890907447,7.89922633012939));
#5303=CARTESIAN_POINT('Ctrl Pts',(18.3462366610348,1.6472136663257,7.90107129235412));
#5304=CARTESIAN_POINT('Ctrl Pts',(18.2529694347676,1.34641615686657,7.91735990880856));
#5305=CARTESIAN_POINT('Ctrl Pts',(18.1912353669322,1.21809469607592,7.93116226884657));
#5306=CARTESIAN_POINT('Ctrl Pts',(18.0651315616385,1.02450277430059,7.97834427127976));
#5307=CARTESIAN_POINT('Ctrl Pts',(18.0035395542365,0.949324802678632,8.00661855711336));
#5308=CARTESIAN_POINT('Ctrl Pts',(17.8871372832725,0.8356976279733,8.07973353627673));
#5309=CARTESIAN_POINT('Ctrl Pts',(17.8349755050762,0.793775674124387,8.11886901793126));
#5310=CARTESIAN_POINT('Ctrl Pts',(17.7245432436132,0.721651042682517,8.22288935020756));
#5311=CARTESIAN_POINT('Ctrl Pts',(17.6688309080801,0.695972074980284,8.28937847580519));
#5312=CARTESIAN_POINT('Ctrl Pts',(17.6107890514175,0.681592724154306,8.38235800744271));
#5313=CARTESIAN_POINT('Ctrl Pts',(17.6005232910015,0.679676275388443,8.39997938662672));
#5314=CARTESIAN_POINT('Ctrl Pts',(17.5856749328107,0.677887123079958,8.42735926328188));
#5315=CARTESIAN_POINT('Ctrl Pts',(17.5807078083027,0.677478212418275,8.4368831369912));
#5316=CARTESIAN_POINT('Ctrl Pts',(17.5720161849818,0.677110504360749,8.45422066920982));
#5317=CARTESIAN_POINT('Ctrl Pts',(17.568238498655,0.677081194112866,8.46200842285591));
#5318=CARTESIAN_POINT('Ctrl Pts',(17.5603290532409,0.677304509912006,8.4788642937807));
#5319=CARTESIAN_POINT('Ctrl Pts',(17.5562353906599,0.677602416205287,8.48794087739195));
#5320=CARTESIAN_POINT('Ctrl Pts',(17.545552082026,0.678882586466486,8.51259710086661));
#5321=CARTESIAN_POINT('Ctrl Pts',(17.5392430862888,0.680201126012803,8.52824252523108));
#5322=CARTESIAN_POINT('Ctrl Pts',(17.5136870654057,0.688103467282738,8.59649228024752));
#5323=CARTESIAN_POINT('Ctrl Pts',(17.4988750251988,0.699747135187125,8.64957281723437));
#5324=CARTESIAN_POINT('Ctrl Pts',(17.4741799733938,0.740335644753236,8.77542602352735));
#5325=CARTESIAN_POINT('Ctrl Pts',(17.4688826584155,0.773760398564383,8.84595092787746));
#5326=CARTESIAN_POINT('Ctrl Pts',(17.4713736436519,0.866812846850455,8.99152480199193));
#5327=CARTESIAN_POINT('Ctrl Pts',(17.4819901155431,0.929039759883105,9.0620390670729));
#5328=CARTESIAN_POINT('Ctrl Pts',(17.5167828368025,1.10120293028671,9.2103564542663));
#5329=CARTESIAN_POINT('Ctrl Pts',(17.5455936470042,1.2230899631976,9.28081349008635));
#5330=CARTESIAN_POINT('Ctrl Pts',(17.6053634530185,1.55178135549524,9.40323038678655));
#5331=CARTESIAN_POINT('Ctrl Pts',(17.6318374120493,1.76921699368396,9.44024943923942));
#5332=CARTESIAN_POINT('Ctrl Pts',(17.6318374120493,2.,9.44024943923942));
#5333=CARTESIAN_POINT('Origin',(0.,2.,0.));
#5334=CARTESIAN_POINT('Origin',(0.,2.,0.));
#5335=CARTESIAN_POINT('Origin',(0.,2.,0.));
#5336=CARTESIAN_POINT('Origin',(0.,2.,0.));
#5337=CARTESIAN_POINT('Origin',(0.,2.,0.));
#5338=CARTESIAN_POINT('Origin',(0.,2.,0.));
#5339=CARTESIAN_POINT('Origin',(0.,2.,0.));
#5340=CARTESIAN_POINT('Origin',(0.,2.,0.));
#5341=CARTESIAN_POINT('Origin',(0.,13.,0.));
#5342=CARTESIAN_POINT('',(-2.20436423846524E-15,15.,-18.));
#5343=CARTESIAN_POINT('Origin',(0.,15.,0.));
#5344=CARTESIAN_POINT('',(-2.44929359829471E-15,13.,-20.));
#5345=CARTESIAN_POINT('Origin',(-2.20436423846524E-15,13.,-18.));
#5346=CARTESIAN_POINT('',(-0.64042287358133,13.,-19.9897438338512));
#5347=CARTESIAN_POINT('Origin',(0.,13.,0.));
#5348=CARTESIAN_POINT('',(-2.3460468420611,13.,-19.8619249876455));
#5349=CARTESIAN_POINT('Ctrl Pts',(-0.64042287358133,13.,-19.9897438338513));
#5350=CARTESIAN_POINT('Ctrl Pts',(-0.64042287358133,13.1801109092551,-19.9897438338513));
#5351=CARTESIAN_POINT('Ctrl Pts',(-0.652266957207767,13.352786333674,-19.9646155737118));
#5352=CARTESIAN_POINT('Ctrl Pts',(-0.701503946651291,13.6535838431339,-19.8837464609917));
#5353=CARTESIAN_POINT('Ctrl Pts',(-0.736906188861417,13.7819053039244,-19.8313224062016));
#5354=CARTESIAN_POINT('Ctrl Pts',(-0.826897569737118,13.9754972256991,-19.7311732053505));
#5355=CARTESIAN_POINT('Ctrl Pts',(-0.875719447258306,14.0506751973212,-19.6841685790832));
#5356=CARTESIAN_POINT('Ctrl Pts',(-0.986306786906768,14.1643023720266,-19.6025246621443));
#5357=CARTESIAN_POINT('Ctrl Pts',(-1.04179381689849,14.2062243258755,-19.5682664290955));
#5358=CARTESIAN_POINT('Ctrl Pts',(-1.17896904906572,14.2783489573174,-19.5034708306449));
#5359=CARTESIAN_POINT('Ctrl Pts',(-1.26121603238836,14.3040279250197,-19.4759008852766));
#5360=CARTESIAN_POINT('Ctrl Pts',(-1.36897330892031,14.3184072758457,-19.4558404819204));
#5361=CARTESIAN_POINT('Ctrl Pts',(-1.38912709164388,14.3203237246116,-19.4527221677611));
#5362=CARTESIAN_POINT('Ctrl Pts',(-1.42003901445496,14.32211287692,-19.4489032130949));
#5363=CARTESIAN_POINT('Ctrl Pts',(-1.43071923283224,14.3225217875817,-19.4477589090611));
#5364=CARTESIAN_POINT('Ctrl Pts',(-1.45003369300805,14.3228894956393,-19.4460022168594));
#5365=CARTESIAN_POINT('Ctrl Pts',(-1.45866325223058,14.3229188058871,-19.4453308537217));
#5366=CARTESIAN_POINT('Ctrl Pts',(-1.47724358487499,14.322695490088,-19.4441262997696));
#5367=CARTESIAN_POINT('Ctrl Pts',(-1.48718832116697,14.3223975837947,-19.4436316650914));
#5368=CARTESIAN_POINT('Ctrl Pts',(-1.51404320325991,14.3211174135335,-19.4426947834767));
#5369=CARTESIAN_POINT('Ctrl Pts',(-1.53091205305251,14.3197988739872,-19.4425378203286));
#5370=CARTESIAN_POINT('Ctrl Pts',(-1.60378062119685,14.3118965327173,-19.4436828267792));
#5371=CARTESIAN_POINT('Ctrl Pts',(-1.65860334558399,14.3002528648129,-19.4492871851433));
#5372=CARTESIAN_POINT('Ctrl Pts',(-1.78477890702812,14.2596643552468,-19.4722785490036));
#5373=CARTESIAN_POINT('Ctrl Pts',(-1.85236401559388,14.2262396014356,-19.4931130583506));
#5374=CARTESIAN_POINT('Ctrl Pts',(-1.98696485439743,14.1331871531496,-19.5486159594053));
#5375=CARTESIAN_POINT('Ctrl Pts',(-2.04872609995035,14.0709602401171,-19.5842603082292));
#5376=CARTESIAN_POINT('Ctrl Pts',(-2.17407965373114,13.898797069713,-19.6708343652623));
#5377=CARTESIAN_POINT('Ctrl Pts',(-2.22914048787128,13.7769100368019,-19.7233944377965));
#5378=CARTESIAN_POINT('Ctrl Pts',(-2.32125880124431,13.448218644505,-19.8237564956168));
#5379=CARTESIAN_POINT('Ctrl Pts',(-2.34604684206112,13.2307830063164,-19.8619249876455));
#5380=CARTESIAN_POINT('Ctrl Pts',(-2.34604684206112,13.,-19.8619249876455));
#5381=CARTESIAN_POINT('',(-3.61258660049529,13.,-19.6710248348662));
#5382=CARTESIAN_POINT('Origin',(0.,13.,0.));
#5383=CARTESIAN_POINT('',(-5.28010974797799,13.,-19.2904235580587));
#5384=CARTESIAN_POINT('Ctrl Pts',(-3.61258660049529,13.,-19.6710248348662));
#5385=CARTESIAN_POINT('Ctrl Pts',(-3.61258660049529,13.1801109092553,-19.6710248348662));
#5386=CARTESIAN_POINT('Ctrl Pts',(-3.62055322265728,13.3527863336742,-19.6444119675664));
#5387=CARTESIAN_POINT('Ctrl Pts',(-3.65718735978606,13.6535838431338,-19.5571077035329));
#5388=CARTESIAN_POINT('Ctrl Pts',(-3.68438078827286,13.7819053039244,-19.4999927517141));
#5389=CARTESIAN_POINT('Ctrl Pts',(-3.75844057592679,13.9754972256992,-19.3875496153486));
#5390=CARTESIAN_POINT('Ctrl Pts',(-3.79971147739433,14.0506751973213,-19.3337934686556));
#5391=CARTESIAN_POINT('Ctrl Pts',(-3.89689525342886,14.1643023720267,-19.236579259101));
#5392=CARTESIAN_POINT('Ctrl Pts',(-3.94665661445158,14.2062243258756,-19.1944337495171));
#5393=CARTESIAN_POINT('Ctrl Pts',(-4.07264242978182,14.2783489573175,-19.1099169569));
#5394=CARTESIAN_POINT('Ctrl Pts',(-4.14986169511923,14.3040279250197,-19.0703966682618));
#5395=CARTESIAN_POINT('Ctrl Pts',(-4.25342556392744,14.3184072758457,-19.0344999343454));
#5396=CARTESIAN_POINT('Ctrl Pts',(-4.27288948494059,14.3203237246116,-19.0284126837297));
#5397=CARTESIAN_POINT('Ctrl Pts',(-4.30288696145603,14.32211287692,-19.0200292006043));
#5398=CARTESIAN_POINT('Ctrl Pts',(-4.31327734095199,14.3225217875817,-19.0173058735509));
#5399=CARTESIAN_POINT('Ctrl Pts',(-4.33211425317903,14.3228894956393,-19.012690131235));
#5400=CARTESIAN_POINT('Ctrl Pts',(-4.34054736587156,14.3229188058871,-19.0107400976063));
#5401=CARTESIAN_POINT('Ctrl Pts',(-4.35874064210107,14.322695490088,-19.0067797426429));
#5402=CARTESIAN_POINT('Ctrl Pts',(-4.36850058243184,14.3223975837947,-19.0048084465919));
#5403=CARTESIAN_POINT('Ctrl Pts',(-4.39491588272114,14.3211174135335,-18.9998795166857));
#5404=CARTESIAN_POINT('Ctrl Pts',(-4.41157292725577,14.3197988739872,-18.9972101350855));
#5405=CARTESIAN_POINT('Ctrl Pts',(-4.48379826805592,14.3118965327173,-18.9874818562308));
#5406=CARTESIAN_POINT('Ctrl Pts',(-4.53884395417862,14.3002528648129,-18.9848527154619));
#5407=CARTESIAN_POINT('Ctrl Pts',(-4.66703692382306,14.2596643552468,-18.9887817931701));
#5408=CARTESIAN_POINT('Ctrl Pts',(-4.7369723850544,14.2262396014356,-18.9993105605213));
#5409=CARTESIAN_POINT('Ctrl Pts',(-4.87834212185167,14.1331871531496,-19.0341323259847));
#5410=CARTESIAN_POINT('Ctrl Pts',(-4.94472605984552,14.070960240117,-19.0601735208834));
#5411=CARTESIAN_POINT('Ctrl Pts',(-5.08158271165309,13.8987970697129,-19.1270976395004));
#5412=CARTESIAN_POINT('Ctrl Pts',(-5.1438622340894,13.7769100368018,-19.170864267953));
#5413=CARTESIAN_POINT('Ctrl Pts',(-5.24990985054818,13.4482186445049,-19.2563758423277));
#5414=CARTESIAN_POINT('Ctrl Pts',(-5.28010974797801,13.2307830063162,-19.2904235580587));
#5415=CARTESIAN_POINT('Ctrl Pts',(-5.28010974797801,13.,-19.2904235580587));
#5416=CARTESIAN_POINT('',(-6.50405111237386,13.,-18.9128876464602));
#5417=CARTESIAN_POINT('Origin',(0.,13.,0.));
#5418=CARTESIAN_POINT('',(-8.09622372724377,13.,-18.2880059426504));
#5419=CARTESIAN_POINT('Ctrl Pts',(-6.50405111237386,13.,-18.9128876464602));
#5420=CARTESIAN_POINT('Ctrl Pts',(-6.50405111237386,13.1801109092552,-18.9128876464602));
#5421=CARTESIAN_POINT('Ctrl Pts',(-6.50796231189672,13.3527863336741,-18.8853846594792));
#5422=CARTESIAN_POINT('Ctrl Pts',(-6.53117525062341,13.6535838431336,-18.793595477125));
#5423=CARTESIAN_POINT('Ctrl Pts',(-6.54955240913025,13.7819053039242,-18.7330654819214));
#5424=CARTESIAN_POINT('Ctrl Pts',(-6.60602623028627,13.9754972256991,-18.6108402039013));
#5425=CARTESIAN_POINT('Ctrl Pts',(-6.63882423195943,14.0506751973212,-18.5515333602703));
#5426=CARTESIAN_POINT('Ctrl Pts',(-6.7204335194148,14.1643023720266,-18.4409204628999));
#5427=CARTESIAN_POINT('Ctrl Pts',(-6.76335762489143,14.2062243258755,-18.3918291378215));
#5428=CARTESIAN_POINT('Ctrl Pts',(-6.87533970845549,14.2783489573174,-18.2894791165251));
#5429=CARTESIAN_POINT('Ctrl Pts',(-6.94580630502099,14.3040279250197,-18.23889130256));
#5430=CARTESIAN_POINT('Ctrl Pts',(-7.04286332041044,14.3184072758457,-18.1879601118016));
#5431=CARTESIAN_POINT('Ctrl Pts',(-7.06120258788094,14.3203237246116,-18.1790399038493));
#5432=CARTESIAN_POINT('Ctrl Pts',(-7.08961552404509,14.32211287692,-18.1662791654243));
#5433=CARTESIAN_POINT('Ctrl Pts',(-7.09948396075122,14.3225217875817,-18.1620376499774));
#5434=CARTESIAN_POINT('Ctrl Pts',(-7.11742253953739,14.3228894956393,-18.1546659656035));
#5435=CARTESIAN_POINT('Ctrl Pts',(-7.12547082389761,14.3229188058871,-18.1514808220126));
#5436=CARTESIAN_POINT('Ctrl Pts',(-7.14287063598471,14.322695490088,-18.1448531338237));
#5437=CARTESIAN_POINT('Ctrl Pts',(-7.1522277594151,14.3223975837947,-18.1414492118962));
#5438=CARTESIAN_POINT('Ctrl Pts',(-7.17761340374223,14.3211174135335,-18.1326383378478));
#5439=CARTESIAN_POINT('Ctrl Pts',(-7.1936865521689,14.3197988739872,-18.1275161673693));
#5440=CARTESIAN_POINT('Ctrl Pts',(-7.26365527086013,14.3118965327173,-18.1071319168835));
#5441=CARTESIAN_POINT('Ctrl Pts',(-7.31769428905067,14.3002528648129,-18.0963280076417));
#5442=CARTESIAN_POINT('Ctrl Pts',(-7.44504104778603,14.2596643552468,-18.0811070300946));
#5443=CARTESIAN_POINT('Ctrl Pts',(-7.51576461904391,14.2262396014356,-18.0810948601857));
#5444=CARTESIAN_POINT('Ctrl Pts',(-7.66074528752134,14.1331871531496,-18.0944576293584));
#5445=CARTESIAN_POINT('Ctrl Pts',(-7.73026901047753,14.070960240117,-18.1103139530697));
#5446=CARTESIAN_POINT('Ctrl Pts',(-7.8755716088595,13.8987970697127,-18.1560931590495));
#5447=CARTESIAN_POINT('Ctrl Pts',(-7.94367859797452,13.7769100368016,-18.1900886692631));
#5448=CARTESIAN_POINT('Ctrl Pts',(-8.06128658900555,13.4482186445052,-18.2588395729241));
#5449=CARTESIAN_POINT('Ctrl Pts',(-8.0962237272438,13.2307830063166,-18.2880059426504));
#5450=CARTESIAN_POINT('Ctrl Pts',(-8.0962237272438,13.,-18.2880059426504));
#5451=CARTESIAN_POINT('',(-9.25022587002293,13.,-17.7322678006384));
#5452=CARTESIAN_POINT('Origin',(0.,13.,0.));
#5453=CARTESIAN_POINT('',(-10.7314814470499,13.,-16.8770644945033));
#5454=CARTESIAN_POINT('Ctrl Pts',(-9.25022587002293,13.,-17.7322678006384));
#5455=CARTESIAN_POINT('Ctrl Pts',(-9.25022587002293,13.1801109092552,-17.7322678006384));
#5456=CARTESIAN_POINT('Ctrl Pts',(-9.24999427717237,13.3527863336741,-17.704489065258));
#5457=CARTESIAN_POINT('Ctrl Pts',(-9.25926747880408,13.653583843134,-17.6102653832395));
#5458=CARTESIAN_POINT('Ctrl Pts',(-9.26841785197734,13.7819053039245,-17.5476724847212));
#5459=CARTESIAN_POINT('Ctrl Pts',(-9.30604417479098,13.9754972256992,-17.4183953757863));
#5460=CARTESIAN_POINT('Ctrl Pts',(-9.32963662350947,14.0506751973212,-17.3548626521025));
#5461=CARTESIAN_POINT('Ctrl Pts',(-9.39384840575921,14.1643023720266,-17.2333219762612));
#5462=CARTESIAN_POINT('Ctrl Pts',(-9.42897640210337,14.2062243258756,-17.1783814547696));
#5463=CARTESIAN_POINT('Ctrl Pts',(-9.52445325919924,14.2783489573174,-17.0604845351415));
#5464=CARTESIAN_POINT('Ctrl Pts',(-9.58659307966813,14.3040279250197,-16.9999592440196));
#5465=CARTESIAN_POINT('Ctrl Pts',(-9.67497514829694,14.3184072758457,-16.9351313150593));
#5466=CARTESIAN_POINT('Ctrl Pts',(-9.69178009329418,14.3203237246116,-16.923577412476));
#5467=CARTESIAN_POINT('Ctrl Pts',(-9.71797379106381,14.32211287692,-16.9067244725614));
#5468=CARTESIAN_POINT('Ctrl Pts',(-9.7270998404113,14.3225217875817,-16.9010595171673));
#5469=CARTESIAN_POINT('Ctrl Pts',(-9.74373936754929,14.3228894956393,-16.8910965619828));
#5470=CARTESIAN_POINT('Ctrl Pts',(-9.75122303820395,14.3229188058871,-16.8867474592744));
#5471=CARTESIAN_POINT('Ctrl Pts',(-9.76744070309894,14.322695490088,-16.8776004894621));
#5472=CARTESIAN_POINT('Ctrl Pts',(-9.77618598695374,14.3223975837947,-16.8728399796492));
#5473=CARTESIAN_POINT('Ctrl Pts',(-9.79997490197275,14.3211174135335,-16.8603439818253));
#5474=CARTESIAN_POINT('Ctrl Pts',(-9.8151051067156,14.3197988739872,-16.8528834432929));
#5475=CARTESIAN_POINT('Ctrl Pts',(-9.88125421774244,14.3118965327173,-16.8222985716478));
#5476=CARTESIAN_POINT('Ctrl Pts',(-9.93307942563124,14.3002528648129,-16.8035612354127));
#5477=CARTESIAN_POINT('Ctrl Pts',(-10.0567352573016,14.2596643552468,-16.7695302140968));
#5478=CARTESIAN_POINT('Ctrl Pts',(-10.1266670908713,14.2262396014356,-16.7589773787833));
#5479=CARTESIAN_POINT('Ctrl Pts',(-10.2720200624684,14.1331871531496,-16.7505826494835));
#5480=CARTESIAN_POINT('Ctrl Pts',(-10.3431305253005,14.070960240117,-16.7558998979373));
#5481=CARTESIAN_POINT('Ctrl Pts',(-10.4936332503139,13.8987970697131,-16.7795115594661));
#5482=CARTESIAN_POINT('Ctrl Pts',(-10.5660463085144,13.7769100368021,-16.8029765479184));
#5483=CARTESIAN_POINT('Ctrl Pts',(-10.6925875059398,13.4482186445051,-16.8534309992856));
#5484=CARTESIAN_POINT('Ctrl Pts',(-10.7314814470499,13.2307830063164,-16.8770644945033));
#5485=CARTESIAN_POINT('Ctrl Pts',(-10.7314814470499,13.,-16.8770644945033));
#5486=CARTESIAN_POINT('',(-11.7897658672738,13.,-16.1555383938408));
#5487=CARTESIAN_POINT('Origin',(0.,13.,0.));
#5488=CARTESIAN_POINT('',(-13.1270156045682,13.,-15.0891173140586));
#5489=CARTESIAN_POINT('Ctrl Pts',(-11.7897658672738,13.,-16.1555383938408));
#5490=CARTESIAN_POINT('Ctrl Pts',(-11.7897658672738,13.1801109092552,-16.1555383938408));
#5491=CARTESIAN_POINT('Ctrl Pts',(-11.7853966554514,13.3527863336741,-16.1281044411064));
#5492=CARTESIAN_POINT('Ctrl Pts',(-11.7805229719872,13.653583843134,-16.0335510607802));
#5493=CARTESIAN_POINT('Ctrl Pts',(-11.7802421556106,13.7819053039245,-15.9702934808684));
#5494=CARTESIAN_POINT('Ctrl Pts',(-11.7981804702059,13.9754972256992,-15.8368523780083));
#5495=CARTESIAN_POINT('Ctrl Pts',(-11.8120403496507,14.0506751973213,-15.7705129903341));
#5496=CARTESIAN_POINT('Ctrl Pts',(-11.8574202415862,14.1643023720267,-15.6407595538802));
#5497=CARTESIAN_POINT('Ctrl Pts',(-11.8839674274068,14.2062243258756,-15.5811971164391));
#5498=CARTESIAN_POINT('Ctrl Pts',(-11.9608062628177,14.2783489573174,-15.4503869208448));
#5499=CARTESIAN_POINT('Ctrl Pts',(-12.0132312062837,14.3040279250197,-15.3812761875548));
#5500=CARTESIAN_POINT('Ctrl Pts',(-12.0909640187857,14.3184072758457,-15.3039996692008));
#5501=CARTESIAN_POINT('Ctrl Pts',(-12.1058592466077,14.3203237246116,-15.2900701670778));
#5502=CARTESIAN_POINT('Ctrl Pts',(-12.1292485820585,14.32211287692,-15.2695014925027));
#5503=CARTESIAN_POINT('Ctrl Pts',(-12.1374283831852,14.3225217875817,-15.2625396429038));
#5504=CARTESIAN_POINT('Ctrl Pts',(-12.1523971591346,14.3228894956393,-15.2502079728644));
#5505=CARTESIAN_POINT('Ctrl Pts',(-12.1591490432477,14.3229188058871,-15.2447920628061));
#5506=CARTESIAN_POINT('Ctrl Pts',(-12.1738222851158,14.322695490088,-15.2333301395612));
#5507=CARTESIAN_POINT('Ctrl Pts',(-12.1817603742049,14.3223975837947,-15.2273193837855));
#5508=CARTESIAN_POINT('Ctrl Pts',(-12.2034211548644,14.3211174135335,-15.2114174021285));
#5509=CARTESIAN_POINT('Ctrl Pts',(-12.2172704321515,14.3197988739872,-15.2017851516448));
#5510=CARTESIAN_POINT('Ctrl Pts',(-12.2781222736814,14.3118965327173,-15.161682874333));
#5511=CARTESIAN_POINT('Ctrl Pts',(-12.3265759817628,14.3002528648129,-15.1354306722337));
#5512=CARTESIAN_POINT('Ctrl Pts',(-12.4437786194237,14.2596643552468,-15.0833498039305));
#5513=CARTESIAN_POINT('Ctrl Pts',(-12.5113565537022,14.2262396014356,-15.0624920361154));
#5514=CARTESIAN_POINT('Ctrl Pts',(-12.653834883222,14.1331871531496,-15.0325273327236));
#5515=CARTESIAN_POINT('Ctrl Pts',(-12.724943595697,14.070960240117,-15.0271867273761));
#5516=CARTESIAN_POINT('Ctrl Pts',(-12.8772844651638,13.8987970697127,-15.0281033989525));
#5517=CARTESIAN_POINT('Ctrl Pts',(-12.9523860043883,13.7769100368015,-15.0405136965763));
#5518=CARTESIAN_POINT('Ctrl Pts',(-13.0850336869602,13.4482186445051,-15.0715446265795));
#5519=CARTESIAN_POINT('Ctrl Pts',(-13.1270156045683,13.2307830063164,-15.0891173140586));
#5520=CARTESIAN_POINT('Ctrl Pts',(-13.1270156045683,13.,-15.0891173140586));
#5521=CARTESIAN_POINT('',(-14.0659419770514,13.,-14.2179209555484));
#5522=CARTESIAN_POINT('Origin',(0.,13.,0.));
#5523=CARTESIAN_POINT('',(-15.2293139252208,13.,-12.9641041868336));
#5524=CARTESIAN_POINT('Ctrl Pts',(-14.0659419770514,13.,-14.2179209555484));
#5525=CARTESIAN_POINT('Ctrl Pts',(-14.0659419770514,13.1801109092551,-14.2179209555484));
#5526=CARTESIAN_POINT('Ctrl Pts',(-14.0575327472294,13.352786333674,-14.1914446146308));
#5527=CARTESIAN_POINT('Ctrl Pts',(-14.0386210487043,13.6535838431336,-14.0986737022688));
#5528=CARTESIAN_POINT('Ctrl Pts',(-14.0289153157518,13.7819053039241,-14.0361645107688));
#5529=CARTESIAN_POINT('Ctrl Pts',(-14.0267649098228,13.9754972256991,-13.9015402677165));
#5530=CARTESIAN_POINT('Ctrl Pts',(-14.0305826131899,14.0506751973211,-13.8338761283499));
#5531=CARTESIAN_POINT('Ctrl Pts',(-14.0561169030131,14.1643023720265,-13.6988084086428));
#5532=CARTESIAN_POINT('Ctrl Pts',(-14.0734902580469,14.2062243258755,-13.6359545816806));
#5533=CARTESIAN_POINT('Ctrl Pts',(-14.1299746191621,14.2783489573174,-13.4951531937325));
#5534=CARTESIAN_POINT('Ctrl Pts',(-14.1715135990177,14.3040279250197,-13.419000837854));
#5535=CARTESIAN_POINT('Ctrl Pts',(-14.2368607328111,14.3184072758457,-13.3310019598306));
#5536=CARTESIAN_POINT('Ctrl Pts',(-14.2495135086822,14.3203237246116,-13.3150080202276));
#5537=CARTESIAN_POINT('Ctrl Pts',(-14.2695760027099,14.32211287692,-13.2911830811931));
#5538=CARTESIAN_POINT('Ctrl Pts',(-14.2766268323755,14.3225217875817,-13.2830798536054));
#5539=CARTESIAN_POINT('Ctrl Pts',(-14.2895904794166,14.3228894956393,-13.2686549378421));
#5540=CARTESIAN_POINT('Ctrl Pts',(-14.2954597510543,14.3229188058871,-13.2622932029153));
#5541=CARTESIAN_POINT('Ctrl Pts',(-14.308260793919,14.322695490088,-13.2487723666628));
#5542=CARTESIAN_POINT('Ctrl Pts',(-14.3152143644493,14.3223975837947,-13.241645635276));
#5543=CARTESIAN_POINT('Ctrl Pts',(-14.3342631447027,14.3211174135335,-13.2226928937788));
#5544=CARTESIAN_POINT('Ctrl Pts',(-14.3465221245647,14.3197988739872,-13.2111040999027));
#5545=CARTESIAN_POINT('Ctrl Pts',(-14.4007173670126,14.3118965327173,-13.1623802355325));
#5546=CARTESIAN_POINT('Ctrl Pts',(-14.4447171995154,14.3002528648129,-13.1291995983833));
#5547=CARTESIAN_POINT('Ctrl Pts',(-14.5528485299131,14.2596643552468,-13.0602322836297));
#5548=CARTESIAN_POINT('Ctrl Pts',(-14.6165629855177,14.2262396014356,-13.0295355113795));
#5549=CARTESIAN_POINT('Ctrl Pts',(-14.7529839425172,14.1331871531496,-12.9786701958544));
#5550=CARTESIAN_POINT('Ctrl Pts',(-14.8225024535019,14.070960240117,-12.962791037004));
#5551=CARTESIAN_POINT('Ctrl Pts',(-14.9732784241334,13.8987970697131,-12.9409922416996));
#5552=CARTESIAN_POINT('Ctrl Pts',(-15.0493908000974,13.7769100368021,-12.9420706229533));
#5553=CARTESIAN_POINT('Ctrl Pts',(-15.1851818377813,13.448218644505,-12.9529848518934));
#5554=CARTESIAN_POINT('Ctrl Pts',(-15.2293139252208,13.2307830063164,-12.9641041868335));
#5555=CARTESIAN_POINT('Ctrl Pts',(-15.2293139252208,13.,-12.9641041868335));
#5556=CARTESIAN_POINT('',(-16.0279081863311,13.,-11.9626986575162));
#5557=CARTESIAN_POINT('Origin',(0.,13.,0.));
#5558=CARTESIAN_POINT('',(-16.9914145384677,13.,-10.549494394612));
#5559=CARTESIAN_POINT('Ctrl Pts',(-16.0279081863311,13.,-11.9626986575162));
#5560=CARTESIAN_POINT('Ctrl Pts',(-16.0279081863311,13.1801109092551,-11.9626986575162));
#5561=CARTESIAN_POINT('Ctrl Pts',(-16.0156467868079,13.3527863336738,-11.9377713661207));
#5562=CARTESIAN_POINT('Ctrl Pts',(-15.9831195293164,13.6535838431334,-11.8488552706056));
#5563=CARTESIAN_POINT('Ctrl Pts',(-15.9642056898238,13.781905303924,-11.7884908195621));
#5564=CARTESIAN_POINT('Ctrl Pts',(-15.9420145998855,13.975497225699,-11.6556907194476));
#5565=CARTESIAN_POINT('Ctrl Pts',(-15.9357048459902,14.0506751973211,-11.5882133334506));
#5566=CARTESIAN_POINT('Ctrl Pts',(-15.9408231398608,14.1643023720265,-11.4508485201558));
#5567=CARTESIAN_POINT('Ctrl Pts',(-15.9486345720648,14.2062243258755,-11.386107354304));
#5568=CARTESIAN_POINT('Ctrl Pts',(-15.9835026915947,14.2783489573174,-11.2384600443415));
#5569=CARTESIAN_POINT('Ctrl Pts',(-16.013227795671,14.3040279250197,-11.1569671836668));
#5570=CARTESIAN_POINT('Ctrl Pts',(-16.0647295037699,14.3184072758457,-11.0602116954953));
#5571=CARTESIAN_POINT('Ctrl Pts',(-16.074857185585,14.3203237246116,-11.0425105965939));
#5572=CARTESIAN_POINT('Ctrl Pts',(-16.0911446752253,14.32211287692,-11.0159616028686));
#5573=CARTESIAN_POINT('Ctrl Pts',(-16.0969090295461,14.3225217875817,-11.0068980100062));
#5574=CARTESIAN_POINT('Ctrl Pts',(-16.107577961226,14.3228894956393,-10.9907020773007));
#5575=CARTESIAN_POINT('Ctrl Pts',(-16.1124335105585,14.3229188058871,-10.9835366281512));
#5576=CARTESIAN_POINT('Ctrl Pts',(-16.1230764002752,14.322695490088,-10.9682589120305));
#5577=CARTESIAN_POINT('Ctrl Pts',(-16.1288901209715,14.3223975837947,-10.9601754044352));
#5578=CARTESIAN_POINT('Ctrl Pts',(-16.1449013825451,14.3211174135335,-10.9385952760243));
#5579=CARTESIAN_POINT('Ctrl Pts',(-16.1552962196292,14.3197988739872,-10.9253088132613));
#5580=CARTESIAN_POINT('Ctrl Pts',(-16.2016242308339,14.3118965327173,-10.8690517724488));
#5581=CARTESIAN_POINT('Ctrl Pts',(-16.2401873042075,14.3002528648129,-10.8296839008542));
#5582=CARTESIAN_POINT('Ctrl Pts',(-16.3368318521025,14.2596643552468,-10.7453707554968));
#5583=CARTESIAN_POINT('Ctrl Pts',(-16.39525955338,14.2262396014356,-10.7055206939787));
#5584=CARTESIAN_POINT('Ctrl Pts',(-16.5225757191086,14.1331871531496,-10.6348910134167));
#5585=CARTESIAN_POINT('Ctrl Pts',(-16.5889510999435,14.070960240117,-10.6088280152325));
#5586=CARTESIAN_POINT('Ctrl Pts',(-16.734794085706,13.898797069713,-10.5648007021131));
#5587=CARTESIAN_POINT('Ctrl Pts',(-16.8102170737023,13.7769100368019,-10.5545230777414));
#5588=CARTESIAN_POINT('Ctrl Pts',(-16.946118119104,13.4482186445051,-10.5450767997791));
#5589=CARTESIAN_POINT('Ctrl Pts',(-16.9914145384677,13.2307830063164,-10.549494394612));
#5590=CARTESIAN_POINT('Ctrl Pts',(-16.9914145384677,13.,-10.549494394612));
#5591=CARTESIAN_POINT('',(-17.6318374120492,13.,-9.44024943923952));
#5592=CARTESIAN_POINT('Origin',(0.,13.,0.));
#5593=CARTESIAN_POINT('',(-18.3739550283925,13.,-7.89922633012952));
#5594=CARTESIAN_POINT('Ctrl Pts',(-17.6318374120492,13.,-9.44024943923952));
#5595=CARTESIAN_POINT('Ctrl Pts',(-17.6318374120492,13.1801109092552,-9.44024943923952));
#5596=CARTESIAN_POINT('Ctrl Pts',(-17.6159977422288,13.352786333674,-9.41742803186476));
#5597=CARTESIAN_POINT('Ctrl Pts',(-17.5705815309534,13.6535838431338,-9.33435299184076));
#5598=CARTESIAN_POINT('Ctrl Pts',(-17.5428820888408,13.7819053039243,-9.27748172334082));
#5599=CARTESIAN_POINT('Ctrl Pts',(-17.5011460271729,13.9754972256991,-9.14947230095524));
#5600=CARTESIAN_POINT('Ctrl Pts',(-17.4848497654907,14.0506751973212,-9.08368900162781));
#5601=CARTESIAN_POINT('Ctrl Pts',(-17.4694377291813,14.1643023720266,-8.94709559768586));
#5602=CARTESIAN_POINT('Ctrl Pts',(-17.4675127440682,14.2062243258755,-8.88191330360809));
#5603=CARTESIAN_POINT('Ctrl Pts',(-17.4799857258402,14.2783489573174,-8.73071826855593));
#5604=CARTESIAN_POINT('Ctrl Pts',(-17.4972329444315,14.3040279250197,-8.64570531892969));
#5605=CARTESIAN_POINT('Ctrl Pts',(-17.5337387637809,14.3184072758457,-8.54235457833226));
#5606=CARTESIAN_POINT('Ctrl Pts',(-17.5411151158637,14.3203237246116,-8.52334173343167));
#5607=CARTESIAN_POINT('Ctrl Pts',(-17.5532637655125,14.32211287692,-8.49466174566449));
#5608=CARTESIAN_POINT('Ctrl Pts',(-17.5576128783382,14.3225217875817,-8.48484025321484));
#5609=CARTESIAN_POINT('Ctrl Pts',(-17.5657487683528,14.3228894956393,-8.4672350939413));
#5610=CARTESIAN_POINT('Ctrl Pts',(-17.5694821304316,14.3229188058871,-8.45942599486229));
#5611=CARTESIAN_POINT('Ctrl Pts',(-17.5777291224311,14.322695490088,-8.44273267780549));
#5612=CARTESIAN_POINT('Ctrl Pts',(-17.5822731243801,14.3223975837947,-8.43387296620367));
#5613=CARTESIAN_POINT('Ctrl Pts',(-17.594889202148,14.3211174135335,-8.41014751528802));
#5614=CARTESIAN_POINT('Ctrl Pts',(-17.6031876929706,14.3197988739872,-8.39546018126092));
#5615=CARTESIAN_POINT('Ctrl Pts',(-17.6406135817165,14.3118965327173,-8.33292665333588));
#5616=CARTESIAN_POINT('Ctrl Pts',(-17.6728784606253,14.3002528648129,-8.28825096049401));
#5617=CARTESIAN_POINT('Ctrl Pts',(-17.755877346518,14.2596643552468,-8.19047540087675));
#5618=CARTESIAN_POINT('Ctrl Pts',(-17.8077131151707,14.2262396014356,-8.14236223461478));
#5619=CARTESIAN_POINT('Ctrl Pts',(-17.9230804568697,14.1331871531496,-8.05354593936757));
#5620=CARTESIAN_POINT('Ctrl Pts',(-17.984829991229,14.070960240117,-8.01788130616129));
#5621=CARTESIAN_POINT('Ctrl Pts',(-18.1224821008187,13.8987970697129,-7.95260897264904));
#5622=CARTESIAN_POINT('Ctrl Pts',(-18.1955308759282,13.7769100368018,-7.93120492779723));
#5623=CARTESIAN_POINT('Ctrl Pts',(-18.3285061242631,13.448218644505,-7.90160915717256));
#5624=CARTESIAN_POINT('Ctrl Pts',(-18.3739550283925,13.2307830063163,-7.8992263301295));
#5625=CARTESIAN_POINT('Ctrl Pts',(-18.3739550283925,13.,-7.8992263301295));
#5626=CARTESIAN_POINT('',(-18.8419005257164,13.,-6.70692064803285));
#5627=CARTESIAN_POINT('Origin',(0.,13.,0.));
#5628=CARTESIAN_POINT('',(-19.3460517250297,13.,-5.07250260251053));
#5629=CARTESIAN_POINT('Ctrl Pts',(-18.8419005257164,13.,-6.70692064803286));
#5630=CARTESIAN_POINT('Ctrl Pts',(-18.8419005257164,13.1801109092551,-6.70692064803286));
#5631=CARTESIAN_POINT('Ctrl Pts',(-18.8228364176483,13.3527863336739,-6.68671491720838));
#5632=CARTESIAN_POINT('Ctrl Pts',(-18.7655457757009,13.6535838431337,-6.6113366917924));
#5633=CARTESIAN_POINT('Ctrl Pts',(-18.7296794907333,13.7819053039242,-6.55922901599741));
#5634=CARTESIAN_POINT('Ctrl Pts',(-18.6693307719865,13.975497225699,-6.43886979030755));
#5635=CARTESIAN_POINT('Ctrl Pts',(-18.6434120340746,14.0506751973211,-6.37625006785312));
#5636=CARTESIAN_POINT('Ctrl Pts',(-18.6078139470088,14.1643023720266,-6.2434793441942));
#5637=CARTESIAN_POINT('Ctrl Pts',(-18.596195545565,14.2062243258755,-6.17931198662966));
#5638=CARTESIAN_POINT('Ctrl Pts',(-18.5859947637773,14.2783489573174,-6.02794667372866));
#5639=CARTESIAN_POINT('Ctrl Pts',(-18.5903788225204,14.3040279250197,-5.94131268396581));
#5640=CARTESIAN_POINT('Ctrl Pts',(-18.6110732734401,14.3184072758457,-5.83367537570546));
#5641=CARTESIAN_POINT('Ctrl Pts',(-18.6155335202742,14.3203237246116,-5.81377550034294));
#5642=CARTESIAN_POINT('Ctrl Pts',(-18.6232719491732,14.32211287692,-5.78360518206829));
#5643=CARTESIAN_POINT('Ctrl Pts',(-18.6261086685101,14.3225217875817,-5.77324518594316));
#5644=CARTESIAN_POINT('Ctrl Pts',(-18.6315297745208,14.3228894956393,-5.75462407026754));
#5645=CARTESIAN_POINT('Ctrl Pts',(-18.6340575522063,14.3229188058871,-5.74634576362858));
#5646=CARTESIAN_POINT('Ctrl Pts',(-18.6397244223147,14.322695490088,-5.72860974675438));
#5647=CARTESIAN_POINT('Ctrl Pts',(-18.6428972000215,14.3223975837947,-5.71917174246317));
#5648=CARTESIAN_POINT('Ctrl Pts',(-18.651836271654,14.3211174135335,-5.69383095641058));
#5649=CARTESIAN_POINT('Ctrl Pts',(-18.6578530416432,14.3197988739872,-5.67807084189143));
#5650=CARTESIAN_POINT('Ctrl Pts',(-18.6855407754199,14.3118965327173,-5.61065772253432));
#5651=CARTESIAN_POINT('Ctrl Pts',(-18.7107867157853,14.3002528648129,-5.56167218959883));
#5652=CARTESIAN_POINT('Ctrl Pts',(-18.7782858817163,14.2596643552468,-5.4526183601543));
#5653=CARTESIAN_POINT('Ctrl Pts',(-18.8223717923286,14.2262396014356,-5.39731685777818));
#5654=CARTESIAN_POINT('Ctrl Pts',(-18.9232131942232,14.1331871531496,-5.29229795711711));
#5655=CARTESIAN_POINT('Ctrl Pts',(-18.9789574995472,14.070960240117,-5.2478283778605));
#5656=CARTESIAN_POINT('Ctrl Pts',(-19.1053438122993,13.8987970697128,-5.16276910002671));
#5657=CARTESIAN_POINT('Ctrl Pts',(-19.1743865855954,13.7769100368017,-5.13071676568765));
#5658=CARTESIAN_POINT('Ctrl Pts',(-19.3014655895508,13.4482186445049,-5.08163262301091));
#5659=CARTESIAN_POINT('Ctrl Pts',(-19.3460517250297,13.2307830063163,-5.07250260251051));
#5660=CARTESIAN_POINT('Ctrl Pts',(-19.3460517250297,13.,-5.07250260251051));
#5661=CARTESIAN_POINT('',(-19.6310667169424,13.,-3.82377033240187));
#5662=CARTESIAN_POINT('Origin',(0.,13.,0.));
#5663=CARTESIAN_POINT('',(-19.8859895945179,13.,-2.13246754880969));
#5664=CARTESIAN_POINT('Ctrl Pts',(-19.6310667169424,13.,-3.82377033240188));
#5665=CARTESIAN_POINT('Ctrl Pts',(-19.6310667169424,13.1801109092553,-3.82377033240188));
#5666=CARTESIAN_POINT('Ctrl Pts',(-19.6092040312983,13.3527863336741,-3.80663164076529));
#5667=CARTESIAN_POINT('Ctrl Pts',(-19.5413187369502,13.653583843134,-3.74063405495431));
#5668=CARTESIAN_POINT('Ctrl Pts',(-19.4980868026663,13.7819053039244,-3.69445397123612));
#5669=CARTESIAN_POINT('Ctrl Pts',(-19.4204735174944,13.9754972256991,-3.58443356845633));
#5670=CARTESIAN_POINT('Ctrl Pts',(-19.3855112851283,14.0506751973211,-3.52637624399853));
#5671=CARTESIAN_POINT('Ctrl Pts',(-19.330522349747,14.1643023720266,-3.40039407919223));
#5672=CARTESIAN_POINT('Ctrl Pts',(-19.309470067862,14.2062243258755,-3.33867505087552));
#5673=CARTESIAN_POINT('Ctrl Pts',(-19.2768233911235,14.2783489573174,-3.19052071109219));
#5674=CARTESIAN_POINT('Ctrl Pts',(-19.2682463573905,14.3040279250197,-3.10420094136568));
#5675=CARTESIAN_POINT('Ctrl Pts',(-19.2726671600434,14.3184072758457,-2.99468150504352));
#5676=CARTESIAN_POINT('Ctrl Pts',(-19.274111667085,14.3203237246116,-2.97433912955122));
#5677=CARTESIAN_POINT('Ctrl Pts',(-19.2772670115199,14.32211287692,-2.94335243582499));
#5678=CARTESIAN_POINT('Ctrl Pts',(-19.2785279697455,14.3225217875817,-2.93268536121819));
#5679=CARTESIAN_POINT('Ctrl Pts',(-19.2811131932021,14.3228894956393,-2.91346425409415));
#5680=CARTESIAN_POINT('Ctrl Pts',(-19.2823789201178,14.3229188058871,-2.90490166358599));
#5681=CARTESIAN_POINT('Ctrl Pts',(-19.2853390798214,14.322695490088,-2.88651914020314));
#5682=CARTESIAN_POINT('Ctrl Pts',(-19.2870697586749,14.3223975837947,-2.87671367264234));
#5683=CARTESIAN_POINT('Ctrl Pts',(-19.292132140083,14.3211174135335,-2.85032362273939));
#5684=CARTESIAN_POINT('Ctrl Pts',(-19.2957327845394,14.3197988739872,-2.83384278264379));
#5685=CARTESIAN_POINT('Ctrl Pts',(-19.3130638651272,14.3118965327173,-2.76305596954406));
#5686=CARTESIAN_POINT('Ctrl Pts',(-19.3307269143589,14.3002528648129,-2.7108548523746));
#5687=CARTESIAN_POINT('Ctrl Pts',(-19.3812185405004,14.2596643552468,-2.59295883544659));
#5688=CARTESIAN_POINT('Ctrl Pts',(-19.416569786679,14.2262396014356,-2.53170434113642));
#5689=CARTESIAN_POINT('Ctrl Pts',(-19.5006326184863,14.1331871531496,-2.41282878376372));
#5690=CARTESIAN_POINT('Ctrl Pts',(-19.5491264591089,14.070960240117,-2.36054763537362));
#5691=CARTESIAN_POINT('Ctrl Pts',(-19.6614237136435,13.8987970697128,-2.25760149692888));
#5692=CARTESIAN_POINT('Ctrl Pts',(-19.7249181836606,13.7769100368016,-2.21561686928683));
#5693=CARTESIAN_POINT('Ctrl Pts',(-19.8432622082798,13.448218644505,-2.14814081319634));
#5694=CARTESIAN_POINT('Ctrl Pts',(-19.8859895945179,13.2307830063163,-2.13246754880967));
#5695=CARTESIAN_POINT('Ctrl Pts',(-19.8859895945179,13.,-2.13246754880967));
#5696=CARTESIAN_POINT('',(-19.9817073170732,13.,-0.855203306135162));
#5697=CARTESIAN_POINT('Origin',(0.,13.,0.));
#5698=CARTESIAN_POINT('',(-19.9817073170732,13.,0.855203306135162));
#5699=CARTESIAN_POINT('Ctrl Pts',(-19.9817073170732,13.,-0.855203306135164));
#5700=CARTESIAN_POINT('Ctrl Pts',(-19.9817073170732,13.1801109092552,-0.855203306135164));
#5701=CARTESIAN_POINT('Ctrl Pts',(-19.9575344301234,13.352786333674,-0.84151450373686));
#5702=CARTESIAN_POINT('Ctrl Pts',(-19.8805709286733,13.6535838431337,-0.78637183454022));
#5703=CARTESIAN_POINT('Ctrl Pts',(-19.8309390750465,13.7819053039243,-0.747150929658933));
#5704=CARTESIAN_POINT('Ctrl Pts',(-19.7377949759879,13.9754972256991,-0.649927023783858));
#5705=CARTESIAN_POINT('Ctrl Pts',(-19.6945702476654,14.0506751973212,-0.597729002014266));
#5706=CARTESIAN_POINT('Ctrl Pts',(-19.6214188259185,14.1643023720266,-0.481349629443031));
#5707=CARTESIAN_POINT('Ctrl Pts',(-19.5914029367817,14.2062243258755,-0.423457631479144));
#5708=CARTESIAN_POINT('Ctrl Pts',(-19.5370396379037,14.2783489573174,-0.281823787946556));
#5709=CARTESIAN_POINT('Ctrl Pts',(-19.5156931084552,14.3040279250197,-0.197746479272974));
#5710=CARTESIAN_POINT('Ctrl Pts',(-19.5037415094152,14.3184072758457,-0.0887913981213583));
#5711=CARTESIAN_POINT('Ctrl Pts',(-19.5021380087638,14.3203237246116,-0.068460937552829));
#5712=CARTESIAN_POINT('Ctrl Pts',(-19.5006397835541,14.32211287692,-0.0373500599078476));
#5713=CARTESIAN_POINT('Ctrl Pts',(-19.5002968129453,14.3225217875817,-0.0266141916397244));
#5714=CARTESIAN_POINT('Ctrl Pts',(-19.4999884042278,14.3228894956393,-0.00722246083913817));
#5715=CARTESIAN_POINT('Ctrl Pts',(-19.4999638061259,14.3229188058871,0.00143313941563021));
#5716=CARTESIAN_POINT('Ctrl Pts',(-19.5001511303483,14.322695490088,0.0200515341108919));
#5717=CARTESIAN_POINT('Ctrl Pts',(-19.5004010498428,14.3223975837947,0.030005426998862));
#5718=CARTESIAN_POINT('Ctrl Pts',(-19.5014736557912,14.3211174135335,0.0568552306459506));
#5719=CARTESIAN_POINT('Ctrl Pts',(-19.5025777422676,14.3197988739872,0.0736886415840701));
#5720=CARTESIAN_POINT('Ctrl Pts',(-19.5091650219649,14.3118965327173,0.146267887993324));
#5721=CARTESIAN_POINT('Ctrl Pts',(-19.5188506167305,14.3002528648129,0.200518502698955));
#5722=CARTESIAN_POINT('Ctrl Pts',(-19.5512068035893,14.2596643552468,0.324623104909549));
#5723=CARTESIAN_POINT('Ctrl Pts',(-19.5770336969107,14.2262396014356,0.390462266970894));
#5724=CARTESIAN_POINT('Ctrl Pts',(-19.6424401338777,14.1331871531496,0.520538997539465));
#5725=CARTESIAN_POINT('Ctrl Pts',(-19.682600237533,14.070960240117,0.579463840600047));
#5726=CARTESIAN_POINT('Ctrl Pts',(-19.7782998987494,13.8987970697128,0.697997193036269));
#5727=CARTESIAN_POINT('Ctrl Pts',(-19.8348277039488,13.7769100368016,0.748976246777329));
#5728=CARTESIAN_POINT('Ctrl Pts',(-19.9417931392794,13.448218644505,0.833336912689328));
#5729=CARTESIAN_POINT('Ctrl Pts',(-19.9817073170732,13.2307830063164,0.855203306135184));
#5730=CARTESIAN_POINT('Ctrl Pts',(-19.9817073170732,13.,0.855203306135184));
#5731=CARTESIAN_POINT('',(-19.8859895945179,13.,2.1324675488094));
#5732=CARTESIAN_POINT('Origin',(0.,13.,0.));
#5733=CARTESIAN_POINT('',(-19.6310667169424,13.,3.82377033240159));
#5734=CARTESIAN_POINT('Ctrl Pts',(-19.8859895945179,13.,2.1324675488094));
#5735=CARTESIAN_POINT('Ctrl Pts',(-19.8859895945179,13.1801109092551,2.1324675488094));
#5736=CARTESIAN_POINT('Ctrl Pts',(-19.8600464886125,13.352786333674,2.14240067674393));
#5737=CARTESIAN_POINT('Ctrl Pts',(-19.7757240175042,13.6535838431341,2.18545663321698));
#5738=CARTESIAN_POINT('Ctrl Pts',(-19.7208009381303,13.7819053039245,2.21684222905705));
#5739=CARTESIAN_POINT('Ctrl Pts',(-19.6142067104422,13.9754972256991,2.2990978166276));
#5740=CARTESIAN_POINT('Ctrl Pts',(-19.5636850551672,14.0506751973212,2.3442705181573));
#5741=CARTESIAN_POINT('Ctrl Pts',(-19.4740052289376,14.1643023720266,2.44844737562126));
#5742=CARTESIAN_POINT('Ctrl Pts',(-19.4356962379125,14.2062243258755,2.50121913166148));
#5743=CARTESIAN_POINT('Ctrl Pts',(-19.3608307031593,14.2783489573174,2.63316861292168));
#5744=CARTESIAN_POINT('Ctrl Pts',(-19.327191524189,14.3040279250197,2.71312531240016));
#5745=CARTESIAN_POINT('Ctrl Pts',(-19.2991345024294,14.3184072758457,2.81908216191152));
#5746=CARTESIAN_POINT('Ctrl Pts',(-19.2945188136399,14.3203237246116,2.83894655866208));
#5747=CARTESIAN_POINT('Ctrl Pts',(-19.288400486661,14.32211287692,2.86948665462759));
#5748=CARTESIAN_POINT('Ctrl Pts',(-19.2864612486144,14.3225217875817,2.88005149500074));
#5749=CARTESIAN_POINT('Ctrl Pts',(-19.2832660970638,14.3228894956393,2.89918067025647));
#5750=CARTESIAN_POINT('Ctrl Pts',(-19.2819517234253,14.3229188058871,2.90773592845087));
#5751=CARTESIAN_POINT('Ctrl Pts',(-19.2793620276531,14.322695490088,2.92617429028674));
#5752=CARTESIAN_POINT('Ctrl Pts',(-19.2781256049999,14.3223975837947,2.93605425498304));
#5753=CARTESIAN_POINT('Ctrl Pts',(-19.2751844752442,14.3211174135335,2.96276403212877));
#5754=CARTESIAN_POINT('Ctrl Pts',(-19.2737673402732,14.3197988739872,2.97957398332536));
#5755=CARTESIAN_POINT('Ctrl Pts',(-19.2694636701366,14.3118965327173,3.05232436261313));
#5756=CARTESIAN_POINT('Ctrl Pts',(-19.270955450254,14.3002528648129,3.10741260576886));
#5757=CARTESIAN_POINT('Ctrl Pts',(-19.2844534140827,14.2596643552468,3.23495350152533));
#5758=CARTESIAN_POINT('Ctrl Pts',(-19.3001790244278,14.2262396014356,3.30390659325334));
#5759=CARTESIAN_POINT('Ctrl Pts',(-19.3454679948336,14.1331871531496,3.44227879780218));
#5760=CARTESIAN_POINT('Ctrl Pts',(-19.3763972511685,14.070960240117,3.50653105190962));
#5761=CARTESIAN_POINT('Ctrl Pts',(-19.453361546774,13.8987970697129,3.63800377911428));
#5762=CARTESIAN_POINT('Ctrl Pts',(-19.501659949397,13.7769100368018,3.69683847113415));
#5763=CARTESIAN_POINT('Ctrl Pts',(-19.5948573643688,13.448218644505,3.79619926899306));
#5764=CARTESIAN_POINT('Ctrl Pts',(-19.6310667169424,13.2307830063163,3.82377033240162));
#5765=CARTESIAN_POINT('Ctrl Pts',(-19.6310667169424,13.,3.82377033240162));
#5766=CARTESIAN_POINT('',(-19.3460517250298,13.,5.07250260251026));
#5767=CARTESIAN_POINT('Origin',(0.,13.,0.));
#5768=CARTESIAN_POINT('',(-18.8419005257165,13.,6.70692064803259));
#5769=CARTESIAN_POINT('Ctrl Pts',(-19.3460517250298,13.,5.07250260251026));
#5770=CARTESIAN_POINT('Ctrl Pts',(-19.3460517250298,13.1801109092551,5.07250260251026));
#5771=CARTESIAN_POINT('Ctrl Pts',(-19.3189179262849,13.352786333674,5.07845816631698));
#5772=CARTESIAN_POINT('Ctrl Pts',(-19.2291201101845,13.6535838431337,5.10846561114653));
#5773=CARTESIAN_POINT('Ctrl Pts',(-19.1701326958991,13.7819053039242,5.13131479559733));
#5774=CARTESIAN_POINT('Ctrl Pts',(-19.0524694784862,13.975497225699,5.19676461096046));
#5775=CARTESIAN_POINT('Ctrl Pts',(-18.9957794665531,14.0506751973211,5.23390290874373));
#5776=CARTESIAN_POINT('Ctrl Pts',(-18.8915745349672,14.1643023720265,5.32355011225182));
#5777=CARTESIAN_POINT('Ctrl Pts',(-18.8458282016097,14.2062243258755,5.37002279254111));
#5778=CARTESIAN_POINT('Ctrl Pts',(-18.7521328033161,14.2783489573174,5.48934037815748));
#5779=CARTESIAN_POINT('Ctrl Pts',(-18.7069524184951,14.3040279250197,5.56339036789897));
#5780=CARTESIAN_POINT('Ctrl Pts',(-18.663416721519,14.3184072758457,5.66398208484038));
#5781=CARTESIAN_POINT('Ctrl Pts',(-18.6558919514517,14.3203237246115,5.68293667997454));
#5782=CARTESIAN_POINT('Ctrl Pts',(-18.6452901960182,14.32211287692,5.71222377898293));
#5783=CARTESIAN_POINT('Ctrl Pts',(-18.6417980099073,14.3225217875817,5.72238159038495));
#5784=CARTESIAN_POINT('Ctrl Pts',(-18.6357874899294,14.3228894956393,5.7408208959301));
#5785=CARTESIAN_POINT('Ctrl Pts',(-18.6332127016895,14.3229188058871,5.74908470173341));
#5786=CARTESIAN_POINT('Ctrl Pts',(-18.6279038354467,14.322695490088,5.76693114817546));
#5787=CARTESIAN_POINT('Ctrl Pts',(-18.6252086902849,14.3223975837947,5.77651648259518));
#5788=CARTESIAN_POINT('Ctrl Pts',(-18.6183195248038,14.3211174135335,5.8024895809541));
#5789=CARTESIAN_POINT('Ctrl Pts',(-18.6144128248389,14.3197988739872,5.81890056587697));
#5790=CARTESIAN_POINT('Ctrl Pts',(-18.5993143417477,14.3118965327173,5.89019695478643));
#5791=CARTESIAN_POINT('Ctrl Pts',(-18.5925789833141,14.3002528648129,5.94489224607071));
#5792=CARTESIAN_POINT('Ctrl Pts',(-18.5869172019055,14.2596643552468,6.07302038251692));
#5793=CARTESIAN_POINT('Ctrl Pts',(-18.5921902451249,14.2262396014356,6.14354710578395));
#5794=CARTESIAN_POINT('Ctrl Pts',(-18.6163500682084,14.1331871531496,6.28712377791661));
#5795=CARTESIAN_POINT('Ctrl Pts',(-18.6373575687456,14.070960240117,6.35526815388783));
#5796=CARTESIAN_POINT('Ctrl Pts',(-18.6938672435559,13.898797069713,6.49674337238721));
#5797=CARTESIAN_POINT('Ctrl Pts',(-18.7328573370985,13.776910036802,6.5621194328876));
#5798=CARTESIAN_POINT('Ctrl Pts',(-18.8102048554653,13.4482186445052,6.67426080665801));
#5799=CARTESIAN_POINT('Ctrl Pts',(-18.8419005257165,13.2307830063166,6.70692064803261));
#5800=CARTESIAN_POINT('Ctrl Pts',(-18.8419005257165,13.,6.70692064803261));
#5801=CARTESIAN_POINT('',(-18.3739550283926,13.,7.89922633012926));
#5802=CARTESIAN_POINT('Origin',(0.,13.,0.));
#5803=CARTESIAN_POINT('',(-17.6318374120493,13.,9.44024943923927));
#5804=CARTESIAN_POINT('Ctrl Pts',(-18.3739550283926,13.,7.89922633012926));
#5805=CARTESIAN_POINT('Ctrl Pts',(-18.3739550283926,13.1801109092553,7.89922633012926));
#5806=CARTESIAN_POINT('Ctrl Pts',(-18.3462366610349,13.3527863336742,7.90107129235399));
#5807=CARTESIAN_POINT('Ctrl Pts',(-18.2529694347676,13.6535838431337,7.91735990880842));
#5808=CARTESIAN_POINT('Ctrl Pts',(-18.1912353669321,13.7819053039243,7.93116226884651));
#5809=CARTESIAN_POINT('Ctrl Pts',(-18.0651315616388,13.9754972256992,7.97834427127956));
#5810=CARTESIAN_POINT('Ctrl Pts',(-18.0035395542367,14.0506751973212,8.00661855711313));
#5811=CARTESIAN_POINT('Ctrl Pts',(-17.8871372832727,14.1643023720266,8.07973353627651));
#5812=CARTESIAN_POINT('Ctrl Pts',(-17.8349755050764,14.2062243258755,8.11886901793101));
#5813=CARTESIAN_POINT('Ctrl Pts',(-17.7245432436134,14.2783489573174,8.2228893502073));
#5814=CARTESIAN_POINT('Ctrl Pts',(-17.6688309080802,14.3040279250197,8.28937847580491));
#5815=CARTESIAN_POINT('Ctrl Pts',(-17.6107890514177,14.3184072758457,8.38235800744247));
#5816=CARTESIAN_POINT('Ctrl Pts',(-17.6005232910017,14.3203237246116,8.39997938662651));
#5817=CARTESIAN_POINT('Ctrl Pts',(-17.5856749328107,14.3221128769201,8.42735926328182));
#5818=CARTESIAN_POINT('Ctrl Pts',(-17.5807078083027,14.3225217875817,8.43688313699109));
#5819=CARTESIAN_POINT('Ctrl Pts',(-17.5720161849819,14.3228894956393,8.45422066920974));
#5820=CARTESIAN_POINT('Ctrl Pts',(-17.5682384986551,14.3229188058871,8.4620084228558));
#5821=CARTESIAN_POINT('Ctrl Pts',(-17.560329053241,14.322695490088,8.47886429378046));
#5822=CARTESIAN_POINT('Ctrl Pts',(-17.55623539066,14.3223975837947,8.48794087739162));
#5823=CARTESIAN_POINT('Ctrl Pts',(-17.5455520820261,14.3211174135335,8.51259710086648));
#5824=CARTESIAN_POINT('Ctrl Pts',(-17.5392430862889,14.3197988739872,8.52824252523096));
#5825=CARTESIAN_POINT('Ctrl Pts',(-17.5136870654058,14.3118965327173,8.59649228024734));
#5826=CARTESIAN_POINT('Ctrl Pts',(-17.4988750251988,14.3002528648129,8.64957281723416));
#5827=CARTESIAN_POINT('Ctrl Pts',(-17.4741799733939,14.2596643552468,8.77542602352718));
#5828=CARTESIAN_POINT('Ctrl Pts',(-17.4688826584155,14.2262396014356,8.84595092787733));
#5829=CARTESIAN_POINT('Ctrl Pts',(-17.471373643652,14.1331871531496,8.99152480199171));
#5830=CARTESIAN_POINT('Ctrl Pts',(-17.4819901155431,14.070960240117,9.06203906707267));
#5831=CARTESIAN_POINT('Ctrl Pts',(-17.5167828368026,13.8987970697131,9.21035645426633));
#5832=CARTESIAN_POINT('Ctrl Pts',(-17.5455936470043,13.7769100368022,9.28081349008632));
#5833=CARTESIAN_POINT('Ctrl Pts',(-17.6053634530185,13.448218644505,9.40323038678633));
#5834=CARTESIAN_POINT('Ctrl Pts',(-17.6318374120493,13.2307830063163,9.44024943923929));
#5835=CARTESIAN_POINT('Ctrl Pts',(-17.6318374120493,13.,9.44024943923929));
#5836=CARTESIAN_POINT('Origin',(0.,13.,0.));
#5837=CARTESIAN_POINT('Origin',(0.,13.,0.));
#5838=CARTESIAN_POINT('Origin',(0.,13.,0.));
#5839=CARTESIAN_POINT('Origin',(0.,13.,0.));
#5840=CARTESIAN_POINT('Origin',(0.,13.,0.));
#5841=CARTESIAN_POINT('Origin',(0.,13.,0.));
#5842=CARTESIAN_POINT('Origin',(0.,13.,0.));
#5843=CARTESIAN_POINT('Origin',(0.,13.,0.));
#5844=CARTESIAN_POINT('Origin',(0.,13.,0.));
#5845=CARTESIAN_POINT('Origin',(0.,13.,0.));
#5846=CARTESIAN_POINT('Origin',(0.,13.,0.));
#5847=CARTESIAN_POINT('Origin',(0.,13.,0.));
#5848=CARTESIAN_POINT('Origin',(0.,13.,0.));
#5849=CARTESIAN_POINT('Origin',(0.,13.,0.));
#5850=CARTESIAN_POINT('',(17.6318374120493,13.,9.4402494392394));
#5851=CARTESIAN_POINT('Origin',(0.,13.,0.));
#5852=CARTESIAN_POINT('',(18.3739550283925,13.,7.89922633012939));
#5853=CARTESIAN_POINT('Ctrl Pts',(17.6318374120493,13.,9.4402494392394));
#5854=CARTESIAN_POINT('Ctrl Pts',(17.6318374120493,13.1801109092552,9.4402494392394));
#5855=CARTESIAN_POINT('Ctrl Pts',(17.6159977422288,13.352786333674,9.41742803186463));
#5856=CARTESIAN_POINT('Ctrl Pts',(17.5705815309534,13.6535838431338,9.33435299184064));
#5857=CARTESIAN_POINT('Ctrl Pts',(17.5428820888409,13.7819053039243,9.2774817233407));
#5858=CARTESIAN_POINT('Ctrl Pts',(17.501146027173,13.9754972256991,9.14947230095513));
#5859=CARTESIAN_POINT('Ctrl Pts',(17.4848497654908,14.0506751973211,9.08368900162771));
#5860=CARTESIAN_POINT('Ctrl Pts',(17.4694377291814,14.1643023720265,8.94709559768581));
#5861=CARTESIAN_POINT('Ctrl Pts',(17.4675127440683,14.2062243258755,8.88191330360803));
#5862=CARTESIAN_POINT('Ctrl Pts',(17.4799857258402,14.2783489573174,8.73071826855583));
#5863=CARTESIAN_POINT('Ctrl Pts',(17.4972329444316,14.3040279250197,8.6457053189296));
#5864=CARTESIAN_POINT('Ctrl Pts',(17.5337387637809,14.3184072758457,8.54235457833215));
#5865=CARTESIAN_POINT('Ctrl Pts',(17.5411151158638,14.3203237246116,8.52334173343156));
#5866=CARTESIAN_POINT('Ctrl Pts',(17.5532637655125,14.32211287692,8.4946617456645));
#5867=CARTESIAN_POINT('Ctrl Pts',(17.5576128783382,14.3225217875817,8.4848402532148));
#5868=CARTESIAN_POINT('Ctrl Pts',(17.5657487683529,14.3228894956393,8.46723509394101));
#5869=CARTESIAN_POINT('Ctrl Pts',(17.5694821304317,14.3229188058871,8.45942599486209));
#5870=CARTESIAN_POINT('Ctrl Pts',(17.5777291224311,14.322695490088,8.44273267780548));
#5871=CARTESIAN_POINT('Ctrl Pts',(17.58227312438,14.3223975837947,8.43387296620375));
#5872=CARTESIAN_POINT('Ctrl Pts',(17.5948892021481,14.3211174135335,8.41014751528788));
#5873=CARTESIAN_POINT('Ctrl Pts',(17.6031876929707,14.3197988739872,8.39546018126077));
#5874=CARTESIAN_POINT('Ctrl Pts',(17.6406135817165,14.3118965327173,8.33292665333575));
#5875=CARTESIAN_POINT('Ctrl Pts',(17.6728784606254,14.3002528648129,8.28825096049387));
#5876=CARTESIAN_POINT('Ctrl Pts',(17.755877346518,14.2596643552468,8.19047540087663));
#5877=CARTESIAN_POINT('Ctrl Pts',(17.8077131151708,14.2262396014356,8.14236223461467));
#5878=CARTESIAN_POINT('Ctrl Pts',(17.9230804568698,14.1331871531496,8.05354593936746));
#5879=CARTESIAN_POINT('Ctrl Pts',(17.984829991229,14.070960240117,8.01788130616118));
#5880=CARTESIAN_POINT('Ctrl Pts',(18.1224821008189,13.8987970697127,7.95260897264886));
#5881=CARTESIAN_POINT('Ctrl Pts',(18.1955308759283,13.7769100368016,7.93120492779709));
#5882=CARTESIAN_POINT('Ctrl Pts',(18.3285061242631,13.448218644505,7.90160915717244));
#5883=CARTESIAN_POINT('Ctrl Pts',(18.3739550283925,13.2307830063164,7.89922633012938));
#5884=CARTESIAN_POINT('Ctrl Pts',(18.3739550283925,13.,7.89922633012938));
#5885=CARTESIAN_POINT('',(18.8419005257164,13.,6.70692064803272));
#5886=CARTESIAN_POINT('Origin',(0.,13.,0.));
#5887=CARTESIAN_POINT('',(19.3460517250297,13.,5.0725026025104));
#5888=CARTESIAN_POINT('Ctrl Pts',(18.8419005257164,13.,6.70692064803272));
#5889=CARTESIAN_POINT('Ctrl Pts',(18.8419005257164,13.1801109092552,6.70692064803272));
#5890=CARTESIAN_POINT('Ctrl Pts',(18.8228364176483,13.3527863336742,6.68671491720821));
#5891=CARTESIAN_POINT('Ctrl Pts',(18.7655457757009,13.6535838431343,6.61133669179209));
#5892=CARTESIAN_POINT('Ctrl Pts',(18.7296794907332,13.7819053039247,6.55922901599702));
#5893=CARTESIAN_POINT('Ctrl Pts',(18.6693307719866,13.9754972256991,6.43886979030732));
#5894=CARTESIAN_POINT('Ctrl Pts',(18.6434120340746,14.0506751973212,6.37625006785289));
#5895=CARTESIAN_POINT('Ctrl Pts',(18.6078139470088,14.1643023720266,6.24347934419397));
#5896=CARTESIAN_POINT('Ctrl Pts',(18.596195545565,14.2062243258756,6.17931198662943));
#5897=CARTESIAN_POINT('Ctrl Pts',(18.5859947637774,14.2783489573174,6.02794667372839));
#5898=CARTESIAN_POINT('Ctrl Pts',(18.5903788225205,14.3040279250197,5.94131268396556));
#5899=CARTESIAN_POINT('Ctrl Pts',(18.6110732734401,14.3184072758457,5.83367537570527));
#5900=CARTESIAN_POINT('Ctrl Pts',(18.6155335202743,14.3203237246116,5.81377550034276));
#5901=CARTESIAN_POINT('Ctrl Pts',(18.6232719491732,14.32211287692,5.78360518206823));
#5902=CARTESIAN_POINT('Ctrl Pts',(18.6261086685101,14.3225217875817,5.77324518594304));
#5903=CARTESIAN_POINT('Ctrl Pts',(18.6315297745209,14.3228894956393,5.75462407026723));
#5904=CARTESIAN_POINT('Ctrl Pts',(18.6340575522064,14.3229188058871,5.74634576362835));
#5905=CARTESIAN_POINT('Ctrl Pts',(18.6397244223148,14.322695490088,5.72860974675423));
#5906=CARTESIAN_POINT('Ctrl Pts',(18.6428972000215,14.3223975837947,5.71917174246302));
#5907=CARTESIAN_POINT('Ctrl Pts',(18.6518362716541,14.3211174135335,5.69383095641042));
#5908=CARTESIAN_POINT('Ctrl Pts',(18.6578530416432,14.3197988739872,5.67807084189127));
#5909=CARTESIAN_POINT('Ctrl Pts',(18.68554077542,14.3118965327173,5.61065772253417));
#5910=CARTESIAN_POINT('Ctrl Pts',(18.7107867157853,14.3002528648129,5.5616721895987));
#5911=CARTESIAN_POINT('Ctrl Pts',(18.7782858817163,14.2596643552468,5.45261836015421));
#5912=CARTESIAN_POINT('Ctrl Pts',(18.8223717923286,14.2262396014357,5.39731685777809));
#5913=CARTESIAN_POINT('Ctrl Pts',(18.9232131942232,14.1331871531496,5.29229795711695));
#5914=CARTESIAN_POINT('Ctrl Pts',(18.9789574995474,14.0709602401169,5.24782837786034));
#5915=CARTESIAN_POINT('Ctrl Pts',(19.1053438122991,13.8987970697132,5.16276910002675));
#5916=CARTESIAN_POINT('Ctrl Pts',(19.1743865855953,13.7769100368022,5.13071676568758));
#5917=CARTESIAN_POINT('Ctrl Pts',(19.3014655895508,13.448218644505,5.08163262301079));
#5918=CARTESIAN_POINT('Ctrl Pts',(19.3460517250297,13.2307830063164,5.07250260251037));
#5919=CARTESIAN_POINT('Ctrl Pts',(19.3460517250297,13.,5.07250260251037));
#5920=CARTESIAN_POINT('',(19.6310667169424,13.,3.82377033240173));
#5921=CARTESIAN_POINT('Origin',(0.,13.,0.));
#5922=CARTESIAN_POINT('',(19.8859895945179,13.,2.13246754880955));
#5923=CARTESIAN_POINT('Ctrl Pts',(19.6310667169424,13.,3.82377033240173));
#5924=CARTESIAN_POINT('Ctrl Pts',(19.6310667169424,13.1801109092549,3.82377033240173));
#5925=CARTESIAN_POINT('Ctrl Pts',(19.6092040312984,13.3527863336738,3.80663164076522));
#5926=CARTESIAN_POINT('Ctrl Pts',(19.5413187369503,13.6535838431336,3.74063405495424));
#5927=CARTESIAN_POINT('Ctrl Pts',(19.4980868026665,13.7819053039242,3.69445397123616));
#5928=CARTESIAN_POINT('Ctrl Pts',(19.4204735174944,13.9754972256991,3.58443356845619));
#5929=CARTESIAN_POINT('Ctrl Pts',(19.3855112851283,14.0506751973211,3.5263762439984));
#5930=CARTESIAN_POINT('Ctrl Pts',(19.330522349747,14.1643023720266,3.40039407919209));
#5931=CARTESIAN_POINT('Ctrl Pts',(19.309470067862,14.2062243258755,3.33867505087539));
#5932=CARTESIAN_POINT('Ctrl Pts',(19.2768233911235,14.2783489573174,3.19052071109204));
#5933=CARTESIAN_POINT('Ctrl Pts',(19.2682463573906,14.3040279250197,3.10420094136554));
#5934=CARTESIAN_POINT('Ctrl Pts',(19.2726671600435,14.3184072758457,2.99468150504359));
#5935=CARTESIAN_POINT('Ctrl Pts',(19.274111667085,14.3203237246116,2.97433912955118));
#5936=CARTESIAN_POINT('Ctrl Pts',(19.2772670115199,14.32211287692,2.94335243582446));
#5937=CARTESIAN_POINT('Ctrl Pts',(19.2785279697455,14.3225217875817,2.93268536121786));
#5938=CARTESIAN_POINT('Ctrl Pts',(19.2811131932022,14.3228894956393,2.91346425409393));
#5939=CARTESIAN_POINT('Ctrl Pts',(19.2823789201179,14.3229188058871,2.90490166358581));
#5940=CARTESIAN_POINT('Ctrl Pts',(19.2853390798214,14.322695490088,2.88651914020308));
#5941=CARTESIAN_POINT('Ctrl Pts',(19.2870697586749,14.3223975837947,2.87671367264234));
#5942=CARTESIAN_POINT('Ctrl Pts',(19.292132140083,14.3211174135335,2.85032362273928));
#5943=CARTESIAN_POINT('Ctrl Pts',(19.2957327845394,14.3197988739872,2.8338427826437));
#5944=CARTESIAN_POINT('Ctrl Pts',(19.3130638651272,14.3118965327173,2.76305596954395));
#5945=CARTESIAN_POINT('Ctrl Pts',(19.330726914359,14.3002528648129,2.71085485237447));
#5946=CARTESIAN_POINT('Ctrl Pts',(19.3812185405004,14.2596643552468,2.59295883544651));
#5947=CARTESIAN_POINT('Ctrl Pts',(19.416569786679,14.2262396014356,2.53170434113633));
#5948=CARTESIAN_POINT('Ctrl Pts',(19.5006326184863,14.1331871531496,2.41282878376363));
#5949=CARTESIAN_POINT('Ctrl Pts',(19.5491264591089,14.070960240117,2.36054763537351));
#5950=CARTESIAN_POINT('Ctrl Pts',(19.6614237136434,13.8987970697128,2.25760149692876));
#5951=CARTESIAN_POINT('Ctrl Pts',(19.7249181836606,13.7769100368016,2.2156168692867));
#5952=CARTESIAN_POINT('Ctrl Pts',(19.8432622082797,13.4482186445052,2.14814081319627));
#5953=CARTESIAN_POINT('Ctrl Pts',(19.8859895945179,13.2307830063166,2.13246754880952));
#5954=CARTESIAN_POINT('Ctrl Pts',(19.8859895945179,13.,2.13246754880952));
#5955=CARTESIAN_POINT('',(19.9817073170732,13.,0.855203306135162));
#5956=CARTESIAN_POINT('Origin',(0.,13.,0.));
#5957=CARTESIAN_POINT('',(19.9817073170732,13.,-0.855203306135164));
#5958=CARTESIAN_POINT('Ctrl Pts',(19.9817073170732,13.,0.855203306135164));
#5959=CARTESIAN_POINT('Ctrl Pts',(19.9817073170732,13.1801109092554,0.855203306135164));
#5960=CARTESIAN_POINT('Ctrl Pts',(19.9575344301234,13.3527863336742,0.841514503736833));
#5961=CARTESIAN_POINT('Ctrl Pts',(19.8805709286732,13.6535838431342,0.786371834540143));
#5962=CARTESIAN_POINT('Ctrl Pts',(19.8309390750464,13.7819053039246,0.747150929658755));
#5963=CARTESIAN_POINT('Ctrl Pts',(19.7377949759879,13.9754972256991,0.649927023783839));
#5964=CARTESIAN_POINT('Ctrl Pts',(19.6945702476653,14.0506751973212,0.597729002014242));
#5965=CARTESIAN_POINT('Ctrl Pts',(19.6214188259185,14.1643023720266,0.481349629443038));
#5966=CARTESIAN_POINT('Ctrl Pts',(19.5914029367817,14.2062243258755,0.423457631479143));
#5967=CARTESIAN_POINT('Ctrl Pts',(19.5370396379037,14.2783489573174,0.281823787946545));
#5968=CARTESIAN_POINT('Ctrl Pts',(19.5156931084552,14.3040279250197,0.197746479272958));
#5969=CARTESIAN_POINT('Ctrl Pts',(19.5037415094152,14.3184072758457,0.0887913981212788));
#5970=CARTESIAN_POINT('Ctrl Pts',(19.5021380087638,14.3203237246116,0.0684609375527858));
#5971=CARTESIAN_POINT('Ctrl Pts',(19.5006397835541,14.32211287692,0.0373500599080451));
#5972=CARTESIAN_POINT('Ctrl Pts',(19.5002968129453,14.3225217875817,0.0266141916398229));
#5973=CARTESIAN_POINT('Ctrl Pts',(19.4999884042278,14.3228894956393,0.00722246083913784));
#5974=CARTESIAN_POINT('Ctrl Pts',(19.4999638061259,14.3229188058871,-0.00143313941563445));
#5975=CARTESIAN_POINT('Ctrl Pts',(19.5001511303483,14.322695490088,-0.0200515341109176));
#5976=CARTESIAN_POINT('Ctrl Pts',(19.5004010498428,14.3223975837947,-0.0300054269989049));
#5977=CARTESIAN_POINT('Ctrl Pts',(19.5014736557912,14.3211174135335,-0.0568552306459731));
#5978=CARTESIAN_POINT('Ctrl Pts',(19.5025777422676,14.3197988739872,-0.0736886415840918));
#5979=CARTESIAN_POINT('Ctrl Pts',(19.5091650219649,14.3118965327173,-0.146267887993359));
#5980=CARTESIAN_POINT('Ctrl Pts',(19.5188506167305,14.3002528648129,-0.200518502699004));
#5981=CARTESIAN_POINT('Ctrl Pts',(19.5512068035893,14.2596643552468,-0.324623104909611));
#5982=CARTESIAN_POINT('Ctrl Pts',(19.5770336969107,14.2262396014356,-0.390462266970952));
#5983=CARTESIAN_POINT('Ctrl Pts',(19.6424401338777,14.1331871531496,-0.520538997539471));
#5984=CARTESIAN_POINT('Ctrl Pts',(19.682600237533,14.070960240117,-0.579463840600042));
#5985=CARTESIAN_POINT('Ctrl Pts',(19.7782998987493,13.8987970697129,-0.697997193036188));
#5986=CARTESIAN_POINT('Ctrl Pts',(19.8348277039488,13.7769100368018,-0.748976246777291));
#5987=CARTESIAN_POINT('Ctrl Pts',(19.9417931392795,13.4482186445049,-0.833336912689378));
#5988=CARTESIAN_POINT('Ctrl Pts',(19.9817073170732,13.2307830063162,-0.855203306135186));
#5989=CARTESIAN_POINT('Ctrl Pts',(19.9817073170732,13.,-0.855203306135186));
#5990=CARTESIAN_POINT('',(19.8859895945179,13.,-2.13246754880927));
#5991=CARTESIAN_POINT('Origin',(0.,13.,0.));
#5992=CARTESIAN_POINT('',(19.6310667169425,13.,-3.82377033240146));
#5993=CARTESIAN_POINT('Ctrl Pts',(19.8859895945179,13.,-2.13246754880927));
#5994=CARTESIAN_POINT('Ctrl Pts',(19.8859895945179,13.1801109092554,-2.13246754880927));
#5995=CARTESIAN_POINT('Ctrl Pts',(19.8600464886124,13.3527863336742,-2.14240067674385));
#5996=CARTESIAN_POINT('Ctrl Pts',(19.7757240175045,13.653583843133,-2.18545663321668));
#5997=CARTESIAN_POINT('Ctrl Pts',(19.7208009381308,13.7819053039237,-2.21684222905657));
#5998=CARTESIAN_POINT('Ctrl Pts',(19.6142067104422,13.9754972256991,-2.29909781662743));
#5999=CARTESIAN_POINT('Ctrl Pts',(19.5636850551673,14.0506751973211,-2.34427051815713));
#6000=CARTESIAN_POINT('Ctrl Pts',(19.4740052289376,14.1643023720266,-2.4484473756211));
#6001=CARTESIAN_POINT('Ctrl Pts',(19.4356962379125,14.2062243258755,-2.50121913166132));
#6002=CARTESIAN_POINT('Ctrl Pts',(19.3608307031594,14.2783489573174,-2.63316861292149));
#6003=CARTESIAN_POINT('Ctrl Pts',(19.327191524189,14.3040279250197,-2.71312531239997));
#6004=CARTESIAN_POINT('Ctrl Pts',(19.2991345024294,14.3184072758457,-2.81908216191134));
#6005=CARTESIAN_POINT('Ctrl Pts',(19.2945188136399,14.3203237246116,-2.83894655866191));
#6006=CARTESIAN_POINT('Ctrl Pts',(19.2884004866609,14.3221128769201,-2.86948665462768));
#6007=CARTESIAN_POINT('Ctrl Pts',(19.2864612486144,14.3225217875817,-2.88005149500071));
#6008=CARTESIAN_POINT('Ctrl Pts',(19.2832660970639,14.3228894956393,-2.89918067025591));
#6009=CARTESIAN_POINT('Ctrl Pts',(19.2819517234254,14.3229188058872,-2.90773592845053));
#6010=CARTESIAN_POINT('Ctrl Pts',(19.2793620276531,14.322695490088,-2.92617429028666));
#6011=CARTESIAN_POINT('Ctrl Pts',(19.2781256049999,14.3223975837947,-2.936054254983));
#6012=CARTESIAN_POINT('Ctrl Pts',(19.2751844752442,14.3211174135335,-2.96276403212865));
#6013=CARTESIAN_POINT('Ctrl Pts',(19.2737673402732,14.3197988739872,-2.97957398332522));
#6014=CARTESIAN_POINT('Ctrl Pts',(19.2694636701366,14.3118965327173,-3.05232436261306));
#6015=CARTESIAN_POINT('Ctrl Pts',(19.270955450254,14.3002528648129,-3.1074126057688));
#6016=CARTESIAN_POINT('Ctrl Pts',(19.2844534140827,14.2596643552468,-3.23495350152524));
#6017=CARTESIAN_POINT('Ctrl Pts',(19.3001790244278,14.2262396014356,-3.30390659325325));
#6018=CARTESIAN_POINT('Ctrl Pts',(19.3454679948336,14.1331871531496,-3.44227879780207));
#6019=CARTESIAN_POINT('Ctrl Pts',(19.3763972511686,14.070960240117,-3.50653105190951));
#6020=CARTESIAN_POINT('Ctrl Pts',(19.453361546774,13.898797069713,-3.63800377911408));
#6021=CARTESIAN_POINT('Ctrl Pts',(19.5016599493969,13.7769100368019,-3.69683847113398));
#6022=CARTESIAN_POINT('Ctrl Pts',(19.5948573643689,13.4482186445049,-3.79619926899298));
#6023=CARTESIAN_POINT('Ctrl Pts',(19.6310667169425,13.2307830063162,-3.82377033240149));
#6024=CARTESIAN_POINT('Ctrl Pts',(19.6310667169425,13.,-3.82377033240149));
#6025=CARTESIAN_POINT('',(19.3460517250298,13.,-5.07250260251012));
#6026=CARTESIAN_POINT('Origin',(0.,13.,0.));
#6027=CARTESIAN_POINT('',(18.8419005257165,13.,-6.70692064803244));
#6028=CARTESIAN_POINT('Ctrl Pts',(19.3460517250298,13.,-5.07250260251012));
#6029=CARTESIAN_POINT('Ctrl Pts',(19.3460517250298,13.1801109092552,-5.07250260251012));
#6030=CARTESIAN_POINT('Ctrl Pts',(19.3189179262849,13.3527863336742,-5.07845816631684));
#6031=CARTESIAN_POINT('Ctrl Pts',(19.2291201101845,13.6535838431334,-5.10846561114639));
#6032=CARTESIAN_POINT('Ctrl Pts',(19.1701326958993,13.7819053039241,-5.13131479559709));
#6033=CARTESIAN_POINT('Ctrl Pts',(19.052469478486,13.9754972256994,-5.19676461096045));
#6034=CARTESIAN_POINT('Ctrl Pts',(18.9957794665529,14.0506751973213,-5.23390290874375));
#6035=CARTESIAN_POINT('Ctrl Pts',(18.891574534967,14.1643023720267,-5.32355011225183));
#6036=CARTESIAN_POINT('Ctrl Pts',(18.8458282016095,14.2062243258756,-5.37002279254113));
#6037=CARTESIAN_POINT('Ctrl Pts',(18.752132803316,14.2783489573175,-5.48934037815751));
#6038=CARTESIAN_POINT('Ctrl Pts',(18.706952418495,14.3040279250197,-5.56339036789902));
#6039=CARTESIAN_POINT('Ctrl Pts',(18.663416721519,14.3184072758457,-5.66398208484029));
#6040=CARTESIAN_POINT('Ctrl Pts',(18.6558919514518,14.3203237246116,-5.68293667997445));
#6041=CARTESIAN_POINT('Ctrl Pts',(18.6452901960182,14.32211287692,-5.7122237789829));
#6042=CARTESIAN_POINT('Ctrl Pts',(18.6417980099074,14.3225217875817,-5.72238159038488));
#6043=CARTESIAN_POINT('Ctrl Pts',(18.6357874899295,14.3228894956393,-5.74082089592989));
#6044=CARTESIAN_POINT('Ctrl Pts',(18.6332127016896,14.3229188058871,-5.74908470173326));
#6045=CARTESIAN_POINT('Ctrl Pts',(18.6279038354467,14.322695490088,-5.76693114817533));
#6046=CARTESIAN_POINT('Ctrl Pts',(18.625208690285,14.3223975837947,-5.77651648259503));
#6047=CARTESIAN_POINT('Ctrl Pts',(18.6183195248038,14.3211174135335,-5.80248958095406));
#6048=CARTESIAN_POINT('Ctrl Pts',(18.6144128248389,14.3197988739872,-5.81890056587701));
#6049=CARTESIAN_POINT('Ctrl Pts',(18.5993143417477,14.3118965327173,-5.89019695478634));
#6050=CARTESIAN_POINT('Ctrl Pts',(18.5925789833141,14.3002528648129,-5.94489224607063));
#6051=CARTESIAN_POINT('Ctrl Pts',(18.5869172019055,14.2596643552468,-6.07302038251678));
#6052=CARTESIAN_POINT('Ctrl Pts',(18.592190245125,14.2262396014357,-6.14354710578377));
#6053=CARTESIAN_POINT('Ctrl Pts',(18.6163500682085,14.1331871531496,-6.28712377791653));
#6054=CARTESIAN_POINT('Ctrl Pts',(18.6373575687456,14.0709602401169,-6.35526815388775));
#6055=CARTESIAN_POINT('Ctrl Pts',(18.6938672435559,13.8987970697131,-6.49674337238699));
#6056=CARTESIAN_POINT('Ctrl Pts',(18.7328573370985,13.7769100368022,-6.56211943288742));
#6057=CARTESIAN_POINT('Ctrl Pts',(18.8102048554654,13.448218644505,-6.67426080665794));
#6058=CARTESIAN_POINT('Ctrl Pts',(18.8419005257165,13.2307830063163,-6.70692064803247));
#6059=CARTESIAN_POINT('Ctrl Pts',(18.8419005257165,13.,-6.70692064803247));
#6060=CARTESIAN_POINT('',(18.3739550283926,13.,-7.89922633012913));
#6061=CARTESIAN_POINT('Origin',(0.,13.,0.));
#6062=CARTESIAN_POINT('',(17.6318374120494,13.,-9.44024943923915));
#6063=CARTESIAN_POINT('Ctrl Pts',(18.3739550283926,13.,-7.89922633012913));
#6064=CARTESIAN_POINT('Ctrl Pts',(18.3739550283926,13.1801109092553,-7.89922633012913));
#6065=CARTESIAN_POINT('Ctrl Pts',(18.3462366610349,13.3527863336741,-7.90107129235387));
#6066=CARTESIAN_POINT('Ctrl Pts',(18.2529694347677,13.6535838431335,-7.91735990880829));
#6067=CARTESIAN_POINT('Ctrl Pts',(18.1912353669323,13.7819053039241,-7.93116226884635));
#6068=CARTESIAN_POINT('Ctrl Pts',(18.0651315616389,13.9754972256991,-7.97834427127942));
#6069=CARTESIAN_POINT('Ctrl Pts',(18.0035395542368,14.0506751973212,-8.00661855711299));
#6070=CARTESIAN_POINT('Ctrl Pts',(17.8871372832727,14.1643023720266,-8.07973353627638));
#6071=CARTESIAN_POINT('Ctrl Pts',(17.8349755050765,14.2062243258755,-8.11886901793089));
#6072=CARTESIAN_POINT('Ctrl Pts',(17.7245432436134,14.2783489573174,-8.22288935020717));
#6073=CARTESIAN_POINT('Ctrl Pts',(17.6688309080803,14.3040279250197,-8.28937847580478));
#6074=CARTESIAN_POINT('Ctrl Pts',(17.6107890514177,14.3184072758457,-8.38235800744234));
#6075=CARTESIAN_POINT('Ctrl Pts',(17.6005232910017,14.3203237246116,-8.39997938662638));
#6076=CARTESIAN_POINT('Ctrl Pts',(17.5856749328108,14.3221128769201,-8.42735926328159));
#6077=CARTESIAN_POINT('Ctrl Pts',(17.5807078083028,14.3225217875817,-8.43688313699091));
#6078=CARTESIAN_POINT('Ctrl Pts',(17.572016184982,14.3228894956393,-8.45422066920948));
#6079=CARTESIAN_POINT('Ctrl Pts',(17.5682384986552,14.3229188058871,-8.4620084228556));
#6080=CARTESIAN_POINT('Ctrl Pts',(17.560329053241,14.322695490088,-8.47886429378045));
#6081=CARTESIAN_POINT('Ctrl Pts',(17.55623539066,14.3223975837947,-8.48794087739174));
#6082=CARTESIAN_POINT('Ctrl Pts',(17.5455520820261,14.3211174135335,-8.51259710086633));
#6083=CARTESIAN_POINT('Ctrl Pts',(17.539243086289,14.3197988739872,-8.52824252523081));
#6084=CARTESIAN_POINT('Ctrl Pts',(17.5136870654059,14.3118965327173,-8.59649228024719));
#6085=CARTESIAN_POINT('Ctrl Pts',(17.4988750251989,14.3002528648129,-8.64957281723401));
#6086=CARTESIAN_POINT('Ctrl Pts',(17.4741799733939,14.2596643552468,-8.77542602352709));
#6087=CARTESIAN_POINT('Ctrl Pts',(17.4688826584156,14.2262396014356,-8.84595092787725));
#6088=CARTESIAN_POINT('Ctrl Pts',(17.471373643652,14.1331871531496,-8.99152480199158));
#6089=CARTESIAN_POINT('Ctrl Pts',(17.4819901155432,14.0709602401171,-9.06203906707252));
#6090=CARTESIAN_POINT('Ctrl Pts',(17.5167828368027,13.8987970697129,-9.21035645426637));
#6091=CARTESIAN_POINT('Ctrl Pts',(17.5455936470044,13.7769100368019,-9.2808134900863));
#6092=CARTESIAN_POINT('Ctrl Pts',(17.6053634530186,13.4482186445049,-9.40323038678627));
#6093=CARTESIAN_POINT('Ctrl Pts',(17.6318374120494,13.2307830063162,-9.44024943923917));
#6094=CARTESIAN_POINT('Ctrl Pts',(17.6318374120494,13.,-9.44024943923917));
#6095=CARTESIAN_POINT('',(16.9914145384679,13.,-10.5494943946116));
#6096=CARTESIAN_POINT('Origin',(0.,13.,0.));
#6097=CARTESIAN_POINT('',(16.0279081863314,13.,-11.9626986575159));
#6098=CARTESIAN_POINT('Ctrl Pts',(16.9914145384679,13.,-10.5494943946116));
#6099=CARTESIAN_POINT('Ctrl Pts',(16.9914145384679,13.1801109092552,-10.5494943946116));
#6100=CARTESIAN_POINT('Ctrl Pts',(16.963730785021,13.3527863336741,-10.547187541847));
#6101=CARTESIAN_POINT('Ctrl Pts',(16.869077584302,13.6535838431342,-10.5493934691508));
#6102=CARTESIAN_POINT('Ctrl Pts',(16.8059758999793,13.7819053039246,-10.5538406828607));
#6103=CARTESIAN_POINT('Ctrl Pts',(16.6742484574357,13.9754972256993,-10.5817009043952));
#6104=CARTESIAN_POINT('Ctrl Pts',(16.6091303182323,14.0506751973213,-10.6004795774554));
#6105=CARTESIAN_POINT('Ctrl Pts',(16.4831309422745,14.1643023720267,-10.6554290644584));
#6106=CARTESIAN_POINT('Ctrl Pts',(16.4257189271696,14.2062243258756,-10.6863531254874));
#6107=CARTESIAN_POINT('Ctrl Pts',(16.3010166767744,14.2783489573175,-10.772752562089));
#6108=CARTESIAN_POINT('Ctrl Pts',(16.2360169120431,14.3040279250197,-10.8301955663469));
#6109=CARTESIAN_POINT('Ctrl Pts',(16.1647654548606,14.3184072758457,-10.913485903588));
#6110=CARTESIAN_POINT('Ctrl Pts',(16.1519880242199,14.3203237246116,-10.9293804343293));
#6111=CARTESIAN_POINT('Ctrl Pts',(16.1332247510575,14.3221128769201,-10.9542414674305));
#6112=CARTESIAN_POINT('Ctrl Pts',(16.1268936455059,14.3225217875817,-10.9629186558463));
#6113=CARTESIAN_POINT('Ctrl Pts',(16.1157150753447,14.3228894956393,-10.978767122918));
#6114=CARTESIAN_POINT('Ctrl Pts',(16.1108188782011,14.3229188058871,-10.9859048588593));
#6115=CARTESIAN_POINT('Ctrl Pts',(16.1004855375562,14.322695490088,-11.001393621964));
#6116=CARTESIAN_POINT('Ctrl Pts',(16.0950848032133,14.3223975837947,-11.0097586988876));
#6117=CARTESIAN_POINT('Ctrl Pts',(16.0808459988881,14.3211174135335,-11.0325472681886));
#6118=CARTESIAN_POINT('Ctrl Pts',(16.0722756399181,14.3197988739872,-11.0470776390675));
#6119=CARTESIAN_POINT('Ctrl Pts',(16.0368329605196,14.3118965327173,-11.1107561734433));
#6120=CARTESIAN_POINT('Ctrl Pts',(16.0142751150413,14.3002528648129,-11.1610362246493));
#6121=CARTESIAN_POINT('Ctrl Pts',(15.9710984394898,14.2596643552468,-11.2818031481268));
#6122=CARTESIAN_POINT('Ctrl Pts',(15.9553490995768,14.2262396014356,-11.3507508237357));
#6123=CARTESIAN_POINT('Ctrl Pts',(15.9361156024722,14.1331871531496,-11.4950700200377));
#6124=CARTESIAN_POINT('Ctrl Pts',(15.9361038912786,14.070960240117,-11.5663790020678));
#6125=CARTESIAN_POINT('Ctrl Pts',(15.9484024470875,13.8987970697131,-11.718225392613));
#6126=CARTESIAN_POINT('Ctrl Pts',(15.9663903880568,13.7769100368022,-11.7921895099991));
#6127=CARTESIAN_POINT('Ctrl Pts',(16.0072473230188,13.448218644505,-11.9221473384441));
#6128=CARTESIAN_POINT('Ctrl Pts',(16.0279081863314,13.2307830063164,-11.9626986575159));
#6129=CARTESIAN_POINT('Ctrl Pts',(16.0279081863314,13.,-11.9626986575159));
#6130=CARTESIAN_POINT('',(15.2293139252211,13.,-12.9641041868332));
#6131=CARTESIAN_POINT('Origin',(0.,13.,0.));
#6132=CARTESIAN_POINT('',(14.0659419770517,13.,-14.2179209555481));
#6133=CARTESIAN_POINT('Ctrl Pts',(15.2293139252211,13.,-12.9641041868332));
#6134=CARTESIAN_POINT('Ctrl Pts',(15.2293139252211,13.1801109092554,-12.9641041868332));
#6135=CARTESIAN_POINT('Ctrl Pts',(15.2022831949909,13.3527863336743,-12.957697050358));
#6136=CARTESIAN_POINT('Ctrl Pts',(15.1083584159151,13.6535838431332,-12.9457710117405));
#6137=CARTESIAN_POINT('Ctrl Pts',(15.0452987024608,13.7819053039239,-12.9407637357166));
#6138=CARTESIAN_POINT('Ctrl Pts',(14.9108901960597,13.9754972256993,-12.9486798250411));
#6139=CARTESIAN_POINT('Ctrl Pts',(14.8437005566803,14.0506751973212,-12.9575434008025));
#6140=CARTESIAN_POINT('Ctrl Pts',(14.71091869358,14.1643023720266,-12.9930999149068));
#6141=CARTESIAN_POINT('Ctrl Pts',(14.6495389311134,14.2062243258755,-13.0151217628874));
#6142=CARTESIAN_POINT('Ctrl Pts',(14.5133523339956,14.2783489573174,-13.0819702831714));
#6143=CARTESIAN_POINT('Ctrl Pts',(14.4405171274013,14.3040279250197,-13.129083984296));
#6144=CARTESIAN_POINT('Ctrl Pts',(14.3576477095126,14.3184072758457,-13.20082455864));
#6145=CARTESIAN_POINT('Ctrl Pts',(14.3426440353337,14.3203237246116,-13.2146371833868));
#6146=CARTESIAN_POINT('Ctrl Pts',(14.3203849877171,14.32211287692,-13.2364240185359));
#6147=CARTESIAN_POINT('Ctrl Pts',(14.3128313275581,14.3225217875817,-13.2440606876076));
#6148=CARTESIAN_POINT('Ctrl Pts',(14.2994155213416,14.3228894956393,-13.2580660609673));
#6149=CARTESIAN_POINT('Ctrl Pts',(14.2935101863347,14.3229188058871,-13.2643943339776));
#6150=CARTESIAN_POINT('Ctrl Pts',(14.2809837802137,14.322695490088,-13.2781699958887));
#6151=CARTESIAN_POINT('Ctrl Pts',(14.2743966175898,14.3223975837947,-13.285636704129));
#6152=CARTESIAN_POINT('Ctrl Pts',(14.2569203889329,14.3211174135335,-13.306048560275));
#6153=CARTESIAN_POINT('Ctrl Pts',(14.2462801143874,14.3197988739872,-13.3191392931938));
#6154=CARTESIAN_POINT('Ctrl Pts',(14.2017425073641,14.3118965327173,-13.3768241336965));
#6155=CARTESIAN_POINT('Ctrl Pts',(14.1719427616067,14.3002528648129,-13.423180525863));
#6156=CARTESIAN_POINT('Ctrl Pts',(14.1112489578933,14.2596643552468,-13.5361634330158));
#6157=CARTESIAN_POINT('Ctrl Pts',(14.0853994072743,14.2262396014356,-13.6019937027431));
#6158=CARTESIAN_POINT('Ctrl Pts',(14.0448710723716,14.1331871531496,-13.7418343688675));
#6159=CARTESIAN_POINT('Ctrl Pts',(14.0342314397018,14.070960240117,-13.8123451430228));
#6160=CARTESIAN_POINT('Ctrl Pts',(14.0237611006462,13.8987970697129,-13.9643285394735));
#6161=CARTESIAN_POINT('Ctrl Pts',(14.030524351506,13.7769100368019,-14.0401475022653));
#6162=CARTESIAN_POINT('Ctrl Pts',(14.0515557390027,13.4482186445048,-14.1747432193167));
#6163=CARTESIAN_POINT('Ctrl Pts',(14.0659419770517,13.2307830063161,-14.2179209555481));
#6164=CARTESIAN_POINT('Ctrl Pts',(14.0659419770517,13.,-14.2179209555481));
#6165=CARTESIAN_POINT('',(13.1270156045686,13.,-15.0891173140583));
#6166=CARTESIAN_POINT('Origin',(0.,13.,0.));
#6167=CARTESIAN_POINT('',(11.7897658672741,13.,-16.1555383938406));
#6168=CARTESIAN_POINT('Ctrl Pts',(13.1270156045686,13.,-15.0891173140583));
#6169=CARTESIAN_POINT('Ctrl Pts',(13.1270156045686,13.1801109092553,-15.0891173140583));
#6170=CARTESIAN_POINT('Ctrl Pts',(13.1012417194016,13.3527863336741,-15.0787530187138));
#6171=CARTESIAN_POINT('Ctrl Pts',(13.0101434863267,13.6535838431342,-15.0529614221705));
#6172=CARTESIAN_POINT('Ctrl Pts',(12.9485343935359,13.7819053039246,-15.038611510685));
#6173=CARTESIAN_POINT('Ctrl Pts',(12.8144472872081,13.9754972256992,-15.0264066354449));
#6174=CARTESIAN_POINT('Ctrl Pts',(12.7466870531689,14.0506751973212,-15.0251571162717));
#6175=CARTESIAN_POINT('Ctrl Pts',(12.6100888303322,14.1643023720266,-15.0405263837076));
#6176=CARTESIAN_POINT('Ctrl Pts',(12.5461124429705,14.2062243258755,-15.0531540869459));
#6177=CARTESIAN_POINT('Ctrl Pts',(12.401483682668,14.2783489573174,-15.0989584054329));
#6178=CARTESIAN_POINT('Ctrl Pts',(12.3224400523696,14.3040279250197,-15.1346903611943));
#6179=CARTESIAN_POINT('Ctrl Pts',(12.229803839633,14.3184072758457,-15.1932786067578));
#6180=CARTESIAN_POINT('Ctrl Pts',(12.2129090792041,14.3203237246116,-15.204700774298));
#6181=CARTESIAN_POINT('Ctrl Pts',(12.187651487475,14.32211287692,-15.2229267295996));
#6182=CARTESIAN_POINT('Ctrl Pts',(12.1790440089944,14.3225217875817,-15.2293522887594));
#6183=CARTESIAN_POINT('Ctrl Pts',(12.1636906536646,14.3228894956393,-15.2412017115092));
#6184=CARTESIAN_POINT('Ctrl Pts',(12.1569080962201,14.3229188058871,-15.2465791584265));
#6185=CARTESIAN_POINT('Ctrl Pts',(12.1424684438368,14.322695490088,-15.2583339936205));
#6186=CARTESIAN_POINT('Ctrl Pts',(12.1348419992599,14.3223975837947,-15.2647355392537));
#6187=CARTESIAN_POINT('Ctrl Pts',(12.1145187363408,14.3211174135335,-15.2823147151084));
#6188=CARTESIAN_POINT('Ctrl Pts',(12.1020462323705,14.3197988739872,-15.2936733847254));
#6189=CARTESIAN_POINT('Ctrl Pts',(12.0494085942671,14.3118965327173,-15.3440759473394));
#6190=CARTESIAN_POINT('Ctrl Pts',(12.0130326253083,14.3002528648129,-15.3854731552671));
#6191=CARTESIAN_POINT('Ctrl Pts',(11.9361774927144,14.2596643552468,-15.4881481946479));
#6192=CARTESIAN_POINT('Ctrl Pts',(11.9008051676351,14.2262396014356,-15.5493905190491));
#6193=CARTESIAN_POINT('Ctrl Pts',(11.8398873309649,14.1331871531496,-15.6816288455946));
#6194=CARTESIAN_POINT('Ctrl Pts',(11.8188574486314,14.070960240117,-15.749766317696));
#6195=CARTESIAN_POINT('Ctrl Pts',(11.7858521047841,13.8987970697131,-15.8984916621202));
#6196=CARTESIAN_POINT('Ctrl Pts',(11.7812395856861,13.7769100368021,-15.974471799976));
#6197=CARTESIAN_POINT('Ctrl Pts',(11.7819756192741,13.4482186445049,-16.1106987597278));
#6198=CARTESIAN_POINT('Ctrl Pts',(11.7897658672741,13.2307830063162,-16.1555383938406));
#6199=CARTESIAN_POINT('Ctrl Pts',(11.7897658672741,13.,-16.1555383938406));
#6200=CARTESIAN_POINT('',(10.7314814470503,13.,-16.8770644945031));
#6201=CARTESIAN_POINT('Origin',(0.,13.,0.));
#6202=CARTESIAN_POINT('',(9.2502258700233,13.,-17.7322678006382));
#6203=CARTESIAN_POINT('Ctrl Pts',(10.7314814470503,13.,-16.8770644945031));
#6204=CARTESIAN_POINT('Ctrl Pts',(10.7314814470503,13.1801109092549,-16.8770644945031));
#6205=CARTESIAN_POINT('Ctrl Pts',(10.7075401529511,13.3527863336738,-16.862974561521));
#6206=CARTESIAN_POINT('Ctrl Pts',(10.6213034498693,13.6535838431334,-16.8238935486993));
#6207=CARTESIAN_POINT('Ctrl Pts',(10.5625212230694,13.781905303924,-16.8005215550622));
#6208=CARTESIAN_POINT('Ctrl Pts',(10.431750801197,13.9754972256991,-16.7684683520023));
#6209=CARTESIAN_POINT('Ctrl Pts',(10.364933624156,14.0506751973211,-16.7571336500881));
#6210=CARTESIAN_POINT('Ctrl Pts',(10.2275704201594,14.1643023720266,-16.751972346818));
#6211=CARTESIAN_POINT('Ctrl Pts',(10.1624265346784,14.2062243258755,-16.7549238232903));
#6212=CARTESIAN_POINT('Ctrl Pts',(10.0125863787046,14.2783489573174,-16.7786607471947));
#6213=CARTESIAN_POINT('Ctrl Pts',(9.92910002878716,14.3040279250197,-16.8022127647464));
#6214=CARTESIAN_POINT('Ctrl Pts',(9.82876636111846,14.3184072758457,-16.8463399169379));
#6215=CARTESIAN_POINT('Ctrl Pts',(9.81035791546977,14.3203237246116,-16.855116474923));
#6216=CARTESIAN_POINT('Ctrl Pts',(9.78266599249017,14.3221128769201,-16.8693744126534));
#6217=CARTESIAN_POINT('Ctrl Pts',(9.77319697253397,14.3225217875817,-16.8744453255274));
#6218=CARTESIAN_POINT('Ctrl Pts',(9.75624903667862,14.3228894956393,-16.8838741011435));
#6219=CARTESIAN_POINT('Ctrl Pts',(9.74874076792205,14.3229188058871,-16.8881805986898));
#6220=CARTESIAN_POINT('Ctrl Pts',(9.73271042724948,14.322695490088,-16.8976520235728));
#6221=CARTESIAN_POINT('Ctrl Pts',(9.72421506288916,14.3223975837947,-16.9028454066479));
#6222=CARTESIAN_POINT('Ctrl Pts',(9.70149875381841,14.3211174135335,-16.917199212471));
#6223=CARTESIAN_POINT('Ctrl Pts',(9.68747263555191,14.3197988739872,-16.9265720848766));
#6224=CARTESIAN_POINT('Ctrl Pts',(9.62791080422251,14.3118965327173,-16.9685664596409));
#6225=CARTESIAN_POINT('Ctrl Pts',(9.5857711910993,14.3002528648129,-17.0040797381115));
#6226=CARTESIAN_POINT('Ctrl Pts',(9.49447154628781,14.2596643552468,-17.0941533190061));
#6227=CARTESIAN_POINT('Ctrl Pts',(9.4503666060395,14.2262396014357,-17.1494396457539));
#6228=CARTESIAN_POINT('Ctrl Pts',(9.37042007140939,14.1331871531496,-17.2711216470227));
#6229=CARTESIAN_POINT('Ctrl Pts',(9.33946971223259,14.070960240117,-17.3353637385372));
#6230=CARTESIAN_POINT('Ctrl Pts',(9.28466664843527,13.8987970697128,-17.4775087525022));
#6231=CARTESIAN_POINT('Ctrl Pts',(9.26878139543434,13.7769100368016,-17.5519527946956));
#6232=CARTESIAN_POINT('Ctrl Pts',(9.2492056333397,13.4482186445054,-17.6867679119746));
#6233=CARTESIAN_POINT('Ctrl Pts',(9.25022587002328,13.2307830063168,-17.7322678006383));
#6234=CARTESIAN_POINT('Ctrl Pts',(9.25022587002328,13.,-17.7322678006383));
#6235=CARTESIAN_POINT('',(8.09622372724416,13.,-18.2880059426502));
#6236=CARTESIAN_POINT('Origin',(0.,13.,0.));
#6237=CARTESIAN_POINT('',(6.50405111237426,13.,-18.9128876464601));
#6238=CARTESIAN_POINT('Ctrl Pts',(8.09622372724417,13.,-18.2880059426502));
#6239=CARTESIAN_POINT('Ctrl Pts',(8.09622372724417,13.180110909255,-18.2880059426502));
#6240=CARTESIAN_POINT('Ctrl Pts',(8.07464983316113,13.3527863336738,-18.2705051178503));
#6241=CARTESIAN_POINT('Ctrl Pts',(7.99520104551702,13.6535838431343,-18.2190076939971));
#6242=CARTESIAN_POINT('Ctrl Pts',(7.94055878251958,13.7819053039247,-18.1871357099253));
#6243=CARTESIAN_POINT('Ctrl Pts',(7.81602624023654,13.9754972256988,-18.135950194636));
#6244=CARTESIAN_POINT('Ctrl Pts',(7.75164470551677,14.050675197321,-18.1147835084914));
#6245=CARTESIAN_POINT('Ctrl Pts',(7.61658498735163,14.1643023720265,-18.0892069295015));
#6246=CARTESIAN_POINT('Ctrl Pts',(7.55172881050597,14.2062243258754,-18.0824162481006));
#6247=CARTESIAN_POINT('Ctrl Pts',(7.40002444034191,14.2783489573174,-18.0835555337665));
#6248=CARTESIAN_POINT('Ctrl Pts',(7.31396031790561,14.3040279250197,-18.094401499955));
#6249=CARTESIAN_POINT('Ctrl Pts',(7.20817048364384,14.3184072758457,-18.1230818311123));
#6250=CARTESIAN_POINT('Ctrl Pts',(7.18865956703227,14.3203237246116,-18.1290167257399));
#6251=CARTESIAN_POINT('Ctrl Pts',(7.15915190460272,14.32211287692,-18.1389881471303));
#6252=CARTESIAN_POINT('Ctrl Pts',(7.14903286542935,14.3225217875817,-18.1425911379045));
#6253=CARTESIAN_POINT('Ctrl Pts',(7.13086893792891,14.3228894956393,-18.1493886431207));
#6254=CARTESIAN_POINT('Ctrl Pts',(7.12280268017749,14.3229188058871,-18.1525279912569));
#6255=CARTESIAN_POINT('Ctrl Pts',(7.10553974253738,14.322695490088,-18.1595044298479));
#6256=CARTESIAN_POINT('Ctrl Pts',(7.09636523079534,14.3223975837947,-18.1633736387687));
#6257=CARTESIAN_POINT('Ctrl Pts',(7.07176332037979,14.3211174135335,-18.1741814342572));
#6258=CARTESIAN_POINT('Ctrl Pts',(7.05649690812165,14.3197988739872,-18.1813591349701));
#6259=CARTESIAN_POINT('Ctrl Pts',(6.9913413964553,14.3118965327173,-18.2140072369461));
#6260=CARTESIAN_POINT('Ctrl Pts',(6.94437946849128,14.3002528648129,-18.2428432780025));
#6261=CARTESIAN_POINT('Ctrl Pts',(6.84067479465909,14.2596643552468,-18.3183033054558));
#6262=CARTESIAN_POINT('Ctrl Pts',(6.78882247072568,14.2262396014356,-18.3663986293686));
#6263=CARTESIAN_POINT('Ctrl Pts',(6.69163311161168,14.1331871531497,-18.4748061305257));
#6264=CARTESIAN_POINT('Ctrl Pts',(6.65145365547168,14.0709602401171,-18.5337177792856));
#6265=CARTESIAN_POINT('Ctrl Pts',(6.57607708161042,13.8987970697131,-18.6661071780665));
#6266=CARTESIAN_POINT('Ctrl Pts',(6.5492739450088,13.7769100368021,-18.7373521677102));
#6267=CARTESIAN_POINT('Ctrl Pts',(6.50982367740859,13.448218644505,-18.8677438955725));
#6268=CARTESIAN_POINT('Ctrl Pts',(6.50405111237424,13.2307830063163,-18.9128876464601));
#6269=CARTESIAN_POINT('Ctrl Pts',(6.50405111237424,13.,-18.9128876464601));
#6270=CARTESIAN_POINT('',(5.28010974797841,13.,-19.2904235580586));
#6271=CARTESIAN_POINT('Origin',(0.,13.,0.));
#6272=CARTESIAN_POINT('',(3.61258660049572,13.,-19.6710248348661));
#6273=CARTESIAN_POINT('Ctrl Pts',(5.28010974797841,13.,-19.2904235580586));
#6274=CARTESIAN_POINT('Ctrl Pts',(5.28010974797841,13.1801109092549,-19.2904235580586));
#6275=CARTESIAN_POINT('Ctrl Pts',(5.26138517905554,13.3527863336738,-19.2699027809478));
#6276=CARTESIAN_POINT('Ctrl Pts',(5.19049906148046,13.6535838431327,-19.2071393134154));
#6277=CARTESIAN_POINT('Ctrl Pts',(5.14121738014788,13.7819053039235,-19.1674793063662));
#6278=CARTESIAN_POINT('Ctrl Pts',(5.02570456866343,13.9754972256992,-19.0983048786769));
#6279=CARTESIAN_POINT('Ctrl Pts',(4.96519685336325,14.0506751973212,-19.0677790370936));
#6280=CARTESIAN_POINT('Ctrl Pts',(4.83545763195405,14.1643023720266,-19.0223585208946));
#6281=CARTESIAN_POINT('Ctrl Pts',(4.77233794356283,14.2062243258755,-19.0059773742217));
#6282=CARTESIAN_POINT('Ctrl Pts',(4.62215818415406,14.2783489573174,-18.98449357189));
#6283=CARTESIAN_POINT('Ctrl Pts',(4.53543881947744,14.3040279250197,-18.9823912057529));
#6284=CARTESIAN_POINT('Ctrl Pts',(4.42655598870794,14.3184072758457,-18.9949840446709));
#6285=CARTESIAN_POINT('Ctrl Pts',(4.40637844276965,14.3203237246116,-18.9979447002021));
#6286=CARTESIAN_POINT('Ctrl Pts',(4.37571419330801,14.3221128769201,-19.0034068601762));
#6287=CARTESIAN_POINT('Ctrl Pts',(4.3651711775318,14.3225217875817,-19.0054614439904));
#6288=CARTESIAN_POINT('Ctrl Pts',(4.34619701051306,14.3228894956393,-19.0094758337721));
#6289=CARTESIAN_POINT('Ctrl Pts',(4.33775295063536,14.3229188058871,-19.0113779046486));
#6290=CARTESIAN_POINT('Ctrl Pts',(4.31964304152774,14.322695490088,-19.0157035148381));
#6291=CARTESIAN_POINT('Ctrl Pts',(4.30999432583562,14.3223975837947,-19.018162117871));
#6292=CARTESIAN_POINT('Ctrl Pts',(4.2840563801011,14.3211174135335,-19.0251824747329));
#6293=CARTESIAN_POINT('Ctrl Pts',(4.26789070027426,14.3197988739872,-19.0300046657798));
#6294=CARTESIAN_POINT('Ctrl Pts',(4.19859697473515,14.3118965327173,-19.0525771903189));
#6295=CARTESIAN_POINT('Ctrl Pts',(4.14786178379879,14.300252864813,-19.0740918444539));
#6296=CARTESIAN_POINT('Ctrl Pts',(4.03406867199249,14.2596643552468,-19.1332526661466));
#6297=CARTESIAN_POINT('Ctrl Pts',(3.97562725960729,14.2262396014356,-19.1730826171634));
#6298=CARTESIAN_POINT('Ctrl Pts',(3.86336612569132,14.1331871531496,-19.2657939737709));
#6299=CARTESIAN_POINT('Ctrl Pts',(3.81485511524378,14.070960240117,-19.3180591908918));
#6300=CARTESIAN_POINT('Ctrl Pts',(3.72058881942247,13.8987970697129,-19.4377356140869));
#6301=CARTESIAN_POINT('Ctrl Pts',(3.68346653700114,13.7769100368018,-19.5041900558409));
#6302=CARTESIAN_POINT('Ctrl Pts',(3.6250230176841,13.4482186445052,-19.6272456585513));
#6303=CARTESIAN_POINT('Ctrl Pts',(3.6125866004957,13.2307830063166,-19.6710248348661));
#6304=CARTESIAN_POINT('Ctrl Pts',(3.6125866004957,13.,-19.6710248348661));
#6305=CARTESIAN_POINT('',(2.34604684206151,13.,-19.8619249876454));
#6306=CARTESIAN_POINT('Origin',(0.,13.,0.));
#6307=CARTESIAN_POINT('',(0.640422873581748,13.,-19.9897438338512));
#6308=CARTESIAN_POINT('Ctrl Pts',(2.34604684206152,13.,-19.8619249876454));
#6309=CARTESIAN_POINT('Ctrl Pts',(2.34604684206152,13.1801109092552,-19.8619249876454));
#6310=CARTESIAN_POINT('Ctrl Pts',(2.33058987422704,13.3527863336741,-19.8388426584746));
#6311=CARTESIAN_POINT('Ctrl Pts',(2.26984990545132,13.6535838431338,-19.7662151794138));
#6312=CARTESIAN_POINT('Ctrl Pts',(2.22702967710843,13.7819053039243,-19.7196530884084));
#6313=CARTESIAN_POINT('Ctrl Pts',(2.12311696175336,13.9754972256991,-19.634034990727));
#6314=CARTESIAN_POINT('Ctrl Pts',(2.06783470824659,14.0506751973212,-19.5948318905635));
#6315=CARTESIAN_POINT('Ctrl Pts',(1.94631414341188,14.1643023720266,-19.5305820564321));
#6316=CARTESIAN_POINT('Ctrl Pts',(1.88634093301161,14.2062243258755,-19.5049763722349));
#6317=CARTESIAN_POINT('Ctrl Pts',(1.74104055201874,14.2783489573174,-19.4613493945487));
#6318=CARTESIAN_POINT('Ctrl Pts',(1.65560311240924,14.3040279250197,-19.4463456594716));
#6319=CARTESIAN_POINT('Ctrl Pts',(1.54605954764776,14.3184072758457,-19.4425697029378));
#6320=CARTESIAN_POINT('Ctrl Pts',(1.52566610541669,14.3203237246116,-19.4424899832204));
#6321=CARTESIAN_POINT('Ctrl Pts',(1.49453025758546,14.32211287692,-19.4433208661502));
#6322=CARTESIAN_POINT('Ctrl Pts',(1.48379877875673,14.3225217875817,-19.4437811469971));
#6323=CARTESIAN_POINT('Ctrl Pts',(1.46443822375606,14.3228894956393,-19.4449227465105));
#6324=CARTESIAN_POINT('Ctrl Pts',(1.4558049880967,14.3229188058871,-19.445545051007));
#6325=CARTESIAN_POINT('Ctrl Pts',(1.43725265296576,14.322695490088,-19.4471232058109));
#6326=CARTESIAN_POINT('Ctrl Pts',(1.42734526968823,14.3223975837947,-19.4481162818268));
#6327=CARTESIAN_POINT('Ctrl Pts',(1.40065069948106,14.3211174135335,-19.4511923768907));
#6328=CARTESIAN_POINT('Ctrl Pts',(1.38394686665991,14.3197988739872,-19.4535513384922));
#6329=CARTESIAN_POINT('Ctrl Pts',(1.31206283457199,14.3118965327173,-19.465544052696));
#6330=CARTESIAN_POINT('Ctrl Pts',(1.25868772099138,14.3002528648129,-19.4792567180883));
#6331=CARTESIAN_POINT('Ctrl Pts',(1.13734812129146,14.2596643552468,-19.5207967790239));
#6332=CARTESIAN_POINT('Ctrl Pts',(1.07362310503561,14.2262396014357,-19.5514716218559));
#6333=CARTESIAN_POINT('Ctrl Pts',(0.948797924543407,14.1331871531496,-19.6264158154083));
#6334=CARTESIAN_POINT('Ctrl Pts',(0.893039015599682,14.070960240117,-19.6708670823051));
#6335=CARTESIAN_POINT('Ctrl Pts',(0.781988751096714,13.898797069713,-19.7751571563795));
#6336=CARTESIAN_POINT('Ctrl Pts',(0.735376573302131,13.776910036802,-19.8353365678278));
#6337=CARTESIAN_POINT('Ctrl Pts',(0.659245333914616,13.448218644505,-19.9483071865654));
#6338=CARTESIAN_POINT('Ctrl Pts',(0.64042287358173,13.2307830063163,-19.9897438338512));
#6339=CARTESIAN_POINT('Ctrl Pts',(0.64042287358173,13.,-19.9897438338512));
#6340=CARTESIAN_POINT('Origin',(0.,13.,0.));
#6341=CARTESIAN_POINT('Origin',(0.,55.,0.));
#6342=CARTESIAN_POINT('Origin',(0.,55.,0.));
#6343=CARTESIAN_POINT('',(3.61258660049572,7.15533896865705,-19.6710248348661));
#6344=CARTESIAN_POINT('',(2.34604684206151,7.15533896865705,-19.8619249876454));
#6345=CARTESIAN_POINT('Origin',(0.,55.,0.));
#6346=CARTESIAN_POINT('',(5.28010974797841,7.15533896865705,-19.2904235580586));
#6347=CARTESIAN_POINT('',(6.50405111237426,7.15533896865705,-18.9128876464601));
#6348=CARTESIAN_POINT('Origin',(0.,55.,0.));
#6349=CARTESIAN_POINT('',(0.640422873581748,7.15533896865705,-19.9897438338512));
#6350=CARTESIAN_POINT('',(-0.64042287358133,7.15533896865705,-19.9897438338512));
#6351=CARTESIAN_POINT('Origin',(0.,55.,0.));
#6352=CARTESIAN_POINT('',(-2.3460468420611,7.15533896865705,-19.8619249876455));
#6353=CARTESIAN_POINT('',(-3.61258660049529,7.15533896865705,-19.6710248348662));
#6354=CARTESIAN_POINT('Origin',(0.,55.,0.));
#6355=CARTESIAN_POINT('',(-5.28010974797799,7.15533896865705,-19.2904235580587));
#6356=CARTESIAN_POINT('',(-6.50405111237386,7.15533896865705,-18.9128876464602));
#6357=CARTESIAN_POINT('Origin',(0.,55.,0.));
#6358=CARTESIAN_POINT('',(-8.09622372724377,7.15533896865705,-18.2880059426504));
#6359=CARTESIAN_POINT('',(-9.25022587002293,7.15533896865705,-17.7322678006384));
#6360=CARTESIAN_POINT('Origin',(0.,55.,0.));
#6361=CARTESIAN_POINT('',(-10.7314814470499,7.15533896865705,-16.8770644945033));
#6362=CARTESIAN_POINT('',(-11.7897658672738,7.15533896865705,-16.1555383938408));
#6363=CARTESIAN_POINT('Origin',(0.,55.,0.));
#6364=CARTESIAN_POINT('',(-13.1270156045682,7.15533896865705,-15.0891173140586));
#6365=CARTESIAN_POINT('',(-14.0659419770514,7.15533896865705,-14.2179209555484));
#6366=CARTESIAN_POINT('Origin',(0.,55.,0.));
#6367=CARTESIAN_POINT('',(-15.2293139252208,7.15533896865705,-12.9641041868336));
#6368=CARTESIAN_POINT('',(-16.0279081863311,7.15533896865705,-11.9626986575162));
#6369=CARTESIAN_POINT('Origin',(0.,55.,0.));
#6370=CARTESIAN_POINT('',(-16.9914145384677,7.15533896865705,-10.549494394612));
#6371=CARTESIAN_POINT('',(-17.6318374120492,7.15533896865705,-9.44024943923952));
#6372=CARTESIAN_POINT('Origin',(0.,55.,0.));
#6373=CARTESIAN_POINT('',(-18.3739550283925,7.15533896865705,-7.89922633012952));
#6374=CARTESIAN_POINT('',(-18.8419005257164,7.15533896865705,-6.70692064803285));
#6375=CARTESIAN_POINT('Origin',(0.,55.,0.));
#6376=CARTESIAN_POINT('',(-19.3460517250297,7.15533896865705,-5.07250260251053));
#6377=CARTESIAN_POINT('',(-19.6310667169424,7.15533896865705,-3.82377033240187));
#6378=CARTESIAN_POINT('Origin',(0.,55.,0.));
#6379=CARTESIAN_POINT('',(-19.8859895945179,7.15533896865705,-2.13246754880969));
#6380=CARTESIAN_POINT('',(-19.9817073170732,7.15533896865705,-0.855203306135162));
#6381=CARTESIAN_POINT('Origin',(0.,55.,0.));
#6382=CARTESIAN_POINT('',(-19.9817073170732,7.15533896865705,0.855203306135162));
#6383=CARTESIAN_POINT('',(-19.8859895945179,7.15533896865705,2.1324675488094));
#6384=CARTESIAN_POINT('Origin',(0.,55.,0.));
#6385=CARTESIAN_POINT('',(-19.6310667169424,7.15533896865705,3.82377033240159));
#6386=CARTESIAN_POINT('',(-19.3460517250298,7.15533896865705,5.07250260251026));
#6387=CARTESIAN_POINT('Origin',(0.,55.,0.));
#6388=CARTESIAN_POINT('',(-18.8419005257165,7.15533896865705,6.70692064803259));
#6389=CARTESIAN_POINT('',(-18.3739550283926,7.15533896865705,7.89922633012926));
#6390=CARTESIAN_POINT('Origin',(0.,55.,0.));
#6391=CARTESIAN_POINT('',(-17.6318374120493,7.15533896865705,9.44024943923927));
#6392=CARTESIAN_POINT('Origin',(0.,55.,0.));
#6393=CARTESIAN_POINT('Origin',(0.,55.,0.));
#6394=CARTESIAN_POINT('Origin',(0.,55.,0.));
#6395=CARTESIAN_POINT('Origin',(0.,55.,0.));
#6396=CARTESIAN_POINT('Origin',(0.,55.,0.));
#6397=CARTESIAN_POINT('Origin',(0.,55.,0.));
#6398=CARTESIAN_POINT('Origin',(0.,55.,0.));
#6399=CARTESIAN_POINT('Origin',(0.,55.,0.));
#6400=CARTESIAN_POINT('Origin',(0.,55.,0.));
#6401=CARTESIAN_POINT('Origin',(0.,55.,0.));
#6402=CARTESIAN_POINT('Origin',(0.,55.,0.));
#6403=CARTESIAN_POINT('Origin',(0.,55.,0.));
#6404=CARTESIAN_POINT('Origin',(0.,55.,0.));
#6405=CARTESIAN_POINT('',(17.6318374120493,7.15533896865705,9.4402494392394));
#6406=CARTESIAN_POINT('Origin',(0.,55.,0.));
#6407=CARTESIAN_POINT('',(18.3739550283925,7.15533896865705,7.89922633012939));
#6408=CARTESIAN_POINT('',(18.8419005257164,7.15533896865705,6.70692064803272));
#6409=CARTESIAN_POINT('Origin',(0.,55.,0.));
#6410=CARTESIAN_POINT('',(19.3460517250297,7.15533896865705,5.0725026025104));
#6411=CARTESIAN_POINT('',(19.6310667169424,7.15533896865705,3.82377033240173));
#6412=CARTESIAN_POINT('Origin',(0.,55.,0.));
#6413=CARTESIAN_POINT('',(8.09622372724416,7.15533896865705,-18.2880059426502));
#6414=CARTESIAN_POINT('',(9.2502258700233,7.15533896865705,-17.7322678006382));
#6415=CARTESIAN_POINT('Origin',(0.,55.,0.));
#6416=CARTESIAN_POINT('',(10.7314814470503,7.15533896865705,-16.8770644945031));
#6417=CARTESIAN_POINT('',(11.7897658672741,7.15533896865705,-16.1555383938406));
#6418=CARTESIAN_POINT('Origin',(0.,55.,0.));
#6419=CARTESIAN_POINT('',(13.1270156045686,7.15533896865705,-15.0891173140583));
#6420=CARTESIAN_POINT('',(14.0659419770517,7.15533896865705,-14.2179209555481));
#6421=CARTESIAN_POINT('Origin',(0.,55.,0.));
#6422=CARTESIAN_POINT('',(15.2293139252211,7.15533896865705,-12.9641041868332));
#6423=CARTESIAN_POINT('',(16.0279081863314,7.15533896865705,-11.9626986575159));
#6424=CARTESIAN_POINT('Origin',(0.,55.,0.));
#6425=CARTESIAN_POINT('',(16.9914145384679,7.15533896865705,-10.5494943946116));
#6426=CARTESIAN_POINT('',(17.6318374120494,7.15533896865705,-9.44024943923915));
#6427=CARTESIAN_POINT('Origin',(0.,55.,0.));
#6428=CARTESIAN_POINT('',(18.3739550283926,7.15533896865705,-7.89922633012913));
#6429=CARTESIAN_POINT('',(18.8419005257165,7.15533896865705,-6.70692064803244));
#6430=CARTESIAN_POINT('Origin',(0.,55.,0.));
#6431=CARTESIAN_POINT('',(19.3460517250298,7.15533896865705,-5.07250260251012));
#6432=CARTESIAN_POINT('',(19.6310667169425,7.15533896865705,-3.82377033240146));
#6433=CARTESIAN_POINT('Origin',(0.,55.,0.));
#6434=CARTESIAN_POINT('',(19.8859895945179,7.15533896865705,-2.13246754880927));
#6435=CARTESIAN_POINT('',(19.9817073170732,7.15533896865705,-0.855203306135162));
#6436=CARTESIAN_POINT('Origin',(0.,55.,0.));
#6437=CARTESIAN_POINT('',(19.8859895945179,7.15533896865705,2.13246754880955));
#6438=CARTESIAN_POINT('',(19.9817073170732,7.15533896865705,0.855203306135162));
#6439=CARTESIAN_POINT('Origin',(-9.9498743710662,10.,0.));
#6440=CARTESIAN_POINT('Ctrl Pts',(-10.5859019588333,10.,10.6272611578886));
#6441=CARTESIAN_POINT('Ctrl Pts',(-9.54612727028943,10.,11.5892268650472));
#6442=CARTESIAN_POINT('Ctrl Pts',(-8.37452254380752,10.,12.3980445478273));
#6443=CARTESIAN_POINT('Ctrl Pts',(-5.82548483143801,10.,13.6669522984431));
#6444=CARTESIAN_POINT('Ctrl Pts',(-4.44757834798584,10.,14.1226746114315));
#6445=CARTESIAN_POINT('Ctrl Pts',(-1.1648887991524,10.,14.6875572163686));
#6446=CARTESIAN_POINT('Ctrl Pts',(0.743264960297044,10.,14.6421050022421));
#6447=CARTESIAN_POINT('Ctrl Pts',(4.29814469036854,10.,13.8544110022865));
#6448=CARTESIAN_POINT('Ctrl Pts',(6.07796075934704,10.,13.1367281946407));
#6449=CARTESIAN_POINT('Ctrl Pts',(8.90425776092272,10.,11.1456263461404));
#6450=CARTESIAN_POINT('Ctrl Pts',(9.93564017638203,10.,10.1588456312134));
#6451=CARTESIAN_POINT('Ctrl Pts',(11.2439419506819,10.,8.46592368667503));
#6452=CARTESIAN_POINT('Ctrl Pts',(11.6437903513287,10.,7.85902869346011));
#6453=CARTESIAN_POINT('Ctrl Pts',(12.3320870324699,10.,6.60819508591162));
#6454=CARTESIAN_POINT('Ctrl Pts',(12.6231007561448,10.,5.96895364890074));
#6455=CARTESIAN_POINT('Ctrl Pts',(12.8644912495576,10.,5.31044135452161));
#6456=CARTESIAN_POINT('Ctrl Pts',(12.5283600084813,10.,-6.06103274926356));
#6457=CARTESIAN_POINT('Ctrl Pts',(12.3013647626961,10.,-6.58228284821846));
#6458=CARTESIAN_POINT('Ctrl Pts',(12.0419794044925,10.,-7.09011329997727));
#6459=CARTESIAN_POINT('Ctrl Pts',(11.2920272643936,10.,-8.35771595469929));
#6460=CARTESIAN_POINT('Ctrl Pts',(10.7557365520408,10.,-9.09002998290718));
#6461=CARTESIAN_POINT('Ctrl Pts',(8.93492304414135,10.,-11.1398306710327));
#6462=CARTESIAN_POINT('Ctrl Pts',(7.45365918970855,10.,-12.2660237127043));
#6463=CARTESIAN_POINT('Ctrl Pts',(4.95474456802148,10.,-13.4905689186919));
#6464=CARTESIAN_POINT('Ctrl Pts',(4.07208055657481,10.,-13.8179303611357));
#6465=CARTESIAN_POINT('Ctrl Pts',(1.3633346769053,10.,-14.5381084433417));
#6466=CARTESIAN_POINT('Ctrl Pts',(-0.521313113149779,10.,-14.6648728646987));
#6467=CARTESIAN_POINT('Ctrl Pts',(-4.43203578719836,10.,-14.1713427237869));
#6468=CARTESIAN_POINT('Ctrl Pts',(-6.26662612095847,10.,-13.4937012919628));
#6469=CARTESIAN_POINT('Ctrl Pts',(-8.64930814213308,10.,-12.1408929348273));
#6470=CARTESIAN_POINT('Ctrl Pts',(-9.4428403487693,10.,-11.5815288209323));
#6471=CARTESIAN_POINT('Ctrl Pts',(-10.5410261583483,10.,-10.6344839395625));
#6472=CARTESIAN_POINT('Ctrl Pts',(-10.8826158830708,10.,-10.3090498191306));
#6473=CARTESIAN_POINT('Ctrl Pts',(-11.2021945391719,10.,-9.97551189195554));
#6474=CARTESIAN_POINT('Origin',(-15.,0.,0.));
#6475=CARTESIAN_POINT('Ctrl Pts',(-10.5859019588344,-2.38203649540717E-17,
10.6272611578875));
#6476=CARTESIAN_POINT('Ctrl Pts',(-9.54612727029066,-2.38203649540717E-17,
11.5892268650463));
#6477=CARTESIAN_POINT('Ctrl Pts',(-8.37452254380833,1.77085263406587E-16,
12.3980445478268));
#6478=CARTESIAN_POINT('Ctrl Pts',(-5.82548483143843,1.77085263406587E-16,
13.666952298443));
#6479=CARTESIAN_POINT('Ctrl Pts',(-4.44757834798636,-2.1798931591616E-16,
14.1226746114313));
#6480=CARTESIAN_POINT('Ctrl Pts',(-1.16488879915302,-2.02041764265217E-16,
14.6875572163685));
#6481=CARTESIAN_POINT('Ctrl Pts',(0.743264960296362,-1.34516928672599E-15,
14.6421050022421));
#6482=CARTESIAN_POINT('Ctrl Pts',(4.29814469036764,-1.33627485092171E-15,
13.8544110022868));
#6483=CARTESIAN_POINT('Ctrl Pts',(6.07796075934621,7.10780721643496E-17,
13.1367281946412));
#6484=CARTESIAN_POINT('Ctrl Pts',(8.90425776092229,7.10780721643496E-17,
11.1456263461408));
#6485=CARTESIAN_POINT('Ctrl Pts',(9.93564017638177,-1.40118505698888E-16,
10.1588456312137));
#6486=CARTESIAN_POINT('Ctrl Pts',(11.2439419506819,-1.40118505698888E-16,
8.46592368667507));
#6487=CARTESIAN_POINT('Ctrl Pts',(11.6437903513287,1.81522440152936E-18,
7.85902869346015));
#6488=CARTESIAN_POINT('Ctrl Pts',(12.33208703247,-1.75279532482893E-18,
6.60819508591157));
#6489=CARTESIAN_POINT('Ctrl Pts',(12.6231007561448,8.2252915692002E-17,
5.96895364890065));
#6490=CARTESIAN_POINT('Ctrl Pts',(12.8644912495577,8.2252915692002E-17,
5.3104413545215));
#6491=CARTESIAN_POINT('Ctrl Pts',(12.5283600084813,2.69278950411835E-17,
-6.06103274926348));
#6492=CARTESIAN_POINT('Ctrl Pts',(12.3013647626961,2.66931345995229E-17,
-6.58228284821844));
#6493=CARTESIAN_POINT('Ctrl Pts',(12.0419794044925,-1.04083408558608E-16,
-7.09011329997729));
#6494=CARTESIAN_POINT('Ctrl Pts',(11.2920272643936,-1.04083408558608E-16,
-8.35771595469935));
#6495=CARTESIAN_POINT('Ctrl Pts',(10.7557365520407,3.7051880573653E-17,
-9.09002998290725));
#6496=CARTESIAN_POINT('Ctrl Pts',(8.93492304414126,2.98572930981774E-17,
-11.1398306710328));
#6497=CARTESIAN_POINT('Ctrl Pts',(7.45365918970845,3.46944695195361E-17,
-12.2660237127043));
#6498=CARTESIAN_POINT('Ctrl Pts',(4.95474456802134,3.46944695195361E-17,
-13.4905689186919));
#6499=CARTESIAN_POINT('Ctrl Pts',(4.07208055657466,3.23262663174625E-17,
-13.8179303611357));
#6500=CARTESIAN_POINT('Ctrl Pts',(1.36333467690519,3.94535857936856E-17,
-14.5381084433417));
#6501=CARTESIAN_POINT('Ctrl Pts',(-0.521313113149841,3.46944695195361E-16,
-14.6648728646987));
#6502=CARTESIAN_POINT('Ctrl Pts',(-4.43203578719845,3.46944695195361E-16,
-14.1713427237868));
#6503=CARTESIAN_POINT('Ctrl Pts',(-6.26662612095858,-1.73472347597681E-16,
-13.4937012919628));
#6504=CARTESIAN_POINT('Ctrl Pts',(-8.64930814213311,-1.73472347597681E-16,
-12.1408929348273));
#6505=CARTESIAN_POINT('Ctrl Pts',(-9.44284034876929,-1.71056783957912E-16,
-11.5815288209323));
#6506=CARTESIAN_POINT('Ctrl Pts',(-10.5410261583483,-1.74673373575887E-16,
-10.6344839395625));
#6507=CARTESIAN_POINT('Ctrl Pts',(-10.8826158830708,-3.18648356781299E-18,
-10.3090498191306));
#6508=CARTESIAN_POINT('Ctrl Pts',(-11.2021945391719,-2.98234454892451E-18,
-9.97551189195557));
#6509=CARTESIAN_POINT('Origin',(-20.,15.,0.));
#6510=CARTESIAN_POINT('Ctrl Pts',(15.,-3.25000000546237,0.));
#6511=CARTESIAN_POINT('Ctrl Pts',(15.,-3.15000000546237,-4.87379544349359));
#6512=CARTESIAN_POINT('Ctrl Pts',(12.1352549156242,-3.05000000546237,-8.8167787843871));
#6513=CARTESIAN_POINT('Ctrl Pts',(9.27050983124843,-2.95000000546237,-12.7597621252806));
#6514=CARTESIAN_POINT('Ctrl Pts',(4.63525491562421,-2.85000000546237,-14.2658477444273));
#6515=CARTESIAN_POINT('Ctrl Pts',(9.65752385503313E-16,-2.75000000546237,
-15.771933363574));
#6516=CARTESIAN_POINT('Ctrl Pts',(-4.63525491562421,-2.65000000546237,-14.2658477444273));
#6517=CARTESIAN_POINT('Ctrl Pts',(-9.27050983124842,-2.55000000546237,-12.7597621252806));
#6518=CARTESIAN_POINT('Ctrl Pts',(-12.1352549156242,-2.45000000546237,-8.8167787843871));
#6519=CARTESIAN_POINT('Ctrl Pts',(-15.,-2.35000000546237,-4.8737954434936));
#6520=CARTESIAN_POINT('Ctrl Pts',(-15.,-2.25000000546237,-1.83697019872103E-15));
#6521=CARTESIAN_POINT('Ctrl Pts',(-15.,-2.15000000546237,4.87379544349359));
#6522=CARTESIAN_POINT('Ctrl Pts',(-12.1352549156242,-2.05000000546237,8.8167787843871));
#6523=CARTESIAN_POINT('Ctrl Pts',(-9.27050983124843,-1.95000000546237,12.7597621252806));
#6524=CARTESIAN_POINT('Ctrl Pts',(-4.63525491562421,-1.85000000546237,14.2658477444273));
#6525=CARTESIAN_POINT('Ctrl Pts',(-2.89725715650994E-15,-1.75000000546237,
15.771933363574));
#6526=CARTESIAN_POINT('Ctrl Pts',(4.63525491562421,-1.65000000546237,14.2658477444273));
#6527=CARTESIAN_POINT('Ctrl Pts',(9.27050983124842,-1.55000000546237,12.7597621252806));
#6528=CARTESIAN_POINT('Ctrl Pts',(12.1352549156242,-1.45000000546237,8.8167787843871));
#6529=CARTESIAN_POINT('Ctrl Pts',(15.,-1.35000000546237,4.8737954434936));
#6530=CARTESIAN_POINT('Ctrl Pts',(15.,-1.25000000546237,0.));
#6531=CARTESIAN_POINT('Ctrl Pts',(15.,-1.15000000546237,-4.87379544349359));
#6532=CARTESIAN_POINT('Ctrl Pts',(12.1352549156242,-1.05000000546237,-8.8167787843871));
#6533=CARTESIAN_POINT('Ctrl Pts',(9.27050983124843,-0.950000005462374,-12.7597621252806));
#6534=CARTESIAN_POINT('Ctrl Pts',(4.63525491562421,-0.850000005462373,-14.2658477444273));
#6535=CARTESIAN_POINT('Ctrl Pts',(9.65752385503313E-16,-0.750000005462373,
-15.771933363574));
#6536=CARTESIAN_POINT('Ctrl Pts',(-4.63525491562421,-0.650000005462373,
-14.2658477444273));
#6537=CARTESIAN_POINT('Ctrl Pts',(-9.27050983124842,-0.550000005462373,
-12.7597621252806));
#6538=CARTESIAN_POINT('Ctrl Pts',(-12.1352549156242,-0.450000005462374,
-8.8167787843871));
#6539=CARTESIAN_POINT('Ctrl Pts',(-15.,-0.350000005462373,-4.8737954434936));
#6540=CARTESIAN_POINT('Ctrl Pts',(-15.,-0.250000005462373,-1.83697019872103E-15));
#6541=CARTESIAN_POINT('Ctrl Pts',(-15.,-0.150000005462373,4.87379544349359));
#6542=CARTESIAN_POINT('Ctrl Pts',(-12.1352549156242,-0.0500000054623733,
8.8167787843871));
#6543=CARTESIAN_POINT('Ctrl Pts',(-9.27050983124843,0.0499999945376265,
12.7597621252806));
#6544=CARTESIAN_POINT('Ctrl Pts',(-4.63525491562421,0.149999994537627,14.2658477444273));
#6545=CARTESIAN_POINT('Ctrl Pts',(-2.89725715650994E-15,0.249999994537627,
15.771933363574));
#6546=CARTESIAN_POINT('Ctrl Pts',(4.63525491562421,0.349999994537627,14.2658477444273));
#6547=CARTESIAN_POINT('Ctrl Pts',(9.27050983124842,0.449999994537627,12.7597621252806));
#6548=CARTESIAN_POINT('Ctrl Pts',(12.1352549156242,0.549999994537626,8.8167787843871));
#6549=CARTESIAN_POINT('Ctrl Pts',(15.,0.649999994537627,4.8737954434936));
#6550=CARTESIAN_POINT('Ctrl Pts',(15.,0.749999994537627,0.));
#6551=CARTESIAN_POINT('Ctrl Pts',(15.,0.849999994537627,-4.87379544349359));
#6552=CARTESIAN_POINT('Ctrl Pts',(12.1352549156242,0.949999994537627,-8.8167787843871));
#6553=CARTESIAN_POINT('Ctrl Pts',(9.27050983124843,1.04999999453763,-12.7597621252806));
#6554=CARTESIAN_POINT('Ctrl Pts',(4.63525491562421,1.14999999453763,-14.2658477444273));
#6555=CARTESIAN_POINT('Ctrl Pts',(9.65752385503313E-16,1.24999999453763,
-15.771933363574));
#6556=CARTESIAN_POINT('Ctrl Pts',(-4.63525491562421,1.34999999453763,-14.2658477444273));
#6557=CARTESIAN_POINT('Ctrl Pts',(-9.27050983124842,1.44999999453763,-12.7597621252806));
#6558=CARTESIAN_POINT('Ctrl Pts',(-12.1352549156242,1.54999999453763,-8.8167787843871));
#6559=CARTESIAN_POINT('Ctrl Pts',(-15.,1.64999999453763,-4.8737954434936));
#6560=CARTESIAN_POINT('Ctrl Pts',(-15.,1.74999999453763,-1.83697019872103E-15));
#6561=CARTESIAN_POINT('Ctrl Pts',(-15.,1.84999999453763,4.87379544349359));
#6562=CARTESIAN_POINT('Ctrl Pts',(-12.1352549156242,1.94999999453763,8.8167787843871));
#6563=CARTESIAN_POINT('Ctrl Pts',(-9.27050983124843,2.04999999453763,12.7597621252806));
#6564=CARTESIAN_POINT('Ctrl Pts',(-4.63525491562421,2.14999999453763,14.2658477444273));
#6565=CARTESIAN_POINT('Ctrl Pts',(-2.89725715650994E-15,2.24999999453763,
15.771933363574));
#6566=CARTESIAN_POINT('Ctrl Pts',(4.63525491562421,2.34999999453763,14.2658477444273));
#6567=CARTESIAN_POINT('Ctrl Pts',(9.27050983124842,2.44999999453763,12.7597621252806));
#6568=CARTESIAN_POINT('Ctrl Pts',(12.1352549156242,2.54999999453763,8.8167787843871));
#6569=CARTESIAN_POINT('Ctrl Pts',(15.,2.64999999453763,4.8737954434936));
#6570=CARTESIAN_POINT('Ctrl Pts',(15.,2.74999999453763,0.));
#6571=CARTESIAN_POINT('Ctrl Pts',(15.,2.84999999453763,-4.87379544349359));
#6572=CARTESIAN_POINT('Ctrl Pts',(12.1352549156242,2.94999999453763,-8.8167787843871));
#6573=CARTESIAN_POINT('Ctrl Pts',(9.27050983124843,3.04999999453763,-12.7597621252806));
#6574=CARTESIAN_POINT('Ctrl Pts',(4.63525491562421,3.14999999453763,-14.2658477444273));
#6575=CARTESIAN_POINT('Ctrl Pts',(9.65752385503313E-16,3.24999999453763,
-15.771933363574));
#6576=CARTESIAN_POINT('Ctrl Pts',(-4.63525491562421,3.34999999453763,-14.2658477444273));
#6577=CARTESIAN_POINT('Ctrl Pts',(-9.27050983124842,3.44999999453763,-12.7597621252806));
#6578=CARTESIAN_POINT('Ctrl Pts',(-12.1352549156242,3.54999999453763,-8.8167787843871));
#6579=CARTESIAN_POINT('Ctrl Pts',(-15.,3.64999999453763,-4.8737954434936));
#6580=CARTESIAN_POINT('Ctrl Pts',(-15.,3.74999999453763,-1.83697019872103E-15));
#6581=CARTESIAN_POINT('Ctrl Pts',(-15.,3.84999999453763,4.87379544349359));
#6582=CARTESIAN_POINT('Ctrl Pts',(-12.1352549156242,3.94999999453763,8.8167787843871));
#6583=CARTESIAN_POINT('Ctrl Pts',(-9.27050983124843,4.04999999453763,12.7597621252806));
#6584=CARTESIAN_POINT('Ctrl Pts',(-4.63525491562421,4.14999999453763,14.2658477444273));
#6585=CARTESIAN_POINT('Ctrl Pts',(-2.89725715650994E-15,4.24999999453763,
15.771933363574));
#6586=CARTESIAN_POINT('Ctrl Pts',(4.63525491562421,4.34999999453763,14.2658477444273));
#6587=CARTESIAN_POINT('Ctrl Pts',(9.27050983124842,4.44999999453763,12.7597621252806));
#6588=CARTESIAN_POINT('Ctrl Pts',(12.1352549156242,4.54999999453763,8.8167787843871));
#6589=CARTESIAN_POINT('Ctrl Pts',(15.,4.64999999453763,4.8737954434936));
#6590=CARTESIAN_POINT('Ctrl Pts',(15.,4.74999999453763,0.));
#6591=CARTESIAN_POINT('Ctrl Pts',(15.,4.84999999453763,-4.87379544349359));
#6592=CARTESIAN_POINT('Ctrl Pts',(12.1352549156242,4.94999999453763,-8.8167787843871));
#6593=CARTESIAN_POINT('Ctrl Pts',(9.27050983124843,5.04999999453763,-12.7597621252806));
#6594=CARTESIAN_POINT('Ctrl Pts',(4.63525491562421,5.14999999453763,-14.2658477444273));
#6595=CARTESIAN_POINT('Ctrl Pts',(9.65752385503313E-16,5.24999999453763,
-15.771933363574));
#6596=CARTESIAN_POINT('Ctrl Pts',(-4.63525491562421,5.34999999453763,-14.2658477444273));
#6597=CARTESIAN_POINT('Ctrl Pts',(-9.27050983124842,5.44999999453763,-12.7597621252806));
#6598=CARTESIAN_POINT('Ctrl Pts',(-12.1352549156242,5.54999999453763,-8.8167787843871));
#6599=CARTESIAN_POINT('Ctrl Pts',(-15.,5.64999999453763,-4.8737954434936));
#6600=CARTESIAN_POINT('Ctrl Pts',(-15.,5.74999999453763,-1.83697019872103E-15));
#6601=CARTESIAN_POINT('Ctrl Pts',(-15.,5.84999999453763,4.87379544349359));
#6602=CARTESIAN_POINT('Ctrl Pts',(-12.1352549156242,5.94999999453763,8.8167787843871));
#6603=CARTESIAN_POINT('Ctrl Pts',(-9.27050983124843,6.04999999453763,12.7597621252806));
#6604=CARTESIAN_POINT('Ctrl Pts',(-4.63525491562421,6.14999999453763,14.2658477444273));
#6605=CARTESIAN_POINT('Ctrl Pts',(-2.89725715650994E-15,6.24999999453763,
15.771933363574));
#6606=CARTESIAN_POINT('Ctrl Pts',(4.63525491562421,6.34999999453763,14.2658477444273));
#6607=CARTESIAN_POINT('Ctrl Pts',(9.27050983124842,6.44999999453763,12.7597621252806));
#6608=CARTESIAN_POINT('Ctrl Pts',(12.1352549156242,6.54999999453763,8.8167787843871));
#6609=CARTESIAN_POINT('Ctrl Pts',(15.,6.64999999453763,4.8737954434936));
#6610=CARTESIAN_POINT('Ctrl Pts',(15.,6.74999999453763,0.));
#6611=CARTESIAN_POINT('Ctrl Pts',(15.,6.84999999453763,-4.87379544349359));
#6612=CARTESIAN_POINT('Ctrl Pts',(12.1352549156242,6.94999999453763,-8.8167787843871));
#6613=CARTESIAN_POINT('Ctrl Pts',(9.27050983124843,7.04999999453763,-12.7597621252806));
#6614=CARTESIAN_POINT('Ctrl Pts',(4.63525491562421,7.14999999453763,-14.2658477444273));
#6615=CARTESIAN_POINT('Ctrl Pts',(9.65752385503313E-16,7.24999999453763,
-15.771933363574));
#6616=CARTESIAN_POINT('Ctrl Pts',(-4.63525491562421,7.34999999453763,-14.2658477444273));
#6617=CARTESIAN_POINT('Ctrl Pts',(-9.27050983124842,7.44999999453763,-12.7597621252806));
#6618=CARTESIAN_POINT('Ctrl Pts',(-12.1352549156242,7.54999999453763,-8.8167787843871));
#6619=CARTESIAN_POINT('Ctrl Pts',(-15.,7.64999999453763,-4.8737954434936));
#6620=CARTESIAN_POINT('Ctrl Pts',(-15.,7.74999999453763,-1.83697019872103E-15));
#6621=CARTESIAN_POINT('Ctrl Pts',(-15.,7.84999999453763,4.87379544349359));
#6622=CARTESIAN_POINT('Ctrl Pts',(-12.1352549156242,7.94999999453763,8.8167787843871));
#6623=CARTESIAN_POINT('Ctrl Pts',(-9.27050983124843,8.04999999453763,12.7597621252806));
#6624=CARTESIAN_POINT('Ctrl Pts',(-4.63525491562421,8.14999999453763,14.2658477444273));
#6625=CARTESIAN_POINT('Ctrl Pts',(-2.89725715650994E-15,8.24999999453763,
15.771933363574));
#6626=CARTESIAN_POINT('Ctrl Pts',(4.63525491562421,8.34999999453763,14.2658477444273));
#6627=CARTESIAN_POINT('Ctrl Pts',(9.27050983124842,8.44999999453763,12.7597621252806));
#6628=CARTESIAN_POINT('Ctrl Pts',(12.1352549156242,8.54999999453763,8.8167787843871));
#6629=CARTESIAN_POINT('Ctrl Pts',(15.,8.64999999453762,4.8737954434936));
#6630=CARTESIAN_POINT('Ctrl Pts',(15.,8.74999999453763,0.));
#6631=CARTESIAN_POINT('Ctrl Pts',(15.,8.84999999453763,-4.87379544349359));
#6632=CARTESIAN_POINT('Ctrl Pts',(12.1352549156242,8.94999999453763,-8.8167787843871));
#6633=CARTESIAN_POINT('Ctrl Pts',(9.27050983124843,9.04999999453763,-12.7597621252806));
#6634=CARTESIAN_POINT('Ctrl Pts',(4.63525491562421,9.14999999453763,-14.2658477444273));
#6635=CARTESIAN_POINT('Ctrl Pts',(9.65752385503313E-16,9.24999999453763,
-15.771933363574));
#6636=CARTESIAN_POINT('Ctrl Pts',(-4.63525491562421,9.34999999453763,-14.2658477444273));
#6637=CARTESIAN_POINT('Ctrl Pts',(-9.27050983124842,9.44999999453763,-12.7597621252806));
#6638=CARTESIAN_POINT('Ctrl Pts',(-12.1352549156242,9.54999999453763,-8.8167787843871));
#6639=CARTESIAN_POINT('Ctrl Pts',(-15.,9.64999999453763,-4.8737954434936));
#6640=CARTESIAN_POINT('Ctrl Pts',(-15.,9.74999999453763,-1.83697019872103E-15));
#6641=CARTESIAN_POINT('Ctrl Pts',(-15.,9.84999999453763,4.87379544349359));
#6642=CARTESIAN_POINT('Ctrl Pts',(-12.1352549156242,9.94999999453763,8.8167787843871));
#6643=CARTESIAN_POINT('Ctrl Pts',(-9.27050983124843,10.0499999945376,12.7597621252806));
#6644=CARTESIAN_POINT('Ctrl Pts',(-4.63525491562421,10.1499999945376,14.2658477444273));
#6645=CARTESIAN_POINT('Ctrl Pts',(-2.89725715650994E-15,10.2499999945376,
15.771933363574));
#6646=CARTESIAN_POINT('Ctrl Pts',(4.63525491562421,10.3499999945376,14.2658477444273));
#6647=CARTESIAN_POINT('Ctrl Pts',(9.27050983124842,10.4499999945376,12.7597621252806));
#6648=CARTESIAN_POINT('Ctrl Pts',(12.1352549156242,10.5499999945376,8.8167787843871));
#6649=CARTESIAN_POINT('Ctrl Pts',(15.,10.6499999945376,4.8737954434936));
#6650=CARTESIAN_POINT('Ctrl Pts',(15.,10.7499999945376,0.));
#6651=CARTESIAN_POINT('Ctrl Pts',(15.,10.8499999945376,-4.87379544349359));
#6652=CARTESIAN_POINT('Ctrl Pts',(12.1352549156242,10.9499999945376,-8.8167787843871));
#6653=CARTESIAN_POINT('Ctrl Pts',(9.27050983124843,11.0499999945376,-12.7597621252806));
#6654=CARTESIAN_POINT('Ctrl Pts',(4.63525491562421,11.1499999945376,-14.2658477444273));
#6655=CARTESIAN_POINT('Ctrl Pts',(9.65752385503313E-16,11.2499999945376,
-15.771933363574));
#6656=CARTESIAN_POINT('Ctrl Pts',(-4.63525491562421,11.3499999945376,-14.2658477444273));
#6657=CARTESIAN_POINT('Ctrl Pts',(-9.27050983124842,11.4499999945376,-12.7597621252806));
#6658=CARTESIAN_POINT('Ctrl Pts',(-12.1352549156242,11.5499999945376,-8.8167787843871));
#6659=CARTESIAN_POINT('Ctrl Pts',(-15.,11.6499999945376,-4.8737954434936));
#6660=CARTESIAN_POINT('Ctrl Pts',(-15.,11.7499999945376,-1.83697019872103E-15));
#6661=CARTESIAN_POINT('Ctrl Pts',(-15.,11.8499999945376,4.87379544349359));
#6662=CARTESIAN_POINT('Ctrl Pts',(-12.1352549156242,11.9499999945376,8.8167787843871));
#6663=CARTESIAN_POINT('Ctrl Pts',(-9.27050983124843,12.0499999945376,12.7597621252806));
#6664=CARTESIAN_POINT('Ctrl Pts',(-4.63525491562421,12.1499999945376,14.2658477444273));
#6665=CARTESIAN_POINT('Ctrl Pts',(-2.89725715650994E-15,12.2499999945376,
15.771933363574));
#6666=CARTESIAN_POINT('Ctrl Pts',(4.63525491562421,12.3499999945376,14.2658477444273));
#6667=CARTESIAN_POINT('Ctrl Pts',(9.27050983124842,12.4499999945376,12.7597621252806));
#6668=CARTESIAN_POINT('Ctrl Pts',(12.1352549156242,12.5499999945376,8.8167787843871));
#6669=CARTESIAN_POINT('Ctrl Pts',(15.,12.6499999945376,4.8737954434936));
#6670=CARTESIAN_POINT('Ctrl Pts',(15.,12.7499999945376,0.));
#6671=CARTESIAN_POINT('Ctrl Pts',(15.,12.8499999945376,-4.87379544349359));
#6672=CARTESIAN_POINT('Ctrl Pts',(12.1352549156242,12.9499999945376,-8.8167787843871));
#6673=CARTESIAN_POINT('Ctrl Pts',(9.27050983124843,13.0499999945376,-12.7597621252806));
#6674=CARTESIAN_POINT('Ctrl Pts',(4.63525491562421,13.1499999945376,-14.2658477444273));
#6675=CARTESIAN_POINT('Ctrl Pts',(9.65752385503313E-16,13.2499999945376,
-15.771933363574));
#6676=CARTESIAN_POINT('Ctrl Pts',(-4.63525491562421,13.3499999945376,-14.2658477444273));
#6677=CARTESIAN_POINT('Ctrl Pts',(-9.27050983124842,13.4499999945376,-12.7597621252806));
#6678=CARTESIAN_POINT('Ctrl Pts',(-12.1352549156242,13.5499999945376,-8.8167787843871));
#6679=CARTESIAN_POINT('Ctrl Pts',(-15.,13.6499999945376,-4.8737954434936));
#6680=CARTESIAN_POINT('Ctrl Pts',(-15.,13.7499999945376,-1.83697019872103E-15));
#6681=CARTESIAN_POINT('Ctrl Pts',(-15.,13.8499999945376,4.87379544349359));
#6682=CARTESIAN_POINT('Ctrl Pts',(-12.1352549156242,13.9499999945376,8.8167787843871));
#6683=CARTESIAN_POINT('Ctrl Pts',(-9.27050983124843,14.0499999945376,12.7597621252806));
#6684=CARTESIAN_POINT('Ctrl Pts',(-4.63525491562421,14.1499999945376,14.2658477444273));
#6685=CARTESIAN_POINT('Ctrl Pts',(-2.89725715650994E-15,14.2499999945376,
15.771933363574));
#6686=CARTESIAN_POINT('Ctrl Pts',(4.63525491562421,14.3499999945376,14.2658477444273));
#6687=CARTESIAN_POINT('Ctrl Pts',(9.27050983124842,14.4499999945376,12.7597621252806));
#6688=CARTESIAN_POINT('Ctrl Pts',(12.1352549156242,14.5499999945376,8.8167787843871));
#6689=CARTESIAN_POINT('Ctrl Pts',(15.,14.6499999945376,4.8737954434936));
#6690=CARTESIAN_POINT('Ctrl Pts',(15.,14.7499999945376,0.));
#6691=CARTESIAN_POINT('Ctrl Pts',(15.,14.8499999945376,-4.87379544349359));
#6692=CARTESIAN_POINT('Ctrl Pts',(12.1352549156242,14.9499999945376,-8.8167787843871));
#6693=CARTESIAN_POINT('Ctrl Pts',(9.27050983124843,15.0499999945376,-12.7597621252806));
#6694=CARTESIAN_POINT('Ctrl Pts',(4.63525491562421,15.1499999945376,-14.2658477444273));
#6695=CARTESIAN_POINT('Ctrl Pts',(9.65752385503313E-16,15.2499999945376,
-15.771933363574));
#6696=CARTESIAN_POINT('Ctrl Pts',(-4.63525491562421,15.3499999945376,-14.2658477444273));
#6697=CARTESIAN_POINT('Ctrl Pts',(-9.27050983124842,15.4499999945376,-12.7597621252806));
#6698=CARTESIAN_POINT('Ctrl Pts',(-12.1352549156242,15.5499999945376,-8.8167787843871));
#6699=CARTESIAN_POINT('Ctrl Pts',(-15.,15.6499999945376,-4.8737954434936));
#6700=CARTESIAN_POINT('Ctrl Pts',(-15.,15.7499999945376,-1.83697019872103E-15));
#6701=CARTESIAN_POINT('Ctrl Pts',(-15.,15.8499999945376,4.87379544349359));
#6702=CARTESIAN_POINT('Ctrl Pts',(-12.1352549156242,15.9499999945376,8.8167787843871));
#6703=CARTESIAN_POINT('Ctrl Pts',(-9.27050983124843,16.0499999945376,12.7597621252806));
#6704=CARTESIAN_POINT('Ctrl Pts',(-4.63525491562421,16.1499999945376,14.2658477444273));
#6705=CARTESIAN_POINT('Ctrl Pts',(-2.89725715650994E-15,16.2499999945376,
15.771933363574));
#6706=CARTESIAN_POINT('Ctrl Pts',(4.63525491562421,16.3499999945376,14.2658477444273));
#6707=CARTESIAN_POINT('Ctrl Pts',(9.27050983124842,16.4499999945376,12.7597621252806));
#6708=CARTESIAN_POINT('Ctrl Pts',(12.1352549156242,16.5499999945376,8.8167787843871));
#6709=CARTESIAN_POINT('Ctrl Pts',(15.,16.6499999945376,4.8737954434936));
#6710=CARTESIAN_POINT('Ctrl Pts',(15.,16.7499999945376,0.));
#6711=CARTESIAN_POINT('Ctrl Pts',(13.91746825,-3.87500000273119,0.));
#6712=CARTESIAN_POINT('Ctrl Pts',(13.91746825,-3.77500000273119,-4.52205955612112));
#6713=CARTESIAN_POINT('Ctrl Pts',(11.2594683329238,-3.67500000273119,-8.18048258659873));
#6714=CARTESIAN_POINT('Ctrl Pts',(8.60146841584752,-3.57500000273119,-11.8389056170763));
#6715=CARTESIAN_POINT('Ctrl Pts',(4.30073420792376,-3.47500000273119,-13.2362988694934));
#6716=CARTESIAN_POINT('Ctrl Pts',(8.96055210840274E-16,-3.37500000273119,
-14.6336921219105));
#6717=CARTESIAN_POINT('Ctrl Pts',(-4.30073420792376,-3.27500000273119,-13.2362988694934));
#6718=CARTESIAN_POINT('Ctrl Pts',(-8.60146841584752,-3.17500000273119,-11.8389056170763));
#6719=CARTESIAN_POINT('Ctrl Pts',(-11.2594683329238,-3.07500000273119,-8.18048258659874));
#6720=CARTESIAN_POINT('Ctrl Pts',(-13.91746825,-2.97500000273119,-4.52205955612112));
#6721=CARTESIAN_POINT('Ctrl Pts',(-13.91746825,-2.87500000273119,-1.70439829445974E-15));
#6722=CARTESIAN_POINT('Ctrl Pts',(-13.91746825,-2.77500000273119,4.52205955612111));
#6723=CARTESIAN_POINT('Ctrl Pts',(-11.2594683329238,-2.67500000273119,8.18048258659873));
#6724=CARTESIAN_POINT('Ctrl Pts',(-8.60146841584752,-2.57500000273119,11.8389056170763));
#6725=CARTESIAN_POINT('Ctrl Pts',(-4.30073420792376,-2.47500000273119,13.2362988694934));
#6726=CARTESIAN_POINT('Ctrl Pts',(-2.68816563252082E-15,-2.37500000273119,
14.6336921219105));
#6727=CARTESIAN_POINT('Ctrl Pts',(4.30073420792376,-2.27500000273119,13.2362988694934));
#6728=CARTESIAN_POINT('Ctrl Pts',(8.60146841584752,-2.17500000273119,11.8389056170763));
#6729=CARTESIAN_POINT('Ctrl Pts',(11.2594683329238,-2.07500000273119,8.18048258659874));
#6730=CARTESIAN_POINT('Ctrl Pts',(13.91746825,-1.97500000273119,4.52205955612112));
#6731=CARTESIAN_POINT('Ctrl Pts',(13.91746825,-1.87500000273119,0.));
#6732=CARTESIAN_POINT('Ctrl Pts',(13.91746825,-1.77500000273119,-4.52205955612112));
#6733=CARTESIAN_POINT('Ctrl Pts',(11.2594683329238,-1.67500000273119,-8.18048258659873));
#6734=CARTESIAN_POINT('Ctrl Pts',(8.60146841584752,-1.57500000273119,-11.8389056170763));
#6735=CARTESIAN_POINT('Ctrl Pts',(4.30073420792376,-1.47500000273119,-13.2362988694934));
#6736=CARTESIAN_POINT('Ctrl Pts',(8.96055210840274E-16,-1.37500000273119,
-14.6336921219105));
#6737=CARTESIAN_POINT('Ctrl Pts',(-4.30073420792376,-1.27500000273119,-13.2362988694934));
#6738=CARTESIAN_POINT('Ctrl Pts',(-8.60146841584752,-1.17500000273119,-11.8389056170763));
#6739=CARTESIAN_POINT('Ctrl Pts',(-11.2594683329238,-1.07500000273119,-8.18048258659874));
#6740=CARTESIAN_POINT('Ctrl Pts',(-13.91746825,-0.975000002731186,-4.52205955612112));
#6741=CARTESIAN_POINT('Ctrl Pts',(-13.91746825,-0.875000002731187,-1.70439829445974E-15));
#6742=CARTESIAN_POINT('Ctrl Pts',(-13.91746825,-0.775000002731187,4.52205955612111));
#6743=CARTESIAN_POINT('Ctrl Pts',(-11.2594683329238,-0.675000002731187,
8.18048258659873));
#6744=CARTESIAN_POINT('Ctrl Pts',(-8.60146841584752,-0.575000002731187,
11.8389056170763));
#6745=CARTESIAN_POINT('Ctrl Pts',(-4.30073420792376,-0.475000002731187,
13.2362988694934));
#6746=CARTESIAN_POINT('Ctrl Pts',(-2.68816563252082E-15,-0.375000002731187,
14.6336921219105));
#6747=CARTESIAN_POINT('Ctrl Pts',(4.30073420792376,-0.275000002731187,13.2362988694934));
#6748=CARTESIAN_POINT('Ctrl Pts',(8.60146841584752,-0.175000002731187,11.8389056170763));
#6749=CARTESIAN_POINT('Ctrl Pts',(11.2594683329238,-0.0750000027311868,
8.18048258659874));
#6750=CARTESIAN_POINT('Ctrl Pts',(13.91746825,0.0249999972688135,4.52205955612112));
#6751=CARTESIAN_POINT('Ctrl Pts',(13.91746825,0.124999997268813,0.));
#6752=CARTESIAN_POINT('Ctrl Pts',(13.91746825,0.224999997268814,-4.52205955612112));
#6753=CARTESIAN_POINT('Ctrl Pts',(11.2594683329238,0.324999997268814,-8.18048258659873));
#6754=CARTESIAN_POINT('Ctrl Pts',(8.60146841584752,0.424999997268813,-11.8389056170763));
#6755=CARTESIAN_POINT('Ctrl Pts',(4.30073420792376,0.524999997268814,-13.2362988694934));
#6756=CARTESIAN_POINT('Ctrl Pts',(8.96055210840274E-16,0.624999997268814,
-14.6336921219105));
#6757=CARTESIAN_POINT('Ctrl Pts',(-4.30073420792376,0.724999997268813,-13.2362988694934));
#6758=CARTESIAN_POINT('Ctrl Pts',(-8.60146841584752,0.824999997268813,-11.8389056170763));
#6759=CARTESIAN_POINT('Ctrl Pts',(-11.2594683329238,0.924999997268814,-8.18048258659874));
#6760=CARTESIAN_POINT('Ctrl Pts',(-13.91746825,1.02499999726881,-4.52205955612112));
#6761=CARTESIAN_POINT('Ctrl Pts',(-13.91746825,1.12499999726881,-1.70439829445974E-15));
#6762=CARTESIAN_POINT('Ctrl Pts',(-13.91746825,1.22499999726881,4.52205955612111));
#6763=CARTESIAN_POINT('Ctrl Pts',(-11.2594683329238,1.32499999726881,8.18048258659873));
#6764=CARTESIAN_POINT('Ctrl Pts',(-8.60146841584752,1.42499999726881,11.8389056170763));
#6765=CARTESIAN_POINT('Ctrl Pts',(-4.30073420792376,1.52499999726881,13.2362988694934));
#6766=CARTESIAN_POINT('Ctrl Pts',(-2.68816563252082E-15,1.62499999726881,
14.6336921219105));
#6767=CARTESIAN_POINT('Ctrl Pts',(4.30073420792376,1.72499999726881,13.2362988694934));
#6768=CARTESIAN_POINT('Ctrl Pts',(8.60146841584752,1.82499999726881,11.8389056170763));
#6769=CARTESIAN_POINT('Ctrl Pts',(11.2594683329238,1.92499999726881,8.18048258659874));
#6770=CARTESIAN_POINT('Ctrl Pts',(13.91746825,2.02499999726881,4.52205955612112));
#6771=CARTESIAN_POINT('Ctrl Pts',(13.91746825,2.12499999726881,0.));
#6772=CARTESIAN_POINT('Ctrl Pts',(13.91746825,2.22499999726881,-4.52205955612112));
#6773=CARTESIAN_POINT('Ctrl Pts',(11.2594683329238,2.32499999726881,-8.18048258659873));
#6774=CARTESIAN_POINT('Ctrl Pts',(8.60146841584752,2.42499999726881,-11.8389056170763));
#6775=CARTESIAN_POINT('Ctrl Pts',(4.30073420792376,2.52499999726881,-13.2362988694934));
#6776=CARTESIAN_POINT('Ctrl Pts',(8.96055210840274E-16,2.62499999726881,
-14.6336921219105));
#6777=CARTESIAN_POINT('Ctrl Pts',(-4.30073420792376,2.72499999726881,-13.2362988694934));
#6778=CARTESIAN_POINT('Ctrl Pts',(-8.60146841584752,2.82499999726881,-11.8389056170763));
#6779=CARTESIAN_POINT('Ctrl Pts',(-11.2594683329238,2.92499999726881,-8.18048258659874));
#6780=CARTESIAN_POINT('Ctrl Pts',(-13.91746825,3.02499999726881,-4.52205955612112));
#6781=CARTESIAN_POINT('Ctrl Pts',(-13.91746825,3.12499999726881,-1.70439829445974E-15));
#6782=CARTESIAN_POINT('Ctrl Pts',(-13.91746825,3.22499999726881,4.52205955612111));
#6783=CARTESIAN_POINT('Ctrl Pts',(-11.2594683329238,3.32499999726881,8.18048258659873));
#6784=CARTESIAN_POINT('Ctrl Pts',(-8.60146841584752,3.42499999726881,11.8389056170763));
#6785=CARTESIAN_POINT('Ctrl Pts',(-4.30073420792376,3.52499999726881,13.2362988694934));
#6786=CARTESIAN_POINT('Ctrl Pts',(-2.68816563252082E-15,3.62499999726881,
14.6336921219105));
#6787=CARTESIAN_POINT('Ctrl Pts',(4.30073420792376,3.72499999726881,13.2362988694934));
#6788=CARTESIAN_POINT('Ctrl Pts',(8.60146841584752,3.82499999726881,11.8389056170763));
#6789=CARTESIAN_POINT('Ctrl Pts',(11.2594683329238,3.92499999726881,8.18048258659874));
#6790=CARTESIAN_POINT('Ctrl Pts',(13.91746825,4.02499999726881,4.52205955612112));
#6791=CARTESIAN_POINT('Ctrl Pts',(13.91746825,4.12499999726881,0.));
#6792=CARTESIAN_POINT('Ctrl Pts',(13.91746825,4.22499999726881,-4.52205955612112));
#6793=CARTESIAN_POINT('Ctrl Pts',(11.2594683329238,4.32499999726882,-8.18048258659873));
#6794=CARTESIAN_POINT('Ctrl Pts',(8.60146841584752,4.42499999726881,-11.8389056170763));
#6795=CARTESIAN_POINT('Ctrl Pts',(4.30073420792376,4.52499999726881,-13.2362988694934));
#6796=CARTESIAN_POINT('Ctrl Pts',(8.96055210840274E-16,4.62499999726881,
-14.6336921219105));
#6797=CARTESIAN_POINT('Ctrl Pts',(-4.30073420792376,4.72499999726881,-13.2362988694934));
#6798=CARTESIAN_POINT('Ctrl Pts',(-8.60146841584752,4.82499999726881,-11.8389056170763));
#6799=CARTESIAN_POINT('Ctrl Pts',(-11.2594683329238,4.92499999726881,-8.18048258659874));
#6800=CARTESIAN_POINT('Ctrl Pts',(-13.91746825,5.02499999726881,-4.52205955612112));
#6801=CARTESIAN_POINT('Ctrl Pts',(-13.91746825,5.12499999726881,-1.70439829445974E-15));
#6802=CARTESIAN_POINT('Ctrl Pts',(-13.91746825,5.22499999726881,4.52205955612111));
#6803=CARTESIAN_POINT('Ctrl Pts',(-11.2594683329238,5.32499999726881,8.18048258659873));
#6804=CARTESIAN_POINT('Ctrl Pts',(-8.60146841584752,5.42499999726881,11.8389056170763));
#6805=CARTESIAN_POINT('Ctrl Pts',(-4.30073420792376,5.52499999726881,13.2362988694934));
#6806=CARTESIAN_POINT('Ctrl Pts',(-2.68816563252082E-15,5.62499999726881,
14.6336921219105));
#6807=CARTESIAN_POINT('Ctrl Pts',(4.30073420792376,5.72499999726881,13.2362988694934));
#6808=CARTESIAN_POINT('Ctrl Pts',(8.60146841584752,5.82499999726881,11.8389056170763));
#6809=CARTESIAN_POINT('Ctrl Pts',(11.2594683329238,5.92499999726881,8.18048258659874));
#6810=CARTESIAN_POINT('Ctrl Pts',(13.91746825,6.02499999726881,4.52205955612112));
#6811=CARTESIAN_POINT('Ctrl Pts',(13.91746825,6.12499999726881,0.));
#6812=CARTESIAN_POINT('Ctrl Pts',(13.91746825,6.22499999726882,-4.52205955612112));
#6813=CARTESIAN_POINT('Ctrl Pts',(11.2594683329238,6.32499999726881,-8.18048258659873));
#6814=CARTESIAN_POINT('Ctrl Pts',(8.60146841584752,6.42499999726881,-11.8389056170763));
#6815=CARTESIAN_POINT('Ctrl Pts',(4.30073420792376,6.52499999726881,-13.2362988694934));
#6816=CARTESIAN_POINT('Ctrl Pts',(8.96055210840274E-16,6.62499999726881,
-14.6336921219105));
#6817=CARTESIAN_POINT('Ctrl Pts',(-4.30073420792376,6.72499999726881,-13.2362988694934));
#6818=CARTESIAN_POINT('Ctrl Pts',(-8.60146841584752,6.82499999726882,-11.8389056170763));
#6819=CARTESIAN_POINT('Ctrl Pts',(-11.2594683329238,6.92499999726881,-8.18048258659874));
#6820=CARTESIAN_POINT('Ctrl Pts',(-13.91746825,7.02499999726881,-4.52205955612112));
#6821=CARTESIAN_POINT('Ctrl Pts',(-13.91746825,7.12499999726881,-1.70439829445974E-15));
#6822=CARTESIAN_POINT('Ctrl Pts',(-13.91746825,7.22499999726882,4.52205955612111));
#6823=CARTESIAN_POINT('Ctrl Pts',(-11.2594683329238,7.32499999726881,8.18048258659873));
#6824=CARTESIAN_POINT('Ctrl Pts',(-8.60146841584752,7.42499999726881,11.8389056170763));
#6825=CARTESIAN_POINT('Ctrl Pts',(-4.30073420792376,7.52499999726881,13.2362988694934));
#6826=CARTESIAN_POINT('Ctrl Pts',(-2.68816563252082E-15,7.62499999726881,
14.6336921219105));
#6827=CARTESIAN_POINT('Ctrl Pts',(4.30073420792376,7.72499999726882,13.2362988694934));
#6828=CARTESIAN_POINT('Ctrl Pts',(8.60146841584752,7.82499999726881,11.8389056170763));
#6829=CARTESIAN_POINT('Ctrl Pts',(11.2594683329238,7.92499999726881,8.18048258659874));
#6830=CARTESIAN_POINT('Ctrl Pts',(13.91746825,8.02499999726881,4.52205955612112));
#6831=CARTESIAN_POINT('Ctrl Pts',(13.91746825,8.12499999726881,0.));
#6832=CARTESIAN_POINT('Ctrl Pts',(13.91746825,8.22499999726881,-4.52205955612112));
#6833=CARTESIAN_POINT('Ctrl Pts',(11.2594683329238,8.32499999726881,-8.18048258659873));
#6834=CARTESIAN_POINT('Ctrl Pts',(8.60146841584752,8.42499999726881,-11.8389056170763));
#6835=CARTESIAN_POINT('Ctrl Pts',(4.30073420792376,8.52499999726881,-13.2362988694934));
#6836=CARTESIAN_POINT('Ctrl Pts',(8.96055210840274E-16,8.62499999726881,
-14.6336921219105));
#6837=CARTESIAN_POINT('Ctrl Pts',(-4.30073420792376,8.72499999726881,-13.2362988694934));
#6838=CARTESIAN_POINT('Ctrl Pts',(-8.60146841584752,8.82499999726881,-11.8389056170763));
#6839=CARTESIAN_POINT('Ctrl Pts',(-11.2594683329238,8.92499999726881,-8.18048258659874));
#6840=CARTESIAN_POINT('Ctrl Pts',(-13.91746825,9.02499999726881,-4.52205955612112));
#6841=CARTESIAN_POINT('Ctrl Pts',(-13.91746825,9.12499999726881,-1.70439829445974E-15));
#6842=CARTESIAN_POINT('Ctrl Pts',(-13.91746825,9.22499999726881,4.52205955612111));
#6843=CARTESIAN_POINT('Ctrl Pts',(-11.2594683329238,9.32499999726881,8.18048258659873));
#6844=CARTESIAN_POINT('Ctrl Pts',(-8.60146841584752,9.42499999726881,11.8389056170763));
#6845=CARTESIAN_POINT('Ctrl Pts',(-4.30073420792376,9.52499999726881,13.2362988694934));
#6846=CARTESIAN_POINT('Ctrl Pts',(-2.68816563252082E-15,9.62499999726882,
14.6336921219105));
#6847=CARTESIAN_POINT('Ctrl Pts',(4.30073420792376,9.72499999726881,13.2362988694934));
#6848=CARTESIAN_POINT('Ctrl Pts',(8.60146841584752,9.82499999726881,11.8389056170763));
#6849=CARTESIAN_POINT('Ctrl Pts',(11.2594683329238,9.92499999726881,8.18048258659874));
#6850=CARTESIAN_POINT('Ctrl Pts',(13.91746825,10.0249999972688,4.52205955612112));
#6851=CARTESIAN_POINT('Ctrl Pts',(13.91746825,10.1249999972688,0.));
#6852=CARTESIAN_POINT('Ctrl Pts',(13.91746825,10.2249999972688,-4.52205955612112));
#6853=CARTESIAN_POINT('Ctrl Pts',(11.2594683329238,10.3249999972688,-8.18048258659873));
#6854=CARTESIAN_POINT('Ctrl Pts',(8.60146841584752,10.4249999972688,-11.8389056170763));
#6855=CARTESIAN_POINT('Ctrl Pts',(4.30073420792376,10.5249999972688,-13.2362988694934));
#6856=CARTESIAN_POINT('Ctrl Pts',(8.96055210840274E-16,10.6249999972688,
-14.6336921219105));
#6857=CARTESIAN_POINT('Ctrl Pts',(-4.30073420792376,10.7249999972688,-13.2362988694934));
#6858=CARTESIAN_POINT('Ctrl Pts',(-8.60146841584752,10.8249999972688,-11.8389056170763));
#6859=CARTESIAN_POINT('Ctrl Pts',(-11.2594683329238,10.9249999972688,-8.18048258659874));
#6860=CARTESIAN_POINT('Ctrl Pts',(-13.91746825,11.0249999972688,-4.52205955612112));
#6861=CARTESIAN_POINT('Ctrl Pts',(-13.91746825,11.1249999972688,-1.70439829445974E-15));
#6862=CARTESIAN_POINT('Ctrl Pts',(-13.91746825,11.2249999972688,4.52205955612111));
#6863=CARTESIAN_POINT('Ctrl Pts',(-11.2594683329238,11.3249999972688,8.18048258659873));
#6864=CARTESIAN_POINT('Ctrl Pts',(-8.60146841584752,11.4249999972688,11.8389056170763));
#6865=CARTESIAN_POINT('Ctrl Pts',(-4.30073420792376,11.5249999972688,13.2362988694934));
#6866=CARTESIAN_POINT('Ctrl Pts',(-2.68816563252082E-15,11.6249999972688,
14.6336921219105));
#6867=CARTESIAN_POINT('Ctrl Pts',(4.30073420792376,11.7249999972688,13.2362988694934));
#6868=CARTESIAN_POINT('Ctrl Pts',(8.60146841584752,11.8249999972688,11.8389056170763));
#6869=CARTESIAN_POINT('Ctrl Pts',(11.2594683329238,11.9249999972688,8.18048258659874));
#6870=CARTESIAN_POINT('Ctrl Pts',(13.91746825,12.0249999972688,4.52205955612112));
#6871=CARTESIAN_POINT('Ctrl Pts',(13.91746825,12.1249999972688,0.));
#6872=CARTESIAN_POINT('Ctrl Pts',(13.91746825,12.2249999972688,-4.52205955612112));
#6873=CARTESIAN_POINT('Ctrl Pts',(11.2594683329238,12.3249999972688,-8.18048258659873));
#6874=CARTESIAN_POINT('Ctrl Pts',(8.60146841584752,12.4249999972688,-11.8389056170763));
#6875=CARTESIAN_POINT('Ctrl Pts',(4.30073420792376,12.5249999972688,-13.2362988694934));
#6876=CARTESIAN_POINT('Ctrl Pts',(8.96055210840274E-16,12.6249999972688,
-14.6336921219105));
#6877=CARTESIAN_POINT('Ctrl Pts',(-4.30073420792376,12.7249999972688,-13.2362988694934));
#6878=CARTESIAN_POINT('Ctrl Pts',(-8.60146841584752,12.8249999972688,-11.8389056170763));
#6879=CARTESIAN_POINT('Ctrl Pts',(-11.2594683329238,12.9249999972688,-8.18048258659874));
#6880=CARTESIAN_POINT('Ctrl Pts',(-13.91746825,13.0249999972688,-4.52205955612112));
#6881=CARTESIAN_POINT('Ctrl Pts',(-13.91746825,13.1249999972688,-1.70439829445974E-15));
#6882=CARTESIAN_POINT('Ctrl Pts',(-13.91746825,13.2249999972688,4.52205955612111));
#6883=CARTESIAN_POINT('Ctrl Pts',(-11.2594683329238,13.3249999972688,8.18048258659873));
#6884=CARTESIAN_POINT('Ctrl Pts',(-8.60146841584752,13.4249999972688,11.8389056170763));
#6885=CARTESIAN_POINT('Ctrl Pts',(-4.30073420792376,13.5249999972688,13.2362988694934));
#6886=CARTESIAN_POINT('Ctrl Pts',(-2.68816563252082E-15,13.6249999972688,
14.6336921219105));
#6887=CARTESIAN_POINT('Ctrl Pts',(4.30073420792376,13.7249999972688,13.2362988694934));
#6888=CARTESIAN_POINT('Ctrl Pts',(8.60146841584752,13.8249999972688,11.8389056170763));
#6889=CARTESIAN_POINT('Ctrl Pts',(11.2594683329238,13.9249999972688,8.18048258659874));
#6890=CARTESIAN_POINT('Ctrl Pts',(13.91746825,14.0249999972688,4.52205955612112));
#6891=CARTESIAN_POINT('Ctrl Pts',(13.91746825,14.1249999972688,0.));
#6892=CARTESIAN_POINT('Ctrl Pts',(13.91746825,14.2249999972688,-4.52205955612112));
#6893=CARTESIAN_POINT('Ctrl Pts',(11.2594683329238,14.3249999972688,-8.18048258659873));
#6894=CARTESIAN_POINT('Ctrl Pts',(8.60146841584752,14.4249999972688,-11.8389056170763));
#6895=CARTESIAN_POINT('Ctrl Pts',(4.30073420792376,14.5249999972688,-13.2362988694934));
#6896=CARTESIAN_POINT('Ctrl Pts',(8.96055210840274E-16,14.6249999972688,
-14.6336921219105));
#6897=CARTESIAN_POINT('Ctrl Pts',(-4.30073420792376,14.7249999972688,-13.2362988694934));
#6898=CARTESIAN_POINT('Ctrl Pts',(-8.60146841584752,14.8249999972688,-11.8389056170763));
#6899=CARTESIAN_POINT('Ctrl Pts',(-11.2594683329238,14.9249999972688,-8.18048258659874));
#6900=CARTESIAN_POINT('Ctrl Pts',(-13.91746825,15.0249999972688,-4.52205955612112));
#6901=CARTESIAN_POINT('Ctrl Pts',(-13.91746825,15.1249999972688,-1.70439829445974E-15));
#6902=CARTESIAN_POINT('Ctrl Pts',(-13.91746825,15.2249999972688,4.52205955612111));
#6903=CARTESIAN_POINT('Ctrl Pts',(-11.2594683329238,15.3249999972688,8.18048258659873));
#6904=CARTESIAN_POINT('Ctrl Pts',(-8.60146841584752,15.4249999972688,11.8389056170763));
#6905=CARTESIAN_POINT('Ctrl Pts',(-4.30073420792376,15.5249999972688,13.2362988694934));
#6906=CARTESIAN_POINT('Ctrl Pts',(-2.68816563252082E-15,15.6249999972688,
14.6336921219105));
#6907=CARTESIAN_POINT('Ctrl Pts',(4.30073420792376,15.7249999972688,13.2362988694934));
#6908=CARTESIAN_POINT('Ctrl Pts',(8.60146841584752,15.8249999972688,11.8389056170763));
#6909=CARTESIAN_POINT('Ctrl Pts',(11.2594683329238,15.9249999972688,8.18048258659874));
#6910=CARTESIAN_POINT('Ctrl Pts',(13.91746825,16.0249999972688,4.52205955612112));
#6911=CARTESIAN_POINT('Ctrl Pts',(13.91746825,16.1249999972688,0.));
#6912=CARTESIAN_POINT('Ctrl Pts',(-13.91746825,1.12499999726881,-1.70439829445974E-15));
#6913=CARTESIAN_POINT('Ctrl Pts',(-13.91746825,1.22499999726881,4.52205955612112));
#6914=CARTESIAN_POINT('Ctrl Pts',(-11.2594683329238,1.32499999726881,8.18048258659873));
#6915=CARTESIAN_POINT('Ctrl Pts',(-8.60146841584752,1.42499999726881,11.8389056170763));
#6916=CARTESIAN_POINT('Ctrl Pts',(-4.30073420792376,1.52499999726881,13.2362988694934));
#6917=CARTESIAN_POINT('Ctrl Pts',(-2.68816563252082E-15,1.62499999726881,
14.6336921219105));
#6918=CARTESIAN_POINT('Ctrl Pts',(4.30073420792376,1.72499999726881,13.2362988694934));
#6919=CARTESIAN_POINT('Ctrl Pts',(8.60146841584752,1.82499999726881,11.8389056170763));
#6920=CARTESIAN_POINT('Ctrl Pts',(11.2594683329238,1.92499999726881,8.18048258659874));
#6921=CARTESIAN_POINT('Ctrl Pts',(13.91746825,2.02499999726881,4.52205955612112));
#6922=CARTESIAN_POINT('Ctrl Pts',(13.91746825,2.12499999726881,0.));
#6923=CARTESIAN_POINT('Ctrl Pts',(13.91746825,2.22499999726881,-4.52205955612112));
#6924=CARTESIAN_POINT('Ctrl Pts',(11.2594683329238,2.32499999726881,-8.18048258659873));
#6925=CARTESIAN_POINT('Ctrl Pts',(8.60146841584752,2.42499999726881,-11.8389056170763));
#6926=CARTESIAN_POINT('Ctrl Pts',(4.30073420792376,2.52499999726881,-13.2362988694934));
#6927=CARTESIAN_POINT('Ctrl Pts',(8.96055210840274E-16,2.62499999726881,
-14.6336921219105));
#6928=CARTESIAN_POINT('Ctrl Pts',(-4.30073420792376,2.72499999726881,-13.2362988694934));
#6929=CARTESIAN_POINT('Ctrl Pts',(-8.60146841584752,2.82499999726881,-11.8389056170763));
#6930=CARTESIAN_POINT('Ctrl Pts',(-11.2594683329238,2.92499999726881,-8.18048258659874));
#6931=CARTESIAN_POINT('Ctrl Pts',(-13.91746825,3.02499999726881,-4.52205955612112));
#6932=CARTESIAN_POINT('Ctrl Pts',(-13.91746825,3.12499999726881,-1.70439829445974E-15));
#6933=CARTESIAN_POINT('Origin',(-6.66133814775094E-15,-4.12500000273119,
1.12273661808514E-14));
#6934=CARTESIAN_POINT('Ctrl Pts',(-13.9253943519121,0.855981166599295,-6.20395166809991E-5));
#6935=CARTESIAN_POINT('Ctrl Pts',(-13.9253331600108,0.919353460924419,2.87086006913949));
#6936=CARTESIAN_POINT('Ctrl Pts',(-12.954950974045,0.9925319681019,5.85885226017086));
#6937=CARTESIAN_POINT('Ctrl Pts',(-11.2681831455295,1.05589554371097,8.18189072826599));
#6938=CARTESIAN_POINT('Ctrl Pts',(-9.58065851576883,1.11928754862258,10.5059714728235));
#6939=CARTESIAN_POINT('Ctrl Pts',(-7.03825114036191,1.19250338552738,12.3542075418457));
#6940=CARTESIAN_POINT('Ctrl Pts',(-4.30695510108497,1.2558954214751,13.2425334853854));
#6941=CARTESIAN_POINT('Ctrl Pts',(-1.57565906180802,1.31928745742282,14.1308594289251));
#6942=CARTESIAN_POINT('Ctrl Pts',(1.56755707803313,1.39250332858662,14.131731501766));
#6943=CARTESIAN_POINT('Ctrl Pts',(4.29936670613945,1.4558953760326,13.2449893193557));
#6944=CARTESIAN_POINT('Ctrl Pts',(7.03117633424576,1.51928742347858,12.3582471369455));
#6945=CARTESIAN_POINT('Ctrl Pts',(9.5746040039939,1.59250330741615,10.5114193507558));
#6946=CARTESIAN_POINT('Ctrl Pts',(11.2634703762429,1.65589535913431,8.18831338703522));
#6947=CARTESIAN_POINT('Ctrl Pts',(12.9523367484919,1.71928741085247,5.86520742331465));
#6948=CARTESIAN_POINT('Ctrl Pts',(13.9244747485289,1.79250329954349,2.87610412739936));
#6949=CARTESIAN_POINT('Ctrl Pts',(13.9253088957481,1.85589535285009,0.00398152603319049));
#6950=CARTESIAN_POINT('Ctrl Pts',(13.9261430429673,1.9192874061567,-2.86814107533301));
#6951=CARTESIAN_POINT('Ctrl Pts',(12.9556683440247,1.99250329661575,-5.85778443054935));
#6952=CARTESIAN_POINT('Ctrl Pts',(11.268151866449,2.05589535051305,-8.18187059444497));
#6953=CARTESIAN_POINT('Ctrl Pts',(9.58063538887341,2.11928740441035,-10.5059567583406));
#6954=CARTESIAN_POINT('Ctrl Pts',(7.03823658099448,2.19250329552695,-12.3541981794362));
#6955=CARTESIAN_POINT('Ctrl Pts',(4.30694349680851,2.25589534964392,-13.2425260355722));
#6956=CARTESIAN_POINT('Ctrl Pts',(1.57565041262254,2.3192874037609,-14.1308538917081));
#6957=CARTESIAN_POINT('Ctrl Pts',(-1.56756248314976,2.39250329512203,-14.1317280325712));
#6958=CARTESIAN_POINT('Ctrl Pts',(-4.29937101915616,2.4558953493207,-13.2449865522168));
#6959=CARTESIAN_POINT('Ctrl Pts',(-7.03117955516257,2.51928740351937,-12.3582450718624));
#6960=CARTESIAN_POINT('Ctrl Pts',(-9.57460601327334,2.59250329497145,-10.5114180617196));
#6961=CARTESIAN_POINT('Ctrl Pts',(-11.2634719799954,2.6558953492005,-8.18831235826086));
#6962=CARTESIAN_POINT('Ctrl Pts',(-12.9523379467174,2.71928740342955,-5.8652066548021));
#6963=CARTESIAN_POINT('Ctrl Pts',(-13.9244754956895,2.79250329491545,-2.87610364811782));
#6964=CARTESIAN_POINT('Ctrl Pts',(-13.9253094921516,2.85589534915579,-0.00398114346685121));
#6965=CARTESIAN_POINT('Ctrl Pts',(-13.9253098661725,2.85592377848046,-0.00269308766638016));
#6966=CARTESIAN_POINT('Ctrl Pts',(-13.9253100448401,2.85595220978093,-0.00140500822964131));
#6967=CARTESIAN_POINT('Ctrl Pts',(-13.9253100281774,2.85598064305544,-0.000116905227369096));
#6968=CARTESIAN_POINT('Ctrl Pts',(12.5283572653855,1.75979967365764E-6,
-6.0610314202306));
#6969=CARTESIAN_POINT('Ctrl Pts',(12.1667110994696,0.0191301899032689,-6.80856703476303));
#6970=CARTESIAN_POINT('Ctrl Pts',(11.7399998806081,0.037899475756155,-7.51880894210678));
#6971=CARTESIAN_POINT('Ctrl Pts',(10.4197219665349,0.0875912599551451,-9.33749490770598));
#6972=CARTESIAN_POINT('Ctrl Pts',(8.32277927009501,0.155895980408092,-11.4499536256268));
#6973=CARTESIAN_POINT('Ctrl Pts',(5.66712899966756,0.224213937533571,-12.7923120067067));
#6974=CARTESIAN_POINT('Ctrl Pts',(1.57709138620736,0.319294211681173,-14.1336320640665));
#6975=CARTESIAN_POINT('Ctrl Pts',(-1.56883072558278,0.392509230986288,-14.1305528012943));
#6976=CARTESIAN_POINT('Ctrl Pts',(-7.03139074070954,0.519290954995182,-12.3582742271222));
#6977=CARTESIAN_POINT('Ctrl Pts',(-9.57493153255047,0.592505960880835,-10.5111751391048));
#6978=CARTESIAN_POINT('Ctrl Pts',(-12.9524824611092,0.719289315997128,-5.86512734788076));
#6979=CARTESIAN_POINT('Ctrl Pts',(-13.924582402386,0.792504827790697,-2.87603088945561));
#6980=CARTESIAN_POINT('Ctrl Pts',(-13.9262022611283,0.91928866807811,2.86817838029347));
#6981=CARTESIAN_POINT('Ctrl Pts',(-12.9557063647717,0.992504413852958,5.85780934493432));
#6982=CARTESIAN_POINT('Ctrl Pts',(-9.58065747304756,1.11928842367763,10.5059703281353));
#6983=CARTESIAN_POINT('Ctrl Pts',(-7.03825037469044,1.19250426058097,12.3542061959882));
#6984=CARTESIAN_POINT('Ctrl Pts',(-1.5756588910597,1.31928833247788,14.1308578899587));
#6985=CARTESIAN_POINT('Ctrl Pts',(1.56755690639916,1.39250420364022,14.1317299628953));
#6986=CARTESIAN_POINT('Ctrl Pts',(7.03117556780231,1.51928829853363,12.3582457915329));
#6987=CARTESIAN_POINT('Ctrl Pts',(9.57460296061362,1.59250418246975,10.5114182066677));
#6988=CARTESIAN_POINT('Ctrl Pts',(12.9523353376125,1.71928828590753,5.86520678535749));
#6989=CARTESIAN_POINT('Ctrl Pts',(13.9244732319384,1.79250417459709,2.87610381509631));
#6990=CARTESIAN_POINT('Ctrl Pts',(13.9261415265601,1.91928828121175,-2.86814076215699));
#6991=CARTESIAN_POINT('Ctrl Pts',(12.9556669335101,1.99250417166935,-5.85778379177821));
#6992=CARTESIAN_POINT('Ctrl Pts',(9.58063434615445,2.1192882794654,-10.505955613654));
#6993=CARTESIAN_POINT('Ctrl Pts',(7.03823581532447,2.19250417058055,-12.3541968335798));
#6994=CARTESIAN_POINT('Ctrl Pts',(1.57565024187508,2.31928827881595,-14.1308523527423));
#6995=CARTESIAN_POINT('Ctrl Pts',(-1.56756231151525,2.39250417017563,-14.1317264937009));
#6996=CARTESIAN_POINT('Ctrl Pts',(-7.03117878871879,2.51928827857442,-12.3582437264501));
#6997=CARTESIAN_POINT('Ctrl Pts',(-9.57460496989285,2.59250417002504,-10.5114169176317));
#6998=CARTESIAN_POINT('Ctrl Pts',(-12.9523365358378,2.7192882784846,-5.86520601684504));
#6999=CARTESIAN_POINT('Ctrl Pts',(-13.9244739790989,2.79250416996904,-2.87610333581482));
#7000=CARTESIAN_POINT('Ctrl Pts',(-13.9261419722063,2.91928827845119,2.8681410480081));
#7001=CARTESIAN_POINT('Ctrl Pts',(-12.9556672113668,2.99250416994821,5.85778397001037));
#7002=CARTESIAN_POINT('Ctrl Pts',(-9.58063451189016,3.11928827843877,10.5059557199641));
#7003=CARTESIAN_POINT('Ctrl Pts',(-7.03823591865675,3.19250416994047,12.3541968998622));
#7004=CARTESIAN_POINT('Ctrl Pts',(-1.57565030351126,3.31928827843415,14.1308523922787));
#7005=CARTESIAN_POINT('Ctrl Pts',(1.56756227308679,3.39250416993759,14.1317265183508));
#7006=CARTESIAN_POINT('Ctrl Pts',(7.03117876579672,3.51928827843243,12.3582437411534));
#7007=CARTESIAN_POINT('Ctrl Pts',(9.57460495560159,3.59250416993652,10.5114169267988));
#7008=CARTESIAN_POINT('Ctrl Pts',(12.9523365273133,3.71928827843179,5.86520602231309));
#7009=CARTESIAN_POINT('Ctrl Pts',(13.9244739737841,3.79250416993612,2.876103339224));
#7010=CARTESIAN_POINT('Ctrl Pts',(13.9261419690361,3.91928827843156,-2.86814104597455));
#7011=CARTESIAN_POINT('Ctrl Pts',(12.9556672093903,3.99250416993597,-5.85778396874252));
#7012=CARTESIAN_POINT('Ctrl Pts',(9.58063451071118,4.11928827843147,-10.5059557192079));
#7013=CARTESIAN_POINT('Ctrl Pts',(7.03823591792169,4.19250416993591,-12.3541968993907));
#7014=CARTESIAN_POINT('Ctrl Pts',(1.5756503030728,4.31928827843144,-14.1308523919974));
#7015=CARTESIAN_POINT('Ctrl Pts',(-1.56756227336016,4.3925041699359,-14.1317265181754));
#7016=CARTESIAN_POINT('Ctrl Pts',(-7.03117876595978,4.51928827843142,-12.3582437410488));
#7017=CARTESIAN_POINT('Ctrl Pts',(-9.57460495570326,4.59250416993589,-10.5114169267335));
#7018=CARTESIAN_POINT('Ctrl Pts',(-12.9523365273739,4.71928827843142,-5.86520602227419));
#7019=CARTESIAN_POINT('Ctrl Pts',(-13.9244739738219,4.79250416993589,-2.87610333919974));
#7020=CARTESIAN_POINT('Ctrl Pts',(-13.9261419690586,4.91928827843142,2.86814104598903));
#7021=CARTESIAN_POINT('Ctrl Pts',(-12.9556672094043,4.99250416993588,5.85778396875155));
#7022=CARTESIAN_POINT('Ctrl Pts',(-9.58063451071957,5.11928827843142,10.5059557192133));
#7023=CARTESIAN_POINT('Ctrl Pts',(-7.03823591792691,5.19250416993588,12.3541968993941));
#7024=CARTESIAN_POINT('Ctrl Pts',(-1.57565030307589,5.31928827843141,14.1308523919995));
#7025=CARTESIAN_POINT('Ctrl Pts',(1.56756227335824,5.39250416993588,14.1317265181768));
#7026=CARTESIAN_POINT('Ctrl Pts',(7.03117876595867,5.51928827843142,12.3582437410497));
#7027=CARTESIAN_POINT('Ctrl Pts',(9.57460495570262,5.59250416993588,10.5114169267342));
#7028=CARTESIAN_POINT('Ctrl Pts',(12.9523365273736,5.71928827843141,5.8652060222748));
#7029=CARTESIAN_POINT('Ctrl Pts',(13.9244739738219,5.79250416993588,2.87610333920044));
#7030=CARTESIAN_POINT('Ctrl Pts',(13.9261419690589,5.91928827843141,-2.86814104598805));
#7031=CARTESIAN_POINT('Ctrl Pts',(12.9556672094048,5.99250416993588,-5.85778396875007));
#7032=CARTESIAN_POINT('Ctrl Pts',(9.58063451072055,6.11928827843141,-10.5059557192109));
#7033=CARTESIAN_POINT('Ctrl Pts',(7.03823591792855,6.19250416993587,-12.3541968993903));
#7034=CARTESIAN_POINT('Ctrl Pts',(1.5756503030787,6.3192882784314,-14.1308523919931));
#7035=CARTESIAN_POINT('Ctrl Pts',(-1.56756227335374,6.39250416993585,-14.1317265181665));
#7036=CARTESIAN_POINT('Ctrl Pts',(-7.03117876595111,6.51928827843137,-12.3582437410325));
#7037=CARTESIAN_POINT('Ctrl Pts',(-9.57460495569048,6.59250416993581,-10.5114169267067));
#7038=CARTESIAN_POINT('Ctrl Pts',(-12.9523365273533,6.71928827843129,-5.86520602222865));
#7039=CARTESIAN_POINT('Ctrl Pts',(-13.9244739737892,6.79250416993569,-2.87610333912643));
#7040=CARTESIAN_POINT('Ctrl Pts',(-13.9261419690041,6.91928827843109,2.86814104611212));
#7041=CARTESIAN_POINT('Ctrl Pts',(-12.955667209317,6.99250416993536,5.85778396894908));
#7042=CARTESIAN_POINT('Ctrl Pts',(-9.58063451057335,7.11928827843054,10.5059557195445));
#7043=CARTESIAN_POINT('Ctrl Pts',(-7.03823591769244,7.19250416993448,12.3541968999254));
#7044=CARTESIAN_POINT('Ctrl Pts',(-1.57565030268284,7.31928827842907,14.1308523928902));
#7045=CARTESIAN_POINT('Ctrl Pts',(1.56756227398863,7.39250416993212,14.1317265196054));
#7046=CARTESIAN_POINT('Ctrl Pts',(7.03117876701549,7.5192882784251,12.3582437434448));
#7047=CARTESIAN_POINT('Ctrl Pts',(9.57460495739767,7.59250416992576,10.5114169305758));
#7048=CARTESIAN_POINT('Ctrl Pts',(12.9523365302154,7.71928827841444,5.8652060287152));
#7049=CARTESIAN_POINT('Ctrl Pts',(13.9244739783798,7.79250416990866,2.87610334953035));
#7050=CARTESIAN_POINT('Ctrl Pts',(13.9261419767001,7.91928827838577,-2.86814102867014));
#7051=CARTESIAN_POINT('Ctrl Pts',(12.9556672216608,7.99250416986267,-5.8577839409735));
#7052=CARTESIAN_POINT('Ctrl Pts',(9.58063453126737,8.11928827830867,-10.5059556726439));
#7053=CARTESIAN_POINT('Ctrl Pts',(7.03823595088405,8.192504169739,-12.3541968247006));
#7054=CARTESIAN_POINT('Ctrl Pts',(1.575650358328,8.31928827810134,-14.1308522667766));
#7055=CARTESIAN_POINT('Ctrl Pts',(-1.56756218473811,8.39250416940647,-14.1317263173312));
#7056=CARTESIAN_POINT('Ctrl Pts',(-7.03117861738862,8.51928827754386,-12.3582434043293));
#7057=CARTESIAN_POINT('Ctrl Pts',(-9.57460471740768,8.59250416851231,-10.5114163866852));
#7058=CARTESIAN_POINT('Ctrl Pts',(-12.9523361278765,8.71928827604482,-5.86520511682053));
#7059=CARTESIAN_POINT('Ctrl Pts',(-13.9244733330592,8.79250416610797,-2.87610188719557));
#7060=CARTESIAN_POINT('Ctrl Pts',(-13.9261408948318,8.91928827201397,2.86814348105041));
#7061=CARTESIAN_POINT('Ctrl Pts',(-12.9556654864278,8.99250415964286,5.85778787134752));
#7062=CARTESIAN_POINT('Ctrl Pts',(-9.58063162217938,9.11928826117511,10.5059622707907));
#7063=CARTESIAN_POINT('Ctrl Pts',(-7.03823128493652,9.19250414225897,12.3542073735668));
#7064=CARTESIAN_POINT('Ctrl Pts',(-1.57564253593493,9.31928823202903,14.1308700514729));
#7065=CARTESIAN_POINT('Ctrl Pts',(1.56757473118996,9.39250409551965,14.1317544630593));
#7066=CARTESIAN_POINT('Ctrl Pts',(7.03119965147668,9.51928815364574,12.3582917015252));
#7067=CARTESIAN_POINT('Ctrl Pts',(9.57463845374313,9.59250396989668,10.5114896212154));
#7068=CARTESIAN_POINT('Ctrl Pts',(12.9523926883479,9.71928794275478,5.86534028055073));
#7069=CARTESIAN_POINT('Ctrl Pts',(13.9245640436358,9.79250363273372,2.87627152766159));
#7070=CARTESIAN_POINT('Ctrl Pts',(13.9262929930879,9.9192873743158,-2.86772101489875));
#7071=CARTESIAN_POINT('Ctrl Pts',(12.9559093503949,9.99250273314929,-5.85763581145683));
#7072=CARTESIAN_POINT('Ctrl Pts',(9.58104071902375,10.1192858306079,-10.5041684802336));
#7073=CARTESIAN_POINT('Ctrl Pts',(7.03888644239173,10.1925003925593,-12.3571878636056));
#7074=CARTESIAN_POINT('Ctrl Pts',(2.94227948361287,10.2875862307785,-13.6783331659177));
#7075=CARTESIAN_POINT('Ctrl Pts',(0.00533510668185298,10.3558936314365,
-14.1554290570503));
#7076=CARTESIAN_POINT('Ctrl Pts',(-2.93294898155306,10.4242142550158,-13.6796134213338));
#7077=CARTESIAN_POINT('Ctrl Pts',(-6.59213830667988,10.5092054356011,-12.4970217917422));
#7078=CARTESIAN_POINT('Ctrl Pts',(-8.76840574488939,10.5694943442021,-11.0806465043271));
#7079=CARTESIAN_POINT('Ctrl Pts',(-10.3933761843578,10.6249951666571,-9.25600260108188));
#7080=CARTESIAN_POINT('Ctrl Pts',(12.8530953531682,-0.208329931256072,-6.21836707303288));
#7081=CARTESIAN_POINT('Ctrl Pts',(12.4820620980591,-0.189201531091115,-6.98527743963769));
#7082=CARTESIAN_POINT('Ctrl Pts',(12.0442778521046,-0.170432287295972,-7.7139255150676));
#7083=CARTESIAN_POINT('Ctrl Pts',(10.6897466156898,-0.12074063647451,-9.57973939435807));
#7084=CARTESIAN_POINT('Ctrl Pts',(8.53839073981088,-0.0524356048649999,
-11.7469494954996));
#7085=CARTESIAN_POINT('Ctrl Pts',(5.81387320434711,0.0158821788253648,-13.1240644173408));
#7086=CARTESIAN_POINT('Ctrl Pts',(1.61778115769174,0.110962305016823,-14.5000994675095));
#7087=CARTESIAN_POINT('Ctrl Pts',(-1.60972428581098,0.184177644080554,-14.4968933816054));
#7088=CARTESIAN_POINT('Ctrl Pts',(-7.2138693074752,0.310959043727159,-12.6785886143878));
#7089=CARTESIAN_POINT('Ctrl Pts',(-9.82334597825149,0.384174398827908,-10.7835514397434));
#7090=CARTESIAN_POINT('Ctrl Pts',(-13.2883861603194,0.510957412585502,-6.01700908726569));
#7091=CARTESIAN_POINT('Ctrl Pts',(-14.2856527843045,0.584173273123322,-2.95038155827551));
#7092=CARTESIAN_POINT('Ctrl Pts',(-14.2872278441014,0.710956768446703,2.94273993893852));
#7093=CARTESIAN_POINT('Ctrl Pts',(-13.2915206708344,0.784172861765602,6.00988780169347));
#7094=CARTESIAN_POINT('Ctrl Pts',(-9.82890711186652,0.910956525529084,10.7784961347994));
#7095=CARTESIAN_POINT('Ctrl Pts',(-7.22054037978398,0.984172709438161,12.6746260905687));
#7096=CARTESIAN_POINT('Ctrl Pts',(-1.61631041584964,1.1109564348877,14.4972528796325));
#7097=CARTESIAN_POINT('Ctrl Pts',(1.60841928373471,1.18417265284733,14.4981021647227));
#7098=CARTESIAN_POINT('Ctrl Pts',(7.21364936540281,1.31095640115173,12.6785597452046));
#7099=CARTESIAN_POINT('Ctrl Pts',(9.82300949570882,1.38417263180688,10.7838011247277));
#7100=CARTESIAN_POINT('Ctrl Pts',(13.2882355591678,1.51095638860314,6.01709074076382));
#7101=CARTESIAN_POINT('Ctrl Pts',(14.285541002676,1.58417262398256,2.95045648351146));
#7102=CARTESIAN_POINT('Ctrl Pts',(14.2871656633325,1.71095638393619,-2.94270128339102));
#7103=CARTESIAN_POINT('Ctrl Pts',(13.2914802981656,1.78417262107279,-6.00986154629711));
#7104=CARTESIAN_POINT('Ctrl Pts',(9.82888343342502,1.91095638220057,-10.7784810153763));
#7105=CARTESIAN_POINT('Ctrl Pts',(7.22052547297771,1.98417261999068,-12.6746164707162));
#7106=CARTESIAN_POINT('Ctrl Pts',(1.61630156031753,2.1109563815551,-14.4972471901042));
#7107=CARTESIAN_POINT('Ctrl Pts',(-1.60842481782246,2.18417261958825,-14.4980986001199));
#7108=CARTESIAN_POINT('Ctrl Pts',(-7.21365266316883,2.31095638131506,-12.6785576233241));
#7109=CARTESIAN_POINT('Ctrl Pts',(-9.82301155293024,2.38417261943859,-10.7837998002399));
#7110=CARTESIAN_POINT('Ctrl Pts',(-13.2882367859829,2.51095638122579,-6.01708995111492));
#7111=CARTESIAN_POINT('Ctrl Pts',(-14.285541767664,2.58417261938293,-2.9504559910484));
#7112=CARTESIAN_POINT('Ctrl Pts',(-14.2871661196119,2.71095638119259,2.94270157710386));
#7113=CARTESIAN_POINT('Ctrl Pts',(-13.2914805826521,2.78417261936223,6.00986172943117));
#7114=CARTESIAN_POINT('Ctrl Pts',(-9.82888360311522,2.91095638118024,10.7784811246102));
#7115=CARTESIAN_POINT('Ctrl Pts',(-7.22052557877551,2.98417261935453,12.6746165388215));
#7116=CARTESIAN_POINT('Ctrl Pts',(-1.61630162342436,3.11095638117565,14.4972472307279));
#7117=CARTESIAN_POINT('Ctrl Pts',(1.60842477847709,3.18417261935167,14.4980986254477));
#7118=CARTESIAN_POINT('Ctrl Pts',(7.21365263969983,3.31095638117394,12.6785576384318));
#7119=CARTESIAN_POINT('Ctrl Pts',(9.82301153829799,3.3841726193506,10.7837998096591));
#7120=CARTESIAN_POINT('Ctrl Pts',(13.2882367772549,3.51095638117331,6.01708995673334));
#7121=CARTESIAN_POINT('Ctrl Pts',(14.2855417622223,3.58417261935021,2.95045599455134));
#7122=CARTESIAN_POINT('Ctrl Pts',(14.2871661163661,3.71095638117307,-2.94270157501438));
#7123=CARTESIAN_POINT('Ctrl Pts',(13.2914805806283,3.78417261935006,-6.00986172812845));
#7124=CARTESIAN_POINT('Ctrl Pts',(9.8288836019081,3.91095638117298,-10.7784811238332));
#7125=CARTESIAN_POINT('Ctrl Pts',(7.22052557802291,3.98417261935001,-12.6746165383371));
#7126=CARTESIAN_POINT('Ctrl Pts',(1.61630162297544,4.11095638117295,-14.497247230439));
#7127=CARTESIAN_POINT('Ctrl Pts',(-1.60842477875697,4.18417261934999,-14.4980986252675));
#7128=CARTESIAN_POINT('Ctrl Pts',(-7.21365263986679,4.31095638117294,-12.6785576383244));
#7129=CARTESIAN_POINT('Ctrl Pts',(-9.82301153840208,4.38417261934998,-10.7837998095921));
#7130=CARTESIAN_POINT('Ctrl Pts',(-13.288236777317,4.51095638117293,-6.01708995669338));
#7131=CARTESIAN_POINT('Ctrl Pts',(-14.285541762261,4.58417261934998,-2.95045599452642));
#7132=CARTESIAN_POINT('Ctrl Pts',(-14.2871661163891,4.71095638117293,2.94270157502927));
#7133=CARTESIAN_POINT('Ctrl Pts',(-13.2914805806428,4.78417261934997,6.00986172813773));
#7134=CARTESIAN_POINT('Ctrl Pts',(-9.82888360191669,4.91095638117293,10.7784811238387));
#7135=CARTESIAN_POINT('Ctrl Pts',(-7.22052557802826,4.98417261934997,12.6746165383405));
#7136=CARTESIAN_POINT('Ctrl Pts',(-1.61630162297861,5.11095638117293,14.4972472304411));
#7137=CARTESIAN_POINT('Ctrl Pts',(1.60842477875501,5.18417261934997,14.4980986252689));
#7138=CARTESIAN_POINT('Ctrl Pts',(7.21365263986565,5.31095638117293,12.6785576383253));
#7139=CARTESIAN_POINT('Ctrl Pts',(9.82301153840142,5.38417261934997,10.7837998095928));
#7140=CARTESIAN_POINT('Ctrl Pts',(13.2882367773167,5.51095638117293,6.01708995669399));
#7141=CARTESIAN_POINT('Ctrl Pts',(14.285541762261,5.58417261934997,2.95045599452714));
#7142=CARTESIAN_POINT('Ctrl Pts',(14.2871661163894,5.71095638117293,-2.94270157502826));
#7143=CARTESIAN_POINT('Ctrl Pts',(13.2914805806433,5.78417261934997,-6.00986172813621));
#7144=CARTESIAN_POINT('Ctrl Pts',(9.82888360191769,5.91095638117292,-10.7784811238363));
#7145=CARTESIAN_POINT('Ctrl Pts',(7.22052557802994,5.98417261934996,-12.6746165383366));
#7146=CARTESIAN_POINT('Ctrl Pts',(1.61630162298148,6.11095638117292,-14.4972472304345));
#7147=CARTESIAN_POINT('Ctrl Pts',(-1.60842477875039,6.18417261934994,-14.4980986252584));
#7148=CARTESIAN_POINT('Ctrl Pts',(-7.21365263985789,6.31095638117289,-12.6785576383077));
#7149=CARTESIAN_POINT('Ctrl Pts',(-9.82301153838897,6.3841726193499,-10.7837998095645));
#7150=CARTESIAN_POINT('Ctrl Pts',(-13.2882367772958,6.51095638117281,-6.01708995664669));
#7151=CARTESIAN_POINT('Ctrl Pts',(-14.2855417622275,6.58417261934978,-2.95045599445126));
#7152=CARTESIAN_POINT('Ctrl Pts',(-14.2871661163332,6.71095638117261,2.94270157515545));
#7153=CARTESIAN_POINT('Ctrl Pts',(-13.2914805805533,6.78417261934945,6.00986172834022));
#7154=CARTESIAN_POINT('Ctrl Pts',(-9.82888360176678,6.91095638117206,10.7784811241783));
#7155=CARTESIAN_POINT('Ctrl Pts',(-7.22052557778786,6.98417261934858,12.6746165388852));
#7156=CARTESIAN_POINT('Ctrl Pts',(-1.61630162257563,7.11095638117059,14.4972472313542));
#7157=CARTESIAN_POINT('Ctrl Pts',(1.60842477940133,7.18417261934621,14.4980986267335));
#7158=CARTESIAN_POINT('Ctrl Pts',(7.21365264094919,7.31095638116663,12.6785576407806));
#7159=CARTESIAN_POINT('Ctrl Pts',(9.82301154013932,7.38417261933986,10.783799813531));
#7160=CARTESIAN_POINT('Ctrl Pts',(13.2882367802303,7.51095638115598,6.01708996329636));
#7161=CARTESIAN_POINT('Ctrl Pts',(14.2855417669341,7.58417261932278,2.95045600511681));
#7162=CARTESIAN_POINT('Ctrl Pts',(14.2871661242237,7.71095638112734,-2.94270155727485));
#7163=CARTESIAN_POINT('Ctrl Pts',(13.291480593209,7.78417261927684,-6.00986169966112));
#7164=CARTESIAN_POINT('Ctrl Pts',(9.82888362298386,7.91095638105032,-10.7784810760982));
#7165=CARTESIAN_POINT('Ctrl Pts',(7.22052561181843,7.98417261915332,-12.6746164617687));
#7166=CARTESIAN_POINT('Ctrl Pts',(1.61630167962728,8.11095638084324,-14.4972471020692));
#7167=CARTESIAN_POINT('Ctrl Pts',(-1.60842468789491,8.18417261882117,-14.4980984193726));
#7168=CARTESIAN_POINT('Ctrl Pts',(-7.21365248754032,8.31095638028639,-12.6785572931372));
#7169=CARTESIAN_POINT('Ctrl Pts',(-9.82301129408332,8.38417261792803,-10.7837992559629));
#7170=CARTESIAN_POINT('Ctrl Pts',(-13.2882363677218,8.51095637878906,-6.01708902846974));
#7171=CARTESIAN_POINT('Ctrl Pts',(-14.2855411053024,8.58417261552643,-2.95045450600808));
#7172=CARTESIAN_POINT('Ctrl Pts',(-14.2871650150098,8.7109563747628,2.9427040713269));
#7173=CARTESIAN_POINT('Ctrl Pts',(-13.291478814117,8.78417260906872,6.00986572887238));
#7174=CARTESIAN_POINT('Ctrl Pts',(-9.82888064036338,8.9109563639363,10.7784878401768));
#7175=CARTESIAN_POINT('Ctrl Pts',(-7.2205208279444,8.98417259170484,12.6746272758899));
#7176=CARTESIAN_POINT('Ctrl Pts',(-1.61629365949168,9.11095633482314,14.4972653340573));
#7177=CARTESIAN_POINT('Ctrl Pts',(1.60843755135491,9.18417254502073,14.4981272726386));
#7178=CARTESIAN_POINT('Ctrl Pts',(7.21367405354255,9.31095625652542,12.6786068054487));
#7179=CARTESIAN_POINT('Ctrl Pts',(9.82304588183328,9.38417241956157,10.7838743292824));
#7180=CARTESIAN_POINT('Ctrl Pts',(13.2882943606542,9.51095604583129,6.01722759746828));
#7181=CARTESIAN_POINT('Ctrl Pts',(14.2856340940993,9.5841720830104,2.95062838041464));
#7182=CARTESIAN_POINT('Ctrl Pts',(14.287320989282,9.71095547755095,-2.94227091173914));
#7183=CARTESIAN_POINT('Ctrl Pts',(13.2917286793905,9.78417118698068,-6.00971020286045));
#7184=CARTESIAN_POINT('Ctrl Pts',(9.82930042937658,9.91095393013884,-10.776648166162));
#7185=CARTESIAN_POINT('Ctrl Pts',(7.2211907326195,9.98416887723339,-12.677686706093));
#7186=CARTESIAN_POINT('Ctrl Pts',(3.01836771689894,10.0792543845941,-14.0330186146554));
#7187=CARTESIAN_POINT('Ctrl Pts',(0.00525240818823233,10.1475620773199,
-14.5224434658319));
#7188=CARTESIAN_POINT('Ctrl Pts',(-3.0091963444084,10.2158825172046,-14.0342453991065));
#7189=CARTESIAN_POINT('Ctrl Pts',(-6.76323231020949,10.3008735274236,-12.8209436690403));
#7190=CARTESIAN_POINT('Ctrl Pts',(-8.99591813959069,10.3611627390251,-11.3678043493641));
#7191=CARTESIAN_POINT('Ctrl Pts',(-10.662987646236,10.4166634253892,-9.49583373271232));
#7192=CARTESIAN_POINT('Ctrl Pts',(13.1778368901239,-0.416661834875739,-6.37569531989207));
#7193=CARTESIAN_POINT('Ctrl Pts',(12.797416959862,-0.39753346116997,-7.16198070513719));
#7194=CARTESIAN_POINT('Ctrl Pts',(12.3485600615295,-0.37876425454378,-7.90903528046603));
#7195=CARTESIAN_POINT('Ctrl Pts',(10.9597763693922,-0.32907272159747,-9.82197807966572));
#7196=CARTESIAN_POINT('Ctrl Pts',(8.75400906924907,-0.260767414994839,-12.0439402981566));
#7197=CARTESIAN_POINT('Ctrl Pts',(5.96062479863325,-0.19244978458135,-13.4558136069757));
#7198=CARTESIAN_POINT('Ctrl Pts',(1.65847874337818,-0.0973697891480001,
-14.866566070256));
#7199=CARTESIAN_POINT('Ctrl Pts',(-1.65060932656319,-0.024154167489229,
-14.863234987735));
#7200=CARTESIAN_POINT('Ctrl Pts',(-7.39634109013934,0.102626945495311,-12.9989069999118));
#7201=CARTESIAN_POINT('Ctrl Pts',(-10.0717540753759,0.175842609223437,-11.0559335971424));
#7202=CARTESIAN_POINT('Ctrl Pts',(-13.6242867020927,0.30262532129754,-6.16889806384241));
#7203=CARTESIAN_POINT('Ctrl Pts',(-14.6467214549517,0.375841490046394,-3.02474070499014));
#7204=CARTESIAN_POINT('Ctrl Pts',(-14.6482551174727,0.50262468049983,3.01729378154918));
#7205=CARTESIAN_POINT('Ctrl Pts',(-13.627338569442,0.575841080968972,6.16195839074529));
#7206=CARTESIAN_POINT('Ctrl Pts',(-10.0771626500561,0.702624438892808,11.0510166907829));
#7207=CARTESIAN_POINT('Ctrl Pts',(-7.40283791356266,0.775840929476345,12.9950417305298));
#7208=CARTESIAN_POINT('Ctrl Pts',(-1.65696979826277,0.902624348744936,14.8636470882878));
#7209=CARTESIAN_POINT('Ctrl Pts',(1.64927307027353,0.975840873194792,14.8644753493105));
#7210=CARTESIAN_POINT('Ctrl Pts',(7.39611634748151,1.10262431519304,12.9988776853573));
#7211=CARTESIAN_POINT('Ctrl Pts',(10.0714096586677,1.17584085226925,11.0561898872411));
#7212=CARTESIAN_POINT('Ctrl Pts',(13.624132610231,1.30262430271296,6.1689819272687));
#7213=CARTESIAN_POINT('Ctrl Pts',(14.6466070536466,1.37584084448765,3.02481762557703));
#7214=CARTESIAN_POINT('Ctrl Pts',(14.6481914855252,1.5026242980715,-3.01725409101041));
#7215=CARTESIAN_POINT('Ctrl Pts',(13.6272972522303,1.57584084159378,-6.16193143465732));
#7216=CARTESIAN_POINT('Ctrl Pts',(10.0771384182039,1.70262429634535,-11.0510011673316));
#7217=CARTESIAN_POINT('Ctrl Pts',(7.40282265815212,1.77584084051757,-12.9950318538065));
#7218=CARTESIAN_POINT('Ctrl Pts',(1.65696073568959,1.90262429570341,-14.8636412467887));
#7219=CARTESIAN_POINT('Ctrl Pts',(-1.64927873376562,1.97584084011734,-14.8644716895123));
#7220=CARTESIAN_POINT('Ctrl Pts',(-7.39611972235509,2.10262429546467,-12.9988755068061));
#7221=CARTESIAN_POINT('Ctrl Pts',(-10.0714117639922,2.17584083996849,-11.0561885273807));
#7222=CARTESIAN_POINT('Ctrl Pts',(-13.6241338657317,2.30262429537589,-6.16898111653054));
#7223=CARTESIAN_POINT('Ctrl Pts',(-14.6466078365219,2.37584083991314,-3.02481711996184));
#7224=CARTESIAN_POINT('Ctrl Pts',(-14.6481919524734,2.50262429534287,3.01725439256744));
#7225=CARTESIAN_POINT('Ctrl Pts',(-13.6272975433688,2.57584083989255,6.1619316226823));
#7226=CARTESIAN_POINT('Ctrl Pts',(-10.0771385918618,2.70262429533059,11.0510012794829));
#7227=CARTESIAN_POINT('Ctrl Pts',(-7.40282276642372,2.7758408398849,12.9950319237307));
#7228=CARTESIAN_POINT('Ctrl Pts',(-1.65696080027201,2.90262429532603,14.8636412884974));
#7229=CARTESIAN_POINT('Ctrl Pts',(1.64927869350025,2.97584083988205,14.8644717155166));
#7230=CARTESIAN_POINT('Ctrl Pts',(7.39611969833733,3.10262429532433,12.9988755223172));
#7231=CARTESIAN_POINT('Ctrl Pts',(10.0714117490178,3.17584083988099,11.0561885370515));
#7232=CARTESIAN_POINT('Ctrl Pts',(13.6241338567997,3.3026242953237,6.16898112229902));
#7233=CARTESIAN_POINT('Ctrl Pts',(14.646607830953,3.3758408398806,3.02481712355833));
#7234=CARTESIAN_POINT('Ctrl Pts',(14.6481919491517,3.50262429532346,-3.01725439042216));
#7235=CARTESIAN_POINT('Ctrl Pts',(13.6272975412977,3.57584083988045,-6.1619316213448));
#7236=CARTESIAN_POINT('Ctrl Pts',(10.0771385906265,3.70262429532337,-11.0510012786851));
#7237=CARTESIAN_POINT('Ctrl Pts',(7.40282276565353,3.7758408398804,-12.9950319232333));
#7238=CARTESIAN_POINT('Ctrl Pts',(1.65696079981259,3.90262429532334,-14.8636412882007));
#7239=CARTESIAN_POINT('Ctrl Pts',(-1.64927869378669,3.97584083988038,-14.8644717153316));
#7240=CARTESIAN_POINT('Ctrl Pts',(-7.39611969850819,4.10262429532333,-12.9988755222069));
#7241=CARTESIAN_POINT('Ctrl Pts',(-10.0714117491243,4.17584083988037,-11.0561885369827));
#7242=CARTESIAN_POINT('Ctrl Pts',(-13.6241338568632,4.30262429532332,-6.16898112225798));
#7243=CARTESIAN_POINT('Ctrl Pts',(-14.6466078309926,4.37584083988037,-3.02481712353274));
#7244=CARTESIAN_POINT('Ctrl Pts',(-14.6481919491753,4.50262429532332,3.01725439043743));
#7245=CARTESIAN_POINT('Ctrl Pts',(-13.6272975413125,4.57584083988037,6.16193162135432));
#7246=CARTESIAN_POINT('Ctrl Pts',(-10.0771385906353,4.70262429532332,11.0510012786907));
#7247=CARTESIAN_POINT('Ctrl Pts',(-7.40282276565899,4.77584083988037,12.9950319232369));
#7248=CARTESIAN_POINT('Ctrl Pts',(-1.65696079981583,4.90262429532332,14.8636412882028));
#7249=CARTESIAN_POINT('Ctrl Pts',(1.64927869378468,4.97584083988036,14.864471715333));
#7250=CARTESIAN_POINT('Ctrl Pts',(7.39611969850702,5.10262429532332,12.9988755222078));
#7251=CARTESIAN_POINT('Ctrl Pts',(10.0714117491237,5.17584083988036,11.0561885369834));
#7252=CARTESIAN_POINT('Ctrl Pts',(13.6241338568629,5.30262429532332,6.16898112225863));
#7253=CARTESIAN_POINT('Ctrl Pts',(14.6466078309926,5.37584083988036,3.02481712353348));
#7254=CARTESIAN_POINT('Ctrl Pts',(14.6481919491755,5.50262429532332,-3.0172543904364));
#7255=CARTESIAN_POINT('Ctrl Pts',(13.627297541313,5.57584083988036,-6.16193162135277));
#7256=CARTESIAN_POINT('Ctrl Pts',(10.0771385906363,5.70262429532332,-11.0510012786882));
#7257=CARTESIAN_POINT('Ctrl Pts',(7.40282276566072,5.77584083988036,-12.9950319232329));
#7258=CARTESIAN_POINT('Ctrl Pts',(1.65696079981877,5.90262429532331,-14.8636412881961));
#7259=CARTESIAN_POINT('Ctrl Pts',(-1.64927869377995,5.97584083988034,-14.8644717153222));
#7260=CARTESIAN_POINT('Ctrl Pts',(-7.39611969849908,6.10262429532328,-12.9988755221898));
#7261=CARTESIAN_POINT('Ctrl Pts',(-10.0714117491109,6.17584083988029,-11.0561885369545));
#7262=CARTESIAN_POINT('Ctrl Pts',(-13.6241338568415,6.3026242953232,-6.16898112221015));
#7263=CARTESIAN_POINT('Ctrl Pts',(-14.6466078309582,6.37584083988017,-3.02481712345574));
#7264=CARTESIAN_POINT('Ctrl Pts',(-14.648191949118,6.502624295323,3.01725439056672));
#7265=CARTESIAN_POINT('Ctrl Pts',(-13.6272975412208,6.57584083987985,6.16193162156179));
#7266=CARTESIAN_POINT('Ctrl Pts',(-10.0771385904817,6.70262429532245,11.0510012790386));
#7267=CARTESIAN_POINT('Ctrl Pts',(-7.40282276541267,6.77584083987897,12.9950319237949));
#7268=CARTESIAN_POINT('Ctrl Pts',(-1.65696079940289,6.90262429532098,14.8636412891384));
#7269=CARTESIAN_POINT('Ctrl Pts',(1.64927869444695,6.97584083987661,14.8644717168335));
#7270=CARTESIAN_POINT('Ctrl Pts',(7.39611969961729,7.10262429531702,12.9988755247235));
#7271=CARTESIAN_POINT('Ctrl Pts',(10.0714117509044,7.17584083987026,11.0561885410184));
#7272=CARTESIAN_POINT('Ctrl Pts',(13.6241338598483,7.30262429530638,6.16898112902314));
#7273=CARTESIAN_POINT('Ctrl Pts',(14.646607835781,7.3758408398532,3.02481713438324));
#7274=CARTESIAN_POINT('Ctrl Pts',(14.6481919572032,7.50262429527777,-3.01725437224696));
#7275=CARTESIAN_POINT('Ctrl Pts',(13.6272975541888,7.57584083980731,-6.16193159217834));
#7276=CARTESIAN_POINT('Ctrl Pts',(10.0771386122223,7.70262429520084,-11.0510012297778));
#7277=CARTESIAN_POINT('Ctrl Pts',(7.40282280028303,7.77584083968391,-12.9950318447845));
#7278=CARTESIAN_POINT('Ctrl Pts',(1.65696085786243,7.90262429499396,-14.8636411566782));
#7279=CARTESIAN_POINT('Ctrl Pts',(-1.64927860068238,7.97584083935209,-14.8644715043798));
#7280=CARTESIAN_POINT('Ctrl Pts',(-7.39611954242269,8.10262429443768,-12.9988751685419));
#7281=CARTESIAN_POINT('Ctrl Pts',(-10.0714114987764,8.17584083845986,-11.0561879697564));
#7282=CARTESIAN_POINT('Ctrl Pts',(-13.6241334371602,8.30262429294186,-6.16898017123716));
#7283=CARTESIAN_POINT('Ctrl Pts',(-14.646607157822,8.37584083606069,-3.02481559845661));
#7284=CARTESIAN_POINT('Ctrl Pts',(-14.6481908206166,8.50262428891967,3.01725694804443));
#7285=CARTESIAN_POINT('Ctrl Pts',(-13.6272957311943,8.57584082960951,6.16193572034494));
#7286=CARTESIAN_POINT('Ctrl Pts',(-10.0771355559965,8.70262427810407,11.0510081599861));
#7287=CARTESIAN_POINT('Ctrl Pts',(-7.40281789836509,8.77584081226332,12.9950429244784));
#7288=CARTESIAN_POINT('Ctrl Pts',(-1.65695263978908,8.90262424902002,14.8636598364903));
#7289=CARTESIAN_POINT('Ctrl Pts',(1.64929178146965,8.97584076562799,14.8645010660391));
#7290=CARTESIAN_POINT('Ctrl Pts',(7.39614164085657,9.1026241707979,12.9989258973977));
#7291=CARTESIAN_POINT('Ctrl Pts',(10.0714469388375,9.17584064031358,11.0562648841766));
#7292=CARTESIAN_POINT('Ctrl Pts',(13.6241928638617,9.3026239602777,6.16912214932119));
#7293=CARTESIAN_POINT('Ctrl Pts',(14.6467024276799,9.37584030430306,3.02499371314548));
#7294=CARTESIAN_POINT('Ctrl Pts',(14.6483506734925,9.5026233921375,-3.01681308503116));
#7295=CARTESIAN_POINT('Ctrl Pts',(13.6275516102026,9.57583941141479,-6.16177670974415));
#7296=CARTESIAN_POINT('Ctrl Pts',(10.0775660337758,9.70262184145151,-11.0491225787134));
#7297=CARTESIAN_POINT('Ctrl Pts',(7.40350263706533,9.77583712892518,-12.9981812294163));
#7298=CARTESIAN_POINT('Ctrl Pts',(3.09446365282139,9.87092234388175,-14.3877023760766));
#7299=CARTESIAN_POINT('Ctrl Pts',(0.00517834384151935,9.93923029472896,
-14.8894577731979));
#7300=CARTESIAN_POINT('Ctrl Pts',(-3.08543573862368,10.0075505722702,-14.3888790713794));
#7301=CARTESIAN_POINT('Ctrl Pts',(-6.93431937208942,10.0925414319251,-13.1448691492205));
#7302=CARTESIAN_POINT('Ctrl Pts',(-9.22342383638361,10.1528309113132,-11.6549674018711));
#7303=CARTESIAN_POINT('Ctrl Pts',(-10.9325936630084,10.2083314774031,-9.73567080253459));
#7304=CARTESIAN_POINT('Ctrl Pts',(13.5025811823567,-0.624993895401659,-6.53301766780108));
#7305=CARTESIAN_POINT('Ctrl Pts',(13.1127749065863,-0.605865545586781,-7.33867828446492));
#7306=CARTESIAN_POINT('Ctrl Pts',(12.6528456541046,-0.587096372520905,-8.10413962442736));
#7307=CARTESIAN_POINT('Ctrl Pts',(11.2298101957259,-0.537404946007165,-10.0642121460477));
#7308=CARTESIAN_POINT('Ctrl Pts',(8.96963286990507,-0.469099391104693,-12.3409270688374));
#7309=CARTESIAN_POINT('Ctrl Pts',(6.10738228443233,-0.400781899088367,-13.7875602361688));
#7310=CARTESIAN_POINT('Ctrl Pts',(1.699182556723,-0.305702021719046,-15.2330320414193));
#7311=CARTESIAN_POINT('Ctrl Pts',(-1.69148757909334,-0.232486144896124,
-15.2295774190604));
#7312=CARTESIAN_POINT('Ctrl Pts',(-7.57880747007064,-0.105705290746477,
-13.3192285772238));
#7313=CARTESIAN_POINT('Ctrl Pts',(-10.3201571186656,-0.0324893483493962,
-11.3283204276059));
#7314=CARTESIAN_POINT('Ctrl Pts',(-13.9601847338609,0.0942930913261492,
-6.32079281022571));
#7315=CARTESIAN_POINT('Ctrl Pts',(-15.0077887696457,0.167509538367819,-3.09910660933709));
#7316=CARTESIAN_POINT('Ctrl Pts',(-15.0092837443771,0.294292453545412,3.09184147683725));
#7317=CARTESIAN_POINT('Ctrl Pts',(-13.9631593381717,0.367509131349474,6.31402271327536));
#7318=CARTESIAN_POINT('Ctrl Pts',(-10.3254228937483,0.494292213121845,11.3235330675675));
#7319=CARTESIAN_POINT('Ctrl Pts',(-7.58514145088387,0.567508980610675,13.3154539868582));
#7320=CARTESIAN_POINT('Ctrl Pts',(-1.69763544291219,0.694292123419605,15.2300406811712));
#7321=CARTESIAN_POINT('Ctrl Pts',(1.6901200116634,0.767508924608394,15.2308493249309));
#7322=CARTESIAN_POINT('Ctrl Pts',(7.57857790176083,0.894292090033936,13.3191988079844));
#7323=CARTESIAN_POINT('Ctrl Pts',(10.3198047489904,0.967508903786614,11.3285833130627));
#7324=CARTESIAN_POINT('Ctrl Pts',(13.9600271408718,1.09429207761571,6.32087887875333));
#7325=CARTESIAN_POINT('Ctrl Pts',(15.0076717418845,1.1675088960436,3.09918552191118));
#7326=CARTESIAN_POINT('Ctrl Pts',(15.0092186572785,1.29429207299726,-3.09180075322457));
#7327=CARTESIAN_POINT('Ctrl Pts',(13.9631170739149,1.36750889316407,-6.31399505772297));
#7328=CARTESIAN_POINT('Ctrl Pts',(10.3253981069993,1.49429207127967,-11.3235171408121));
#7329=CARTESIAN_POINT('Ctrl Pts',(7.5851258459402,1.5675088920932,-13.3154438537183));
#7330=CARTESIAN_POINT('Ctrl Pts',(1.69762617274447,1.69429207064091,-15.2300346879716));
#7331=CARTESIAN_POINT('Ctrl Pts',(-1.6901258049051,1.76750889169495,-15.2308455701061));
#7332=CARTESIAN_POINT('Ctrl Pts',(-7.57858135394788,1.89429207040336,-13.319196572863));
#7333=CARTESIAN_POINT('Ctrl Pts',(-10.3198069025464,1.96750889154684,-11.3285819178925));
#7334=CARTESIAN_POINT('Ctrl Pts',(-13.9600284251347,2.09429207031501,-6.32087804696334));
#7335=CARTESIAN_POINT('Ctrl Pts',(-15.0076725426947,2.16750889149177,-3.09918500316718));
#7336=CARTESIAN_POINT('Ctrl Pts',(-15.0092191349241,2.29429207028216,3.09180106261185));
#7337=CARTESIAN_POINT('Ctrl Pts',(-13.963117371723,2.36750889147128,6.31399525063022));
#7338=CARTESIAN_POINT('Ctrl Pts',(-10.3253982846356,2.49429207026994,11.3235172558755));
#7339=CARTESIAN_POINT('Ctrl Pts',(-7.58512595669222,2.56750889146366,13.3154439254582));
#7340=CARTESIAN_POINT('Ctrl Pts',(-1.69762623880641,2.6942920702654,15.2300347307632));
#7341=CARTESIAN_POINT('Ctrl Pts',(1.69012576371729,2.76750889146083,15.2308455967855));
#7342=CARTESIAN_POINT('Ctrl Pts',(7.5785813293799,2.89429207026371,13.3191965887769));
#7343=CARTESIAN_POINT('Ctrl Pts',(10.3198068872289,2.96750889145978,11.3285819278144));
#7344=CARTESIAN_POINT('Ctrl Pts',(13.9600284159981,3.09429207026308,6.32087805288161));
#7345=CARTESIAN_POINT('Ctrl Pts',(15.0076725369983,3.16750889145939,3.09918500685706));
#7346=CARTESIAN_POINT('Ctrl Pts',(15.0092191315262,3.29429207026285,-3.09180106041087));
#7347=CARTESIAN_POINT('Ctrl Pts',(13.9631173696046,3.36750889145924,-6.31399524925798));
#7348=CARTESIAN_POINT('Ctrl Pts',(10.3253982833719,3.49429207026276,-11.323517255057));
#7349=CARTESIAN_POINT('Ctrl Pts',(7.58512595590437,3.56750889145918,-13.3154439249479));
#7350=CARTESIAN_POINT('Ctrl Pts',(1.69762623833647,3.69429207026273,-15.2300347304588));
#7351=CARTESIAN_POINT('Ctrl Pts',(-1.69012576401029,3.76750889145916,-15.2308455965958));
#7352=CARTESIAN_POINT('Ctrl Pts',(-7.57858132955467,3.89429207026272,-13.3191965886637));
#7353=CARTESIAN_POINT('Ctrl Pts',(-10.3198068873379,3.96750889145916,-11.3285819277438));
#7354=CARTESIAN_POINT('Ctrl Pts',(-13.9600284160631,4.09429207026271,-6.32087805283951));
#7355=CARTESIAN_POINT('Ctrl Pts',(-15.0076725370388,4.16750889145915,-3.09918500683081));
#7356=CARTESIAN_POINT('Ctrl Pts',(-15.0092191315504,4.29429207026271,3.09180106042654));
#7357=CARTESIAN_POINT('Ctrl Pts',(-13.9631173696196,4.36750889145915,6.31399524926775));
#7358=CARTESIAN_POINT('Ctrl Pts',(-10.3253982833809,4.49429207026271,11.3235172550628));
#7359=CARTESIAN_POINT('Ctrl Pts',(-7.58512595590997,4.56750889145915,13.3154439249515));
#7360=CARTESIAN_POINT('Ctrl Pts',(-1.69762623833978,4.69429207026271,15.230034730461));
#7361=CARTESIAN_POINT('Ctrl Pts',(1.69012576400823,4.76750889145915,15.2308455965972));
#7362=CARTESIAN_POINT('Ctrl Pts',(7.57858132955348,4.89429207026271,13.3191965886646));
#7363=CARTESIAN_POINT('Ctrl Pts',(10.3198068873372,4.96750889145915,11.3285819277445));
#7364=CARTESIAN_POINT('Ctrl Pts',(13.9600284160628,5.09429207026271,6.32087805284016));
#7365=CARTESIAN_POINT('Ctrl Pts',(15.0076725370387,5.16750889145915,3.09918500683156));
#7366=CARTESIAN_POINT('Ctrl Pts',(15.0092191315507,5.2942920702627,-3.09180106042549));
#7367=CARTESIAN_POINT('Ctrl Pts',(13.9631173696202,5.36750889145915,-6.31399524926616));
#7368=CARTESIAN_POINT('Ctrl Pts',(10.325398283382,5.4942920702627,-11.3235172550602));
#7369=CARTESIAN_POINT('Ctrl Pts',(7.58512595591173,5.56750889145914,-13.3154439249474));
#7370=CARTESIAN_POINT('Ctrl Pts',(1.6976262383428,5.69429207026269,-15.2300347304542));
#7371=CARTESIAN_POINT('Ctrl Pts',(-1.69012576400339,5.76750889145912,-15.2308455965862));
#7372=CARTESIAN_POINT('Ctrl Pts',(-7.57858132954534,5.89429207026266,-13.3191965886462));
#7373=CARTESIAN_POINT('Ctrl Pts',(-10.3198068873241,5.96750889145908,-11.3285819277149));
#7374=CARTESIAN_POINT('Ctrl Pts',(-13.9600284160409,6.09429207026259,-6.32087805279053));
#7375=CARTESIAN_POINT('Ctrl Pts',(-15.0076725370036,6.16750889145896,-3.09918500675196));
#7376=CARTESIAN_POINT('Ctrl Pts',(-15.0092191314918,6.29429207026238,3.09180106055893));
#7377=CARTESIAN_POINT('Ctrl Pts',(-13.9631173695257,6.36750889145863,6.3139952494802));
#7378=CARTESIAN_POINT('Ctrl Pts',(-10.3253982832236,6.49429207026184,11.323517255419));
#7379=CARTESIAN_POINT('Ctrl Pts',(-7.5851259556577,6.56750889145776,13.3154439255229));
#7380=CARTESIAN_POINT('Ctrl Pts',(-1.6976262379169,6.69429207026037,15.2300347314191));
#7381=CARTESIAN_POINT('Ctrl Pts',(1.69012576468647,6.7675088914554,15.2308455981337));
#7382=CARTESIAN_POINT('Ctrl Pts',(7.57858133069051,6.89429207025642,13.3191965912407));
#7383=CARTESIAN_POINT('Ctrl Pts',(10.3198068891609,6.96750889144906,11.3285819318763));
#7384=CARTESIAN_POINT('Ctrl Pts',(13.9600284191202,7.09429207024578,6.32087805976699));
#7385=CARTESIAN_POINT('Ctrl Pts',(15.0076725419426,7.16750889143201,3.09918501794165));
#7386=CARTESIAN_POINT('Ctrl Pts',(15.0092191397718,7.2942920702172,-3.09180104179962));
#7387=CARTESIAN_POINT('Ctrl Pts',(13.9631173828063,7.36750889138616,-6.31399521939172));
#7388=CARTESIAN_POINT('Ctrl Pts',(10.3253983054883,7.49429207014034,-11.3235172049762));
#7389=CARTESIAN_POINT('Ctrl Pts',(7.58512599136852,7.56750889126287,-13.3154438446167));
#7390=CARTESIAN_POINT('Ctrl Pts',(1.69762629778545,7.69429206993365,-15.2300345957806));
#7391=CARTESIAN_POINT('Ctrl Pts',(-1.69012566866196,7.76750889093136,-15.2308453805824));
#7392=CARTESIAN_POINT('Ctrl Pts',(-7.57858116970716,7.89429206937787,-13.3191962265129));
#7393=CARTESIAN_POINT('Ctrl Pts',(-10.319806630956,7.96750889003994,-11.3285813469075));
#7394=CARTESIAN_POINT('Ctrl Pts',(-13.9600279862443,8.09429206788342,-6.32087707899988));
#7395=CARTESIAN_POINT('Ctrl Pts',(-15.0076718476433,8.16750888764296,-3.09918344516219));
#7396=CARTESIAN_POINT('Ctrl Pts',(-15.0092179757907,8.2942920638649,3.09180367940109));
#7397=CARTESIAN_POINT('Ctrl Pts',(-13.9631155158743,8.36750888119769,6.31399944660767));
#7398=CARTESIAN_POINT('Ctrl Pts',(-10.3253951755986,8.49429205305915,11.3235243014718));
#7399=CARTESIAN_POINT('Ctrl Pts',(-7.58512097131245,8.56750886386747,13.3154551901362));
#7400=CARTESIAN_POINT('Ctrl Pts',(-1.69761788161759,8.69429202400137,15.2300537238402));
#7401=CARTESIAN_POINT('Ctrl Pts',(1.69013916703267,8.76750881727618,15.2308756513156));
#7402=CARTESIAN_POINT('Ctrl Pts',(7.5786038009882,8.89429194584752,13.31924817305));
#7403=CARTESIAN_POINT('Ctrl Pts',(10.3198429240479,8.96750869209246,11.3286601042674));
#7404=CARTESIAN_POINT('Ctrl Pts',(13.9600888477655,9.09429173548434,6.32102246920713));
#7405=CARTESIAN_POINT('Ctrl Pts',(15.00776940084,9.16750835657007,3.09936580517932));
#7406=CARTESIAN_POINT('Ctrl Pts',(15.0093817093544,9.29429116747061,-3.09134910501125));
#7407=CARTESIAN_POINT('Ctrl Pts',(13.9633774185625,9.36750746651822,-6.31383693672994));
#7408=CARTESIAN_POINT('Ctrl Pts',(10.3258363394837,9.49428961382842,-11.3215927939834));
#7409=CARTESIAN_POINT('Ctrl Pts',(7.5858206133609,9.56750520864002,-13.318672317833));
#7410=CARTESIAN_POINT('Ctrl Pts',(3.17056572840722,9.66259015957641,-14.7423847994741));
#7411=CARTESIAN_POINT('Ctrl Pts',(0.0051111603334296,9.73089834348811,-15.2564720076926));
#7412=CARTESIAN_POINT('Ctrl Pts',(-3.16166878408233,9.79921847444623,-14.7435141010191));
#7413=CARTESIAN_POINT('Ctrl Pts',(-7.10540090516073,9.88420919815337,-13.4687975063492));
#7414=CARTESIAN_POINT('Ctrl Pts',(-9.45092420019635,9.94449891933615,-11.9421346104364));
#7415=CARTESIAN_POINT('Ctrl Pts',(-11.202195345618,9.99999937682664,-9.97551260938225));
#7416=CARTESIAN_POINT('Origin',(20.5,15.,0.));
#7417=CARTESIAN_POINT('Origin',(20.2710319376151,15.,3.05536645661158));
#7418=CARTESIAN_POINT('Origin',(20.2710319376152,15.,-3.0553664566113));
#7419=CARTESIAN_POINT('Origin',(19.589242518616,15.,-6.04248107542327));
#7420=CARTESIAN_POINT('Origin',(18.4698617919997,15.,-8.8946166519097));
#7421=CARTESIAN_POINT('Origin',(16.937894873478,15.,-11.548061190304));
#7422=CARTESIAN_POINT('Origin',(15.0275633725116,15.,-13.9435411243037));
#7423=CARTESIAN_POINT('Origin',(12.7815409381042,15.,-16.0275453905945));
#7424=CARTESIAN_POINT('Origin',(10.2500000000002,15.,-17.7535207775809));
#7425=CARTESIAN_POINT('Origin',(7.48949099951131,15.,-19.0829118472061));
#7426=CARTESIAN_POINT('Origin',(19.5892425186159,15.,6.04248107542355));
#7427=CARTESIAN_POINT('Origin',(18.4698617919996,15.,8.89461665190996));
#7428=CARTESIAN_POINT('Origin',(-18.4698617919996,15.,8.89461665190983));
#7429=CARTESIAN_POINT('Origin',(-19.5892425186159,15.,6.04248107542341));
#7430=CARTESIAN_POINT('Origin',(-20.2710319376152,15.,3.05536645661144));
#7431=CARTESIAN_POINT('Origin',(-20.5,15.,0.));
#7432=CARTESIAN_POINT('Origin',(-20.2710319376151,15.,-3.05536645661173));
#7433=CARTESIAN_POINT('Origin',(-19.5892425186158,15.,-6.04248107542369));
#7434=CARTESIAN_POINT('Origin',(-18.4698617919995,15.,-8.89461665191009));
#7435=CARTESIAN_POINT('Origin',(-16.9378948734778,15.,-11.5480611903044));
#7436=CARTESIAN_POINT('Origin',(-15.0275633725113,15.,-13.943541124304));
#7437=CARTESIAN_POINT('Origin',(-12.7815409381039,15.,-16.0275453905947));
#7438=CARTESIAN_POINT('Origin',(-10.2499999999998,15.,-17.7535207775811));
#7439=CARTESIAN_POINT('Origin',(-7.48949099951091,15.,-19.0829118472063));
#7440=CARTESIAN_POINT('Origin',(-4.56167914610424,15.,-19.9860221997274));
#7441=CARTESIAN_POINT('Origin',(-1.53196691852149,15.,-20.4426778422142));
#7442=CARTESIAN_POINT('Origin',(1.53196691852192,15.,-20.4426778422142));
#7443=CARTESIAN_POINT('Origin',(4.56167914610467,15.,-19.9860221997273));
#7444=UNCERTAINTY_MEASURE_WITH_UNIT(LENGTH_MEASURE(0.01),#7448,
'DISTANCE_ACCURACY_VALUE',
'Maximum model space distance between geometric entities at asserted c
onnectivities');
#7445=UNCERTAINTY_MEASURE_WITH_UNIT(LENGTH_MEASURE(0.01),#7448,
'DISTANCE_ACCURACY_VALUE',
'Maximum model space distance between geometric entities at asserted c
onnectivities');
#7446=(
GEOMETRIC_REPRESENTATION_CONTEXT(3)
GLOBAL_UNCERTAINTY_ASSIGNED_CONTEXT((#7444))
GLOBAL_UNIT_ASSIGNED_CONTEXT((#7448,#7450,#7451))
REPRESENTATION_CONTEXT('','3D')
);
#7447=(
GEOMETRIC_REPRESENTATION_CONTEXT(3)
GLOBAL_UNCERTAINTY_ASSIGNED_CONTEXT((#7445))
GLOBAL_UNIT_ASSIGNED_CONTEXT((#7448,#7450,#7451))
REPRESENTATION_CONTEXT('','3D')
);
#7448=(
LENGTH_UNIT()
NAMED_UNIT(*)
SI_UNIT(.MILLI.,.METRE.)
);
#7449=(
LENGTH_UNIT()
NAMED_UNIT(*)
SI_UNIT($,.METRE.)
);
#7450=(
NAMED_UNIT(*)
PLANE_ANGLE_UNIT()
SI_UNIT($,.RADIAN.)
);
#7451=(
NAMED_UNIT(*)
SI_UNIT($,.STERADIAN.)
SOLID_ANGLE_UNIT()
);
#7452=SHAPE_DEFINITION_REPRESENTATION(#7453,#7454);
#7453=PRODUCT_DEFINITION_SHAPE('',$,#7456);
#7454=SHAPE_REPRESENTATION('',(#1983),#7446);
#7455=PRODUCT_DEFINITION_CONTEXT('part definition',#7460,'design');
#7456=PRODUCT_DEFINITION('2026-08-17-19-33-01-318','Throwover_nut',#7457,
#7455);
#7457=PRODUCT_DEFINITION_FORMATION('',$,#7462);
#7458=PRODUCT_RELATED_PRODUCT_CATEGORY('Throwover_nut','Throwover_nut',
(#7462));
#7459=APPLICATION_PROTOCOL_DEFINITION('international standard',
'automotive_design',2009,#7460);
#7460=APPLICATION_CONTEXT(
'Core Data for Automotive Mechanical Design Process');
#7461=PRODUCT_CONTEXT('part definition',#7460,'mechanical');
#7462=PRODUCT('2026-08-17-19-33-01-318','Throwover_nut','STEP AP214',(#7461));
#7463=PRESENTATION_STYLE_ASSIGNMENT((#7465));
#7464=PRESENTATION_STYLE_ASSIGNMENT((#7466));
#7465=SURFACE_STYLE_USAGE(.BOTH.,#7467);
#7466=SURFACE_STYLE_USAGE(.BOTH.,#7468);
#7467=SURFACE_SIDE_STYLE('',(#7469));
#7468=SURFACE_SIDE_STYLE('',(#7470));
#7469=SURFACE_STYLE_FILL_AREA(#7471);
#7470=SURFACE_STYLE_FILL_AREA(#7472);
#7471=FILL_AREA_STYLE('Steel - Satin',(#7473));
#7472=FILL_AREA_STYLE('Opaque(229,235,237)',(#7474));
#7473=FILL_AREA_STYLE_COLOUR('Steel - Satin',#7475);
#7474=FILL_AREA_STYLE_COLOUR('Opaque(229,235,237)',#7476);
#7475=COLOUR_RGB('Steel - Satin',0.627450980392157,0.627450980392157,0.627450980392157);
#7476=COLOUR_RGB('Opaque(229,235,237)',0.898039215686275,0.92156862745098,
0.929411764705882);
ENDSEC;
END-ISO-10303-21;
