ISO-10303-21;
HEADER;
/* Generated by software containing ST-Developer
 * from STEP Tools, Inc. (www.steptools.com) 
 */

FILE_DESCRIPTION(
/* description */ (''),
/* implementation_level */ '2;1');

FILE_NAME(
/* name */ 'Orion Top Housing.step',
/* time_stamp */ '2026-08-17T19:33:46+05:30',
/* author */ (''),
/* organization */ (''),
/* preprocessor_version */ 'ST-DEVELOPER v20.1',
/* originating_system */ 'Autodesk Translation Framework v15.8.0.0',
/* authorisation */ '');

FILE_SCHEMA (('AUTOMOTIVE_DESIGN { 1 0 10303 214 3 1 1 }'));
ENDSEC;

DATA;
#10=MECHANICAL_DESIGN_GEOMETRIC_PRESENTATION_REPRESENTATION('',(#13),#2375);
#11=SHAPE_REPRESENTATION_RELATIONSHIP('SRR','None',#2382,#12);
#12=ADVANCED_BREP_SHAPE_REPRESENTATION('',(#14),#2374);
#13=STYLED_ITEM('',(#2391),#14);
#14=MANIFOLD_SOLID_BREP('Orion Top',#1423);
#15=CONICAL_SURFACE('',#1504,7.70380530190825,0.741764932097593);
#16=CONICAL_SURFACE('',#1511,3.15,0.785398163397757);
#17=CONICAL_SURFACE('',#1515,3.15,0.785398163397768);
#18=CONICAL_SURFACE('',#1519,3.15,0.785398163397143);
#19=CONICAL_SURFACE('',#1525,3.15,0.785398163397136);
#20=CONICAL_SURFACE('',#1560,5.20380530190822,0.741764932097588);
#21=CONICAL_SURFACE('',#1562,5.20380530190824,0.74176493209759);
#22=CONICAL_SURFACE('',#1564,7.70380530190825,0.741764932097589);
#23=CYLINDRICAL_SURFACE('',#1445,4.);
#24=CYLINDRICAL_SURFACE('',#1450,4.);
#25=CYLINDRICAL_SURFACE('',#1455,4.);
#26=CYLINDRICAL_SURFACE('',#1507,8.69999999999999);
#27=CYLINDRICAL_SURFACE('',#1509,6.19999999999999);
#28=CYLINDRICAL_SURFACE('',#1513,3.);
#29=CYLINDRICAL_SURFACE('',#1517,3.);
#30=CYLINDRICAL_SURFACE('',#1521,3.);
#31=CYLINDRICAL_SURFACE('',#1527,3.);
#32=CYLINDRICAL_SURFACE('',#1537,2.49999999999999);
#33=CYLINDRICAL_SURFACE('',#1540,2.49999999999999);
#34=CYLINDRICAL_SURFACE('',#1554,8.69999999999999);
#35=CYLINDRICAL_SURFACE('',#1555,6.19999999999997);
#36=CYLINDRICAL_SURFACE('',#1557,2.25);
#37=CYLINDRICAL_SURFACE('',#1558,2.25);
#38=CYLINDRICAL_SURFACE('',#1559,2.25);
#39=FACE_BOUND('',#136,.T.);
#40=FACE_BOUND('',#137,.T.);
#41=FACE_BOUND('',#138,.T.);
#42=FACE_BOUND('',#141,.T.);
#43=FACE_BOUND('',#144,.T.);
#44=FACE_BOUND('',#147,.T.);
#45=FACE_BOUND('',#150,.T.);
#46=FACE_BOUND('',#151,.T.);
#47=FACE_BOUND('',#152,.T.);
#48=FACE_BOUND('',#180,.T.);
#49=FACE_BOUND('',#181,.T.);
#50=FACE_BOUND('',#182,.T.);
#51=FACE_BOUND('',#183,.T.);
#52=FACE_BOUND('',#184,.T.);
#53=FACE_BOUND('',#209,.T.);
#54=FACE_BOUND('',#219,.T.);
#55=FACE_OUTER_BOUND('',#135,.T.);
#56=FACE_OUTER_BOUND('',#139,.T.);
#57=FACE_OUTER_BOUND('',#140,.T.);
#58=FACE_OUTER_BOUND('',#142,.T.);
#59=FACE_OUTER_BOUND('',#143,.T.);
#60=FACE_OUTER_BOUND('',#145,.T.);
#61=FACE_OUTER_BOUND('',#146,.T.);
#62=FACE_OUTER_BOUND('',#148,.T.);
#63=FACE_OUTER_BOUND('',#149,.T.);
#64=FACE_OUTER_BOUND('',#153,.T.);
#65=FACE_OUTER_BOUND('',#154,.T.);
#66=FACE_OUTER_BOUND('',#155,.T.);
#67=FACE_OUTER_BOUND('',#156,.T.);
#68=FACE_OUTER_BOUND('',#157,.T.);
#69=FACE_OUTER_BOUND('',#158,.T.);
#70=FACE_OUTER_BOUND('',#159,.T.);
#71=FACE_OUTER_BOUND('',#160,.T.);
#72=FACE_OUTER_BOUND('',#161,.T.);
#73=FACE_OUTER_BOUND('',#162,.T.);
#74=FACE_OUTER_BOUND('',#163,.T.);
#75=FACE_OUTER_BOUND('',#164,.T.);
#76=FACE_OUTER_BOUND('',#165,.T.);
#77=FACE_OUTER_BOUND('',#166,.T.);
#78=FACE_OUTER_BOUND('',#167,.T.);
#79=FACE_OUTER_BOUND('',#168,.T.);
#80=FACE_OUTER_BOUND('',#169,.T.);
#81=FACE_OUTER_BOUND('',#170,.T.);
#82=FACE_OUTER_BOUND('',#171,.T.);
#83=FACE_OUTER_BOUND('',#172,.T.);
#84=FACE_OUTER_BOUND('',#173,.T.);
#85=FACE_OUTER_BOUND('',#174,.T.);
#86=FACE_OUTER_BOUND('',#175,.T.);
#87=FACE_OUTER_BOUND('',#176,.T.);
#88=FACE_OUTER_BOUND('',#177,.T.);
#89=FACE_OUTER_BOUND('',#178,.T.);
#90=FACE_OUTER_BOUND('',#179,.T.);
#91=FACE_OUTER_BOUND('',#185,.T.);
#92=FACE_OUTER_BOUND('',#186,.T.);
#93=FACE_OUTER_BOUND('',#187,.T.);
#94=FACE_OUTER_BOUND('',#188,.T.);
#95=FACE_OUTER_BOUND('',#189,.T.);
#96=FACE_OUTER_BOUND('',#190,.T.);
#97=FACE_OUTER_BOUND('',#191,.T.);
#98=FACE_OUTER_BOUND('',#192,.T.);
#99=FACE_OUTER_BOUND('',#193,.T.);
#100=FACE_OUTER_BOUND('',#194,.T.);
#101=FACE_OUTER_BOUND('',#195,.T.);
#102=FACE_OUTER_BOUND('',#196,.T.);
#103=FACE_OUTER_BOUND('',#197,.T.);
#104=FACE_OUTER_BOUND('',#198,.T.);
#105=FACE_OUTER_BOUND('',#199,.T.);
#106=FACE_OUTER_BOUND('',#200,.T.);
#107=FACE_OUTER_BOUND('',#201,.T.);
#108=FACE_OUTER_BOUND('',#202,.T.);
#109=FACE_OUTER_BOUND('',#203,.T.);
#110=FACE_OUTER_BOUND('',#204,.T.);
#111=FACE_OUTER_BOUND('',#205,.T.);
#112=FACE_OUTER_BOUND('',#206,.T.);
#113=FACE_OUTER_BOUND('',#207,.T.);
#114=FACE_OUTER_BOUND('',#208,.T.);
#115=FACE_OUTER_BOUND('',#210,.T.);
#116=FACE_OUTER_BOUND('',#211,.T.);
#117=FACE_OUTER_BOUND('',#212,.T.);
#118=FACE_OUTER_BOUND('',#213,.T.);
#119=FACE_OUTER_BOUND('',#214,.T.);
#120=FACE_OUTER_BOUND('',#215,.T.);
#121=FACE_OUTER_BOUND('',#216,.T.);
#122=FACE_OUTER_BOUND('',#217,.T.);
#123=FACE_OUTER_BOUND('',#218,.T.);
#124=FACE_OUTER_BOUND('',#220,.T.);
#125=FACE_OUTER_BOUND('',#221,.T.);
#126=FACE_OUTER_BOUND('',#222,.T.);
#127=FACE_OUTER_BOUND('',#223,.T.);
#128=FACE_OUTER_BOUND('',#224,.T.);
#129=FACE_OUTER_BOUND('',#225,.T.);
#130=FACE_OUTER_BOUND('',#226,.T.);
#131=FACE_OUTER_BOUND('',#227,.T.);
#132=FACE_OUTER_BOUND('',#228,.T.);
#133=FACE_OUTER_BOUND('',#229,.T.);
#134=FACE_OUTER_BOUND('',#230,.T.);
#135=EDGE_LOOP('',(#895,#896,#897,#898,#899,#900,#901,#902));
#136=EDGE_LOOP('',(#903));
#137=EDGE_LOOP('',(#904));
#138=EDGE_LOOP('',(#905));
#139=EDGE_LOOP('',(#906,#907,#908,#909));
#140=EDGE_LOOP('',(#910));
#141=EDGE_LOOP('',(#911));
#142=EDGE_LOOP('',(#912,#913,#914,#915));
#143=EDGE_LOOP('',(#916));
#144=EDGE_LOOP('',(#917));
#145=EDGE_LOOP('',(#918,#919,#920,#921));
#146=EDGE_LOOP('',(#922));
#147=EDGE_LOOP('',(#923));
#148=EDGE_LOOP('',(#924,#925,#926,#927));
#149=EDGE_LOOP('',(#928,#929,#930,#931,#932,#933));
#150=EDGE_LOOP('',(#934));
#151=EDGE_LOOP('',(#935));
#152=EDGE_LOOP('',(#936));
#153=EDGE_LOOP('',(#937,#938,#939,#940,#941,#942,#943,#944));
#154=EDGE_LOOP('',(#945,#946,#947,#948,#949,#950));
#155=EDGE_LOOP('',(#951,#952,#953,#954));
#156=EDGE_LOOP('',(#955,#956,#957,#958));
#157=EDGE_LOOP('',(#959,#960,#961,#962));
#158=EDGE_LOOP('',(#963,#964,#965,#966));
#159=EDGE_LOOP('',(#967,#968,#969,#970));
#160=EDGE_LOOP('',(#971,#972,#973,#974));
#161=EDGE_LOOP('',(#975,#976,#977,#978));
#162=EDGE_LOOP('',(#979,#980,#981,#982));
#163=EDGE_LOOP('',(#983,#984,#985,#986));
#164=EDGE_LOOP('',(#987,#988,#989,#990));
#165=EDGE_LOOP('',(#991,#992,#993,#994));
#166=EDGE_LOOP('',(#995,#996,#997,#998));
#167=EDGE_LOOP('',(#999,#1000,#1001,#1002));
#168=EDGE_LOOP('',(#1003,#1004,#1005,#1006));
#169=EDGE_LOOP('',(#1007,#1008,#1009,#1010));
#170=EDGE_LOOP('',(#1011,#1012,#1013,#1014));
#171=EDGE_LOOP('',(#1015,#1016,#1017));
#172=EDGE_LOOP('',(#1018,#1019,#1020));
#173=EDGE_LOOP('',(#1021,#1022,#1023,#1024));
#174=EDGE_LOOP('',(#1025,#1026,#1027));
#175=EDGE_LOOP('',(#1028,#1029,#1030));
#176=EDGE_LOOP('',(#1031,#1032,#1033));
#177=EDGE_LOOP('',(#1034,#1035,#1036));
#178=EDGE_LOOP('',(#1037,#1038,#1039,#1040));
#179=EDGE_LOOP('',(#1041,#1042,#1043,#1044,#1045,#1046,#1047,#1048,#1049,
#1050,#1051,#1052,#1053,#1054,#1055,#1056));
#180=EDGE_LOOP('',(#1057,#1058,#1059,#1060,#1061,#1062,#1063,#1064));
#181=EDGE_LOOP('',(#1065));
#182=EDGE_LOOP('',(#1066));
#183=EDGE_LOOP('',(#1067));
#184=EDGE_LOOP('',(#1068));
#185=EDGE_LOOP('',(#1069,#1070,#1071,#1072));
#186=EDGE_LOOP('',(#1073,#1074,#1075));
#187=EDGE_LOOP('',(#1076,#1077,#1078));
#188=EDGE_LOOP('',(#1079,#1080,#1081,#1082));
#189=EDGE_LOOP('',(#1083,#1084,#1085,#1086));
#190=EDGE_LOOP('',(#1087,#1088,#1089,#1090));
#191=EDGE_LOOP('',(#1091,#1092,#1093,#1094));
#192=EDGE_LOOP('',(#1095,#1096,#1097,#1098));
#193=EDGE_LOOP('',(#1099,#1100,#1101,#1102));
#194=EDGE_LOOP('',(#1103,#1104,#1105,#1106));
#195=EDGE_LOOP('',(#1107,#1108,#1109,#1110));
#196=EDGE_LOOP('',(#1111,#1112,#1113,#1114));
#197=EDGE_LOOP('',(#1115,#1116,#1117,#1118));
#198=EDGE_LOOP('',(#1119,#1120,#1121,#1122));
#199=EDGE_LOOP('',(#1123,#1124,#1125,#1126,#1127,#1128,#1129,#1130));
#200=EDGE_LOOP('',(#1131,#1132,#1133,#1134));
#201=EDGE_LOOP('',(#1135,#1136,#1137,#1138,#1139,#1140,#1141,#1142));
#202=EDGE_LOOP('',(#1143,#1144,#1145));
#203=EDGE_LOOP('',(#1146));
#204=EDGE_LOOP('',(#1147,#1148,#1149));
#205=EDGE_LOOP('',(#1150));
#206=EDGE_LOOP('',(#1151,#1152,#1153,#1154,#1155,#1156,#1157,#1158));
#207=EDGE_LOOP('',(#1159,#1160,#1161,#1162,#1163,#1164,#1165,#1166));
#208=EDGE_LOOP('',(#1167,#1168,#1169,#1170,#1171,#1172,#1173,#1174));
#209=EDGE_LOOP('',(#1175,#1176,#1177,#1178,#1179,#1180,#1181,#1182));
#210=EDGE_LOOP('',(#1183,#1184,#1185,#1186,#1187,#1188));
#211=EDGE_LOOP('',(#1189,#1190,#1191,#1192,#1193,#1194,#1195,#1196));
#212=EDGE_LOOP('',(#1197,#1198,#1199,#1200,#1201,#1202));
#213=EDGE_LOOP('',(#1203,#1204,#1205,#1206,#1207,#1208,#1209,#1210));
#214=EDGE_LOOP('',(#1211,#1212,#1213,#1214));
#215=EDGE_LOOP('',(#1215,#1216,#1217,#1218));
#216=EDGE_LOOP('',(#1219,#1220,#1221,#1222));
#217=EDGE_LOOP('',(#1223,#1224,#1225,#1226));
#218=EDGE_LOOP('',(#1227,#1228,#1229,#1230,#1231,#1232,#1233,#1234));
#219=EDGE_LOOP('',(#1235,#1236,#1237,#1238,#1239,#1240,#1241,#1242));
#220=EDGE_LOOP('',(#1243,#1244,#1245,#1246));
#221=EDGE_LOOP('',(#1247,#1248,#1249,#1250));
#222=EDGE_LOOP('',(#1251,#1252,#1253,#1254));
#223=EDGE_LOOP('',(#1255,#1256,#1257,#1258));
#224=EDGE_LOOP('',(#1259,#1260,#1261,#1262));
#225=EDGE_LOOP('',(#1263,#1264,#1265,#1266));
#226=EDGE_LOOP('',(#1267,#1268,#1269,#1270));
#227=EDGE_LOOP('',(#1271,#1272,#1273,#1274));
#228=EDGE_LOOP('',(#1275,#1276,#1277,#1278));
#229=EDGE_LOOP('',(#1279,#1280,#1281,#1282));
#230=EDGE_LOOP('',(#1283,#1284,#1285,#1286));
#231=LINE('',#1977,#379);
#232=LINE('',#1981,#380);
#233=LINE('',#1985,#381);
#234=LINE('',#1988,#382);
#235=LINE('',#1999,#383);
#236=LINE('',#2008,#384);
#237=LINE('',#2017,#385);
#238=LINE('',#2025,#386);
#239=LINE('',#2027,#387);
#240=LINE('',#2029,#388);
#241=LINE('',#2030,#389);
#242=LINE('',#2033,#390);
#243=LINE('',#2037,#391);
#244=LINE('',#2040,#392);
#245=LINE('',#2043,#393);
#246=LINE('',#2045,#394);
#247=LINE('',#2047,#395);
#248=LINE('',#2049,#396);
#249=LINE('',#2051,#397);
#250=LINE('',#2052,#398);
#251=LINE('',#2055,#399);
#252=LINE('',#2057,#400);
#253=LINE('',#2059,#401);
#254=LINE('',#2060,#402);
#255=LINE('',#2064,#403);
#256=LINE('',#2066,#404);
#257=LINE('',#2068,#405);
#258=LINE('',#2069,#406);
#259=LINE('',#2072,#407);
#260=LINE('',#2074,#408);
#261=LINE('',#2075,#409);
#262=LINE('',#2078,#410);
#263=LINE('',#2080,#411);
#264=LINE('',#2081,#412);
#265=LINE('',#2084,#413);
#266=LINE('',#2086,#414);
#267=LINE('',#2087,#415);
#268=LINE('',#2090,#416);
#269=LINE('',#2092,#417);
#270=LINE('',#2093,#418);
#271=LINE('',#2096,#419);
#272=LINE('',#2098,#420);
#273=LINE('',#2099,#421);
#274=LINE('',#2102,#422);
#275=LINE('',#2104,#423);
#276=LINE('',#2105,#424);
#277=LINE('',#2107,#425);
#278=LINE('',#2108,#426);
#279=LINE('',#2112,#427);
#280=LINE('',#2114,#428);
#281=LINE('',#2116,#429);
#282=LINE('',#2117,#430);
#283=LINE('',#2120,#431);
#284=LINE('',#2122,#432);
#285=LINE('',#2123,#433);
#286=LINE('',#2126,#434);
#287=LINE('',#2128,#435);
#288=LINE('',#2129,#436);
#289=LINE('',#2132,#437);
#290=LINE('',#2134,#438);
#291=LINE('',#2135,#439);
#292=LINE('',#2138,#440);
#293=LINE('',#2140,#441);
#294=LINE('',#2141,#442);
#295=LINE('',#2144,#443);
#296=LINE('',#2146,#444);
#297=LINE('',#2147,#445);
#298=LINE('',#2150,#446);
#299=LINE('',#2152,#447);
#300=LINE('',#2153,#448);
#301=LINE('',#2155,#449);
#302=LINE('',#2156,#450);
#303=LINE('',#2160,#451);
#304=LINE('',#2162,#452);
#305=LINE('',#2163,#453);
#306=LINE('',#2167,#454);
#307=LINE('',#2169,#455);
#308=LINE('',#2170,#456);
#309=LINE('',#2172,#457);
#310=LINE('',#2173,#458);
#311=LINE('',#2177,#459);
#312=LINE('',#2179,#460);
#313=LINE('',#2180,#461);
#314=LINE('',#2184,#462);
#315=LINE('',#2186,#463);
#316=LINE('',#2187,#464);
#317=LINE('',#2191,#465);
#318=LINE('',#2193,#466);
#319=LINE('',#2194,#467);
#320=LINE('',#2198,#468);
#321=LINE('',#2200,#469);
#322=LINE('',#2201,#470);
#323=LINE('',#2203,#471);
#324=LINE('',#2204,#472);
#325=LINE('',#2210,#473);
#326=LINE('',#2212,#474);
#327=LINE('',#2214,#475);
#328=LINE('',#2216,#476);
#329=LINE('',#2227,#477);
#330=LINE('',#2230,#478);
#331=LINE('',#2231,#479);
#332=LINE('',#2234,#480);
#333=LINE('',#2235,#481);
#334=LINE('',#2237,#482);
#335=LINE('',#2239,#483);
#336=LINE('',#2240,#484);
#337=LINE('',#2243,#485);
#338=LINE('',#2245,#486);
#339=LINE('',#2252,#487);
#340=LINE('',#2256,#488);
#341=LINE('',#2260,#489);
#342=LINE('',#2264,#490);
#343=LINE('',#2268,#491);
#344=LINE('',#2272,#492);
#345=LINE('',#2276,#493);
#346=LINE('',#2280,#494);
#347=LINE('',#2284,#495);
#348=LINE('',#2288,#496);
#349=LINE('',#2292,#497);
#350=LINE('',#2296,#498);
#351=LINE('',#2307,#499);
#352=LINE('',#2312,#500);
#353=LINE('',#2314,#501);
#354=LINE('',#2319,#502);
#355=LINE('',#2320,#503);
#356=LINE('',#2323,#504);
#357=LINE('',#2325,#505);
#358=LINE('',#2327,#506);
#359=LINE('',#2328,#507);
#360=LINE('',#2331,#508);
#361=LINE('',#2332,#509);
#362=LINE('',#2335,#510);
#363=LINE('',#2337,#511);
#364=LINE('',#2338,#512);
#365=LINE('',#2340,#513);
#366=LINE('',#2342,#514);
#367=LINE('',#2345,#515);
#368=LINE('',#2346,#516);
#369=LINE('',#2349,#517);
#370=LINE('',#2350,#518);
#371=LINE('',#2352,#519);
#372=LINE('',#2358,#520);
#373=LINE('',#2360,#521);
#374=LINE('',#2362,#522);
#375=LINE('',#2364,#523);
#376=LINE('',#2366,#524);
#377=LINE('',#2368,#525);
#378=LINE('',#2370,#526);
#379=VECTOR('',#1571,10.);
#380=VECTOR('',#1574,10.);
#381=VECTOR('',#1577,10.);
#382=VECTOR('',#1580,10.);
#383=VECTOR('',#1591,4.);
#384=VECTOR('',#1602,4.);
#385=VECTOR('',#1613,4.);
#386=VECTOR('',#1622,10.);
#387=VECTOR('',#1623,10.);
#388=VECTOR('',#1624,10.);
#389=VECTOR('',#1625,10.);
#390=VECTOR('',#1628,10.);
#391=VECTOR('',#1631,10.);
#392=VECTOR('',#1634,10.);
#393=VECTOR('',#1637,10.);
#394=VECTOR('',#1638,10.);
#395=VECTOR('',#1639,10.);
#396=VECTOR('',#1640,10.);
#397=VECTOR('',#1641,10.);
#398=VECTOR('',#1642,10.);
#399=VECTOR('',#1645,10.);
#400=VECTOR('',#1646,10.);
#401=VECTOR('',#1647,10.);
#402=VECTOR('',#1648,10.);
#403=VECTOR('',#1651,10.);
#404=VECTOR('',#1652,10.);
#405=VECTOR('',#1653,10.);
#406=VECTOR('',#1654,10.);
#407=VECTOR('',#1657,10.);
#408=VECTOR('',#1658,10.);
#409=VECTOR('',#1659,10.);
#410=VECTOR('',#1662,10.);
#411=VECTOR('',#1663,10.);
#412=VECTOR('',#1664,10.);
#413=VECTOR('',#1667,10.);
#414=VECTOR('',#1668,10.);
#415=VECTOR('',#1669,10.);
#416=VECTOR('',#1672,10.);
#417=VECTOR('',#1673,10.);
#418=VECTOR('',#1674,10.);
#419=VECTOR('',#1677,10.);
#420=VECTOR('',#1678,10.);
#421=VECTOR('',#1679,10.);
#422=VECTOR('',#1682,10.);
#423=VECTOR('',#1683,10.);
#424=VECTOR('',#1684,10.);
#425=VECTOR('',#1687,10.);
#426=VECTOR('',#1688,10.);
#427=VECTOR('',#1691,10.);
#428=VECTOR('',#1692,10.);
#429=VECTOR('',#1693,10.);
#430=VECTOR('',#1694,10.);
#431=VECTOR('',#1697,10.);
#432=VECTOR('',#1698,10.);
#433=VECTOR('',#1699,10.);
#434=VECTOR('',#1702,10.);
#435=VECTOR('',#1703,10.);
#436=VECTOR('',#1704,10.);
#437=VECTOR('',#1707,10.);
#438=VECTOR('',#1708,10.);
#439=VECTOR('',#1709,10.);
#440=VECTOR('',#1712,10.);
#441=VECTOR('',#1713,10.);
#442=VECTOR('',#1714,10.);
#443=VECTOR('',#1717,10.);
#444=VECTOR('',#1718,10.);
#445=VECTOR('',#1719,10.);
#446=VECTOR('',#1722,10.);
#447=VECTOR('',#1723,10.);
#448=VECTOR('',#1724,10.);
#449=VECTOR('',#1727,10.);
#450=VECTOR('',#1728,10.);
#451=VECTOR('',#1731,10.);
#452=VECTOR('',#1732,10.);
#453=VECTOR('',#1733,10.);
#454=VECTOR('',#1736,10.);
#455=VECTOR('',#1737,10.);
#456=VECTOR('',#1738,10.);
#457=VECTOR('',#1741,10.);
#458=VECTOR('',#1742,10.);
#459=VECTOR('',#1745,10.);
#460=VECTOR('',#1746,10.);
#461=VECTOR('',#1747,10.);
#462=VECTOR('',#1750,10.);
#463=VECTOR('',#1751,10.);
#464=VECTOR('',#1752,10.);
#465=VECTOR('',#1755,10.);
#466=VECTOR('',#1756,10.);
#467=VECTOR('',#1757,10.);
#468=VECTOR('',#1760,10.);
#469=VECTOR('',#1761,10.);
#470=VECTOR('',#1762,10.);
#471=VECTOR('',#1765,10.);
#472=VECTOR('',#1766,10.);
#473=VECTOR('',#1773,10.);
#474=VECTOR('',#1774,10.);
#475=VECTOR('',#1775,10.);
#476=VECTOR('',#1778,10.);
#477=VECTOR('',#1791,10.);
#478=VECTOR('',#1794,10.);
#479=VECTOR('',#1795,10.);
#480=VECTOR('',#1798,10.);
#481=VECTOR('',#1799,10.);
#482=VECTOR('',#1802,10.);
#483=VECTOR('',#1805,10.);
#484=VECTOR('',#1806,10.);
#485=VECTOR('',#1811,10.);
#486=VECTOR('',#1814,10.);
#487=VECTOR('',#1825,3.15);
#488=VECTOR('',#1830,3.);
#489=VECTOR('',#1835,3.15);
#490=VECTOR('',#1840,3.);
#491=VECTOR('',#1845,3.15);
#492=VECTOR('',#1850,3.);
#493=VECTOR('',#1853,10.);
#494=VECTOR('',#1856,10.);
#495=VECTOR('',#1861,3.15);
#496=VECTOR('',#1866,3.);
#497=VECTOR('',#1869,10.);
#498=VECTOR('',#1872,10.);
#499=VECTOR('',#1891,10.);
#500=VECTOR('',#1898,10.);
#501=VECTOR('',#1899,10.);
#502=VECTOR('',#1906,10.);
#503=VECTOR('',#1907,10.);
#504=VECTOR('',#1910,10.);
#505=VECTOR('',#1911,10.);
#506=VECTOR('',#1912,10.);
#507=VECTOR('',#1913,10.);
#508=VECTOR('',#1916,10.);
#509=VECTOR('',#1917,10.);
#510=VECTOR('',#1920,10.);
#511=VECTOR('',#1921,10.);
#512=VECTOR('',#1922,10.);
#513=VECTOR('',#1925,10.);
#514=VECTOR('',#1928,10.);
#515=VECTOR('',#1931,10.);
#516=VECTOR('',#1932,10.);
#517=VECTOR('',#1935,10.);
#518=VECTOR('',#1936,10.);
#519=VECTOR('',#1939,10.);
#520=VECTOR('',#1950,2.25);
#521=VECTOR('',#1953,2.25);
#522=VECTOR('',#1956,2.25);
#523=VECTOR('',#1959,10.);
#524=VECTOR('',#1962,10.);
#525=VECTOR('',#1965,10.);
#526=VECTOR('',#1968,10.);
#527=CIRCLE('',#1438,4.36733765196512);
#528=CIRCLE('',#1439,4.36733765196513);
#529=CIRCLE('',#1440,6.86733765196515);
#530=CIRCLE('',#1441,6.86733765196515);
#531=CIRCLE('',#1442,2.25);
#532=CIRCLE('',#1443,2.25);
#533=CIRCLE('',#1444,2.25);
#534=CIRCLE('',#1446,4.);
#535=CIRCLE('',#1447,4.);
#536=CIRCLE('',#1449,2.25);
#537=CIRCLE('',#1451,4.);
#538=CIRCLE('',#1452,4.);
#539=CIRCLE('',#1454,2.25);
#540=CIRCLE('',#1456,4.);
#541=CIRCLE('',#1457,4.);
#542=CIRCLE('',#1459,2.25);
#543=CIRCLE('',#1462,2.49999999999999);
#544=CIRCLE('',#1463,2.49999999999999);
#545=CIRCLE('',#1491,8.69999999999999);
#546=CIRCLE('',#1492,6.19999999999999);
#547=CIRCLE('',#1493,6.19999999999997);
#548=CIRCLE('',#1494,8.69999999999999);
#549=CIRCLE('',#1495,3.3);
#550=CIRCLE('',#1496,3.3);
#551=CIRCLE('',#1497,3.3);
#552=CIRCLE('',#1498,3.3);
#553=CIRCLE('',#1505,8.69999999999999);
#554=CIRCLE('',#1508,8.69999999999999);
#555=CIRCLE('',#1510,6.19999999999999);
#556=CIRCLE('',#1512,3.);
#557=CIRCLE('',#1514,3.);
#558=CIRCLE('',#1516,3.);
#559=CIRCLE('',#1518,3.);
#560=CIRCLE('',#1520,3.);
#561=CIRCLE('',#1522,3.);
#562=CIRCLE('',#1523,3.);
#563=CIRCLE('',#1524,3.);
#564=CIRCLE('',#1526,3.);
#565=CIRCLE('',#1528,3.);
#566=CIRCLE('',#1529,3.);
#567=CIRCLE('',#1530,3.);
#568=CIRCLE('',#1532,2.49999999999999);
#569=CIRCLE('',#1535,2.49999999999999);
#570=CIRCLE('',#1538,2.49999999999999);
#571=CIRCLE('',#1539,2.49999999999999);
#572=CIRCLE('',#1541,2.49999999999999);
#573=CIRCLE('',#1542,2.49999999999999);
#574=CIRCLE('',#1556,6.19999999999997);
#575=VERTEX_POINT('',#1973);
#576=VERTEX_POINT('',#1974);
#577=VERTEX_POINT('',#1976);
#578=VERTEX_POINT('',#1978);
#579=VERTEX_POINT('',#1980);
#580=VERTEX_POINT('',#1982);
#581=VERTEX_POINT('',#1984);
#582=VERTEX_POINT('',#1986);
#583=VERTEX_POINT('',#1989);
#584=VERTEX_POINT('',#1991);
#585=VERTEX_POINT('',#1993);
#586=VERTEX_POINT('',#1996);
#587=VERTEX_POINT('',#1998);
#588=VERTEX_POINT('',#2002);
#589=VERTEX_POINT('',#2005);
#590=VERTEX_POINT('',#2007);
#591=VERTEX_POINT('',#2011);
#592=VERTEX_POINT('',#2014);
#593=VERTEX_POINT('',#2016);
#594=VERTEX_POINT('',#2020);
#595=VERTEX_POINT('',#2023);
#596=VERTEX_POINT('',#2024);
#597=VERTEX_POINT('',#2026);
#598=VERTEX_POINT('',#2028);
#599=VERTEX_POINT('',#2032);
#600=VERTEX_POINT('',#2034);
#601=VERTEX_POINT('',#2036);
#602=VERTEX_POINT('',#2038);
#603=VERTEX_POINT('',#2042);
#604=VERTEX_POINT('',#2044);
#605=VERTEX_POINT('',#2046);
#606=VERTEX_POINT('',#2048);
#607=VERTEX_POINT('',#2050);
#608=VERTEX_POINT('',#2054);
#609=VERTEX_POINT('',#2056);
#610=VERTEX_POINT('',#2058);
#611=VERTEX_POINT('',#2062);
#612=VERTEX_POINT('',#2063);
#613=VERTEX_POINT('',#2065);
#614=VERTEX_POINT('',#2067);
#615=VERTEX_POINT('',#2071);
#616=VERTEX_POINT('',#2073);
#617=VERTEX_POINT('',#2077);
#618=VERTEX_POINT('',#2079);
#619=VERTEX_POINT('',#2083);
#620=VERTEX_POINT('',#2085);
#621=VERTEX_POINT('',#2089);
#622=VERTEX_POINT('',#2091);
#623=VERTEX_POINT('',#2095);
#624=VERTEX_POINT('',#2097);
#625=VERTEX_POINT('',#2101);
#626=VERTEX_POINT('',#2103);
#627=VERTEX_POINT('',#2110);
#628=VERTEX_POINT('',#2111);
#629=VERTEX_POINT('',#2113);
#630=VERTEX_POINT('',#2115);
#631=VERTEX_POINT('',#2119);
#632=VERTEX_POINT('',#2121);
#633=VERTEX_POINT('',#2125);
#634=VERTEX_POINT('',#2127);
#635=VERTEX_POINT('',#2131);
#636=VERTEX_POINT('',#2133);
#637=VERTEX_POINT('',#2137);
#638=VERTEX_POINT('',#2139);
#639=VERTEX_POINT('',#2143);
#640=VERTEX_POINT('',#2145);
#641=VERTEX_POINT('',#2149);
#642=VERTEX_POINT('',#2151);
#643=VERTEX_POINT('',#2158);
#644=VERTEX_POINT('',#2159);
#645=VERTEX_POINT('',#2161);
#646=VERTEX_POINT('',#2165);
#647=VERTEX_POINT('',#2166);
#648=VERTEX_POINT('',#2168);
#649=VERTEX_POINT('',#2175);
#650=VERTEX_POINT('',#2176);
#651=VERTEX_POINT('',#2178);
#652=VERTEX_POINT('',#2182);
#653=VERTEX_POINT('',#2183);
#654=VERTEX_POINT('',#2185);
#655=VERTEX_POINT('',#2189);
#656=VERTEX_POINT('',#2190);
#657=VERTEX_POINT('',#2192);
#658=VERTEX_POINT('',#2196);
#659=VERTEX_POINT('',#2197);
#660=VERTEX_POINT('',#2199);
#661=VERTEX_POINT('',#2207);
#662=VERTEX_POINT('',#2209);
#663=VERTEX_POINT('',#2211);
#664=VERTEX_POINT('',#2213);
#665=VERTEX_POINT('',#2218);
#666=VERTEX_POINT('',#2220);
#667=VERTEX_POINT('',#2222);
#668=VERTEX_POINT('',#2224);
#669=VERTEX_POINT('',#2229);
#670=VERTEX_POINT('',#2233);
#671=VERTEX_POINT('',#2251);
#672=VERTEX_POINT('',#2255);
#673=VERTEX_POINT('',#2259);
#674=VERTEX_POINT('',#2263);
#675=VERTEX_POINT('',#2267);
#676=VERTEX_POINT('',#2271);
#677=VERTEX_POINT('',#2273);
#678=VERTEX_POINT('',#2275);
#679=VERTEX_POINT('',#2277);
#680=VERTEX_POINT('',#2279);
#681=VERTEX_POINT('',#2283);
#682=VERTEX_POINT('',#2287);
#683=VERTEX_POINT('',#2289);
#684=VERTEX_POINT('',#2291);
#685=VERTEX_POINT('',#2293);
#686=VERTEX_POINT('',#2295);
#687=VERTEX_POINT('',#2305);
#688=VERTEX_POINT('',#2310);
#689=VERTEX_POINT('',#2313);
#690=VERTEX_POINT('',#2318);
#691=VERTEX_POINT('',#2322);
#692=VERTEX_POINT('',#2324);
#693=VERTEX_POINT('',#2326);
#694=VERTEX_POINT('',#2330);
#695=VERTEX_POINT('',#2334);
#696=VERTEX_POINT('',#2336);
#697=VERTEX_POINT('',#2344);
#698=VERTEX_POINT('',#2348);
#699=EDGE_CURVE('',#575,#576,#527,.T.);
#700=EDGE_CURVE('',#576,#577,#231,.T.);
#701=EDGE_CURVE('',#577,#578,#528,.T.);
#702=EDGE_CURVE('',#578,#579,#232,.T.);
#703=EDGE_CURVE('',#579,#580,#529,.T.);
#704=EDGE_CURVE('',#580,#581,#233,.T.);
#705=EDGE_CURVE('',#581,#582,#530,.T.);
#706=EDGE_CURVE('',#582,#575,#234,.T.);
#707=EDGE_CURVE('',#583,#583,#531,.T.);
#708=EDGE_CURVE('',#584,#584,#532,.T.);
#709=EDGE_CURVE('',#585,#585,#533,.T.);
#710=EDGE_CURVE('',#586,#586,#534,.T.);
#711=EDGE_CURVE('',#586,#587,#235,.T.);
#712=EDGE_CURVE('',#587,#587,#535,.T.);
#713=EDGE_CURVE('',#588,#588,#536,.T.);
#714=EDGE_CURVE('',#589,#589,#537,.T.);
#715=EDGE_CURVE('',#589,#590,#236,.T.);
#716=EDGE_CURVE('',#590,#590,#538,.T.);
#717=EDGE_CURVE('',#591,#591,#539,.T.);
#718=EDGE_CURVE('',#592,#592,#540,.T.);
#719=EDGE_CURVE('',#592,#593,#237,.T.);
#720=EDGE_CURVE('',#593,#593,#541,.T.);
#721=EDGE_CURVE('',#594,#594,#542,.T.);
#722=EDGE_CURVE('',#595,#596,#238,.T.);
#723=EDGE_CURVE('',#597,#595,#239,.T.);
#724=EDGE_CURVE('',#598,#597,#240,.T.);
#725=EDGE_CURVE('',#596,#598,#241,.T.);
#726=EDGE_CURVE('',#599,#596,#242,.T.);
#727=EDGE_CURVE('',#600,#599,#543,.T.);
#728=EDGE_CURVE('',#601,#600,#243,.T.);
#729=EDGE_CURVE('',#602,#601,#544,.T.);
#730=EDGE_CURVE('',#602,#595,#244,.T.);
#731=EDGE_CURVE('',#598,#603,#245,.T.);
#732=EDGE_CURVE('',#603,#604,#246,.T.);
#733=EDGE_CURVE('',#605,#604,#247,.T.);
#734=EDGE_CURVE('',#605,#606,#248,.T.);
#735=EDGE_CURVE('',#606,#607,#249,.T.);
#736=EDGE_CURVE('',#607,#599,#250,.T.);
#737=EDGE_CURVE('',#597,#608,#251,.T.);
#738=EDGE_CURVE('',#608,#609,#252,.T.);
#739=EDGE_CURVE('',#610,#609,#253,.T.);
#740=EDGE_CURVE('',#610,#603,#254,.T.);
#741=EDGE_CURVE('',#611,#612,#255,.T.);
#742=EDGE_CURVE('',#611,#613,#256,.T.);
#743=EDGE_CURVE('',#613,#614,#257,.T.);
#744=EDGE_CURVE('',#612,#614,#258,.T.);
#745=EDGE_CURVE('',#615,#611,#259,.T.);
#746=EDGE_CURVE('',#615,#616,#260,.T.);
#747=EDGE_CURVE('',#616,#613,#261,.T.);
#748=EDGE_CURVE('',#617,#615,#262,.T.);
#749=EDGE_CURVE('',#617,#618,#263,.T.);
#750=EDGE_CURVE('',#618,#616,#264,.T.);
#751=EDGE_CURVE('',#619,#617,#265,.T.);
#752=EDGE_CURVE('',#619,#620,#266,.T.);
#753=EDGE_CURVE('',#620,#618,#267,.T.);
#754=EDGE_CURVE('',#621,#619,#268,.T.);
#755=EDGE_CURVE('',#621,#622,#269,.T.);
#756=EDGE_CURVE('',#622,#620,#270,.T.);
#757=EDGE_CURVE('',#623,#621,#271,.T.);
#758=EDGE_CURVE('',#623,#624,#272,.T.);
#759=EDGE_CURVE('',#624,#622,#273,.T.);
#760=EDGE_CURVE('',#625,#623,#274,.T.);
#761=EDGE_CURVE('',#625,#626,#275,.T.);
#762=EDGE_CURVE('',#626,#624,#276,.T.);
#763=EDGE_CURVE('',#612,#625,#277,.T.);
#764=EDGE_CURVE('',#614,#626,#278,.T.);
#765=EDGE_CURVE('',#627,#628,#279,.T.);
#766=EDGE_CURVE('',#627,#629,#280,.T.);
#767=EDGE_CURVE('',#629,#630,#281,.T.);
#768=EDGE_CURVE('',#628,#630,#282,.T.);
#769=EDGE_CURVE('',#631,#627,#283,.T.);
#770=EDGE_CURVE('',#631,#632,#284,.T.);
#771=EDGE_CURVE('',#632,#629,#285,.T.);
#772=EDGE_CURVE('',#633,#631,#286,.T.);
#773=EDGE_CURVE('',#633,#634,#287,.T.);
#774=EDGE_CURVE('',#634,#632,#288,.T.);
#775=EDGE_CURVE('',#635,#633,#289,.T.);
#776=EDGE_CURVE('',#635,#636,#290,.T.);
#777=EDGE_CURVE('',#636,#634,#291,.T.);
#778=EDGE_CURVE('',#637,#635,#292,.T.);
#779=EDGE_CURVE('',#637,#638,#293,.T.);
#780=EDGE_CURVE('',#638,#636,#294,.T.);
#781=EDGE_CURVE('',#639,#637,#295,.T.);
#782=EDGE_CURVE('',#639,#640,#296,.T.);
#783=EDGE_CURVE('',#640,#638,#297,.T.);
#784=EDGE_CURVE('',#641,#639,#298,.T.);
#785=EDGE_CURVE('',#641,#642,#299,.T.);
#786=EDGE_CURVE('',#642,#640,#300,.T.);
#787=EDGE_CURVE('',#628,#641,#301,.T.);
#788=EDGE_CURVE('',#630,#642,#302,.T.);
#789=EDGE_CURVE('',#643,#644,#303,.T.);
#790=EDGE_CURVE('',#643,#645,#304,.T.);
#791=EDGE_CURVE('',#644,#645,#305,.T.);
#792=EDGE_CURVE('',#646,#647,#306,.T.);
#793=EDGE_CURVE('',#648,#646,#307,.T.);
#794=EDGE_CURVE('',#647,#648,#308,.T.);
#795=EDGE_CURVE('',#648,#645,#309,.T.);
#796=EDGE_CURVE('',#646,#644,#310,.T.);
#797=EDGE_CURVE('',#649,#650,#311,.T.);
#798=EDGE_CURVE('',#651,#649,#312,.T.);
#799=EDGE_CURVE('',#651,#650,#313,.T.);
#800=EDGE_CURVE('',#652,#653,#314,.T.);
#801=EDGE_CURVE('',#654,#652,#315,.T.);
#802=EDGE_CURVE('',#653,#654,#316,.T.);
#803=EDGE_CURVE('',#655,#656,#317,.T.);
#804=EDGE_CURVE('',#655,#657,#318,.T.);
#805=EDGE_CURVE('',#656,#657,#319,.T.);
#806=EDGE_CURVE('',#658,#659,#320,.T.);
#807=EDGE_CURVE('',#660,#658,#321,.T.);
#808=EDGE_CURVE('',#659,#660,#322,.T.);
#809=EDGE_CURVE('',#656,#652,#323,.T.);
#810=EDGE_CURVE('',#654,#657,#324,.T.);
#811=EDGE_CURVE('',#655,#647,#545,.T.);
#812=EDGE_CURVE('',#661,#653,#546,.T.);
#813=EDGE_CURVE('',#661,#662,#325,.T.);
#814=EDGE_CURVE('',#662,#663,#326,.T.);
#815=EDGE_CURVE('',#663,#664,#327,.T.);
#816=EDGE_CURVE('',#651,#664,#547,.T.);
#817=EDGE_CURVE('',#658,#649,#328,.T.);
#818=EDGE_CURVE('',#643,#659,#548,.T.);
#819=EDGE_CURVE('',#665,#665,#549,.T.);
#820=EDGE_CURVE('',#666,#666,#550,.T.);
#821=EDGE_CURVE('',#667,#667,#551,.T.);
#822=EDGE_CURVE('',#668,#668,#552,.T.);
#823=EDGE_CURVE('',#660,#650,#329,.T.);
#824=EDGE_CURVE('',#669,#661,#330,.T.);
#825=EDGE_CURVE('',#662,#669,#331,.T.);
#826=EDGE_CURVE('',#670,#663,#332,.T.);
#827=EDGE_CURVE('',#670,#664,#333,.T.);
#828=EDGE_CURVE('',#669,#670,#334,.T.);
#829=EDGE_CURVE('',#648,#580,#335,.T.);
#830=EDGE_CURVE('',#645,#581,#336,.T.);
#831=EDGE_CURVE('',#645,#660,#553,.T.);
#832=EDGE_CURVE('',#660,#582,#337,.T.);
#833=EDGE_CURVE('',#650,#575,#338,.T.);
#834=EDGE_CURVE('',#657,#648,#554,.T.);
#835=EDGE_CURVE('',#669,#654,#555,.T.);
#836=EDGE_CURVE('',#668,#671,#339,.T.);
#837=EDGE_CURVE('',#671,#671,#556,.T.);
#838=EDGE_CURVE('',#671,#672,#340,.T.);
#839=EDGE_CURVE('',#672,#672,#557,.T.);
#840=EDGE_CURVE('',#665,#673,#341,.T.);
#841=EDGE_CURVE('',#673,#673,#558,.T.);
#842=EDGE_CURVE('',#673,#674,#342,.T.);
#843=EDGE_CURVE('',#674,#674,#559,.T.);
#844=EDGE_CURVE('',#667,#675,#343,.T.);
#845=EDGE_CURVE('',#675,#675,#560,.T.);
#846=EDGE_CURVE('',#675,#676,#344,.T.);
#847=EDGE_CURVE('',#676,#677,#561,.T.);
#848=EDGE_CURVE('',#678,#677,#345,.T.);
#849=EDGE_CURVE('',#679,#678,#562,.T.);
#850=EDGE_CURVE('',#680,#679,#346,.T.);
#851=EDGE_CURVE('',#680,#676,#563,.T.);
#852=EDGE_CURVE('',#666,#681,#347,.T.);
#853=EDGE_CURVE('',#681,#681,#564,.T.);
#854=EDGE_CURVE('',#681,#682,#348,.T.);
#855=EDGE_CURVE('',#682,#683,#565,.T.);
#856=EDGE_CURVE('',#684,#683,#349,.T.);
#857=EDGE_CURVE('',#685,#684,#566,.T.);
#858=EDGE_CURVE('',#686,#685,#350,.T.);
#859=EDGE_CURVE('',#686,#682,#567,.T.);
#860=EDGE_CURVE('',#677,#680,#568,.T.);
#861=EDGE_CURVE('',#683,#686,#569,.T.);
#862=EDGE_CURVE('',#679,#687,#570,.T.);
#863=EDGE_CURVE('',#687,#600,#351,.T.);
#864=EDGE_CURVE('',#607,#678,#571,.T.);
#865=EDGE_CURVE('',#685,#688,#572,.T.);
#866=EDGE_CURVE('',#688,#602,#352,.T.);
#867=EDGE_CURVE('',#689,#601,#353,.T.);
#868=EDGE_CURVE('',#689,#684,#573,.T.);
#869=EDGE_CURVE('',#606,#690,#354,.T.);
#870=EDGE_CURVE('',#687,#690,#355,.T.);
#871=EDGE_CURVE('',#690,#691,#356,.T.);
#872=EDGE_CURVE('',#691,#692,#357,.T.);
#873=EDGE_CURVE('',#692,#693,#358,.T.);
#874=EDGE_CURVE('',#693,#689,#359,.T.);
#875=EDGE_CURVE('',#693,#694,#360,.T.);
#876=EDGE_CURVE('',#688,#694,#361,.T.);
#877=EDGE_CURVE('',#694,#695,#362,.T.);
#878=EDGE_CURVE('',#696,#695,#363,.T.);
#879=EDGE_CURVE('',#696,#608,#364,.T.);
#880=EDGE_CURVE('',#695,#692,#365,.T.);
#881=EDGE_CURVE('',#605,#691,#366,.T.);
#882=EDGE_CURVE('',#604,#697,#367,.T.);
#883=EDGE_CURVE('',#697,#610,#368,.T.);
#884=EDGE_CURVE('',#696,#698,#369,.T.);
#885=EDGE_CURVE('',#609,#698,#370,.T.);
#886=EDGE_CURVE('',#697,#698,#371,.T.);
#887=EDGE_CURVE('',#650,#670,#574,.T.);
#888=EDGE_CURVE('',#583,#588,#372,.T.);
#889=EDGE_CURVE('',#584,#594,#373,.T.);
#890=EDGE_CURVE('',#585,#591,#374,.T.);
#891=EDGE_CURVE('',#576,#670,#375,.T.);
#892=EDGE_CURVE('',#669,#577,#376,.T.);
#893=EDGE_CURVE('',#654,#578,#377,.T.);
#894=EDGE_CURVE('',#657,#579,#378,.T.);
#895=ORIENTED_EDGE('',*,*,#699,.T.);
#896=ORIENTED_EDGE('',*,*,#700,.T.);
#897=ORIENTED_EDGE('',*,*,#701,.T.);
#898=ORIENTED_EDGE('',*,*,#702,.T.);
#899=ORIENTED_EDGE('',*,*,#703,.T.);
#900=ORIENTED_EDGE('',*,*,#704,.T.);
#901=ORIENTED_EDGE('',*,*,#705,.T.);
#902=ORIENTED_EDGE('',*,*,#706,.T.);
#903=ORIENTED_EDGE('',*,*,#707,.T.);
#904=ORIENTED_EDGE('',*,*,#708,.T.);
#905=ORIENTED_EDGE('',*,*,#709,.T.);
#906=ORIENTED_EDGE('',*,*,#710,.F.);
#907=ORIENTED_EDGE('',*,*,#711,.T.);
#908=ORIENTED_EDGE('',*,*,#712,.T.);
#909=ORIENTED_EDGE('',*,*,#711,.F.);
#910=ORIENTED_EDGE('',*,*,#712,.F.);
#911=ORIENTED_EDGE('',*,*,#713,.F.);
#912=ORIENTED_EDGE('',*,*,#714,.F.);
#913=ORIENTED_EDGE('',*,*,#715,.T.);
#914=ORIENTED_EDGE('',*,*,#716,.T.);
#915=ORIENTED_EDGE('',*,*,#715,.F.);
#916=ORIENTED_EDGE('',*,*,#716,.F.);
#917=ORIENTED_EDGE('',*,*,#717,.F.);
#918=ORIENTED_EDGE('',*,*,#718,.F.);
#919=ORIENTED_EDGE('',*,*,#719,.T.);
#920=ORIENTED_EDGE('',*,*,#720,.T.);
#921=ORIENTED_EDGE('',*,*,#719,.F.);
#922=ORIENTED_EDGE('',*,*,#720,.F.);
#923=ORIENTED_EDGE('',*,*,#721,.F.);
#924=ORIENTED_EDGE('',*,*,#722,.F.);
#925=ORIENTED_EDGE('',*,*,#723,.F.);
#926=ORIENTED_EDGE('',*,*,#724,.F.);
#927=ORIENTED_EDGE('',*,*,#725,.F.);
#928=ORIENTED_EDGE('',*,*,#726,.F.);
#929=ORIENTED_EDGE('',*,*,#727,.F.);
#930=ORIENTED_EDGE('',*,*,#728,.F.);
#931=ORIENTED_EDGE('',*,*,#729,.F.);
#932=ORIENTED_EDGE('',*,*,#730,.T.);
#933=ORIENTED_EDGE('',*,*,#722,.T.);
#934=ORIENTED_EDGE('',*,*,#710,.T.);
#935=ORIENTED_EDGE('',*,*,#714,.T.);
#936=ORIENTED_EDGE('',*,*,#718,.T.);
#937=ORIENTED_EDGE('',*,*,#726,.T.);
#938=ORIENTED_EDGE('',*,*,#725,.T.);
#939=ORIENTED_EDGE('',*,*,#731,.T.);
#940=ORIENTED_EDGE('',*,*,#732,.T.);
#941=ORIENTED_EDGE('',*,*,#733,.F.);
#942=ORIENTED_EDGE('',*,*,#734,.T.);
#943=ORIENTED_EDGE('',*,*,#735,.T.);
#944=ORIENTED_EDGE('',*,*,#736,.T.);
#945=ORIENTED_EDGE('',*,*,#724,.T.);
#946=ORIENTED_EDGE('',*,*,#737,.T.);
#947=ORIENTED_EDGE('',*,*,#738,.T.);
#948=ORIENTED_EDGE('',*,*,#739,.F.);
#949=ORIENTED_EDGE('',*,*,#740,.T.);
#950=ORIENTED_EDGE('',*,*,#731,.F.);
#951=ORIENTED_EDGE('',*,*,#741,.F.);
#952=ORIENTED_EDGE('',*,*,#742,.T.);
#953=ORIENTED_EDGE('',*,*,#743,.T.);
#954=ORIENTED_EDGE('',*,*,#744,.F.);
#955=ORIENTED_EDGE('',*,*,#745,.F.);
#956=ORIENTED_EDGE('',*,*,#746,.T.);
#957=ORIENTED_EDGE('',*,*,#747,.T.);
#958=ORIENTED_EDGE('',*,*,#742,.F.);
#959=ORIENTED_EDGE('',*,*,#748,.F.);
#960=ORIENTED_EDGE('',*,*,#749,.T.);
#961=ORIENTED_EDGE('',*,*,#750,.T.);
#962=ORIENTED_EDGE('',*,*,#746,.F.);
#963=ORIENTED_EDGE('',*,*,#751,.F.);
#964=ORIENTED_EDGE('',*,*,#752,.T.);
#965=ORIENTED_EDGE('',*,*,#753,.T.);
#966=ORIENTED_EDGE('',*,*,#749,.F.);
#967=ORIENTED_EDGE('',*,*,#754,.F.);
#968=ORIENTED_EDGE('',*,*,#755,.T.);
#969=ORIENTED_EDGE('',*,*,#756,.T.);
#970=ORIENTED_EDGE('',*,*,#752,.F.);
#971=ORIENTED_EDGE('',*,*,#757,.F.);
#972=ORIENTED_EDGE('',*,*,#758,.T.);
#973=ORIENTED_EDGE('',*,*,#759,.T.);
#974=ORIENTED_EDGE('',*,*,#755,.F.);
#975=ORIENTED_EDGE('',*,*,#760,.F.);
#976=ORIENTED_EDGE('',*,*,#761,.T.);
#977=ORIENTED_EDGE('',*,*,#762,.T.);
#978=ORIENTED_EDGE('',*,*,#758,.F.);
#979=ORIENTED_EDGE('',*,*,#763,.F.);
#980=ORIENTED_EDGE('',*,*,#744,.T.);
#981=ORIENTED_EDGE('',*,*,#764,.T.);
#982=ORIENTED_EDGE('',*,*,#761,.F.);
#983=ORIENTED_EDGE('',*,*,#765,.F.);
#984=ORIENTED_EDGE('',*,*,#766,.T.);
#985=ORIENTED_EDGE('',*,*,#767,.T.);
#986=ORIENTED_EDGE('',*,*,#768,.F.);
#987=ORIENTED_EDGE('',*,*,#769,.F.);
#988=ORIENTED_EDGE('',*,*,#770,.T.);
#989=ORIENTED_EDGE('',*,*,#771,.T.);
#990=ORIENTED_EDGE('',*,*,#766,.F.);
#991=ORIENTED_EDGE('',*,*,#772,.F.);
#992=ORIENTED_EDGE('',*,*,#773,.T.);
#993=ORIENTED_EDGE('',*,*,#774,.T.);
#994=ORIENTED_EDGE('',*,*,#770,.F.);
#995=ORIENTED_EDGE('',*,*,#775,.F.);
#996=ORIENTED_EDGE('',*,*,#776,.T.);
#997=ORIENTED_EDGE('',*,*,#777,.T.);
#998=ORIENTED_EDGE('',*,*,#773,.F.);
#999=ORIENTED_EDGE('',*,*,#778,.F.);
#1000=ORIENTED_EDGE('',*,*,#779,.T.);
#1001=ORIENTED_EDGE('',*,*,#780,.T.);
#1002=ORIENTED_EDGE('',*,*,#776,.F.);
#1003=ORIENTED_EDGE('',*,*,#781,.F.);
#1004=ORIENTED_EDGE('',*,*,#782,.T.);
#1005=ORIENTED_EDGE('',*,*,#783,.T.);
#1006=ORIENTED_EDGE('',*,*,#779,.F.);
#1007=ORIENTED_EDGE('',*,*,#784,.F.);
#1008=ORIENTED_EDGE('',*,*,#785,.T.);
#1009=ORIENTED_EDGE('',*,*,#786,.T.);
#1010=ORIENTED_EDGE('',*,*,#782,.F.);
#1011=ORIENTED_EDGE('',*,*,#787,.F.);
#1012=ORIENTED_EDGE('',*,*,#768,.T.);
#1013=ORIENTED_EDGE('',*,*,#788,.T.);
#1014=ORIENTED_EDGE('',*,*,#785,.F.);
#1015=ORIENTED_EDGE('',*,*,#789,.F.);
#1016=ORIENTED_EDGE('',*,*,#790,.T.);
#1017=ORIENTED_EDGE('',*,*,#791,.F.);
#1018=ORIENTED_EDGE('',*,*,#792,.F.);
#1019=ORIENTED_EDGE('',*,*,#793,.F.);
#1020=ORIENTED_EDGE('',*,*,#794,.F.);
#1021=ORIENTED_EDGE('',*,*,#791,.T.);
#1022=ORIENTED_EDGE('',*,*,#795,.F.);
#1023=ORIENTED_EDGE('',*,*,#793,.T.);
#1024=ORIENTED_EDGE('',*,*,#796,.T.);
#1025=ORIENTED_EDGE('',*,*,#797,.F.);
#1026=ORIENTED_EDGE('',*,*,#798,.F.);
#1027=ORIENTED_EDGE('',*,*,#799,.T.);
#1028=ORIENTED_EDGE('',*,*,#800,.F.);
#1029=ORIENTED_EDGE('',*,*,#801,.F.);
#1030=ORIENTED_EDGE('',*,*,#802,.F.);
#1031=ORIENTED_EDGE('',*,*,#803,.F.);
#1032=ORIENTED_EDGE('',*,*,#804,.T.);
#1033=ORIENTED_EDGE('',*,*,#805,.F.);
#1034=ORIENTED_EDGE('',*,*,#806,.F.);
#1035=ORIENTED_EDGE('',*,*,#807,.F.);
#1036=ORIENTED_EDGE('',*,*,#808,.F.);
#1037=ORIENTED_EDGE('',*,*,#801,.T.);
#1038=ORIENTED_EDGE('',*,*,#809,.F.);
#1039=ORIENTED_EDGE('',*,*,#805,.T.);
#1040=ORIENTED_EDGE('',*,*,#810,.F.);
#1041=ORIENTED_EDGE('',*,*,#789,.T.);
#1042=ORIENTED_EDGE('',*,*,#796,.F.);
#1043=ORIENTED_EDGE('',*,*,#792,.T.);
#1044=ORIENTED_EDGE('',*,*,#811,.F.);
#1045=ORIENTED_EDGE('',*,*,#803,.T.);
#1046=ORIENTED_EDGE('',*,*,#809,.T.);
#1047=ORIENTED_EDGE('',*,*,#800,.T.);
#1048=ORIENTED_EDGE('',*,*,#812,.F.);
#1049=ORIENTED_EDGE('',*,*,#813,.T.);
#1050=ORIENTED_EDGE('',*,*,#814,.T.);
#1051=ORIENTED_EDGE('',*,*,#815,.T.);
#1052=ORIENTED_EDGE('',*,*,#816,.F.);
#1053=ORIENTED_EDGE('',*,*,#798,.T.);
#1054=ORIENTED_EDGE('',*,*,#817,.F.);
#1055=ORIENTED_EDGE('',*,*,#806,.T.);
#1056=ORIENTED_EDGE('',*,*,#818,.F.);
#1057=ORIENTED_EDGE('',*,*,#741,.T.);
#1058=ORIENTED_EDGE('',*,*,#763,.T.);
#1059=ORIENTED_EDGE('',*,*,#760,.T.);
#1060=ORIENTED_EDGE('',*,*,#757,.T.);
#1061=ORIENTED_EDGE('',*,*,#754,.T.);
#1062=ORIENTED_EDGE('',*,*,#751,.T.);
#1063=ORIENTED_EDGE('',*,*,#748,.T.);
#1064=ORIENTED_EDGE('',*,*,#745,.T.);
#1065=ORIENTED_EDGE('',*,*,#819,.F.);
#1066=ORIENTED_EDGE('',*,*,#820,.F.);
#1067=ORIENTED_EDGE('',*,*,#821,.F.);
#1068=ORIENTED_EDGE('',*,*,#822,.F.);
#1069=ORIENTED_EDGE('',*,*,#797,.T.);
#1070=ORIENTED_EDGE('',*,*,#823,.F.);
#1071=ORIENTED_EDGE('',*,*,#807,.T.);
#1072=ORIENTED_EDGE('',*,*,#817,.T.);
#1073=ORIENTED_EDGE('',*,*,#813,.F.);
#1074=ORIENTED_EDGE('',*,*,#824,.F.);
#1075=ORIENTED_EDGE('',*,*,#825,.F.);
#1076=ORIENTED_EDGE('',*,*,#826,.F.);
#1077=ORIENTED_EDGE('',*,*,#827,.T.);
#1078=ORIENTED_EDGE('',*,*,#815,.F.);
#1079=ORIENTED_EDGE('',*,*,#825,.T.);
#1080=ORIENTED_EDGE('',*,*,#828,.T.);
#1081=ORIENTED_EDGE('',*,*,#826,.T.);
#1082=ORIENTED_EDGE('',*,*,#814,.F.);
#1083=ORIENTED_EDGE('',*,*,#704,.F.);
#1084=ORIENTED_EDGE('',*,*,#829,.F.);
#1085=ORIENTED_EDGE('',*,*,#795,.T.);
#1086=ORIENTED_EDGE('',*,*,#830,.T.);
#1087=ORIENTED_EDGE('',*,*,#705,.F.);
#1088=ORIENTED_EDGE('',*,*,#830,.F.);
#1089=ORIENTED_EDGE('',*,*,#831,.T.);
#1090=ORIENTED_EDGE('',*,*,#832,.T.);
#1091=ORIENTED_EDGE('',*,*,#706,.F.);
#1092=ORIENTED_EDGE('',*,*,#832,.F.);
#1093=ORIENTED_EDGE('',*,*,#823,.T.);
#1094=ORIENTED_EDGE('',*,*,#833,.T.);
#1095=ORIENTED_EDGE('',*,*,#834,.F.);
#1096=ORIENTED_EDGE('',*,*,#804,.F.);
#1097=ORIENTED_EDGE('',*,*,#811,.T.);
#1098=ORIENTED_EDGE('',*,*,#794,.T.);
#1099=ORIENTED_EDGE('',*,*,#835,.F.);
#1100=ORIENTED_EDGE('',*,*,#824,.T.);
#1101=ORIENTED_EDGE('',*,*,#812,.T.);
#1102=ORIENTED_EDGE('',*,*,#802,.T.);
#1103=ORIENTED_EDGE('',*,*,#822,.T.);
#1104=ORIENTED_EDGE('',*,*,#836,.T.);
#1105=ORIENTED_EDGE('',*,*,#837,.T.);
#1106=ORIENTED_EDGE('',*,*,#836,.F.);
#1107=ORIENTED_EDGE('',*,*,#837,.F.);
#1108=ORIENTED_EDGE('',*,*,#838,.T.);
#1109=ORIENTED_EDGE('',*,*,#839,.T.);
#1110=ORIENTED_EDGE('',*,*,#838,.F.);
#1111=ORIENTED_EDGE('',*,*,#819,.T.);
#1112=ORIENTED_EDGE('',*,*,#840,.T.);
#1113=ORIENTED_EDGE('',*,*,#841,.T.);
#1114=ORIENTED_EDGE('',*,*,#840,.F.);
#1115=ORIENTED_EDGE('',*,*,#841,.F.);
#1116=ORIENTED_EDGE('',*,*,#842,.T.);
#1117=ORIENTED_EDGE('',*,*,#843,.T.);
#1118=ORIENTED_EDGE('',*,*,#842,.F.);
#1119=ORIENTED_EDGE('',*,*,#821,.T.);
#1120=ORIENTED_EDGE('',*,*,#844,.T.);
#1121=ORIENTED_EDGE('',*,*,#845,.T.);
#1122=ORIENTED_EDGE('',*,*,#844,.F.);
#1123=ORIENTED_EDGE('',*,*,#845,.F.);
#1124=ORIENTED_EDGE('',*,*,#846,.T.);
#1125=ORIENTED_EDGE('',*,*,#847,.T.);
#1126=ORIENTED_EDGE('',*,*,#848,.F.);
#1127=ORIENTED_EDGE('',*,*,#849,.F.);
#1128=ORIENTED_EDGE('',*,*,#850,.F.);
#1129=ORIENTED_EDGE('',*,*,#851,.T.);
#1130=ORIENTED_EDGE('',*,*,#846,.F.);
#1131=ORIENTED_EDGE('',*,*,#820,.T.);
#1132=ORIENTED_EDGE('',*,*,#852,.T.);
#1133=ORIENTED_EDGE('',*,*,#853,.T.);
#1134=ORIENTED_EDGE('',*,*,#852,.F.);
#1135=ORIENTED_EDGE('',*,*,#853,.F.);
#1136=ORIENTED_EDGE('',*,*,#854,.T.);
#1137=ORIENTED_EDGE('',*,*,#855,.T.);
#1138=ORIENTED_EDGE('',*,*,#856,.F.);
#1139=ORIENTED_EDGE('',*,*,#857,.F.);
#1140=ORIENTED_EDGE('',*,*,#858,.F.);
#1141=ORIENTED_EDGE('',*,*,#859,.T.);
#1142=ORIENTED_EDGE('',*,*,#854,.F.);
#1143=ORIENTED_EDGE('',*,*,#860,.F.);
#1144=ORIENTED_EDGE('',*,*,#847,.F.);
#1145=ORIENTED_EDGE('',*,*,#851,.F.);
#1146=ORIENTED_EDGE('',*,*,#839,.F.);
#1147=ORIENTED_EDGE('',*,*,#861,.F.);
#1148=ORIENTED_EDGE('',*,*,#855,.F.);
#1149=ORIENTED_EDGE('',*,*,#859,.F.);
#1150=ORIENTED_EDGE('',*,*,#843,.F.);
#1151=ORIENTED_EDGE('',*,*,#848,.T.);
#1152=ORIENTED_EDGE('',*,*,#860,.T.);
#1153=ORIENTED_EDGE('',*,*,#850,.T.);
#1154=ORIENTED_EDGE('',*,*,#862,.T.);
#1155=ORIENTED_EDGE('',*,*,#863,.T.);
#1156=ORIENTED_EDGE('',*,*,#727,.T.);
#1157=ORIENTED_EDGE('',*,*,#736,.F.);
#1158=ORIENTED_EDGE('',*,*,#864,.T.);
#1159=ORIENTED_EDGE('',*,*,#856,.T.);
#1160=ORIENTED_EDGE('',*,*,#861,.T.);
#1161=ORIENTED_EDGE('',*,*,#858,.T.);
#1162=ORIENTED_EDGE('',*,*,#865,.T.);
#1163=ORIENTED_EDGE('',*,*,#866,.T.);
#1164=ORIENTED_EDGE('',*,*,#729,.T.);
#1165=ORIENTED_EDGE('',*,*,#867,.F.);
#1166=ORIENTED_EDGE('',*,*,#868,.T.);
#1167=ORIENTED_EDGE('',*,*,#764,.F.);
#1168=ORIENTED_EDGE('',*,*,#743,.F.);
#1169=ORIENTED_EDGE('',*,*,#747,.F.);
#1170=ORIENTED_EDGE('',*,*,#750,.F.);
#1171=ORIENTED_EDGE('',*,*,#753,.F.);
#1172=ORIENTED_EDGE('',*,*,#756,.F.);
#1173=ORIENTED_EDGE('',*,*,#759,.F.);
#1174=ORIENTED_EDGE('',*,*,#762,.F.);
#1175=ORIENTED_EDGE('',*,*,#788,.F.);
#1176=ORIENTED_EDGE('',*,*,#767,.F.);
#1177=ORIENTED_EDGE('',*,*,#771,.F.);
#1178=ORIENTED_EDGE('',*,*,#774,.F.);
#1179=ORIENTED_EDGE('',*,*,#777,.F.);
#1180=ORIENTED_EDGE('',*,*,#780,.F.);
#1181=ORIENTED_EDGE('',*,*,#783,.F.);
#1182=ORIENTED_EDGE('',*,*,#786,.F.);
#1183=ORIENTED_EDGE('',*,*,#849,.T.);
#1184=ORIENTED_EDGE('',*,*,#864,.F.);
#1185=ORIENTED_EDGE('',*,*,#735,.F.);
#1186=ORIENTED_EDGE('',*,*,#869,.T.);
#1187=ORIENTED_EDGE('',*,*,#870,.F.);
#1188=ORIENTED_EDGE('',*,*,#862,.F.);
#1189=ORIENTED_EDGE('',*,*,#870,.T.);
#1190=ORIENTED_EDGE('',*,*,#871,.T.);
#1191=ORIENTED_EDGE('',*,*,#872,.T.);
#1192=ORIENTED_EDGE('',*,*,#873,.T.);
#1193=ORIENTED_EDGE('',*,*,#874,.T.);
#1194=ORIENTED_EDGE('',*,*,#867,.T.);
#1195=ORIENTED_EDGE('',*,*,#728,.T.);
#1196=ORIENTED_EDGE('',*,*,#863,.F.);
#1197=ORIENTED_EDGE('',*,*,#857,.T.);
#1198=ORIENTED_EDGE('',*,*,#868,.F.);
#1199=ORIENTED_EDGE('',*,*,#874,.F.);
#1200=ORIENTED_EDGE('',*,*,#875,.T.);
#1201=ORIENTED_EDGE('',*,*,#876,.F.);
#1202=ORIENTED_EDGE('',*,*,#865,.F.);
#1203=ORIENTED_EDGE('',*,*,#730,.F.);
#1204=ORIENTED_EDGE('',*,*,#866,.F.);
#1205=ORIENTED_EDGE('',*,*,#876,.T.);
#1206=ORIENTED_EDGE('',*,*,#877,.T.);
#1207=ORIENTED_EDGE('',*,*,#878,.F.);
#1208=ORIENTED_EDGE('',*,*,#879,.T.);
#1209=ORIENTED_EDGE('',*,*,#737,.F.);
#1210=ORIENTED_EDGE('',*,*,#723,.T.);
#1211=ORIENTED_EDGE('',*,*,#880,.F.);
#1212=ORIENTED_EDGE('',*,*,#877,.F.);
#1213=ORIENTED_EDGE('',*,*,#875,.F.);
#1214=ORIENTED_EDGE('',*,*,#873,.F.);
#1215=ORIENTED_EDGE('',*,*,#881,.T.);
#1216=ORIENTED_EDGE('',*,*,#871,.F.);
#1217=ORIENTED_EDGE('',*,*,#869,.F.);
#1218=ORIENTED_EDGE('',*,*,#734,.F.);
#1219=ORIENTED_EDGE('',*,*,#882,.F.);
#1220=ORIENTED_EDGE('',*,*,#732,.F.);
#1221=ORIENTED_EDGE('',*,*,#740,.F.);
#1222=ORIENTED_EDGE('',*,*,#883,.F.);
#1223=ORIENTED_EDGE('',*,*,#884,.T.);
#1224=ORIENTED_EDGE('',*,*,#885,.F.);
#1225=ORIENTED_EDGE('',*,*,#738,.F.);
#1226=ORIENTED_EDGE('',*,*,#879,.F.);
#1227=ORIENTED_EDGE('',*,*,#765,.T.);
#1228=ORIENTED_EDGE('',*,*,#787,.T.);
#1229=ORIENTED_EDGE('',*,*,#784,.T.);
#1230=ORIENTED_EDGE('',*,*,#781,.T.);
#1231=ORIENTED_EDGE('',*,*,#778,.T.);
#1232=ORIENTED_EDGE('',*,*,#775,.T.);
#1233=ORIENTED_EDGE('',*,*,#772,.T.);
#1234=ORIENTED_EDGE('',*,*,#769,.T.);
#1235=ORIENTED_EDGE('',*,*,#733,.T.);
#1236=ORIENTED_EDGE('',*,*,#882,.T.);
#1237=ORIENTED_EDGE('',*,*,#886,.T.);
#1238=ORIENTED_EDGE('',*,*,#884,.F.);
#1239=ORIENTED_EDGE('',*,*,#878,.T.);
#1240=ORIENTED_EDGE('',*,*,#880,.T.);
#1241=ORIENTED_EDGE('',*,*,#872,.F.);
#1242=ORIENTED_EDGE('',*,*,#881,.F.);
#1243=ORIENTED_EDGE('',*,*,#883,.T.);
#1244=ORIENTED_EDGE('',*,*,#739,.T.);
#1245=ORIENTED_EDGE('',*,*,#885,.T.);
#1246=ORIENTED_EDGE('',*,*,#886,.F.);
#1247=ORIENTED_EDGE('',*,*,#831,.F.);
#1248=ORIENTED_EDGE('',*,*,#790,.F.);
#1249=ORIENTED_EDGE('',*,*,#818,.T.);
#1250=ORIENTED_EDGE('',*,*,#808,.T.);
#1251=ORIENTED_EDGE('',*,*,#887,.F.);
#1252=ORIENTED_EDGE('',*,*,#799,.F.);
#1253=ORIENTED_EDGE('',*,*,#816,.T.);
#1254=ORIENTED_EDGE('',*,*,#827,.F.);
#1255=ORIENTED_EDGE('',*,*,#707,.F.);
#1256=ORIENTED_EDGE('',*,*,#888,.T.);
#1257=ORIENTED_EDGE('',*,*,#713,.T.);
#1258=ORIENTED_EDGE('',*,*,#888,.F.);
#1259=ORIENTED_EDGE('',*,*,#708,.F.);
#1260=ORIENTED_EDGE('',*,*,#889,.T.);
#1261=ORIENTED_EDGE('',*,*,#721,.T.);
#1262=ORIENTED_EDGE('',*,*,#889,.F.);
#1263=ORIENTED_EDGE('',*,*,#709,.F.);
#1264=ORIENTED_EDGE('',*,*,#890,.T.);
#1265=ORIENTED_EDGE('',*,*,#717,.T.);
#1266=ORIENTED_EDGE('',*,*,#890,.F.);
#1267=ORIENTED_EDGE('',*,*,#699,.F.);
#1268=ORIENTED_EDGE('',*,*,#833,.F.);
#1269=ORIENTED_EDGE('',*,*,#887,.T.);
#1270=ORIENTED_EDGE('',*,*,#891,.F.);
#1271=ORIENTED_EDGE('',*,*,#700,.F.);
#1272=ORIENTED_EDGE('',*,*,#891,.T.);
#1273=ORIENTED_EDGE('',*,*,#828,.F.);
#1274=ORIENTED_EDGE('',*,*,#892,.T.);
#1275=ORIENTED_EDGE('',*,*,#701,.F.);
#1276=ORIENTED_EDGE('',*,*,#892,.F.);
#1277=ORIENTED_EDGE('',*,*,#835,.T.);
#1278=ORIENTED_EDGE('',*,*,#893,.T.);
#1279=ORIENTED_EDGE('',*,*,#702,.F.);
#1280=ORIENTED_EDGE('',*,*,#893,.F.);
#1281=ORIENTED_EDGE('',*,*,#810,.T.);
#1282=ORIENTED_EDGE('',*,*,#894,.T.);
#1283=ORIENTED_EDGE('',*,*,#703,.F.);
#1284=ORIENTED_EDGE('',*,*,#894,.F.);
#1285=ORIENTED_EDGE('',*,*,#834,.T.);
#1286=ORIENTED_EDGE('',*,*,#829,.T.);
#1287=PLANE('',#1437);
#1288=PLANE('',#1448);
#1289=PLANE('',#1453);
#1290=PLANE('',#1458);
#1291=PLANE('',#1460);
#1292=PLANE('',#1461);
#1293=PLANE('',#1464);
#1294=PLANE('',#1465);
#1295=PLANE('',#1466);
#1296=PLANE('',#1467);
#1297=PLANE('',#1468);
#1298=PLANE('',#1469);
#1299=PLANE('',#1470);
#1300=PLANE('',#1471);
#1301=PLANE('',#1472);
#1302=PLANE('',#1473);
#1303=PLANE('',#1474);
#1304=PLANE('',#1475);
#1305=PLANE('',#1476);
#1306=PLANE('',#1477);
#1307=PLANE('',#1478);
#1308=PLANE('',#1479);
#1309=PLANE('',#1480);
#1310=PLANE('',#1481);
#1311=PLANE('',#1482);
#1312=PLANE('',#1483);
#1313=PLANE('',#1484);
#1314=PLANE('',#1485);
#1315=PLANE('',#1486);
#1316=PLANE('',#1487);
#1317=PLANE('',#1488);
#1318=PLANE('',#1489);
#1319=PLANE('',#1490);
#1320=PLANE('',#1499);
#1321=PLANE('',#1500);
#1322=PLANE('',#1501);
#1323=PLANE('',#1502);
#1324=PLANE('',#1503);
#1325=PLANE('',#1506);
#1326=PLANE('',#1531);
#1327=PLANE('',#1533);
#1328=PLANE('',#1534);
#1329=PLANE('',#1536);
#1330=PLANE('',#1543);
#1331=PLANE('',#1544);
#1332=PLANE('',#1545);
#1333=PLANE('',#1546);
#1334=PLANE('',#1547);
#1335=PLANE('',#1548);
#1336=PLANE('',#1549);
#1337=PLANE('',#1550);
#1338=PLANE('',#1551);
#1339=PLANE('',#1552);
#1340=PLANE('',#1553);
#1341=PLANE('',#1561);
#1342=PLANE('',#1563);
#1343=ADVANCED_FACE('',(#55,#39,#40,#41),#1287,.T.);
#1344=ADVANCED_FACE('',(#56),#23,.F.);
#1345=ADVANCED_FACE('',(#57,#42),#1288,.T.);
#1346=ADVANCED_FACE('',(#58),#24,.F.);
#1347=ADVANCED_FACE('',(#59,#43),#1289,.T.);
#1348=ADVANCED_FACE('',(#60),#25,.F.);
#1349=ADVANCED_FACE('',(#61,#44),#1290,.T.);
#1350=ADVANCED_FACE('',(#62),#1291,.F.);
#1351=ADVANCED_FACE('',(#63,#45,#46,#47),#1292,.F.);
#1352=ADVANCED_FACE('',(#64),#1293,.T.);
#1353=ADVANCED_FACE('',(#65),#1294,.F.);
#1354=ADVANCED_FACE('',(#66),#1295,.F.);
#1355=ADVANCED_FACE('',(#67),#1296,.F.);
#1356=ADVANCED_FACE('',(#68),#1297,.F.);
#1357=ADVANCED_FACE('',(#69),#1298,.F.);
#1358=ADVANCED_FACE('',(#70),#1299,.F.);
#1359=ADVANCED_FACE('',(#71),#1300,.F.);
#1360=ADVANCED_FACE('',(#72),#1301,.F.);
#1361=ADVANCED_FACE('',(#73),#1302,.F.);
#1362=ADVANCED_FACE('',(#74),#1303,.F.);
#1363=ADVANCED_FACE('',(#75),#1304,.F.);
#1364=ADVANCED_FACE('',(#76),#1305,.F.);
#1365=ADVANCED_FACE('',(#77),#1306,.F.);
#1366=ADVANCED_FACE('',(#78),#1307,.F.);
#1367=ADVANCED_FACE('',(#79),#1308,.F.);
#1368=ADVANCED_FACE('',(#80),#1309,.F.);
#1369=ADVANCED_FACE('',(#81),#1310,.F.);
#1370=ADVANCED_FACE('',(#82),#1311,.F.);
#1371=ADVANCED_FACE('',(#83),#1312,.F.);
#1372=ADVANCED_FACE('',(#84),#1313,.T.);
#1373=ADVANCED_FACE('',(#85),#1314,.F.);
#1374=ADVANCED_FACE('',(#86),#1315,.F.);
#1375=ADVANCED_FACE('',(#87),#1316,.F.);
#1376=ADVANCED_FACE('',(#88),#1317,.F.);
#1377=ADVANCED_FACE('',(#89),#1318,.T.);
#1378=ADVANCED_FACE('',(#90,#48,#49,#50,#51,#52),#1319,.T.);
#1379=ADVANCED_FACE('',(#91),#1320,.T.);
#1380=ADVANCED_FACE('',(#92),#1321,.F.);
#1381=ADVANCED_FACE('',(#93),#1322,.F.);
#1382=ADVANCED_FACE('',(#94),#1323,.T.);
#1383=ADVANCED_FACE('',(#95),#1324,.T.);
#1384=ADVANCED_FACE('',(#96),#15,.T.);
#1385=ADVANCED_FACE('',(#97),#1325,.T.);
#1386=ADVANCED_FACE('',(#98),#26,.T.);
#1387=ADVANCED_FACE('',(#99),#27,.T.);
#1388=ADVANCED_FACE('',(#100),#16,.F.);
#1389=ADVANCED_FACE('',(#101),#28,.F.);
#1390=ADVANCED_FACE('',(#102),#17,.F.);
#1391=ADVANCED_FACE('',(#103),#29,.F.);
#1392=ADVANCED_FACE('',(#104),#18,.F.);
#1393=ADVANCED_FACE('',(#105),#30,.F.);
#1394=ADVANCED_FACE('',(#106),#19,.F.);
#1395=ADVANCED_FACE('',(#107),#31,.F.);
#1396=ADVANCED_FACE('',(#108),#1326,.T.);
#1397=ADVANCED_FACE('',(#109),#1327,.T.);
#1398=ADVANCED_FACE('',(#110),#1328,.T.);
#1399=ADVANCED_FACE('',(#111),#1329,.T.);
#1400=ADVANCED_FACE('',(#112),#32,.F.);
#1401=ADVANCED_FACE('',(#113),#33,.F.);
#1402=ADVANCED_FACE('',(#114,#53),#1330,.F.);
#1403=ADVANCED_FACE('',(#115),#1331,.F.);
#1404=ADVANCED_FACE('',(#116),#1332,.T.);
#1405=ADVANCED_FACE('',(#117),#1333,.F.);
#1406=ADVANCED_FACE('',(#118),#1334,.T.);
#1407=ADVANCED_FACE('',(#119),#1335,.T.);
#1408=ADVANCED_FACE('',(#120),#1336,.T.);
#1409=ADVANCED_FACE('',(#121),#1337,.T.);
#1410=ADVANCED_FACE('',(#122),#1338,.T.);
#1411=ADVANCED_FACE('',(#123,#54),#1339,.F.);
#1412=ADVANCED_FACE('',(#124),#1340,.T.);
#1413=ADVANCED_FACE('',(#125),#34,.T.);
#1414=ADVANCED_FACE('',(#126),#35,.T.);
#1415=ADVANCED_FACE('',(#127),#36,.F.);
#1416=ADVANCED_FACE('',(#128),#37,.F.);
#1417=ADVANCED_FACE('',(#129),#38,.F.);
#1418=ADVANCED_FACE('',(#130),#20,.T.);
#1419=ADVANCED_FACE('',(#131),#1341,.T.);
#1420=ADVANCED_FACE('',(#132),#21,.T.);
#1421=ADVANCED_FACE('',(#133),#1342,.T.);
#1422=ADVANCED_FACE('',(#134),#22,.T.);
#1423=CLOSED_SHELL('',(#1343,#1344,#1345,#1346,#1347,#1348,#1349,#1350,
#1351,#1352,#1353,#1354,#1355,#1356,#1357,#1358,#1359,#1360,#1361,#1362,
#1363,#1364,#1365,#1366,#1367,#1368,#1369,#1370,#1371,#1372,#1373,#1374,
#1375,#1376,#1377,#1378,#1379,#1380,#1381,#1382,#1383,#1384,#1385,#1386,
#1387,#1388,#1389,#1390,#1391,#1392,#1393,#1394,#1395,#1396,#1397,#1398,
#1399,#1400,#1401,#1402,#1403,#1404,#1405,#1406,#1407,#1408,#1409,#1410,
#1411,#1412,#1413,#1414,#1415,#1416,#1417,#1418,#1419,#1420,#1421,#1422));
#1424=DERIVED_UNIT_ELEMENT(#1426,1.);
#1425=DERIVED_UNIT_ELEMENT(#2377,-3.);
#1426=(
MASS_UNIT()
NAMED_UNIT(*)
SI_UNIT(.KILO.,.GRAM.)
);
#1427=DERIVED_UNIT((#1424,#1425));
#1428=MEASURE_REPRESENTATION_ITEM('density measure',
POSITIVE_RATIO_MEASURE(1060.),#1427);
#1429=PROPERTY_DEFINITION_REPRESENTATION(#1434,#1431);
#1430=PROPERTY_DEFINITION_REPRESENTATION(#1435,#1432);
#1431=REPRESENTATION('material name',(#1433),#2374);
#1432=REPRESENTATION('density',(#1428),#2374);
#1433=DESCRIPTIVE_REPRESENTATION_ITEM('ABS Plastic','ABS Plastic');
#1434=PROPERTY_DEFINITION('material property','material name',#2384);
#1435=PROPERTY_DEFINITION('material property','density of part',#2384);
#1436=AXIS2_PLACEMENT_3D('',#1971,#1565,#1566);
#1437=AXIS2_PLACEMENT_3D('',#1972,#1567,#1568);
#1438=AXIS2_PLACEMENT_3D('',#1975,#1569,#1570);
#1439=AXIS2_PLACEMENT_3D('',#1979,#1572,#1573);
#1440=AXIS2_PLACEMENT_3D('',#1983,#1575,#1576);
#1441=AXIS2_PLACEMENT_3D('',#1987,#1578,#1579);
#1442=AXIS2_PLACEMENT_3D('',#1990,#1581,#1582);
#1443=AXIS2_PLACEMENT_3D('',#1992,#1583,#1584);
#1444=AXIS2_PLACEMENT_3D('',#1994,#1585,#1586);
#1445=AXIS2_PLACEMENT_3D('',#1995,#1587,#1588);
#1446=AXIS2_PLACEMENT_3D('',#1997,#1589,#1590);
#1447=AXIS2_PLACEMENT_3D('',#2000,#1592,#1593);
#1448=AXIS2_PLACEMENT_3D('',#2001,#1594,#1595);
#1449=AXIS2_PLACEMENT_3D('',#2003,#1596,#1597);
#1450=AXIS2_PLACEMENT_3D('',#2004,#1598,#1599);
#1451=AXIS2_PLACEMENT_3D('',#2006,#1600,#1601);
#1452=AXIS2_PLACEMENT_3D('',#2009,#1603,#1604);
#1453=AXIS2_PLACEMENT_3D('',#2010,#1605,#1606);
#1454=AXIS2_PLACEMENT_3D('',#2012,#1607,#1608);
#1455=AXIS2_PLACEMENT_3D('',#2013,#1609,#1610);
#1456=AXIS2_PLACEMENT_3D('',#2015,#1611,#1612);
#1457=AXIS2_PLACEMENT_3D('',#2018,#1614,#1615);
#1458=AXIS2_PLACEMENT_3D('',#2019,#1616,#1617);
#1459=AXIS2_PLACEMENT_3D('',#2021,#1618,#1619);
#1460=AXIS2_PLACEMENT_3D('',#2022,#1620,#1621);
#1461=AXIS2_PLACEMENT_3D('',#2031,#1626,#1627);
#1462=AXIS2_PLACEMENT_3D('',#2035,#1629,#1630);
#1463=AXIS2_PLACEMENT_3D('',#2039,#1632,#1633);
#1464=AXIS2_PLACEMENT_3D('',#2041,#1635,#1636);
#1465=AXIS2_PLACEMENT_3D('',#2053,#1643,#1644);
#1466=AXIS2_PLACEMENT_3D('',#2061,#1649,#1650);
#1467=AXIS2_PLACEMENT_3D('',#2070,#1655,#1656);
#1468=AXIS2_PLACEMENT_3D('',#2076,#1660,#1661);
#1469=AXIS2_PLACEMENT_3D('',#2082,#1665,#1666);
#1470=AXIS2_PLACEMENT_3D('',#2088,#1670,#1671);
#1471=AXIS2_PLACEMENT_3D('',#2094,#1675,#1676);
#1472=AXIS2_PLACEMENT_3D('',#2100,#1680,#1681);
#1473=AXIS2_PLACEMENT_3D('',#2106,#1685,#1686);
#1474=AXIS2_PLACEMENT_3D('',#2109,#1689,#1690);
#1475=AXIS2_PLACEMENT_3D('',#2118,#1695,#1696);
#1476=AXIS2_PLACEMENT_3D('',#2124,#1700,#1701);
#1477=AXIS2_PLACEMENT_3D('',#2130,#1705,#1706);
#1478=AXIS2_PLACEMENT_3D('',#2136,#1710,#1711);
#1479=AXIS2_PLACEMENT_3D('',#2142,#1715,#1716);
#1480=AXIS2_PLACEMENT_3D('',#2148,#1720,#1721);
#1481=AXIS2_PLACEMENT_3D('',#2154,#1725,#1726);
#1482=AXIS2_PLACEMENT_3D('',#2157,#1729,#1730);
#1483=AXIS2_PLACEMENT_3D('',#2164,#1734,#1735);
#1484=AXIS2_PLACEMENT_3D('',#2171,#1739,#1740);
#1485=AXIS2_PLACEMENT_3D('',#2174,#1743,#1744);
#1486=AXIS2_PLACEMENT_3D('',#2181,#1748,#1749);
#1487=AXIS2_PLACEMENT_3D('',#2188,#1753,#1754);
#1488=AXIS2_PLACEMENT_3D('',#2195,#1758,#1759);
#1489=AXIS2_PLACEMENT_3D('',#2202,#1763,#1764);
#1490=AXIS2_PLACEMENT_3D('',#2205,#1767,#1768);
#1491=AXIS2_PLACEMENT_3D('',#2206,#1769,#1770);
#1492=AXIS2_PLACEMENT_3D('',#2208,#1771,#1772);
#1493=AXIS2_PLACEMENT_3D('',#2215,#1776,#1777);
#1494=AXIS2_PLACEMENT_3D('',#2217,#1779,#1780);
#1495=AXIS2_PLACEMENT_3D('',#2219,#1781,#1782);
#1496=AXIS2_PLACEMENT_3D('',#2221,#1783,#1784);
#1497=AXIS2_PLACEMENT_3D('',#2223,#1785,#1786);
#1498=AXIS2_PLACEMENT_3D('',#2225,#1787,#1788);
#1499=AXIS2_PLACEMENT_3D('',#2226,#1789,#1790);
#1500=AXIS2_PLACEMENT_3D('',#2228,#1792,#1793);
#1501=AXIS2_PLACEMENT_3D('',#2232,#1796,#1797);
#1502=AXIS2_PLACEMENT_3D('',#2236,#1800,#1801);
#1503=AXIS2_PLACEMENT_3D('',#2238,#1803,#1804);
#1504=AXIS2_PLACEMENT_3D('',#2241,#1807,#1808);
#1505=AXIS2_PLACEMENT_3D('',#2242,#1809,#1810);
#1506=AXIS2_PLACEMENT_3D('',#2244,#1812,#1813);
#1507=AXIS2_PLACEMENT_3D('',#2246,#1815,#1816);
#1508=AXIS2_PLACEMENT_3D('',#2247,#1817,#1818);
#1509=AXIS2_PLACEMENT_3D('',#2248,#1819,#1820);
#1510=AXIS2_PLACEMENT_3D('',#2249,#1821,#1822);
#1511=AXIS2_PLACEMENT_3D('',#2250,#1823,#1824);
#1512=AXIS2_PLACEMENT_3D('',#2253,#1826,#1827);
#1513=AXIS2_PLACEMENT_3D('',#2254,#1828,#1829);
#1514=AXIS2_PLACEMENT_3D('',#2257,#1831,#1832);
#1515=AXIS2_PLACEMENT_3D('',#2258,#1833,#1834);
#1516=AXIS2_PLACEMENT_3D('',#2261,#1836,#1837);
#1517=AXIS2_PLACEMENT_3D('',#2262,#1838,#1839);
#1518=AXIS2_PLACEMENT_3D('',#2265,#1841,#1842);
#1519=AXIS2_PLACEMENT_3D('',#2266,#1843,#1844);
#1520=AXIS2_PLACEMENT_3D('',#2269,#1846,#1847);
#1521=AXIS2_PLACEMENT_3D('',#2270,#1848,#1849);
#1522=AXIS2_PLACEMENT_3D('',#2274,#1851,#1852);
#1523=AXIS2_PLACEMENT_3D('',#2278,#1854,#1855);
#1524=AXIS2_PLACEMENT_3D('',#2281,#1857,#1858);
#1525=AXIS2_PLACEMENT_3D('',#2282,#1859,#1860);
#1526=AXIS2_PLACEMENT_3D('',#2285,#1862,#1863);
#1527=AXIS2_PLACEMENT_3D('',#2286,#1864,#1865);
#1528=AXIS2_PLACEMENT_3D('',#2290,#1867,#1868);
#1529=AXIS2_PLACEMENT_3D('',#2294,#1870,#1871);
#1530=AXIS2_PLACEMENT_3D('',#2297,#1873,#1874);
#1531=AXIS2_PLACEMENT_3D('',#2298,#1875,#1876);
#1532=AXIS2_PLACEMENT_3D('',#2299,#1877,#1878);
#1533=AXIS2_PLACEMENT_3D('',#2300,#1879,#1880);
#1534=AXIS2_PLACEMENT_3D('',#2301,#1881,#1882);
#1535=AXIS2_PLACEMENT_3D('',#2302,#1883,#1884);
#1536=AXIS2_PLACEMENT_3D('',#2303,#1885,#1886);
#1537=AXIS2_PLACEMENT_3D('',#2304,#1887,#1888);
#1538=AXIS2_PLACEMENT_3D('',#2306,#1889,#1890);
#1539=AXIS2_PLACEMENT_3D('',#2308,#1892,#1893);
#1540=AXIS2_PLACEMENT_3D('',#2309,#1894,#1895);
#1541=AXIS2_PLACEMENT_3D('',#2311,#1896,#1897);
#1542=AXIS2_PLACEMENT_3D('',#2315,#1900,#1901);
#1543=AXIS2_PLACEMENT_3D('',#2316,#1902,#1903);
#1544=AXIS2_PLACEMENT_3D('',#2317,#1904,#1905);
#1545=AXIS2_PLACEMENT_3D('',#2321,#1908,#1909);
#1546=AXIS2_PLACEMENT_3D('',#2329,#1914,#1915);
#1547=AXIS2_PLACEMENT_3D('',#2333,#1918,#1919);
#1548=AXIS2_PLACEMENT_3D('',#2339,#1923,#1924);
#1549=AXIS2_PLACEMENT_3D('',#2341,#1926,#1927);
#1550=AXIS2_PLACEMENT_3D('',#2343,#1929,#1930);
#1551=AXIS2_PLACEMENT_3D('',#2347,#1933,#1934);
#1552=AXIS2_PLACEMENT_3D('',#2351,#1937,#1938);
#1553=AXIS2_PLACEMENT_3D('',#2353,#1940,#1941);
#1554=AXIS2_PLACEMENT_3D('',#2354,#1942,#1943);
#1555=AXIS2_PLACEMENT_3D('',#2355,#1944,#1945);
#1556=AXIS2_PLACEMENT_3D('',#2356,#1946,#1947);
#1557=AXIS2_PLACEMENT_3D('',#2357,#1948,#1949);
#1558=AXIS2_PLACEMENT_3D('',#2359,#1951,#1952);
#1559=AXIS2_PLACEMENT_3D('',#2361,#1954,#1955);
#1560=AXIS2_PLACEMENT_3D('',#2363,#1957,#1958);
#1561=AXIS2_PLACEMENT_3D('',#2365,#1960,#1961);
#1562=AXIS2_PLACEMENT_3D('',#2367,#1963,#1964);
#1563=AXIS2_PLACEMENT_3D('',#2369,#1966,#1967);
#1564=AXIS2_PLACEMENT_3D('',#2371,#1969,#1970);
#1565=DIRECTION('axis',(0.,0.,1.));
#1566=DIRECTION('refdir',(1.,0.,0.));
#1567=DIRECTION('center_axis',(0.,1.,0.));
#1568=DIRECTION('ref_axis',(0.,0.,1.));
#1569=DIRECTION('center_axis',(0.,1.,0.));
#1570=DIRECTION('ref_axis',(-1.,-2.52704490220914E-30,-3.41357283053781E-15));
#1571=DIRECTION('',(1.,0.,1.58022129271913E-16));
#1572=DIRECTION('center_axis',(0.,1.,0.));
#1573=DIRECTION('ref_axis',(-2.56017962290335E-15,8.8183964788893E-16,1.));
#1574=DIRECTION('',(-1.00597515119379E-16,0.,-1.));
#1575=DIRECTION('center_axis',(0.,1.,0.));
#1576=DIRECTION('ref_axis',(1.,8.52990530357969E-31,1.15290870536425E-15));
#1577=DIRECTION('',(-1.,0.,1.88963291388287E-32));
#1578=DIRECTION('center_axis',(0.,1.,0.));
#1579=DIRECTION('ref_axis',(-1.09836280630926E-32,-8.35858811389078E-16,
-1.));
#1580=DIRECTION('',(-1.06087415764278E-16,0.,1.));
#1581=DIRECTION('center_axis',(0.,-1.,0.));
#1582=DIRECTION('ref_axis',(-1.,0.,0.));
#1583=DIRECTION('center_axis',(0.,-1.,0.));
#1584=DIRECTION('ref_axis',(-1.,0.,0.));
#1585=DIRECTION('center_axis',(0.,-1.,0.));
#1586=DIRECTION('ref_axis',(-1.,0.,0.));
#1587=DIRECTION('center_axis',(0.,1.,0.));
#1588=DIRECTION('ref_axis',(1.,0.,0.));
#1589=DIRECTION('center_axis',(-3.50224341322426E-49,1.,-4.15834023328538E-49));
#1590=DIRECTION('ref_axis',(1.,0.,0.));
#1591=DIRECTION('',(0.,1.,0.));
#1592=DIRECTION('center_axis',(0.,1.,0.));
#1593=DIRECTION('ref_axis',(1.,0.,0.));
#1594=DIRECTION('center_axis',(0.,-1.,0.));
#1595=DIRECTION('ref_axis',(1.,0.,0.));
#1596=DIRECTION('center_axis',(0.,-1.,0.));
#1597=DIRECTION('ref_axis',(-1.,0.,0.));
#1598=DIRECTION('center_axis',(0.,1.,0.));
#1599=DIRECTION('ref_axis',(1.,0.,0.));
#1600=DIRECTION('center_axis',(-3.50224341322426E-49,1.,-4.15834023328538E-49));
#1601=DIRECTION('ref_axis',(1.,0.,0.));
#1602=DIRECTION('',(0.,1.,0.));
#1603=DIRECTION('center_axis',(0.,1.,0.));
#1604=DIRECTION('ref_axis',(1.,0.,0.));
#1605=DIRECTION('center_axis',(0.,-1.,0.));
#1606=DIRECTION('ref_axis',(1.,0.,0.));
#1607=DIRECTION('center_axis',(0.,-1.,0.));
#1608=DIRECTION('ref_axis',(-1.,0.,0.));
#1609=DIRECTION('center_axis',(0.,1.,0.));
#1610=DIRECTION('ref_axis',(1.,0.,0.));
#1611=DIRECTION('center_axis',(-3.50224341322426E-49,1.,-4.15834023328538E-49));
#1612=DIRECTION('ref_axis',(1.,0.,0.));
#1613=DIRECTION('',(0.,1.,0.));
#1614=DIRECTION('center_axis',(0.,1.,0.));
#1615=DIRECTION('ref_axis',(1.,0.,0.));
#1616=DIRECTION('center_axis',(0.,-1.,0.));
#1617=DIRECTION('ref_axis',(1.,0.,0.));
#1618=DIRECTION('center_axis',(0.,-1.,0.));
#1619=DIRECTION('ref_axis',(-1.,0.,0.));
#1620=DIRECTION('center_axis',(0.,1.77635683940025E-15,1.));
#1621=DIRECTION('ref_axis',(1.,0.,0.));
#1622=DIRECTION('',(-1.,1.39659343259007E-17,-1.23551146076742E-34));
#1623=DIRECTION('',(0.,1.,-1.48029736616688E-15));
#1624=DIRECTION('',(1.,-9.65411325760807E-18,1.71491501134967E-32));
#1625=DIRECTION('',(0.,-1.,1.48029736616688E-15));
#1626=DIRECTION('center_axis',(-3.50224341322426E-49,1.,-4.15834023328538E-49));
#1627=DIRECTION('ref_axis',(-1.,-3.50224341322426E-49,0.));
#1628=DIRECTION('',(-1.03396789254962E-16,1.40163461784426E-15,1.));
#1629=DIRECTION('center_axis',(1.38777878078125E-17,1.,-1.40165656858926E-15));
#1630=DIRECTION('ref_axis',(-1.94518924383083E-32,-1.40165656858926E-15,
-1.));
#1631=DIRECTION('',(-1.,1.38777878078125E-17,-6.70904794246596E-47));
#1632=DIRECTION('center_axis',(1.38777878078125E-17,1.,-1.40165656858926E-15));
#1633=DIRECTION('ref_axis',(1.,-1.38777878078075E-17,3.55271367880051E-15));
#1634=DIRECTION('',(0.,1.77635683940025E-15,1.));
#1635=DIRECTION('center_axis',(1.,1.53057994804232E-31,1.03396789254962E-16));
#1636=DIRECTION('ref_axis',(-1.03396789254962E-16,1.40163461784426E-15,
1.));
#1637=DIRECTION('',(-4.02871450100227E-16,7.54259915401747E-36,1.));
#1638=DIRECTION('',(1.53057994804232E-31,-1.,1.53057994804232E-31));
#1639=DIRECTION('',(-4.02871450100227E-16,1.40165656858926E-15,1.));
#1640=DIRECTION('',(-1.53057994804232E-31,1.,1.53057994804232E-31));
#1641=DIRECTION('',(1.03396789254962E-16,-1.98468839136298E-33,-1.));
#1642=DIRECTION('',(0.,1.,0.));
#1643=DIRECTION('center_axis',(9.65411325760807E-18,1.,-1.40165656858926E-15));
#1644=DIRECTION('ref_axis',(-1.,9.65411325760807E-18,5.92014117687725E-33));
#1645=DIRECTION('',(4.72435329627726E-16,1.40165656858926E-15,1.));
#1646=DIRECTION('',(-0.707106781186548,9.97947353494933E-16,0.707106781186548));
#1647=DIRECTION('',(1.,1.12827543152963E-17,7.22096276178963E-16));
#1648=DIRECTION('',(-0.707106781186548,-9.84294375593337E-16,-0.707106781186547));
#1649=DIRECTION('center_axis',(-1.,0.,-3.1813397742995E-16));
#1650=DIRECTION('ref_axis',(-3.1813397742995E-16,0.,1.));
#1651=DIRECTION('',(-3.1813397742995E-16,1.40165656858926E-15,1.));
#1652=DIRECTION('',(0.,1.,0.));
#1653=DIRECTION('',(-3.1813397742995E-16,0.,1.));
#1654=DIRECTION('',(0.,1.,0.));
#1655=DIRECTION('center_axis',(-0.707106781186547,0.,-0.707106781186548));
#1656=DIRECTION('ref_axis',(-0.707106781186548,5.58543555608225E-33,0.707106781186547));
#1657=DIRECTION('',(-0.707106781186548,1.00093394241091E-15,0.707106781186547));
#1658=DIRECTION('',(0.,1.,0.));
#1659=DIRECTION('',(-0.707106781186548,5.58543555608225E-33,0.707106781186547));
#1660=DIRECTION('center_axis',(1.07172781446474E-16,0.,-1.));
#1661=DIRECTION('ref_axis',(-1.,-1.49441518614219E-33,-1.07172781446474E-16));
#1662=DIRECTION('',(-1.,1.38777878078123E-17,-1.07172781446474E-16));
#1663=DIRECTION('',(0.,1.,0.));
#1664=DIRECTION('',(-1.,-1.49441518614219E-33,-1.07172781446474E-16));
#1665=DIRECTION('center_axis',(0.707106781186548,0.,-0.707106781186547));
#1666=DIRECTION('ref_axis',(-0.707106781186547,5.57354359864301E-36,-0.707106781186548));
#1667=DIRECTION('',(-0.707106781186547,-9.81307786677363E-16,-0.707106781186548));
#1668=DIRECTION('',(0.,1.,0.));
#1669=DIRECTION('',(-0.707106781186547,5.57354359864301E-36,-0.707106781186548));
#1670=DIRECTION('center_axis',(1.,0.,3.1813397742995E-16));
#1671=DIRECTION('ref_axis',(3.1813397742995E-16,0.,-1.));
#1672=DIRECTION('',(3.1813397742995E-16,-1.40165656858926E-15,-1.));
#1673=DIRECTION('',(0.,1.,0.));
#1674=DIRECTION('',(3.1813397742995E-16,0.,-1.));
#1675=DIRECTION('center_axis',(0.707106781186548,0.,0.707106781186547));
#1676=DIRECTION('ref_axis',(0.707106781186547,8.25487657369704E-45,-0.707106781186548));
#1677=DIRECTION('',(0.707106781186547,-1.00093394241091E-15,-0.707106781186548));
#1678=DIRECTION('',(0.,1.,0.));
#1679=DIRECTION('',(0.707106781186547,8.25487657369704E-45,-0.707106781186548));
#1680=DIRECTION('center_axis',(-6.43036688678845E-16,0.,1.));
#1681=DIRECTION('ref_axis',(1.,-2.20863937782412E-45,6.43036688678845E-16));
#1682=DIRECTION('',(1.,-1.38777878078116E-17,6.43036688678845E-16));
#1683=DIRECTION('',(0.,1.,0.));
#1684=DIRECTION('',(1.,-2.20863937782412E-45,6.43036688678845E-16));
#1685=DIRECTION('center_axis',(-0.707106781186548,0.,0.707106781186547));
#1686=DIRECTION('ref_axis',(0.707106781186547,8.23730110623439E-48,0.707106781186548));
#1687=DIRECTION('',(0.707106781186547,9.81307786677363E-16,0.707106781186548));
#1688=DIRECTION('',(0.707106781186547,8.23730110623439E-48,0.707106781186548));
#1689=DIRECTION('center_axis',(0.707106781186548,0.,-0.707106781186547));
#1690=DIRECTION('ref_axis',(-0.707106781186547,4.44635785935911E-47,-0.707106781186548));
#1691=DIRECTION('',(-0.707106781186547,-9.81307786677363E-16,-0.707106781186548));
#1692=DIRECTION('',(0.,1.,0.));
#1693=DIRECTION('',(-0.707106781186547,4.44635785935911E-47,-0.707106781186548));
#1694=DIRECTION('',(0.,1.,0.));
#1695=DIRECTION('center_axis',(6.74030574152785E-16,0.,-1.));
#1696=DIRECTION('ref_axis',(-1.,5.02884014354763E-19,-6.74030574152785E-16));
#1697=DIRECTION('',(-1.,1.38777878078115E-17,-6.74030574152785E-16));
#1698=DIRECTION('',(0.,1.,0.));
#1699=DIRECTION('',(-1.,5.02884014354763E-19,-6.74030574152785E-16));
#1700=DIRECTION('center_axis',(-0.707106781186547,0.,-0.707106781186548));
#1701=DIRECTION('ref_axis',(-0.707106781186548,4.81734766456438E-16,0.707106781186547));
#1702=DIRECTION('',(-0.707106781186548,1.00093394241091E-15,0.707106781186547));
#1703=DIRECTION('',(0.,1.,0.));
#1704=DIRECTION('',(-0.707106781186548,4.81734766456438E-16,0.707106781186547));
#1705=DIRECTION('center_axis',(-1.,0.,-2.47030180867857E-16));
#1706=DIRECTION('ref_axis',(-2.47030180867857E-16,-8.26488587042822E-17,
1.));
#1707=DIRECTION('',(-2.47030180867857E-16,1.40165656858926E-15,1.));
#1708=DIRECTION('',(0.,1.,0.));
#1709=DIRECTION('',(-2.47030180867857E-16,-8.26488587042822E-17,1.));
#1710=DIRECTION('center_axis',(-0.707106781186548,0.,0.707106781186547));
#1711=DIRECTION('ref_axis',(0.707106781186547,-4.82106136958708E-16,0.707106781186548));
#1712=DIRECTION('',(0.707106781186547,9.81307786677363E-16,0.707106781186548));
#1713=DIRECTION('',(0.,1.,0.));
#1714=DIRECTION('',(0.707106781186547,-4.82106136958708E-16,0.707106781186548));
#1715=DIRECTION('center_axis',(-1.12338429025464E-16,0.,1.));
#1716=DIRECTION('ref_axis',(1.,5.02884014354713E-19,1.12338429025464E-16));
#1717=DIRECTION('',(1.,-1.38777878078123E-17,1.12338429025464E-16));
#1718=DIRECTION('',(0.,1.,0.));
#1719=DIRECTION('',(1.,5.02884014354713E-19,1.12338429025464E-16));
#1720=DIRECTION('center_axis',(0.707106781186547,0.,0.707106781186548));
#1721=DIRECTION('ref_axis',(0.707106781186548,4.79938279955151E-16,-0.707106781186547));
#1722=DIRECTION('',(0.707106781186548,-1.00093394241091E-15,-0.707106781186547));
#1723=DIRECTION('',(0.,1.,0.));
#1724=DIRECTION('',(0.707106781186548,4.79938279955151E-16,-0.707106781186547));
#1725=DIRECTION('center_axis',(1.,0.,3.29373574490476E-16));
#1726=DIRECTION('ref_axis',(3.29373574490476E-16,3.68610961536136E-19,-1.));
#1727=DIRECTION('',(3.29373574490476E-16,-1.40165656858926E-15,-1.));
#1728=DIRECTION('',(3.29373574490476E-16,3.68610961536136E-19,-1.));
#1729=DIRECTION('center_axis',(0.0473649246874305,0.,0.998877652122298));
#1730=DIRECTION('ref_axis',(0.998877652122298,3.64993374368896E-32,-0.0473649246874305));
#1731=DIRECTION('',(0.998877652122298,-8.02515699109918E-17,-0.0473649246874305));
#1732=DIRECTION('',(0.,1.,0.));
#1733=DIRECTION('',(-0.87840921828068,0.476090654769677,0.0416525351029828));
#1734=DIRECTION('center_axis',(-0.0473649246874305,0.,0.998877652122298));
#1735=DIRECTION('ref_axis',(0.998877652122298,-3.64993374368896E-32,0.0473649246874305));
#1736=DIRECTION('',(0.998877652122298,5.25271457067535E-17,0.0473649246874305));
#1737=DIRECTION('',(-0.878409218280664,-0.476090654769706,-0.0416525351029821));
#1738=DIRECTION('',(0.,1.,0.));
#1739=DIRECTION('center_axis',(-1.84065554840452E-15,0.0871557427476583,
-0.996194698091746));
#1740=DIRECTION('ref_axis',(3.31807782443848E-16,-0.996194698091746,-0.0871557427476583));
#1741=DIRECTION('',(-1.,1.79730172670903E-33,2.05432527401275E-32));
#1742=DIRECTION('',(-1.,-4.85158435557741E-16,1.80524069044741E-15));
#1743=DIRECTION('center_axis',(0.999571368399659,0.,-0.0292759197230888));
#1744=DIRECTION('ref_axis',(-0.0292759197230887,-9.79113912511101E-32,-0.999571368399659));
#1745=DIRECTION('',(0.027762796786213,0.317330219337335,0.947908623765986));
#1746=DIRECTION('',(-0.0292759197230887,-1.40064948928934E-15,-0.999571368399659));
#1747=DIRECTION('',(0.,1.,0.));
#1748=DIRECTION('center_axis',(-0.999571368399658,0.,-0.0292759197231372));
#1749=DIRECTION('ref_axis',(-0.0292759197231372,-1.27802046929054E-31,0.999571368399658));
#1750=DIRECTION('',(-0.0292759197231372,1.40146205929293E-15,0.999571368399658));
#1751=DIRECTION('',(0.0277627967862541,-0.317330219337831,-0.947908623765819));
#1752=DIRECTION('',(0.,1.,0.));
#1753=DIRECTION('center_axis',(-0.99943934000752,0.,0.0334814223911232));
#1754=DIRECTION('ref_axis',(0.0334814223911232,-7.86242706927404E-32,0.99943934000752));
#1755=DIRECTION('',(0.0334814223911232,1.40040606775261E-15,0.99943934000752));
#1756=DIRECTION('',(0.,1.,0.));
#1757=DIRECTION('',(-0.0312698207305656,0.357415686448322,-0.933421783221365));
#1758=DIRECTION('center_axis',(0.999439340007522,0.,0.0334814223910679));
#1759=DIRECTION('ref_axis',(0.0334814223910679,1.57634974473969E-31,-0.999439340007522));
#1760=DIRECTION('',(0.0334814223910679,-1.40133536390351E-15,-0.999439340007522));
#1761=DIRECTION('',(-0.0312698207305203,-0.35741568644783,0.933421783221555));
#1762=DIRECTION('',(0.,1.,0.));
#1763=DIRECTION('center_axis',(0.996194698091746,0.0871557427476584,-1.2566291831352E-15));
#1764=DIRECTION('ref_axis',(-0.0871557427476584,0.996194698091746,-3.8193845837208E-16));
#1765=DIRECTION('',(1.21932008484844E-15,4.81310559808594E-16,1.));
#1766=DIRECTION('',(-1.03396789254962E-16,3.05487166098478E-18,-1.));
#1767=DIRECTION('center_axis',(-1.38777878078125E-17,-1.,1.40165656858926E-15));
#1768=DIRECTION('ref_axis',(0.,-1.40165656858926E-15,-1.));
#1769=DIRECTION('center_axis',(1.38777878078125E-17,1.,-1.40165656858926E-15));
#1770=DIRECTION('ref_axis',(1.,1.51063746442512E-30,1.0208947352875E-15));
#1771=DIRECTION('center_axis',(1.38777878078125E-17,1.,-1.40165656858926E-15));
#1772=DIRECTION('ref_axis',(-2.86509167645202E-15,1.48029736616688E-15,
1.));
#1773=DIRECTION('',(-0.998428717991942,9.23999821924276E-17,0.0560365513657615));
#1774=DIRECTION('',(-1.,1.38777878077955E-17,-1.21340040574355E-14));
#1775=DIRECTION('',(-0.998428717991942,-6.46880184133912E-17,-0.0560365513657618));
#1776=DIRECTION('center_axis',(1.38777878078125E-17,1.,-1.40165656858926E-15));
#1777=DIRECTION('ref_axis',(-1.,-4.24201601944391E-30,-2.86509167645203E-15));
#1778=DIRECTION('',(1.21932008484844E-15,4.8933240247207E-16,1.));
#1779=DIRECTION('center_axis',(1.38777878078125E-17,1.,-1.40165656858926E-15));
#1780=DIRECTION('ref_axis',(-1.94518924383083E-32,-1.48029736616688E-15,
-1.));
#1781=DIRECTION('center_axis',(-1.38777878078125E-17,-1.,1.40165656858926E-15));
#1782=DIRECTION('ref_axis',(1.,-1.38777878078125E-17,1.94518924383084E-32));
#1783=DIRECTION('center_axis',(-1.38777878078125E-17,-1.,1.40165656858926E-15));
#1784=DIRECTION('ref_axis',(1.,-1.38777878078125E-17,1.94518924383084E-32));
#1785=DIRECTION('center_axis',(-1.38777878078125E-17,-1.,1.40165656858926E-15));
#1786=DIRECTION('ref_axis',(1.,-1.38777878078125E-17,1.94518924383084E-32));
#1787=DIRECTION('center_axis',(-1.38777878078125E-17,-1.,1.40165656858926E-15));
#1788=DIRECTION('ref_axis',(1.,-1.38777878078125E-17,1.94518924383084E-32));
#1789=DIRECTION('center_axis',(-0.996194698091746,0.0871557427476584,1.17203207481484E-15));
#1790=DIRECTION('ref_axis',(-0.0871557427476584,-0.996194698091746,3.8193845837208E-16));
#1791=DIRECTION('',(-1.03396789254962E-16,2.93630358281869E-18,1.));
#1792=DIRECTION('center_axis',(-0.0560365513657615,-2.86058980944937E-16,
-0.998428717991942));
#1793=DIRECTION('ref_axis',(-0.998428717991942,-2.14405909315596E-17,0.0560365513657615));
#1794=DIRECTION('',(0.,-1.,0.));
#1795=DIRECTION('',(0.840756765377491,0.539352782988566,-0.0471872541526471));
#1796=DIRECTION('center_axis',(0.0560365513657618,-2.86058980944937E-16,
-0.998428717991942));
#1797=DIRECTION('ref_axis',(-0.998428717991942,2.14405909315596E-17,-0.0560365513657618));
#1798=DIRECTION('',(0.840756765377596,-0.539352782988403,0.0471872541526532));
#1799=DIRECTION('',(0.,-1.,0.));
#1800=DIRECTION('center_axis',(-1.20866209797369E-14,0.0871557427476581,
0.996194698091746));
#1801=DIRECTION('ref_axis',(-5.33557638946372E-16,0.996194698091746,-0.0871557427476581));
#1802=DIRECTION('',(-1.,-1.59037422323129E-15,-1.19936501930309E-14));
#1803=DIRECTION('center_axis',(-1.39318352229631E-32,0.675590207615662,
-0.737277336810123));
#1804=DIRECTION('ref_axis',(-1.,0.,1.88963291388287E-32));
#1805=DIRECTION('',(-3.01168358009919E-15,0.737277336810128,0.675590207615655));
#1806=DIRECTION('',(0.,0.737277336810123,0.675590207615662));
#1807=DIRECTION('center_axis',(0.,-1.,0.));
#1808=DIRECTION('ref_axis',(-1.09836280630926E-32,-8.35858811389077E-16,
-1.));
#1809=DIRECTION('center_axis',(0.,1.,-1.48029736616688E-15));
#1810=DIRECTION('ref_axis',(-1.94518924383083E-32,-1.48029736616688E-15,
-1.));
#1811=DIRECTION('',(0.675590207615659,0.737277336810125,0.));
#1812=DIRECTION('center_axis',(-0.737277336810125,0.675590207615659,-7.82158473637554E-17));
#1813=DIRECTION('ref_axis',(-1.06087415764278E-16,0.,1.));
#1814=DIRECTION('',(0.675590207615659,0.737277336810125,0.));
#1815=DIRECTION('center_axis',(0.,-1.,1.48029736616688E-15));
#1816=DIRECTION('ref_axis',(1.,1.51063746442512E-30,1.0208947352875E-15));
#1817=DIRECTION('center_axis',(0.,1.,-1.48029736616688E-15));
#1818=DIRECTION('ref_axis',(1.,1.51063746442512E-30,1.0208947352875E-15));
#1819=DIRECTION('center_axis',(0.,-1.,1.48029736616688E-15));
#1820=DIRECTION('ref_axis',(-2.86509167645202E-15,1.48029736616688E-15,
1.));
#1821=DIRECTION('center_axis',(0.,1.,-1.48029736616688E-15));
#1822=DIRECTION('ref_axis',(-2.86509167645202E-15,1.48029736616688E-15,
1.));
#1823=DIRECTION('center_axis',(0.,-1.,0.));
#1824=DIRECTION('ref_axis',(1.,-7.26931742313988E-18,1.01890865153044E-32));
#1825=DIRECTION('',(0.707106781186766,0.707106781186329,8.65956056235761E-17));
#1826=DIRECTION('center_axis',(1.38777878078125E-17,1.,-1.40165656858926E-15));
#1827=DIRECTION('ref_axis',(1.,0.,0.));
#1828=DIRECTION('center_axis',(0.,1.,0.));
#1829=DIRECTION('ref_axis',(1.,0.,0.));
#1830=DIRECTION('',(0.,1.,0.));
#1831=DIRECTION('center_axis',(0.,1.,0.));
#1832=DIRECTION('ref_axis',(1.,0.,0.));
#1833=DIRECTION('center_axis',(0.,-1.,0.));
#1834=DIRECTION('ref_axis',(1.,-7.26931742313988E-18,1.01890865153044E-32));
#1835=DIRECTION('',(0.707106781186774,0.707106781186321,8.6595605623577E-17));
#1836=DIRECTION('center_axis',(1.38777878078125E-17,1.,-1.40165656858926E-15));
#1837=DIRECTION('ref_axis',(1.,0.,0.));
#1838=DIRECTION('center_axis',(0.,1.,0.));
#1839=DIRECTION('ref_axis',(1.,0.,0.));
#1840=DIRECTION('',(0.,1.,0.));
#1841=DIRECTION('center_axis',(0.,1.,0.));
#1842=DIRECTION('ref_axis',(1.,0.,0.));
#1843=DIRECTION('center_axis',(0.,-1.,0.));
#1844=DIRECTION('ref_axis',(1.,-7.26931742313988E-18,1.01890865153044E-32));
#1845=DIRECTION('',(0.707106781186332,0.707106781186763,8.65956056235229E-17));
#1846=DIRECTION('center_axis',(1.38777878078125E-17,1.,-1.40165656858926E-15));
#1847=DIRECTION('ref_axis',(1.,0.,0.));
#1848=DIRECTION('center_axis',(0.,1.,0.));
#1849=DIRECTION('ref_axis',(1.,0.,0.));
#1850=DIRECTION('',(0.,1.,0.));
#1851=DIRECTION('center_axis',(0.,1.,0.));
#1852=DIRECTION('ref_axis',(1.,0.,0.));
#1853=DIRECTION('',(0.,1.,0.));
#1854=DIRECTION('center_axis',(1.12827543152963E-17,-1.,3.15128896151718E-33));
#1855=DIRECTION('ref_axis',(1.,0.,0.));
#1856=DIRECTION('',(0.,-1.,0.));
#1857=DIRECTION('center_axis',(0.,1.,0.));
#1858=DIRECTION('ref_axis',(1.,0.,0.));
#1859=DIRECTION('center_axis',(0.,-1.,0.));
#1860=DIRECTION('ref_axis',(1.,-7.26931742313988E-18,1.01890865153044E-32));
#1861=DIRECTION('',(0.707106781186326,0.707106781186769,8.65956056235222E-17));
#1862=DIRECTION('center_axis',(1.38777878078125E-17,1.,-1.40165656858926E-15));
#1863=DIRECTION('ref_axis',(1.,0.,0.));
#1864=DIRECTION('center_axis',(0.,1.,0.));
#1865=DIRECTION('ref_axis',(1.,0.,0.));
#1866=DIRECTION('',(0.,1.,0.));
#1867=DIRECTION('center_axis',(0.,1.,0.));
#1868=DIRECTION('ref_axis',(1.,0.,0.));
#1869=DIRECTION('',(0.,1.,0.));
#1870=DIRECTION('center_axis',(0.,-1.,0.));
#1871=DIRECTION('ref_axis',(1.,0.,0.));
#1872=DIRECTION('',(0.,-1.,0.));
#1873=DIRECTION('center_axis',(0.,1.,0.));
#1874=DIRECTION('ref_axis',(1.,0.,0.));
#1875=DIRECTION('center_axis',(0.,-1.,0.));
#1876=DIRECTION('ref_axis',(1.,0.,0.));
#1877=DIRECTION('center_axis',(0.,-1.,0.));
#1878=DIRECTION('ref_axis',(-1.94518924383083E-32,-1.48029736616688E-15,
-1.));
#1879=DIRECTION('center_axis',(0.,-1.,0.));
#1880=DIRECTION('ref_axis',(1.,0.,0.));
#1881=DIRECTION('center_axis',(0.,-1.,0.));
#1882=DIRECTION('ref_axis',(1.,0.,0.));
#1883=DIRECTION('center_axis',(0.,-1.,0.));
#1884=DIRECTION('ref_axis',(1.,5.25855912015493E-30,3.55271367880051E-15));
#1885=DIRECTION('center_axis',(0.,-1.,0.));
#1886=DIRECTION('ref_axis',(1.,0.,0.));
#1887=DIRECTION('center_axis',(0.,-1.,1.48029736616688E-15));
#1888=DIRECTION('ref_axis',(-1.94518924383083E-32,-1.48029736616688E-15,
-1.));
#1889=DIRECTION('center_axis',(1.12827543152963E-17,-1.,3.15128896151718E-33));
#1890=DIRECTION('ref_axis',(-1.94518924383083E-32,-1.48029736616688E-15,
-1.));
#1891=DIRECTION('',(0.,1.,0.));
#1892=DIRECTION('center_axis',(1.12827543152963E-17,-1.,3.15128896151718E-33));
#1893=DIRECTION('ref_axis',(-1.94518924383083E-32,-1.48029736616688E-15,
-1.));
#1894=DIRECTION('center_axis',(0.,-1.,1.48029736616688E-15));
#1895=DIRECTION('ref_axis',(1.,5.25855912015493E-30,3.55271367880051E-15));
#1896=DIRECTION('center_axis',(0.,-1.,0.));
#1897=DIRECTION('ref_axis',(1.,5.25855912015493E-30,3.55271367880051E-15));
#1898=DIRECTION('',(0.,1.,0.));
#1899=DIRECTION('',(0.,1.,0.));
#1900=DIRECTION('center_axis',(0.,-1.,0.));
#1901=DIRECTION('ref_axis',(1.,5.25855912015493E-30,3.55271367880051E-15));
#1902=DIRECTION('center_axis',(0.,1.,0.));
#1903=DIRECTION('ref_axis',(0.,0.,1.));
#1904=DIRECTION('center_axis',(1.12827543152963E-17,-1.,3.15128896151718E-33));
#1905=DIRECTION('ref_axis',(1.,1.12827543152963E-17,0.));
#1906=DIRECTION('',(0.707106781186547,6.38248966944624E-18,-0.707106781186547));
#1907=DIRECTION('',(1.,1.12827543152963E-17,-3.72450842361686E-32));
#1908=DIRECTION('center_axis',(2.05432527401275E-32,1.48029736616688E-15,
1.));
#1909=DIRECTION('ref_axis',(-1.,1.38777878078125E-17,-6.70904794246596E-47));
#1910=DIRECTION('',(-1.48029736616688E-15,-1.,1.48029736616688E-15));
#1911=DIRECTION('',(1.,-1.38777878078125E-17,6.56858655152258E-47));
#1912=DIRECTION('',(-1.48029736616688E-15,1.,-1.48029736616688E-15));
#1913=DIRECTION('',(1.,0.,-2.05432527401275E-32));
#1914=DIRECTION('center_axis',(0.,-1.,0.));
#1915=DIRECTION('ref_axis',(1.,0.,0.));
#1916=DIRECTION('',(0.707106781186547,-5.64212086779048E-17,0.707106781186547));
#1917=DIRECTION('',(4.72435329627726E-16,0.,1.));
#1918=DIRECTION('center_axis',(-1.,6.99344774132103E-31,4.72435329627726E-16));
#1919=DIRECTION('ref_axis',(-4.72435329627726E-16,-1.4016477463809E-15,
-1.));
#1920=DIRECTION('',(-6.99344774132103E-31,-1.,-6.99344774132103E-31));
#1921=DIRECTION('',(3.2229716008018E-15,-1.40165656858926E-15,-1.));
#1922=DIRECTION('',(6.99344774132102E-31,1.,-6.99344774132102E-31));
#1923=DIRECTION('center_axis',(-0.707106781186548,0.,0.707106781186548));
#1924=DIRECTION('ref_axis',(0.707106781186548,-5.64212086779049E-17,0.707106781186548));
#1925=DIRECTION('',(-0.707106781186547,5.64212086779048E-17,-0.707106781186547));
#1926=DIRECTION('center_axis',(0.707106781186548,0.,0.707106781186548));
#1927=DIRECTION('ref_axis',(0.707106781186548,6.38248966944624E-18,-0.707106781186548));
#1928=DIRECTION('',(0.707106781186547,6.38248966944624E-18,-0.707106781186547));
#1929=DIRECTION('center_axis',(0.707106781186547,0.,-0.707106781186548));
#1930=DIRECTION('ref_axis',(-0.707106781186548,5.64212086779048E-17,-0.707106781186547));
#1931=DIRECTION('',(0.707106781186548,-5.64212086779048E-17,0.707106781186547));
#1932=DIRECTION('',(0.,1.,0.));
#1933=DIRECTION('center_axis',(-0.707106781186548,0.,-0.707106781186548));
#1934=DIRECTION('ref_axis',(-0.707106781186548,-6.38248966944624E-18,0.707106781186548));
#1935=DIRECTION('',(-0.707106781186547,-6.38248966944624E-18,0.707106781186547));
#1936=DIRECTION('',(0.,-1.,0.));
#1937=DIRECTION('center_axis',(1.38777878078125E-17,1.,-1.40165656858926E-15));
#1938=DIRECTION('ref_axis',(-1.,1.38777878078125E-17,-6.5685865515226E-47));
#1939=DIRECTION('',(1.,-1.38777878078115E-17,7.22096276178963E-16));
#1940=DIRECTION('center_axis',(0.,0.,-1.));
#1941=DIRECTION('ref_axis',(1.,1.3436641792226E-32,0.));
#1942=DIRECTION('center_axis',(0.,-1.,1.48029736616688E-15));
#1943=DIRECTION('ref_axis',(-1.94518924383083E-32,-1.48029736616688E-15,
-1.));
#1944=DIRECTION('center_axis',(0.,-1.,1.48029736616688E-15));
#1945=DIRECTION('ref_axis',(-1.,-4.24201601944391E-30,-2.86509167645203E-15));
#1946=DIRECTION('center_axis',(0.,1.,-1.48029736616688E-15));
#1947=DIRECTION('ref_axis',(-1.,-4.24201601944391E-30,-2.86509167645203E-15));
#1948=DIRECTION('center_axis',(0.,-1.,0.));
#1949=DIRECTION('ref_axis',(-1.,0.,0.));
#1950=DIRECTION('',(0.,-1.,0.));
#1951=DIRECTION('center_axis',(0.,-1.,0.));
#1952=DIRECTION('ref_axis',(-1.,0.,0.));
#1953=DIRECTION('',(0.,-1.,0.));
#1954=DIRECTION('center_axis',(0.,-1.,0.));
#1955=DIRECTION('ref_axis',(-1.,0.,0.));
#1956=DIRECTION('',(0.,-1.,0.));
#1957=DIRECTION('center_axis',(0.,-1.,0.));
#1958=DIRECTION('ref_axis',(-1.,-2.52704490220914E-30,-3.41357283053781E-15));
#1959=DIRECTION('',(3.0116835800992E-15,-0.737277336810125,0.675590207615659));
#1960=DIRECTION('center_axis',(-1.16506134626662E-16,0.675590207615657,
0.737277336810127));
#1961=DIRECTION('ref_axis',(1.,0.,1.58022129271913E-16));
#1962=DIRECTION('',(0.,0.737277336810127,-0.675590207615657));
#1963=DIRECTION('center_axis',(0.,-1.,0.));
#1964=DIRECTION('ref_axis',(-2.56017962290335E-15,8.8183964788893E-16,1.));
#1965=DIRECTION('',(-0.675590207615662,0.737277336810123,-6.02336716019836E-15));
#1966=DIRECTION('center_axis',(0.737277336810123,0.675590207615661,-7.41682680369322E-17));
#1967=DIRECTION('ref_axis',(-1.00597515119379E-16,0.,-1.));
#1968=DIRECTION('',(-0.675590207615661,0.737277336810123,0.));
#1969=DIRECTION('center_axis',(0.,-1.,0.));
#1970=DIRECTION('ref_axis',(1.,8.52990530357969E-31,1.15290870536425E-15));
#1971=CARTESIAN_POINT('',(0.,0.,0.));
#1972=CARTESIAN_POINT('Origin',(0.250000000000083,64.9462000000001,19.4461999999999));
#1973=CARTESIAN_POINT('',(-55.8173376519652,64.9462000000001,85.5462000000001));
#1974=CARTESIAN_POINT('',(-51.4500000000001,64.9462000000001,89.9135376519652));
#1975=CARTESIAN_POINT('Origin',(-51.4500000000001,64.9462000000001,85.5462000000001));
#1976=CARTESIAN_POINT('',(51.95,64.9462000000001,89.9135376519652));
#1977=CARTESIAN_POINT('',(26.1,64.9462000000001,89.9135376519652));
#1978=CARTESIAN_POINT('',(56.3173376519652,64.9462000000001,85.5462));
#1979=CARTESIAN_POINT('Origin',(51.95,64.9462000000001,85.5462000000001));
#1980=CARTESIAN_POINT('',(56.3173376519652,64.9462000000001,-44.1537999999999));
#1981=CARTESIAN_POINT('',(56.3173376519652,64.9462000000001,-15.9583728855512));
#1982=CARTESIAN_POINT('',(49.45,64.9462000000001,-51.0211376519651));
#1983=CARTESIAN_POINT('Origin',(49.45,64.9462000000001,-44.1537999999999));
#1984=CARTESIAN_POINT('',(-48.95,64.9462000000001,-51.0211376519651));
#1985=CARTESIAN_POINT('',(-24.35,64.9462000000001,-51.0211376519651));
#1986=CARTESIAN_POINT('',(-55.8173376519652,64.9462000000001,-44.1537999999999));
#1987=CARTESIAN_POINT('Origin',(-48.95,64.9462000000001,-44.1537999999999));
#1988=CARTESIAN_POINT('',(-55.8173376519652,64.9462000000001,48.8916271144488));
#1989=CARTESIAN_POINT('',(2.25,64.9462000000001,-4.));
#1990=CARTESIAN_POINT('Origin',(0.,64.9462000000001,-4.));
#1991=CARTESIAN_POINT('',(-29.747306929786,64.9462000000001,-39.997306929786));
#1992=CARTESIAN_POINT('Origin',(-31.997306929786,64.9462000000001,-39.997306929786));
#1993=CARTESIAN_POINT('',(34.2473069297861,64.9462000000001,-39.9973069297861));
#1994=CARTESIAN_POINT('Origin',(31.9973069297861,64.9462000000001,-39.9973069297861));
#1995=CARTESIAN_POINT('Origin',(2.11697305804436E-47,60.4462000000001,-4.));
#1996=CARTESIAN_POINT('',(-4.,60.4462000000001,-4.));
#1997=CARTESIAN_POINT('Origin',(2.11697305804436E-47,60.4462000000001,-4.));
#1998=CARTESIAN_POINT('',(-4.,62.9462000000001,-4.));
#1999=CARTESIAN_POINT('',(-4.,60.4462000000001,-4.));
#2000=CARTESIAN_POINT('Origin',(2.11697305804436E-47,62.9462000000001,-4.));
#2001=CARTESIAN_POINT('Origin',(0.,62.9462000000001,-4.));
#2002=CARTESIAN_POINT('',(2.25,62.9462000000001,-4.));
#2003=CARTESIAN_POINT('Origin',(0.,62.9462000000001,-4.));
#2004=CARTESIAN_POINT('Origin',(31.9973069297861,60.4462000000001,-39.9973069297861));
#2005=CARTESIAN_POINT('',(27.9973069297861,60.4462000000001,-39.9973069297861));
#2006=CARTESIAN_POINT('Origin',(31.9973069297861,60.4462000000001,-39.9973069297861));
#2007=CARTESIAN_POINT('',(27.9973069297861,62.9462000000001,-39.9973069297861));
#2008=CARTESIAN_POINT('',(27.9973069297861,60.4462000000001,-39.9973069297861));
#2009=CARTESIAN_POINT('Origin',(31.9973069297861,62.9462000000001,-39.9973069297861));
#2010=CARTESIAN_POINT('Origin',(31.9973069297861,62.9462000000001,-39.9973069297861));
#2011=CARTESIAN_POINT('',(34.2473069297861,62.9462000000001,-39.9973069297861));
#2012=CARTESIAN_POINT('Origin',(31.9973069297861,62.9462000000001,-39.9973069297861));
#2013=CARTESIAN_POINT('Origin',(-31.997306929786,60.4462000000001,-39.997306929786));
#2014=CARTESIAN_POINT('',(-35.997306929786,60.4462000000001,-39.997306929786));
#2015=CARTESIAN_POINT('Origin',(-31.997306929786,60.4462000000001,-39.997306929786));
#2016=CARTESIAN_POINT('',(-35.997306929786,62.9462000000001,-39.997306929786));
#2017=CARTESIAN_POINT('',(-35.997306929786,60.4462000000001,-39.997306929786));
#2018=CARTESIAN_POINT('Origin',(-31.997306929786,62.9462000000001,-39.997306929786));
#2019=CARTESIAN_POINT('Origin',(-31.997306929786,62.9462000000001,-39.997306929786));
#2020=CARTESIAN_POINT('',(-29.747306929786,62.9462000000001,-39.997306929786));
#2021=CARTESIAN_POINT('Origin',(-31.997306929786,62.9462000000001,-39.997306929786));
#2022=CARTESIAN_POINT('Origin',(-48.95,59.9462000000001,49.2462));
#2023=CARTESIAN_POINT('',(51.95,60.4462000000001,49.2462));
#2024=CARTESIAN_POINT('',(-51.45,60.4462000000001,49.2462));
#2025=CARTESIAN_POINT('',(-48.95,60.4462000000001,49.2462));
#2026=CARTESIAN_POINT('',(51.95,53.9462000000001,49.2462000000001));
#2027=CARTESIAN_POINT('',(51.95,59.9462000000001,49.2462));
#2028=CARTESIAN_POINT('',(-51.45,53.9462,49.2462000000001));
#2029=CARTESIAN_POINT('',(-24.35,53.9462000000001,49.2462000000001));
#2030=CARTESIAN_POINT('',(-51.45,59.9462000000001,49.2462));
#2031=CARTESIAN_POINT('Origin',(0.249999999999995,60.4462000000001,19.4462000000001));
#2032=CARTESIAN_POINT('',(-51.45,60.4461999999999,-44.1537999999999));
#2033=CARTESIAN_POINT('',(-51.45,60.4461999999999,-44.1537999999999));
#2034=CARTESIAN_POINT('',(-48.95,60.4461999999999,-46.6537999999999));
#2035=CARTESIAN_POINT('Origin',(-48.95,60.4461999999999,-44.1537999999999));
#2036=CARTESIAN_POINT('',(49.45,60.4461999999999,-46.6537999999999));
#2037=CARTESIAN_POINT('',(49.45,60.4461999999999,-46.6537999999999));
#2038=CARTESIAN_POINT('',(51.95,60.4461999999999,-44.1537999999999));
#2039=CARTESIAN_POINT('Origin',(49.45,60.4461999999999,-44.1537999999999));
#2040=CARTESIAN_POINT('',(51.95,60.4462000000001,44.2462));
#2041=CARTESIAN_POINT('Origin',(-51.45,59.9461999999999,-44.1537999999999));
#2042=CARTESIAN_POINT('',(-51.4500000000001,53.9462,73.0462000000001));
#2043=CARTESIAN_POINT('',(-51.4500000000001,53.9462,83.0462000000001));
#2044=CARTESIAN_POINT('',(-51.4500000000001,44.7802,73.0462000000001));
#2045=CARTESIAN_POINT('',(-51.45,52.3632,73.0462000000001));
#2046=CARTESIAN_POINT('',(-51.45,44.7802,-34.1537999999999));
#2047=CARTESIAN_POINT('',(-51.45,44.7802000000001,49.3962000000001));
#2048=CARTESIAN_POINT('',(-51.45,53.2802,-34.1537999999999));
#2049=CARTESIAN_POINT('',(-51.45,52.3632,-34.1537999999999));
#2050=CARTESIAN_POINT('',(-51.45,53.2802,-44.1537999999999));
#2051=CARTESIAN_POINT('',(-51.45,53.2802,-42.2787999999999));
#2052=CARTESIAN_POINT('',(-51.45,59.9461999999999,-44.1537999999999));
#2053=CARTESIAN_POINT('Origin',(0.249999999999986,53.9462000000001,63.6462000000001));
#2054=CARTESIAN_POINT('',(51.95,53.9462,73.0462000000002));
#2055=CARTESIAN_POINT('',(51.95,53.9462000000001,52.6962000000001));
#2056=CARTESIAN_POINT('',(39.45,53.9462,85.5462000000002));
#2057=CARTESIAN_POINT('',(41.375,53.9462000000001,83.6212000000001));
#2058=CARTESIAN_POINT('',(-38.9500000000001,53.9462,85.5462000000001));
#2059=CARTESIAN_POINT('',(49.45,53.9462,85.5462000000001));
#2060=CARTESIAN_POINT('',(-34.6250000000001,53.9462000000001,89.8712000000001));
#2061=CARTESIAN_POINT('Origin',(-56.85,44.7802,-36.3905532368145));
#2062=CARTESIAN_POINT('',(-56.85,44.7802,-36.3905532368145));
#2063=CARTESIAN_POINT('',(-56.8500000000001,44.7802,75.2829532368149));
#2064=CARTESIAN_POINT('',(-56.85,44.7802,28.4032356352176));
#2065=CARTESIAN_POINT('',(-56.85,51.7802,-36.3905532368145));
#2066=CARTESIAN_POINT('',(-56.85,44.7802,-36.3905532368145));
#2067=CARTESIAN_POINT('',(-56.8500000000001,51.7802,75.2829532368149));
#2068=CARTESIAN_POINT('',(-56.85,51.7802,-36.3905532368145));
#2069=CARTESIAN_POINT('',(-56.8500000000001,44.7802,75.2829532368149));
#2070=CARTESIAN_POINT('Origin',(-41.1867532368147,44.7802,-52.0537999999998));
#2071=CARTESIAN_POINT('',(-41.1867532368147,44.7802,-52.0537999999998));
#2072=CARTESIAN_POINT('',(-66.3652710544234,44.7802,-26.8752821823911));
#2073=CARTESIAN_POINT('',(-41.1867532368147,51.7802,-52.0537999999998));
#2074=CARTESIAN_POINT('',(-41.1867532368147,44.7802,-52.0537999999998));
#2075=CARTESIAN_POINT('',(-41.1867532368147,51.7802,-52.0537999999998));
#2076=CARTESIAN_POINT('Origin',(41.6867532368147,44.7802,-52.0537999999998));
#2077=CARTESIAN_POINT('',(41.6867532368147,44.7802,-52.0537999999998));
#2078=CARTESIAN_POINT('',(22.5183766184074,44.7801999999999,-52.0537999999998));
#2079=CARTESIAN_POINT('',(41.6867532368147,51.7802,-52.0537999999998));
#2080=CARTESIAN_POINT('',(41.6867532368147,44.7802,-52.0537999999998));
#2081=CARTESIAN_POINT('',(41.6867532368147,51.7802,-52.0537999999998));
#2082=CARTESIAN_POINT('Origin',(57.35,44.7802,-36.3905532368145));
#2083=CARTESIAN_POINT('',(57.35,44.7802,-36.3905532368145));
#2084=CARTESIAN_POINT('',(76.2468944360161,44.7802,-17.4936588007984));
#2085=CARTESIAN_POINT('',(57.35,51.7802,-36.3905532368145));
#2086=CARTESIAN_POINT('',(57.35,44.7802,-36.3905532368145));
#2087=CARTESIAN_POINT('',(57.35,51.7802,-36.3905532368145));
#2088=CARTESIAN_POINT('Origin',(57.35,44.7802,75.282953236815));
#2089=CARTESIAN_POINT('',(57.35,44.7802,75.282953236815));
#2090=CARTESIAN_POINT('',(57.35,44.7802000000001,84.2399888720324));
#2091=CARTESIAN_POINT('',(57.35,51.7802,75.282953236815));
#2092=CARTESIAN_POINT('',(57.35,44.7802,75.282953236815));
#2093=CARTESIAN_POINT('',(57.35,51.7802,75.282953236815));
#2094=CARTESIAN_POINT('Origin',(41.6867532368147,44.7802,90.9462000000002));
#2095=CARTESIAN_POINT('',(41.6867532368147,44.7802,90.9462000000002));
#2096=CARTESIAN_POINT('',(31.5398588007987,44.7802000000001,101.093094436016));
#2097=CARTESIAN_POINT('',(41.6867532368147,51.7802,90.9462000000002));
#2098=CARTESIAN_POINT('',(41.6867532368147,44.7802,90.9462000000002));
#2099=CARTESIAN_POINT('',(41.6867532368147,51.7802,90.9462000000002));
#2100=CARTESIAN_POINT('Origin',(-41.1867532368148,44.7802,90.9462000000002));
#2101=CARTESIAN_POINT('',(-41.1867532368148,44.7802,90.9462000000002));
#2102=CARTESIAN_POINT('',(-18.9183766184074,44.7802000000001,90.9462000000002));
#2103=CARTESIAN_POINT('',(-41.1867532368148,51.7802,90.9462000000002));
#2104=CARTESIAN_POINT('',(-41.1867532368148,44.7802,90.9462000000002));
#2105=CARTESIAN_POINT('',(-41.1867532368148,51.7802,90.9462000000002));
#2106=CARTESIAN_POINT('Origin',(-56.8500000000001,44.7802,75.2829532368149));
#2107=CARTESIAN_POINT('',(-37.3214821823913,44.7802000000001,94.8114710544236));
#2108=CARTESIAN_POINT('',(-56.8500000000001,51.7802,75.2829532368149));
#2109=CARTESIAN_POINT('Origin',(-39.2813708498986,44.7802,86.3462000000002));
#2110=CARTESIAN_POINT('',(-39.2813708498986,44.7802,86.3462000000002));
#2111=CARTESIAN_POINT('',(-52.2500000000001,44.7802,73.3775708498987));
#2112=CARTESIAN_POINT('',(-46.123528137424,44.7802000000001,79.5040427124748));
#2113=CARTESIAN_POINT('',(-39.2813708498986,51.7802,86.3462000000002));
#2114=CARTESIAN_POINT('',(-39.2813708498986,44.7802,86.3462000000002));
#2115=CARTESIAN_POINT('',(-52.2500000000001,51.7802,73.3775708498987));
#2116=CARTESIAN_POINT('',(-39.2813708498986,51.7802,86.3462000000002));
#2117=CARTESIAN_POINT('',(-52.2500000000001,44.7802,73.3775708498987));
#2118=CARTESIAN_POINT('Origin',(39.7813708498985,44.7802,86.3462000000002));
#2119=CARTESIAN_POINT('',(39.7813708498985,44.7802,86.3462000000002));
#2120=CARTESIAN_POINT('',(20.0156854249492,44.7802000000001,86.3462000000002));
#2121=CARTESIAN_POINT('',(39.7813708498985,51.7802,86.3462000000002));
#2122=CARTESIAN_POINT('',(39.7813708498985,44.7802,86.3462000000002));
#2123=CARTESIAN_POINT('',(39.7813708498985,51.7802,86.3462000000002));
#2124=CARTESIAN_POINT('Origin',(52.75,44.7802,73.3775708498987));
#2125=CARTESIAN_POINT('',(52.75,44.7802,73.3775708498987));
#2126=CARTESIAN_POINT('',(53.1078427124746,44.7802000000001,73.0197281374241));
#2127=CARTESIAN_POINT('',(52.75,51.7802,73.3775708498987));
#2128=CARTESIAN_POINT('',(52.75,44.7802,73.3775708498987));
#2129=CARTESIAN_POINT('',(52.75,51.7802,73.3775708498987));
#2130=CARTESIAN_POINT('Origin',(52.75,44.7802,-34.4851708498983));
#2131=CARTESIAN_POINT('',(52.75,44.7802,-34.4851708498983));
#2132=CARTESIAN_POINT('',(52.75,44.7802,-7.5194854249491));
#2133=CARTESIAN_POINT('',(52.75,51.7802,-34.4851708498983));
#2134=CARTESIAN_POINT('',(52.75,44.7802,-34.4851708498983));
#2135=CARTESIAN_POINT('',(52.75,51.7802,-34.4851708498983));
#2136=CARTESIAN_POINT('Origin',(39.7813708498985,44.7802,-47.4537999999998));
#2137=CARTESIAN_POINT('',(39.7813708498985,44.7802,-47.4537999999998));
#2138=CARTESIAN_POINT('',(46.6235281374239,44.7801999999999,-40.6116427124744));
#2139=CARTESIAN_POINT('',(39.7813708498985,51.7802,-47.4537999999998));
#2140=CARTESIAN_POINT('',(39.7813708498985,44.7802,-47.4537999999998));
#2141=CARTESIAN_POINT('',(39.7813708498985,51.7802,-47.4537999999998));
#2142=CARTESIAN_POINT('Origin',(-39.2813708498985,44.7802,-47.4537999999998));
#2143=CARTESIAN_POINT('',(-39.2813708498985,44.7802,-47.4537999999998));
#2144=CARTESIAN_POINT('',(-19.5156854249492,44.7801999999999,-47.4537999999998));
#2145=CARTESIAN_POINT('',(-39.2813708498985,51.7802,-47.4537999999998));
#2146=CARTESIAN_POINT('',(-39.2813708498985,44.7802,-47.4537999999998));
#2147=CARTESIAN_POINT('',(-39.2813708498985,51.7802,-47.4537999999998));
#2148=CARTESIAN_POINT('Origin',(-52.25,44.7802,-34.4851708498983));
#2149=CARTESIAN_POINT('',(-52.25,44.7802,-34.4851708498983));
#2150=CARTESIAN_POINT('',(-52.6078427124746,44.7802,-34.1273281374237));
#2151=CARTESIAN_POINT('',(-52.25,51.7802,-34.4851708498983));
#2152=CARTESIAN_POINT('',(-52.25,44.7802,-34.4851708498983));
#2153=CARTESIAN_POINT('',(-52.25,51.7802,-34.4851708498983));
#2154=CARTESIAN_POINT('Origin',(-52.2500000000001,44.7802,73.3775708498987));
#2155=CARTESIAN_POINT('',(-52.2500000000001,44.7802000000001,46.4118854249494));
#2156=CARTESIAN_POINT('',(-52.2500000000001,51.7802,73.3775708498987));
#2157=CARTESIAN_POINT('Origin',(-48.95,36.2801999999999,-52.8537999999999));
#2158=CARTESIAN_POINT('',(-48.95,44.7801999999999,-52.8537999999999));
#2159=CARTESIAN_POINT('',(-15.4328920722982,44.7801999999999,-54.4431190616118));
#2160=CARTESIAN_POINT('',(-26.3136269801613,44.7801999999999,-53.9271748032135));
#2161=CARTESIAN_POINT('',(-48.95,62.9462000000001,-52.8537999999999));
#2162=CARTESIAN_POINT('',(-48.95,59.9462000000001,-52.8537999999999));
#2163=CARTESIAN_POINT('',(-5.41125160143237,39.3485523415434,-54.9183266559939));
#2164=CARTESIAN_POINT('Origin',(0.250000000000004,36.2801999999999,-55.1867727015818));
#2165=CARTESIAN_POINT('',(15.932892072297,44.7801999999999,-54.4431190616118));
#2166=CARTESIAN_POINT('',(49.45,44.7801999999999,-52.8537999999999));
#2167=CARTESIAN_POINT('',(5.30667232828034,44.7801999999999,-54.9469946832338));
#2168=CARTESIAN_POINT('',(49.45,62.9462,-52.8537999999999));
#2169=CARTESIAN_POINT('',(24.8499999999991,49.6132000000016,-54.0202863507909));
#2170=CARTESIAN_POINT('',(49.45,59.9462000000001,-52.8537999999999));
#2171=CARTESIAN_POINT('Origin',(49.45,62.9462000000001,-52.8537999999999));
#2172=CARTESIAN_POINT('',(-48.95,62.9462000000001,-52.8537999999999));
#2173=CARTESIAN_POINT('',(49.45,44.7801999999999,-54.4431190616119));
#2174=CARTESIAN_POINT('Origin',(-57.65,29.7801999999999,85.5462000000001));
#2175=CARTESIAN_POINT('',(-59.2393190616119,44.7802,31.2818816023062));
#2176=CARTESIAN_POINT('',(-57.65,62.9462000000001,85.5462000000001));
#2177=CARTESIAN_POINT('',(-59.61720414432,40.4609537402128,18.3797042226316));
#2178=CARTESIAN_POINT('',(-57.65,44.7802000000001,85.5462000000001));
#2179=CARTESIAN_POINT('',(-57.5119146174566,44.7802000000001,90.2608663910289));
#2180=CARTESIAN_POINT('',(-57.65,59.9462000000001,85.5462000000001));
#2181=CARTESIAN_POINT('Origin',(60.1767623792433,29.7801999999999,16.3462000000001));
#2182=CARTESIAN_POINT('',(59.7393190616121,44.7802000000001,31.2818816023915));
#2183=CARTESIAN_POINT('',(58.15,44.7802000000001,85.5462000000001));
#2184=CARTESIAN_POINT('',(59.0279527534525,44.7802000000001,55.5701499405));
#2185=CARTESIAN_POINT('',(58.15,62.9462000000001,85.5462));
#2186=CARTESIAN_POINT('',(61.1091728999799,29.1226989803169,-15.4892083812543));
#2187=CARTESIAN_POINT('',(58.15,59.9462000000001,85.5462));
#2188=CARTESIAN_POINT('Origin',(58.15,29.7801999999999,-44.1537999999999));
#2189=CARTESIAN_POINT('',(58.15,44.7801999999999,-44.1537999999999));
#2190=CARTESIAN_POINT('',(59.739319061612,44.7802,3.28827027536523));
#2191=CARTESIAN_POINT('',(60.4173457770401,44.7802,23.5277500996926));
#2192=CARTESIAN_POINT('',(58.15,62.9462000000001,-44.1537999999999));
#2193=CARTESIAN_POINT('',(58.15,59.9462000000001,-44.1537999999999));
#2194=CARTESIAN_POINT('',(58.3106610590985,61.1098356914877,-39.357976782142));
#2195=CARTESIAN_POINT('Origin',(-59.6767623792399,29.7801999999999,16.3462000000001));
#2196=CARTESIAN_POINT('',(-59.2393190616119,44.7802,3.2882702754419));
#2197=CARTESIAN_POINT('',(-57.65,44.7801999999999,-44.1537999999999));
#2198=CARTESIAN_POINT('',(-60.9272518491558,44.7802000000001,53.6740158825335));
#2199=CARTESIAN_POINT('',(-57.65,62.9462000000001,-44.1537999999999));
#2200=CARTESIAN_POINT('',(-58.5922953083788,52.1757153405838,-16.0257536434767));
#2201=CARTESIAN_POINT('',(-57.65,59.9462000000001,-44.1537999999999));
#2202=CARTESIAN_POINT('Origin',(59.739319061612,44.7802,-52.8537999999999));
#2203=CARTESIAN_POINT('',(59.739319061612,44.7802,-52.8537999999999));
#2204=CARTESIAN_POINT('',(58.15,62.9462000000001,-44.1537999999999));
#2205=CARTESIAN_POINT('Origin',(3.35000000000003,44.7802000000001,93.1970245072498));
#2206=CARTESIAN_POINT('Origin',(49.45,44.7801999999999,-44.1537999999999));
#2207=CARTESIAN_POINT('',(51.95,44.7802000000001,91.7462));
#2208=CARTESIAN_POINT('Origin',(51.95,44.7802000000001,85.5462000000001));
#2209=CARTESIAN_POINT('',(23.6323795453184,44.7802000000001,93.3355190616115));
#2210=CARTESIAN_POINT('',(27.685718581637,44.7802000000001,93.1080264654768));
#2211=CARTESIAN_POINT('',(-23.1323795453284,44.7802000000001,93.335519061611));
#2212=CARTESIAN_POINT('',(30.75,44.7802000000001,93.3355190616116));
#2213=CARTESIAN_POINT('',(-51.45,44.7802000000001,91.7461999999987));
#2214=CARTESIAN_POINT('',(1.7545471235872,44.7802000000001,94.7322913293633));
#2215=CARTESIAN_POINT('Origin',(-51.4500000000001,44.7802000000001,85.5462000000001));
#2216=CARTESIAN_POINT('',(-59.239319061612,44.7802,-52.8537999999999));
#2217=CARTESIAN_POINT('Origin',(-48.95,44.7801999999999,-44.1537999999999));
#2218=CARTESIAN_POINT('',(-55.2893921292465,44.7802000000001,86.0855921292466));
#2219=CARTESIAN_POINT('Origin',(-51.9893921292465,44.7802000000001,86.0855921292466));
#2220=CARTESIAN_POINT('',(49.1893921292465,44.7801999999999,-47.1931921292464));
#2221=CARTESIAN_POINT('Origin',(52.4893921292465,44.7801999999999,-47.1931921292464));
#2222=CARTESIAN_POINT('',(-55.2893921292465,44.7801999999999,-47.1931921292463));
#2223=CARTESIAN_POINT('Origin',(-51.9893921292465,44.7801999999999,-47.1931921292463));
#2224=CARTESIAN_POINT('',(49.1893921292465,44.7802000000001,86.0855921292467));
#2225=CARTESIAN_POINT('Origin',(52.4893921292465,44.7802000000001,86.0855921292467));
#2226=CARTESIAN_POINT('Origin',(-57.65,62.9462000000001,-52.8537999999999));
#2227=CARTESIAN_POINT('',(-57.65,62.9462000000001,85.5462000000001));
#2228=CARTESIAN_POINT('Origin',(51.95,29.7801999999999,91.7462000000001));
#2229=CARTESIAN_POINT('',(51.95,62.9461999999992,91.7462));
#2230=CARTESIAN_POINT('',(51.95,66.4462000000001,91.7462));
#2231=CARTESIAN_POINT('',(39.0441407966085,54.6669789876262,92.4705379814081));
#2232=CARTESIAN_POINT('Origin',(0.250000000000012,29.7801999999999,94.6478490145001));
#2233=CARTESIAN_POINT('',(-51.45,62.9461999999999,91.7461999999987));
#2234=CARTESIAN_POINT('',(20.7139426203914,16.6524026896019,95.7963824562263));
#2235=CARTESIAN_POINT('',(-51.45,29.7801999999998,91.7461999999987));
#2236=CARTESIAN_POINT('Origin',(58.15,29.7802,94.6478490145008));
#2237=CARTESIAN_POINT('',(58.15,62.9462000000001,91.7462));
#2238=CARTESIAN_POINT('Origin',(-48.95,64.0333557427477,-51.8576053019082));
#2239=CARTESIAN_POINT('',(49.45,62.9462,-52.8537999999999));
#2240=CARTESIAN_POINT('',(-48.95,62.9462000000001,-52.8537999999999));
#2241=CARTESIAN_POINT('Origin',(-48.95,64.0333557427477,-44.1537999999999));
#2242=CARTESIAN_POINT('Origin',(-48.95,62.9462000000001,-44.1537999999999));
#2243=CARTESIAN_POINT('',(-57.65,62.9462000000001,-44.1537999999999));
#2244=CARTESIAN_POINT('Origin',(-56.6538053019083,64.0333557427477,85.5462000000001));
#2245=CARTESIAN_POINT('',(-57.65,62.9462000000001,85.5462000000001));
#2246=CARTESIAN_POINT('Origin',(49.45,59.9461999999999,-44.1537999999999));
#2247=CARTESIAN_POINT('Origin',(49.45,62.9462000000001,-44.1537999999999));
#2248=CARTESIAN_POINT('Origin',(51.95,59.9462000000001,85.5462000000001));
#2249=CARTESIAN_POINT('Origin',(51.95,62.9462000000001,85.5462000000001));
#2250=CARTESIAN_POINT('Origin',(52.4893921292465,44.9302,86.0855921292467));
#2251=CARTESIAN_POINT('',(49.4893921292465,45.0801999999999,86.0855921292467));
#2252=CARTESIAN_POINT('',(49.3393921292465,44.9302,86.0855921292467));
#2253=CARTESIAN_POINT('Origin',(52.4893921292465,45.0801999999999,86.0855921292467));
#2254=CARTESIAN_POINT('Origin',(52.4893921292465,44.7802,86.0855921292467));
#2255=CARTESIAN_POINT('',(49.4893921292465,59.7802,86.0855921292467));
#2256=CARTESIAN_POINT('',(49.4893921292465,44.7802,86.0855921292467));
#2257=CARTESIAN_POINT('Origin',(52.4893921292465,59.7802,86.0855921292467));
#2258=CARTESIAN_POINT('Origin',(-51.9893921292465,44.9302,86.0855921292466));
#2259=CARTESIAN_POINT('',(-54.9893921292465,45.0801999999999,86.0855921292466));
#2260=CARTESIAN_POINT('',(-55.1393921292465,44.9302,86.0855921292466));
#2261=CARTESIAN_POINT('Origin',(-51.9893921292465,45.0801999999999,86.0855921292466));
#2262=CARTESIAN_POINT('Origin',(-51.9893921292465,44.7802,86.0855921292466));
#2263=CARTESIAN_POINT('',(-54.9893921292465,59.7802,86.0855921292466));
#2264=CARTESIAN_POINT('',(-54.9893921292465,44.7802,86.0855921292466));
#2265=CARTESIAN_POINT('Origin',(-51.9893921292465,59.7802,86.0855921292466));
#2266=CARTESIAN_POINT('Origin',(-51.9893921292465,44.9302,-47.1931921292463));
#2267=CARTESIAN_POINT('',(-54.9893921292465,45.0802000000001,-47.1931921292463));
#2268=CARTESIAN_POINT('',(-55.1393921292465,44.9302,-47.1931921292463));
#2269=CARTESIAN_POINT('Origin',(-51.9893921292465,45.0802000000001,-47.1931921292463));
#2270=CARTESIAN_POINT('Origin',(-51.9893921292465,44.7802,-47.1931921292463));
#2271=CARTESIAN_POINT('',(-54.9893921292465,59.7802,-47.1931921292463));
#2272=CARTESIAN_POINT('',(-54.9893921292465,44.7802,-47.1931921292463));
#2273=CARTESIAN_POINT('',(-51.448430635007,59.7802,-44.2423684032758));
#2274=CARTESIAN_POINT('Origin',(-51.9893921292465,59.7802,-47.1931921292463));
#2275=CARTESIAN_POINT('',(-51.448430635007,53.2802,-44.2423684032758));
#2276=CARTESIAN_POINT('',(-51.448430635007,44.7802,-44.2423684032758));
#2277=CARTESIAN_POINT('',(-49.038568403276,53.2802,-46.6522306350068));
#2278=CARTESIAN_POINT('Origin',(-51.9893921292465,53.2802,-47.1931921292463));
#2279=CARTESIAN_POINT('',(-49.038568403276,59.7802,-46.6522306350069));
#2280=CARTESIAN_POINT('',(-49.038568403276,44.7802,-46.6522306350068));
#2281=CARTESIAN_POINT('Origin',(-51.9893921292465,59.7802,-47.1931921292463));
#2282=CARTESIAN_POINT('Origin',(52.4893921292465,44.9302,-47.1931921292464));
#2283=CARTESIAN_POINT('',(49.4893921292465,45.0802000000001,-47.1931921292464));
#2284=CARTESIAN_POINT('',(49.3393921292465,44.9302,-47.1931921292464));
#2285=CARTESIAN_POINT('Origin',(52.4893921292465,45.0802000000001,-47.1931921292464));
#2286=CARTESIAN_POINT('Origin',(52.4893921292465,44.7802,-47.1931921292464));
#2287=CARTESIAN_POINT('',(49.4893921292465,59.7802,-47.1931921292464));
#2288=CARTESIAN_POINT('',(49.4893921292465,44.7802,-47.1931921292464));
#2289=CARTESIAN_POINT('',(49.5385684032761,59.7802,-46.6522306350069));
#2290=CARTESIAN_POINT('Origin',(52.4893921292465,59.7802,-47.1931921292464));
#2291=CARTESIAN_POINT('',(49.5385684032761,53.2802,-46.6522306350068));
#2292=CARTESIAN_POINT('',(49.5385684032761,44.7802,-46.6522306350068));
#2293=CARTESIAN_POINT('',(51.9484306350069,53.2802,-44.2423684032759));
#2294=CARTESIAN_POINT('Origin',(52.4893921292465,53.2802,-47.1931921292464));
#2295=CARTESIAN_POINT('',(51.9484306350069,59.7802,-44.2423684032759));
#2296=CARTESIAN_POINT('',(51.9484306350069,44.7802,-44.2423684032759));
#2297=CARTESIAN_POINT('Origin',(52.4893921292465,59.7802,-47.1931921292464));
#2298=CARTESIAN_POINT('Origin',(-51.9893921292465,59.7802,-47.1931921292463));
#2299=CARTESIAN_POINT('Origin',(-48.95,59.7802,-44.1537999999999));
#2300=CARTESIAN_POINT('Origin',(52.4893921292465,59.7802,86.0855921292467));
#2301=CARTESIAN_POINT('Origin',(52.4893921292465,59.7802,-47.1931921292464));
#2302=CARTESIAN_POINT('Origin',(49.45,59.7802,-44.1537999999999));
#2303=CARTESIAN_POINT('Origin',(-51.9893921292465,59.7802,86.0855921292466));
#2304=CARTESIAN_POINT('Origin',(-48.95,59.9461999999999,-44.1537999999999));
#2305=CARTESIAN_POINT('',(-48.95,53.2802,-46.6537999999999));
#2306=CARTESIAN_POINT('Origin',(-48.95,53.2802,-44.1537999999999));
#2307=CARTESIAN_POINT('',(-48.95,59.9461999999999,-46.6537999999999));
#2308=CARTESIAN_POINT('Origin',(-48.95,53.2802,-44.1537999999999));
#2309=CARTESIAN_POINT('Origin',(49.45,59.9461999999999,-44.1537999999999));
#2310=CARTESIAN_POINT('',(51.95,53.2802,-44.1537999999999));
#2311=CARTESIAN_POINT('Origin',(49.45,53.2802,-44.1537999999999));
#2312=CARTESIAN_POINT('',(51.95,59.9461999999999,-44.1537999999999));
#2313=CARTESIAN_POINT('',(49.45,53.2802,-46.6537999999999));
#2314=CARTESIAN_POINT('',(49.45,59.9461999999999,-46.6537999999999));
#2315=CARTESIAN_POINT('Origin',(49.45,53.2802,-44.1537999999999));
#2316=CARTESIAN_POINT('Origin',(0.249999999999968,51.7802,19.4462000000001));
#2317=CARTESIAN_POINT('Origin',(-45.2,53.2802,-40.4037999999999));
#2318=CARTESIAN_POINT('',(-38.95,53.2802,-46.6537999999999));
#2319=CARTESIAN_POINT('',(-51.45,53.2802,-34.1537999999999));
#2320=CARTESIAN_POINT('',(2.12499999999999,53.2802,-46.6537999999999));
#2321=CARTESIAN_POINT('Origin',(49.45,59.9461999999999,-46.6537999999999));
#2322=CARTESIAN_POINT('',(-38.95,44.7802,-46.6537999999999));
#2323=CARTESIAN_POINT('',(-38.95,52.3632,-46.6537999999999));
#2324=CARTESIAN_POINT('',(39.45,44.7802,-46.6537999999999));
#2325=CARTESIAN_POINT('',(24.85,44.7801999999999,-46.6537999999999));
#2326=CARTESIAN_POINT('',(39.45,53.2802,-46.6537999999999));
#2327=CARTESIAN_POINT('',(39.45,52.3632,-46.6537999999999));
#2328=CARTESIAN_POINT('',(47.575,53.2802,-46.6537999999999));
#2329=CARTESIAN_POINT('Origin',(45.7,53.2802,-40.4037999999999));
#2330=CARTESIAN_POINT('',(51.95,53.2802,-34.1537999999999));
#2331=CARTESIAN_POINT('',(51.95,53.2802,-34.1537999999999));
#2332=CARTESIAN_POINT('',(51.95,53.2802,19.4712000000001));
#2333=CARTESIAN_POINT('Origin',(51.95,59.9462000000001,79.3462000000001));
#2334=CARTESIAN_POINT('',(51.95,44.7802,-34.1537999999999));
#2335=CARTESIAN_POINT('',(51.95,52.3632000000001,-34.1537999999999));
#2336=CARTESIAN_POINT('',(51.95,44.7802,73.0462000000002));
#2337=CARTESIAN_POINT('',(51.9500000000001,44.7802000000001,51.2462000000002));
#2338=CARTESIAN_POINT('',(51.95,52.3632000000001,73.0462000000001));
#2339=CARTESIAN_POINT('Origin',(39.45,44.7802,-46.6537999999999));
#2340=CARTESIAN_POINT('',(51.95,44.7802,-34.1537999999999));
#2341=CARTESIAN_POINT('Origin',(-51.45,44.7802,-34.1537999999999));
#2342=CARTESIAN_POINT('',(-51.45,44.7802,-34.1537999999999));
#2343=CARTESIAN_POINT('Origin',(-38.9500000000001,44.7802,85.5462000000001));
#2344=CARTESIAN_POINT('',(-38.9500000000001,44.7802,85.5462000000001));
#2345=CARTESIAN_POINT('',(-51.4500000000001,44.7802,73.0462000000001));
#2346=CARTESIAN_POINT('',(-38.9500000000001,49.3632000000001,85.5462000000001));
#2347=CARTESIAN_POINT('Origin',(51.95,44.7802,73.0462000000002));
#2348=CARTESIAN_POINT('',(39.45,44.7802,85.5462000000002));
#2349=CARTESIAN_POINT('',(51.95,44.7802,73.0462000000002));
#2350=CARTESIAN_POINT('',(39.4500000000001,49.3632000000001,85.5462000000001));
#2351=CARTESIAN_POINT('Origin',(0.249999999999995,44.7802,19.4462000000001));
#2352=CARTESIAN_POINT('',(23.,44.7802000000001,85.5462000000001));
#2353=CARTESIAN_POINT('Origin',(-45.2500000000001,53.9462000000001,85.5462000000001));
#2354=CARTESIAN_POINT('Origin',(-48.95,59.9461999999999,-44.1537999999999));
#2355=CARTESIAN_POINT('Origin',(-51.4500000000001,59.9462000000001,85.5462000000001));
#2356=CARTESIAN_POINT('Origin',(-51.4500000000001,62.9462000000001,85.5462000000001));
#2357=CARTESIAN_POINT('Origin',(0.,64.9462000000001,-4.));
#2358=CARTESIAN_POINT('',(2.25,64.9462000000001,-4.));
#2359=CARTESIAN_POINT('Origin',(-31.997306929786,64.9462000000001,-39.997306929786));
#2360=CARTESIAN_POINT('',(-29.747306929786,64.9462000000001,-39.997306929786));
#2361=CARTESIAN_POINT('Origin',(31.9973069297861,64.9462000000001,-39.9973069297861));
#2362=CARTESIAN_POINT('',(34.2473069297861,64.9462000000001,-39.9973069297861));
#2363=CARTESIAN_POINT('Origin',(-51.4500000000001,64.0333557427477,85.5462000000001));
#2364=CARTESIAN_POINT('',(-51.4500000000001,65.1205114854954,89.7538106038166));
#2365=CARTESIAN_POINT('Origin',(51.95,64.0333557427477,90.7500053019083));
#2366=CARTESIAN_POINT('',(51.95,62.9462000000001,91.7462));
#2367=CARTESIAN_POINT('Origin',(51.95,64.0333557427477,85.5462000000001));
#2368=CARTESIAN_POINT('',(58.15,62.9462000000001,85.5462));
#2369=CARTESIAN_POINT('Origin',(57.1538053019083,64.0333557427477,-44.1537999999999));
#2370=CARTESIAN_POINT('',(58.15,62.9462000000001,-44.1537999999999));
#2371=CARTESIAN_POINT('Origin',(49.45,64.0333557427477,-44.1537999999999));
#2372=UNCERTAINTY_MEASURE_WITH_UNIT(LENGTH_MEASURE(0.01),#2376,
'DISTANCE_ACCURACY_VALUE',
'Maximum model space distance between geometric entities at asserted c
onnectivities');
#2373=UNCERTAINTY_MEASURE_WITH_UNIT(LENGTH_MEASURE(0.01),#2376,
'DISTANCE_ACCURACY_VALUE',
'Maximum model space distance between geometric entities at asserted c
onnectivities');
#2374=(
GEOMETRIC_REPRESENTATION_CONTEXT(3)
GLOBAL_UNCERTAINTY_ASSIGNED_CONTEXT((#2372))
GLOBAL_UNIT_ASSIGNED_CONTEXT((#2376,#2378,#2379))
REPRESENTATION_CONTEXT('','3D')
);
#2375=(
GEOMETRIC_REPRESENTATION_CONTEXT(3)
GLOBAL_UNCERTAINTY_ASSIGNED_CONTEXT((#2373))
GLOBAL_UNIT_ASSIGNED_CONTEXT((#2376,#2378,#2379))
REPRESENTATION_CONTEXT('','3D')
);
#2376=(
LENGTH_UNIT()
NAMED_UNIT(*)
SI_UNIT(.MILLI.,.METRE.)
);
#2377=(
LENGTH_UNIT()
NAMED_UNIT(*)
SI_UNIT($,.METRE.)
);
#2378=(
NAMED_UNIT(*)
PLANE_ANGLE_UNIT()
SI_UNIT($,.RADIAN.)
);
#2379=(
NAMED_UNIT(*)
SI_UNIT($,.STERADIAN.)
SOLID_ANGLE_UNIT()
);
#2380=SHAPE_DEFINITION_REPRESENTATION(#2381,#2382);
#2381=PRODUCT_DEFINITION_SHAPE('',$,#2384);
#2382=SHAPE_REPRESENTATION('',(#1436),#2374);
#2383=PRODUCT_DEFINITION_CONTEXT('part definition',#2388,'design');
#2384=PRODUCT_DEFINITION('2026-08-17-19-33-46-117','Orion Top',#2385,#2383);
#2385=PRODUCT_DEFINITION_FORMATION('',$,#2390);
#2386=PRODUCT_RELATED_PRODUCT_CATEGORY('Orion Top','Orion Top',(#2390));
#2387=APPLICATION_PROTOCOL_DEFINITION('international standard',
'automotive_design',2009,#2388);
#2388=APPLICATION_CONTEXT(
'Core Data for Automotive Mechanical Design Process');
#2389=PRODUCT_CONTEXT('part definition',#2388,'mechanical');
#2390=PRODUCT('2026-08-17-19-33-46-117','Orion Top',$,(#2389));
#2391=PRESENTATION_STYLE_ASSIGNMENT((#2392));
#2392=SURFACE_STYLE_USAGE(.BOTH.,#2393);
#2393=SURFACE_SIDE_STYLE('',(#2394));
#2394=SURFACE_STYLE_FILL_AREA(#2395);
#2395=FILL_AREA_STYLE('ABS (White)',(#2396));
#2396=FILL_AREA_STYLE_COLOUR('ABS (White)',#2397);
#2397=COLOUR_RGB('ABS (White)',0.964705882352941,0.964705882352941,0.952941176470588);
ENDSEC;
END-ISO-10303-21;
