ISO-10303-21;
HEADER;
/* Generated by software containing ST-Developer
 * from STEP Tools, Inc. (www.steptools.com) 
 */

FILE_DESCRIPTION(
/* description */ (''),
/* implementation_level */ '2;1');

FILE_NAME(
/* name */ 'Orion Bottom Housing.step',
/* time_stamp */ '2026-08-17T19:33:40+05:30',
/* author */ (''),
/* organization */ (''),
/* preprocessor_version */ 'ST-DEVELOPER v20.1',
/* originating_system */ 'Autodesk Translation Framework v15.8.0.0',
/* authorisation */ '');

FILE_SCHEMA (('AUTOMOTIVE_DESIGN { 1 0 10303 214 3 1 1 }'));
ENDSEC;

DATA;
#10=MECHANICAL_DESIGN_GEOMETRIC_PRESENTATION_REPRESENTATION('',(#13),#6163);
#11=SHAPE_REPRESENTATION_RELATIONSHIP('SRR','None',#6170,#12);
#12=ADVANCED_BREP_SHAPE_REPRESENTATION('',(#14),#6162);
#13=STYLED_ITEM('',(#6180),#14);
#14=MANIFOLD_SOLID_BREP('Orion Bottom',#3852);
#15=CIRCLE('',#3931,18.5);
#16=CIRCLE('',#3938,18.5);
#17=CIRCLE('',#3948,18.5);
#18=CIRCLE('',#3964,18.5);
#19=CIRCLE('',#3975,4.);
#20=CIRCLE('',#3976,2.25);
#21=CIRCLE('',#3978,4.);
#22=CIRCLE('',#3979,2.25000000000001);
#23=CIRCLE('',#3984,4.);
#24=CIRCLE('',#3985,2.25);
#25=CIRCLE('',#3987,3.99999999999999);
#26=CIRCLE('',#3988,2.25);
#27=CIRCLE('',#4003,2.25);
#28=CIRCLE('',#4005,2.25);
#29=CIRCLE('',#4007,2.25);
#30=CIRCLE('',#4009,2.25000000000001);
#31=CIRCLE('',#4014,5.);
#32=CIRCLE('',#4031,6.19999999999997);
#33=CIRCLE('',#4041,6.19999999999999);
#34=CIRCLE('',#4049,8.69999999999999);
#35=CIRCLE('',#4050,8.69999999999999);
#36=CIRCLE('',#4065,5.);
#37=FACE_BOUND('',#454,.T.);
#38=FACE_BOUND('',#484,.T.);
#39=FACE_BOUND('',#490,.T.);
#40=FACE_BOUND('',#493,.T.);
#41=FACE_BOUND('',#496,.T.);
#42=FACE_BOUND('',#497,.T.);
#43=FACE_BOUND('',#503,.T.);
#44=FACE_BOUND('',#519,.T.);
#45=FACE_BOUND('',#522,.T.);
#46=FACE_BOUND('',#525,.T.);
#47=FACE_BOUND('',#527,.T.);
#48=FACE_BOUND('',#533,.T.);
#49=FACE_BOUND('',#548,.T.);
#50=FACE_BOUND('',#550,.T.);
#51=FACE_BOUND('',#555,.T.);
#52=FACE_BOUND('',#557,.T.);
#53=FACE_BOUND('',#582,.T.);
#54=FACE_BOUND('',#584,.T.);
#55=FACE_BOUND('',#600,.T.);
#56=FACE_BOUND('',#608,.T.);
#57=FACE_BOUND('',#609,.T.);
#58=FACE_BOUND('',#610,.T.);
#59=FACE_BOUND('',#611,.T.);
#60=FACE_BOUND('',#612,.T.);
#61=FACE_BOUND('',#632,.T.);
#62=FACE_BOUND('',#633,.T.);
#63=FACE_BOUND('',#635,.T.);
#64=FACE_BOUND('',#636,.T.);
#65=FACE_BOUND('',#638,.T.);
#66=FACE_BOUND('',#639,.T.);
#67=FACE_BOUND('',#664,.T.);
#68=FACE_BOUND('',#665,.T.);
#69=FACE_BOUND('',#666,.T.);
#70=FACE_BOUND('',#667,.T.);
#71=FACE_BOUND('',#668,.T.);
#72=FACE_BOUND('',#669,.T.);
#73=FACE_BOUND('',#673,.T.);
#74=FACE_BOUND('',#674,.T.);
#75=PLANE('',#3872);
#76=PLANE('',#3873);
#77=PLANE('',#3874);
#78=PLANE('',#3875);
#79=PLANE('',#3876);
#80=PLANE('',#3877);
#81=PLANE('',#3878);
#82=PLANE('',#3879);
#83=PLANE('',#3880);
#84=PLANE('',#3881);
#85=PLANE('',#3882);
#86=PLANE('',#3883);
#87=PLANE('',#3884);
#88=PLANE('',#3885);
#89=PLANE('',#3886);
#90=PLANE('',#3887);
#91=PLANE('',#3888);
#92=PLANE('',#3889);
#93=PLANE('',#3890);
#94=PLANE('',#3891);
#95=PLANE('',#3892);
#96=PLANE('',#3893);
#97=PLANE('',#3894);
#98=PLANE('',#3895);
#99=PLANE('',#3897);
#100=PLANE('',#3898);
#101=PLANE('',#3899);
#102=PLANE('',#3900);
#103=PLANE('',#3901);
#104=PLANE('',#3902);
#105=PLANE('',#3903);
#106=PLANE('',#3904);
#107=PLANE('',#3905);
#108=PLANE('',#3906);
#109=PLANE('',#3907);
#110=PLANE('',#3908);
#111=PLANE('',#3909);
#112=PLANE('',#3910);
#113=PLANE('',#3911);
#114=PLANE('',#3915);
#115=PLANE('',#3919);
#116=PLANE('',#3923);
#117=PLANE('',#3925);
#118=PLANE('',#3928);
#119=PLANE('',#3929);
#120=PLANE('',#3930);
#121=PLANE('',#3932);
#122=PLANE('',#3933);
#123=PLANE('',#3934);
#124=PLANE('',#3935);
#125=PLANE('',#3936);
#126=PLANE('',#3939);
#127=PLANE('',#3940);
#128=PLANE('',#3941);
#129=PLANE('',#3942);
#130=PLANE('',#3943);
#131=PLANE('',#3944);
#132=PLANE('',#3945);
#133=PLANE('',#3946);
#134=PLANE('',#3947);
#135=PLANE('',#3949);
#136=PLANE('',#3950);
#137=PLANE('',#3951);
#138=PLANE('',#3952);
#139=PLANE('',#3953);
#140=PLANE('',#3954);
#141=PLANE('',#3955);
#142=PLANE('',#3956);
#143=PLANE('',#3957);
#144=PLANE('',#3958);
#145=PLANE('',#3959);
#146=PLANE('',#3960);
#147=PLANE('',#3961);
#148=PLANE('',#3965);
#149=PLANE('',#3966);
#150=PLANE('',#3967);
#151=PLANE('',#3968);
#152=PLANE('',#3969);
#153=PLANE('',#3970);
#154=PLANE('',#3971);
#155=PLANE('',#3972);
#156=PLANE('',#3973);
#157=PLANE('',#3974);
#158=PLANE('',#3977);
#159=PLANE('',#3980);
#160=PLANE('',#3981);
#161=PLANE('',#3982);
#162=PLANE('',#3983);
#163=PLANE('',#3986);
#164=PLANE('',#3989);
#165=PLANE('',#3990);
#166=PLANE('',#3991);
#167=PLANE('',#3992);
#168=PLANE('',#3993);
#169=PLANE('',#3994);
#170=PLANE('',#3995);
#171=PLANE('',#3996);
#172=PLANE('',#3997);
#173=PLANE('',#3998);
#174=PLANE('',#3999);
#175=PLANE('',#4000);
#176=PLANE('',#4001);
#177=PLANE('',#4010);
#178=PLANE('',#4011);
#179=PLANE('',#4012);
#180=PLANE('',#4013);
#181=PLANE('',#4016);
#182=PLANE('',#4017);
#183=PLANE('',#4018);
#184=PLANE('',#4019);
#185=PLANE('',#4020);
#186=PLANE('',#4021);
#187=PLANE('',#4022);
#188=PLANE('',#4023);
#189=PLANE('',#4028);
#190=PLANE('',#4032);
#191=PLANE('',#4033);
#192=PLANE('',#4034);
#193=PLANE('',#4035);
#194=PLANE('',#4036);
#195=PLANE('',#4037);
#196=PLANE('',#4038);
#197=PLANE('',#4042);
#198=PLANE('',#4047);
#199=PLANE('',#4048);
#200=PLANE('',#4051);
#201=PLANE('',#4052);
#202=PLANE('',#4053);
#203=PLANE('',#4054);
#204=PLANE('',#4055);
#205=PLANE('',#4056);
#206=PLANE('',#4057);
#207=PLANE('',#4058);
#208=PLANE('',#4059);
#209=PLANE('',#4060);
#210=PLANE('',#4061);
#211=PLANE('',#4062);
#212=PLANE('',#4066);
#213=PLANE('',#4067);
#214=PLANE('',#4068);
#215=PLANE('',#4069);
#216=PLANE('',#4072);
#217=PLANE('',#4073);
#218=PLANE('',#4074);
#219=PLANE('',#4077);
#220=PLANE('',#4078);
#221=PLANE('',#4079);
#222=PLANE('',#4080);
#223=PLANE('',#4081);
#224=PLANE('',#4082);
#225=PLANE('',#4083);
#226=PLANE('',#4084);
#227=PLANE('',#4085);
#228=PLANE('',#4086);
#229=PLANE('',#4087);
#230=PLANE('',#4088);
#231=PLANE('',#4089);
#232=PLANE('',#4090);
#233=PLANE('',#4091);
#234=PLANE('',#4092);
#235=PLANE('',#4093);
#236=PLANE('',#4094);
#237=PLANE('',#4095);
#238=PLANE('',#4096);
#239=PLANE('',#4097);
#240=PLANE('',#4098);
#241=PLANE('',#4099);
#242=PLANE('',#4100);
#243=PLANE('',#4101);
#244=PLANE('',#4102);
#245=PLANE('',#4103);
#246=PLANE('',#4104);
#247=PLANE('',#4105);
#248=PLANE('',#4106);
#249=FACE_OUTER_BOUND('',#445,.T.);
#250=FACE_OUTER_BOUND('',#446,.T.);
#251=FACE_OUTER_BOUND('',#447,.T.);
#252=FACE_OUTER_BOUND('',#448,.T.);
#253=FACE_OUTER_BOUND('',#449,.T.);
#254=FACE_OUTER_BOUND('',#450,.T.);
#255=FACE_OUTER_BOUND('',#451,.T.);
#256=FACE_OUTER_BOUND('',#452,.T.);
#257=FACE_OUTER_BOUND('',#453,.T.);
#258=FACE_OUTER_BOUND('',#455,.T.);
#259=FACE_OUTER_BOUND('',#456,.T.);
#260=FACE_OUTER_BOUND('',#457,.T.);
#261=FACE_OUTER_BOUND('',#458,.T.);
#262=FACE_OUTER_BOUND('',#459,.T.);
#263=FACE_OUTER_BOUND('',#460,.T.);
#264=FACE_OUTER_BOUND('',#461,.T.);
#265=FACE_OUTER_BOUND('',#462,.T.);
#266=FACE_OUTER_BOUND('',#463,.T.);
#267=FACE_OUTER_BOUND('',#464,.T.);
#268=FACE_OUTER_BOUND('',#465,.T.);
#269=FACE_OUTER_BOUND('',#466,.T.);
#270=FACE_OUTER_BOUND('',#467,.T.);
#271=FACE_OUTER_BOUND('',#468,.T.);
#272=FACE_OUTER_BOUND('',#469,.T.);
#273=FACE_OUTER_BOUND('',#470,.T.);
#274=FACE_OUTER_BOUND('',#471,.T.);
#275=FACE_OUTER_BOUND('',#472,.T.);
#276=FACE_OUTER_BOUND('',#473,.T.);
#277=FACE_OUTER_BOUND('',#474,.T.);
#278=FACE_OUTER_BOUND('',#475,.T.);
#279=FACE_OUTER_BOUND('',#476,.T.);
#280=FACE_OUTER_BOUND('',#477,.T.);
#281=FACE_OUTER_BOUND('',#478,.T.);
#282=FACE_OUTER_BOUND('',#479,.T.);
#283=FACE_OUTER_BOUND('',#480,.T.);
#284=FACE_OUTER_BOUND('',#481,.T.);
#285=FACE_OUTER_BOUND('',#482,.T.);
#286=FACE_OUTER_BOUND('',#483,.T.);
#287=FACE_OUTER_BOUND('',#485,.T.);
#288=FACE_OUTER_BOUND('',#486,.T.);
#289=FACE_OUTER_BOUND('',#487,.T.);
#290=FACE_OUTER_BOUND('',#488,.T.);
#291=FACE_OUTER_BOUND('',#489,.T.);
#292=FACE_OUTER_BOUND('',#491,.T.);
#293=FACE_OUTER_BOUND('',#492,.T.);
#294=FACE_OUTER_BOUND('',#494,.T.);
#295=FACE_OUTER_BOUND('',#495,.T.);
#296=FACE_OUTER_BOUND('',#498,.T.);
#297=FACE_OUTER_BOUND('',#499,.T.);
#298=FACE_OUTER_BOUND('',#500,.T.);
#299=FACE_OUTER_BOUND('',#501,.T.);
#300=FACE_OUTER_BOUND('',#502,.T.);
#301=FACE_OUTER_BOUND('',#504,.T.);
#302=FACE_OUTER_BOUND('',#505,.T.);
#303=FACE_OUTER_BOUND('',#506,.T.);
#304=FACE_OUTER_BOUND('',#507,.T.);
#305=FACE_OUTER_BOUND('',#508,.T.);
#306=FACE_OUTER_BOUND('',#509,.T.);
#307=FACE_OUTER_BOUND('',#510,.T.);
#308=FACE_OUTER_BOUND('',#511,.T.);
#309=FACE_OUTER_BOUND('',#512,.T.);
#310=FACE_OUTER_BOUND('',#513,.T.);
#311=FACE_OUTER_BOUND('',#514,.T.);
#312=FACE_OUTER_BOUND('',#515,.T.);
#313=FACE_OUTER_BOUND('',#516,.T.);
#314=FACE_OUTER_BOUND('',#517,.T.);
#315=FACE_OUTER_BOUND('',#518,.T.);
#316=FACE_OUTER_BOUND('',#520,.T.);
#317=FACE_OUTER_BOUND('',#521,.T.);
#318=FACE_OUTER_BOUND('',#523,.T.);
#319=FACE_OUTER_BOUND('',#524,.T.);
#320=FACE_OUTER_BOUND('',#526,.T.);
#321=FACE_OUTER_BOUND('',#528,.T.);
#322=FACE_OUTER_BOUND('',#529,.T.);
#323=FACE_OUTER_BOUND('',#530,.T.);
#324=FACE_OUTER_BOUND('',#531,.T.);
#325=FACE_OUTER_BOUND('',#532,.T.);
#326=FACE_OUTER_BOUND('',#534,.T.);
#327=FACE_OUTER_BOUND('',#535,.T.);
#328=FACE_OUTER_BOUND('',#536,.T.);
#329=FACE_OUTER_BOUND('',#537,.T.);
#330=FACE_OUTER_BOUND('',#538,.T.);
#331=FACE_OUTER_BOUND('',#539,.T.);
#332=FACE_OUTER_BOUND('',#540,.T.);
#333=FACE_OUTER_BOUND('',#541,.T.);
#334=FACE_OUTER_BOUND('',#542,.T.);
#335=FACE_OUTER_BOUND('',#543,.T.);
#336=FACE_OUTER_BOUND('',#544,.T.);
#337=FACE_OUTER_BOUND('',#545,.T.);
#338=FACE_OUTER_BOUND('',#546,.T.);
#339=FACE_OUTER_BOUND('',#547,.T.);
#340=FACE_OUTER_BOUND('',#549,.T.);
#341=FACE_OUTER_BOUND('',#551,.T.);
#342=FACE_OUTER_BOUND('',#552,.T.);
#343=FACE_OUTER_BOUND('',#553,.T.);
#344=FACE_OUTER_BOUND('',#554,.T.);
#345=FACE_OUTER_BOUND('',#556,.T.);
#346=FACE_OUTER_BOUND('',#558,.T.);
#347=FACE_OUTER_BOUND('',#559,.T.);
#348=FACE_OUTER_BOUND('',#560,.T.);
#349=FACE_OUTER_BOUND('',#561,.T.);
#350=FACE_OUTER_BOUND('',#562,.T.);
#351=FACE_OUTER_BOUND('',#563,.T.);
#352=FACE_OUTER_BOUND('',#564,.T.);
#353=FACE_OUTER_BOUND('',#565,.T.);
#354=FACE_OUTER_BOUND('',#566,.T.);
#355=FACE_OUTER_BOUND('',#567,.T.);
#356=FACE_OUTER_BOUND('',#568,.T.);
#357=FACE_OUTER_BOUND('',#569,.T.);
#358=FACE_OUTER_BOUND('',#570,.T.);
#359=FACE_OUTER_BOUND('',#571,.T.);
#360=FACE_OUTER_BOUND('',#572,.T.);
#361=FACE_OUTER_BOUND('',#573,.T.);
#362=FACE_OUTER_BOUND('',#574,.T.);
#363=FACE_OUTER_BOUND('',#575,.T.);
#364=FACE_OUTER_BOUND('',#576,.T.);
#365=FACE_OUTER_BOUND('',#577,.T.);
#366=FACE_OUTER_BOUND('',#578,.T.);
#367=FACE_OUTER_BOUND('',#579,.T.);
#368=FACE_OUTER_BOUND('',#580,.T.);
#369=FACE_OUTER_BOUND('',#581,.T.);
#370=FACE_OUTER_BOUND('',#583,.T.);
#371=FACE_OUTER_BOUND('',#585,.T.);
#372=FACE_OUTER_BOUND('',#586,.T.);
#373=FACE_OUTER_BOUND('',#587,.T.);
#374=FACE_OUTER_BOUND('',#588,.T.);
#375=FACE_OUTER_BOUND('',#589,.T.);
#376=FACE_OUTER_BOUND('',#590,.T.);
#377=FACE_OUTER_BOUND('',#591,.T.);
#378=FACE_OUTER_BOUND('',#592,.T.);
#379=FACE_OUTER_BOUND('',#593,.T.);
#380=FACE_OUTER_BOUND('',#594,.T.);
#381=FACE_OUTER_BOUND('',#595,.T.);
#382=FACE_OUTER_BOUND('',#596,.T.);
#383=FACE_OUTER_BOUND('',#597,.T.);
#384=FACE_OUTER_BOUND('',#598,.T.);
#385=FACE_OUTER_BOUND('',#599,.T.);
#386=FACE_OUTER_BOUND('',#601,.T.);
#387=FACE_OUTER_BOUND('',#602,.T.);
#388=FACE_OUTER_BOUND('',#603,.T.);
#389=FACE_OUTER_BOUND('',#604,.T.);
#390=FACE_OUTER_BOUND('',#605,.T.);
#391=FACE_OUTER_BOUND('',#606,.T.);
#392=FACE_OUTER_BOUND('',#607,.T.);
#393=FACE_OUTER_BOUND('',#613,.T.);
#394=FACE_OUTER_BOUND('',#614,.T.);
#395=FACE_OUTER_BOUND('',#615,.T.);
#396=FACE_OUTER_BOUND('',#616,.T.);
#397=FACE_OUTER_BOUND('',#617,.T.);
#398=FACE_OUTER_BOUND('',#618,.T.);
#399=FACE_OUTER_BOUND('',#619,.T.);
#400=FACE_OUTER_BOUND('',#620,.T.);
#401=FACE_OUTER_BOUND('',#621,.T.);
#402=FACE_OUTER_BOUND('',#622,.T.);
#403=FACE_OUTER_BOUND('',#623,.T.);
#404=FACE_OUTER_BOUND('',#624,.T.);
#405=FACE_OUTER_BOUND('',#625,.T.);
#406=FACE_OUTER_BOUND('',#626,.T.);
#407=FACE_OUTER_BOUND('',#627,.T.);
#408=FACE_OUTER_BOUND('',#628,.T.);
#409=FACE_OUTER_BOUND('',#629,.T.);
#410=FACE_OUTER_BOUND('',#630,.T.);
#411=FACE_OUTER_BOUND('',#631,.T.);
#412=FACE_OUTER_BOUND('',#634,.T.);
#413=FACE_OUTER_BOUND('',#637,.T.);
#414=FACE_OUTER_BOUND('',#640,.T.);
#415=FACE_OUTER_BOUND('',#641,.T.);
#416=FACE_OUTER_BOUND('',#642,.T.);
#417=FACE_OUTER_BOUND('',#643,.T.);
#418=FACE_OUTER_BOUND('',#644,.T.);
#419=FACE_OUTER_BOUND('',#645,.T.);
#420=FACE_OUTER_BOUND('',#646,.T.);
#421=FACE_OUTER_BOUND('',#647,.T.);
#422=FACE_OUTER_BOUND('',#648,.T.);
#423=FACE_OUTER_BOUND('',#649,.T.);
#424=FACE_OUTER_BOUND('',#650,.T.);
#425=FACE_OUTER_BOUND('',#651,.T.);
#426=FACE_OUTER_BOUND('',#652,.T.);
#427=FACE_OUTER_BOUND('',#653,.T.);
#428=FACE_OUTER_BOUND('',#654,.T.);
#429=FACE_OUTER_BOUND('',#655,.T.);
#430=FACE_OUTER_BOUND('',#656,.T.);
#431=FACE_OUTER_BOUND('',#657,.T.);
#432=FACE_OUTER_BOUND('',#658,.T.);
#433=FACE_OUTER_BOUND('',#659,.T.);
#434=FACE_OUTER_BOUND('',#660,.T.);
#435=FACE_OUTER_BOUND('',#661,.T.);
#436=FACE_OUTER_BOUND('',#662,.T.);
#437=FACE_OUTER_BOUND('',#663,.T.);
#438=FACE_OUTER_BOUND('',#670,.T.);
#439=FACE_OUTER_BOUND('',#671,.T.);
#440=FACE_OUTER_BOUND('',#672,.T.);
#441=FACE_OUTER_BOUND('',#675,.T.);
#442=FACE_OUTER_BOUND('',#676,.T.);
#443=FACE_OUTER_BOUND('',#677,.T.);
#444=FACE_OUTER_BOUND('',#678,.T.);
#445=EDGE_LOOP('',(#2564,#2565,#2566,#2567));
#446=EDGE_LOOP('',(#2568,#2569,#2570,#2571));
#447=EDGE_LOOP('',(#2572,#2573,#2574,#2575));
#448=EDGE_LOOP('',(#2576,#2577,#2578,#2579));
#449=EDGE_LOOP('',(#2580,#2581,#2582,#2583));
#450=EDGE_LOOP('',(#2584,#2585,#2586,#2587));
#451=EDGE_LOOP('',(#2588,#2589,#2590,#2591));
#452=EDGE_LOOP('',(#2592,#2593,#2594,#2595));
#453=EDGE_LOOP('',(#2596,#2597,#2598,#2599,#2600,#2601));
#454=EDGE_LOOP('',(#2602,#2603,#2604,#2605,#2606,#2607));
#455=EDGE_LOOP('',(#2608,#2609,#2610,#2611));
#456=EDGE_LOOP('',(#2612,#2613,#2614,#2615));
#457=EDGE_LOOP('',(#2616,#2617,#2618,#2619));
#458=EDGE_LOOP('',(#2620,#2621,#2622,#2623));
#459=EDGE_LOOP('',(#2624,#2625,#2626,#2627));
#460=EDGE_LOOP('',(#2628,#2629,#2630,#2631));
#461=EDGE_LOOP('',(#2632,#2633,#2634));
#462=EDGE_LOOP('',(#2635,#2636,#2637,#2638));
#463=EDGE_LOOP('',(#2639,#2640,#2641));
#464=EDGE_LOOP('',(#2642,#2643,#2644,#2645,#2646,#2647,#2648,#2649,#2650,
#2651));
#465=EDGE_LOOP('',(#2652,#2653,#2654));
#466=EDGE_LOOP('',(#2655,#2656,#2657));
#467=EDGE_LOOP('',(#2658,#2659,#2660,#2661));
#468=EDGE_LOOP('',(#2662,#2663,#2664,#2665));
#469=EDGE_LOOP('',(#2666,#2667,#2668,#2669));
#470=EDGE_LOOP('',(#2670,#2671,#2672,#2673,#2674,#2675,#2676,#2677,#2678,
#2679,#2680,#2681,#2682));
#471=EDGE_LOOP('',(#2683,#2684,#2685,#2686,#2687,#2688,#2689));
#472=EDGE_LOOP('',(#2690,#2691,#2692,#2693));
#473=EDGE_LOOP('',(#2694,#2695,#2696,#2697,#2698,#2699,#2700,#2701,#2702,
#2703,#2704,#2705));
#474=EDGE_LOOP('',(#2706,#2707,#2708,#2709));
#475=EDGE_LOOP('',(#2710,#2711,#2712,#2713,#2714,#2715,#2716,#2717));
#476=EDGE_LOOP('',(#2718,#2719,#2720));
#477=EDGE_LOOP('',(#2721,#2722,#2723,#2724));
#478=EDGE_LOOP('',(#2725,#2726,#2727,#2728));
#479=EDGE_LOOP('',(#2729,#2730,#2731,#2732));
#480=EDGE_LOOP('',(#2733,#2734,#2735,#2736,#2737,#2738));
#481=EDGE_LOOP('',(#2739,#2740,#2741,#2742,#2743));
#482=EDGE_LOOP('',(#2744,#2745,#2746,#2747));
#483=EDGE_LOOP('',(#2748,#2749,#2750,#2751,#2752,#2753,#2754,#2755,#2756,
#2757,#2758,#2759,#2760,#2761));
#484=EDGE_LOOP('',(#2762,#2763,#2764,#2765));
#485=EDGE_LOOP('',(#2766,#2767,#2768,#2769,#2770));
#486=EDGE_LOOP('',(#2771,#2772,#2773,#2774));
#487=EDGE_LOOP('',(#2775,#2776,#2777,#2778,#2779));
#488=EDGE_LOOP('',(#2780,#2781,#2782,#2783));
#489=EDGE_LOOP('',(#2784,#2785,#2786,#2787));
#490=EDGE_LOOP('',(#2788));
#491=EDGE_LOOP('',(#2789,#2790,#2791,#2792));
#492=EDGE_LOOP('',(#2793,#2794,#2795,#2796));
#493=EDGE_LOOP('',(#2797));
#494=EDGE_LOOP('',(#2798,#2799,#2800,#2801));
#495=EDGE_LOOP('',(#2802,#2803,#2804,#2805));
#496=EDGE_LOOP('',(#2806,#2807,#2808,#2809));
#497=EDGE_LOOP('',(#2810,#2811,#2812,#2813,#2814,#2815,#2816,#2817,#2818,
#2819,#2820,#2821));
#498=EDGE_LOOP('',(#2822,#2823,#2824,#2825));
#499=EDGE_LOOP('',(#2826,#2827,#2828,#2829));
#500=EDGE_LOOP('',(#2830,#2831,#2832,#2833));
#501=EDGE_LOOP('',(#2834,#2835,#2836,#2837,#2838,#2839));
#502=EDGE_LOOP('',(#2840,#2841,#2842,#2843));
#503=EDGE_LOOP('',(#2844));
#504=EDGE_LOOP('',(#2845,#2846,#2847,#2848));
#505=EDGE_LOOP('',(#2849,#2850,#2851,#2852));
#506=EDGE_LOOP('',(#2853,#2854,#2855,#2856));
#507=EDGE_LOOP('',(#2857,#2858,#2859,#2860));
#508=EDGE_LOOP('',(#2861,#2862,#2863,#2864));
#509=EDGE_LOOP('',(#2865,#2866,#2867,#2868));
#510=EDGE_LOOP('',(#2869,#2870,#2871,#2872));
#511=EDGE_LOOP('',(#2873,#2874,#2875,#2876));
#512=EDGE_LOOP('',(#2877,#2878,#2879,#2880));
#513=EDGE_LOOP('',(#2881,#2882,#2883,#2884));
#514=EDGE_LOOP('',(#2885,#2886,#2887,#2888));
#515=EDGE_LOOP('',(#2889,#2890,#2891,#2892));
#516=EDGE_LOOP('',(#2893,#2894,#2895,#2896));
#517=EDGE_LOOP('',(#2897,#2898,#2899,#2900));
#518=EDGE_LOOP('',(#2901,#2902,#2903,#2904));
#519=EDGE_LOOP('',(#2905));
#520=EDGE_LOOP('',(#2906,#2907,#2908,#2909));
#521=EDGE_LOOP('',(#2910,#2911,#2912,#2913,#2914,#2915));
#522=EDGE_LOOP('',(#2916,#2917,#2918,#2919,#2920,#2921));
#523=EDGE_LOOP('',(#2922,#2923,#2924,#2925));
#524=EDGE_LOOP('',(#2926,#2927,#2928,#2929,#2930,#2931,#2932,#2933));
#525=EDGE_LOOP('',(#2934,#2935,#2936,#2937,#2938,#2939,#2940,#2941));
#526=EDGE_LOOP('',(#2942,#2943,#2944,#2945,#2946,#2947,#2948,#2949,#2950,
#2951,#2952,#2953));
#527=EDGE_LOOP('',(#2954));
#528=EDGE_LOOP('',(#2955,#2956,#2957,#2958));
#529=EDGE_LOOP('',(#2959,#2960,#2961,#2962));
#530=EDGE_LOOP('',(#2963,#2964,#2965,#2966));
#531=EDGE_LOOP('',(#2967,#2968,#2969,#2970));
#532=EDGE_LOOP('',(#2971,#2972,#2973,#2974,#2975,#2976,#2977,#2978));
#533=EDGE_LOOP('',(#2979,#2980,#2981,#2982,#2983,#2984,#2985,#2986));
#534=EDGE_LOOP('',(#2987,#2988,#2989,#2990,#2991,#2992));
#535=EDGE_LOOP('',(#2993,#2994,#2995,#2996));
#536=EDGE_LOOP('',(#2997,#2998,#2999,#3000,#3001,#3002,#3003,#3004));
#537=EDGE_LOOP('',(#3005,#3006,#3007,#3008));
#538=EDGE_LOOP('',(#3009,#3010,#3011,#3012,#3013,#3014));
#539=EDGE_LOOP('',(#3015,#3016,#3017,#3018));
#540=EDGE_LOOP('',(#3019,#3020,#3021,#3022,#3023,#3024));
#541=EDGE_LOOP('',(#3025,#3026,#3027,#3028));
#542=EDGE_LOOP('',(#3029,#3030,#3031,#3032));
#543=EDGE_LOOP('',(#3033,#3034,#3035,#3036));
#544=EDGE_LOOP('',(#3037,#3038,#3039,#3040));
#545=EDGE_LOOP('',(#3041,#3042,#3043,#3044));
#546=EDGE_LOOP('',(#3045,#3046,#3047,#3048));
#547=EDGE_LOOP('',(#3049));
#548=EDGE_LOOP('',(#3050));
#549=EDGE_LOOP('',(#3051));
#550=EDGE_LOOP('',(#3052));
#551=EDGE_LOOP('',(#3053,#3054,#3055,#3056));
#552=EDGE_LOOP('',(#3057,#3058,#3059,#3060));
#553=EDGE_LOOP('',(#3061,#3062,#3063,#3064));
#554=EDGE_LOOP('',(#3065));
#555=EDGE_LOOP('',(#3066));
#556=EDGE_LOOP('',(#3067));
#557=EDGE_LOOP('',(#3068));
#558=EDGE_LOOP('',(#3069,#3070,#3071));
#559=EDGE_LOOP('',(#3072,#3073,#3074,#3075));
#560=EDGE_LOOP('',(#3076,#3077,#3078));
#561=EDGE_LOOP('',(#3079,#3080,#3081,#3082));
#562=EDGE_LOOP('',(#3083,#3084,#3085));
#563=EDGE_LOOP('',(#3086,#3087,#3088,#3089));
#564=EDGE_LOOP('',(#3090,#3091,#3092,#3093));
#565=EDGE_LOOP('',(#3094,#3095,#3096,#3097));
#566=EDGE_LOOP('',(#3098,#3099,#3100,#3101));
#567=EDGE_LOOP('',(#3102,#3103,#3104,#3105));
#568=EDGE_LOOP('',(#3106,#3107,#3108,#3109));
#569=EDGE_LOOP('',(#3110,#3111,#3112,#3113));
#570=EDGE_LOOP('',(#3114,#3115,#3116,#3117));
#571=EDGE_LOOP('',(#3118,#3119,#3120,#3121));
#572=EDGE_LOOP('',(#3122,#3123,#3124,#3125));
#573=EDGE_LOOP('',(#3126,#3127,#3128,#3129));
#574=EDGE_LOOP('',(#3130,#3131,#3132,#3133));
#575=EDGE_LOOP('',(#3134,#3135,#3136));
#576=EDGE_LOOP('',(#3137,#3138,#3139,#3140,#3141));
#577=EDGE_LOOP('',(#3142,#3143,#3144,#3145));
#578=EDGE_LOOP('',(#3146,#3147,#3148,#3149,#3150,#3151,#3152,#3153,#3154,
#3155,#3156));
#579=EDGE_LOOP('',(#3157,#3158,#3159,#3160,#3161));
#580=EDGE_LOOP('',(#3162,#3163,#3164,#3165,#3166));
#581=EDGE_LOOP('',(#3167,#3168,#3169,#3170));
#582=EDGE_LOOP('',(#3171));
#583=EDGE_LOOP('',(#3172,#3173,#3174,#3175,#3176,#3177));
#584=EDGE_LOOP('',(#3178,#3179,#3180,#3181));
#585=EDGE_LOOP('',(#3182,#3183,#3184,#3185));
#586=EDGE_LOOP('',(#3186,#3187,#3188,#3189,#3190,#3191));
#587=EDGE_LOOP('',(#3192,#3193,#3194,#3195));
#588=EDGE_LOOP('',(#3196,#3197,#3198,#3199,#3200,#3201,#3202,#3203,#3204,
#3205));
#589=EDGE_LOOP('',(#3206,#3207,#3208,#3209));
#590=EDGE_LOOP('',(#3210,#3211,#3212,#3213));
#591=EDGE_LOOP('',(#3214,#3215,#3216,#3217));
#592=EDGE_LOOP('',(#3218,#3219,#3220));
#593=EDGE_LOOP('',(#3221,#3222,#3223,#3224));
#594=EDGE_LOOP('',(#3225,#3226,#3227,#3228,#3229));
#595=EDGE_LOOP('',(#3230,#3231,#3232,#3233));
#596=EDGE_LOOP('',(#3234,#3235,#3236,#3237));
#597=EDGE_LOOP('',(#3238,#3239,#3240,#3241));
#598=EDGE_LOOP('',(#3242,#3243,#3244,#3245));
#599=EDGE_LOOP('',(#3246,#3247,#3248,#3249,#3250));
#600=EDGE_LOOP('',(#3251,#3252,#3253,#3254,#3255,#3256));
#601=EDGE_LOOP('',(#3257,#3258,#3259,#3260,#3261));
#602=EDGE_LOOP('',(#3262,#3263,#3264,#3265));
#603=EDGE_LOOP('',(#3266,#3267,#3268));
#604=EDGE_LOOP('',(#3269,#3270,#3271,#3272));
#605=EDGE_LOOP('',(#3273,#3274,#3275,#3276));
#606=EDGE_LOOP('',(#3277,#3278,#3279,#3280));
#607=EDGE_LOOP('',(#3281,#3282,#3283,#3284,#3285,#3286,#3287,#3288,#3289,
#3290,#3291,#3292,#3293,#3294,#3295,#3296));
#608=EDGE_LOOP('',(#3297));
#609=EDGE_LOOP('',(#3298));
#610=EDGE_LOOP('',(#3299));
#611=EDGE_LOOP('',(#3300));
#612=EDGE_LOOP('',(#3301,#3302,#3303,#3304,#3305,#3306,#3307,#3308));
#613=EDGE_LOOP('',(#3309,#3310,#3311,#3312));
#614=EDGE_LOOP('',(#3313,#3314,#3315,#3316));
#615=EDGE_LOOP('',(#3317,#3318,#3319,#3320,#3321,#3322,#3323,#3324,#3325,
#3326,#3327,#3328));
#616=EDGE_LOOP('',(#3329,#3330,#3331,#3332));
#617=EDGE_LOOP('',(#3333,#3334,#3335,#3336));
#618=EDGE_LOOP('',(#3337,#3338,#3339,#3340));
#619=EDGE_LOOP('',(#3341,#3342,#3343,#3344));
#620=EDGE_LOOP('',(#3345,#3346,#3347,#3348,#3349,#3350));
#621=EDGE_LOOP('',(#3351,#3352,#3353,#3354,#3355,#3356));
#622=EDGE_LOOP('',(#3357,#3358,#3359,#3360));
#623=EDGE_LOOP('',(#3361,#3362,#3363,#3364));
#624=EDGE_LOOP('',(#3365,#3366,#3367,#3368));
#625=EDGE_LOOP('',(#3369,#3370,#3371,#3372,#3373,#3374));
#626=EDGE_LOOP('',(#3375,#3376,#3377,#3378));
#627=EDGE_LOOP('',(#3379,#3380,#3381,#3382,#3383,#3384,#3385,#3386,#3387,
#3388));
#628=EDGE_LOOP('',(#3389,#3390,#3391,#3392));
#629=EDGE_LOOP('',(#3393,#3394,#3395,#3396,#3397,#3398,#3399,#3400,#3401,
#3402));
#630=EDGE_LOOP('',(#3403,#3404,#3405,#3406,#3407));
#631=EDGE_LOOP('',(#3408,#3409,#3410,#3411,#3412,#3413,#3414,#3415));
#632=EDGE_LOOP('',(#3416));
#633=EDGE_LOOP('',(#3417));
#634=EDGE_LOOP('',(#3418,#3419,#3420,#3421));
#635=EDGE_LOOP('',(#3422));
#636=EDGE_LOOP('',(#3423));
#637=EDGE_LOOP('',(#3424,#3425,#3426,#3427,#3428,#3429,#3430,#3431));
#638=EDGE_LOOP('',(#3432));
#639=EDGE_LOOP('',(#3433));
#640=EDGE_LOOP('',(#3434,#3435,#3436,#3437,#3438));
#641=EDGE_LOOP('',(#3439,#3440,#3441));
#642=EDGE_LOOP('',(#3442,#3443,#3444,#3445));
#643=EDGE_LOOP('',(#3446,#3447,#3448,#3449));
#644=EDGE_LOOP('',(#3450,#3451,#3452,#3453));
#645=EDGE_LOOP('',(#3454,#3455,#3456,#3457));
#646=EDGE_LOOP('',(#3458,#3459,#3460,#3461));
#647=EDGE_LOOP('',(#3462,#3463,#3464,#3465,#3466,#3467));
#648=EDGE_LOOP('',(#3468,#3469,#3470,#3471));
#649=EDGE_LOOP('',(#3472,#3473,#3474,#3475,#3476,#3477));
#650=EDGE_LOOP('',(#3478,#3479,#3480,#3481));
#651=EDGE_LOOP('',(#3482,#3483,#3484,#3485));
#652=EDGE_LOOP('',(#3486,#3487,#3488,#3489,#3490,#3491));
#653=EDGE_LOOP('',(#3492,#3493,#3494,#3495));
#654=EDGE_LOOP('',(#3496,#3497,#3498,#3499,#3500,#3501));
#655=EDGE_LOOP('',(#3502,#3503,#3504,#3505,#3506,#3507));
#656=EDGE_LOOP('',(#3508,#3509,#3510,#3511));
#657=EDGE_LOOP('',(#3512,#3513,#3514,#3515,#3516,#3517));
#658=EDGE_LOOP('',(#3518,#3519,#3520,#3521));
#659=EDGE_LOOP('',(#3522,#3523,#3524,#3525));
#660=EDGE_LOOP('',(#3526,#3527,#3528,#3529,#3530,#3531,#3532,#3533,#3534,
#3535,#3536,#3537));
#661=EDGE_LOOP('',(#3538,#3539,#3540,#3541,#3542,#3543,#3544,#3545,#3546,
#3547,#3548,#3549));
#662=EDGE_LOOP('',(#3550,#3551,#3552,#3553,#3554,#3555,#3556,#3557,#3558,
#3559));
#663=EDGE_LOOP('',(#3560,#3561,#3562,#3563,#3564,#3565));
#664=EDGE_LOOP('',(#3566,#3567,#3568,#3569));
#665=EDGE_LOOP('',(#3570,#3571,#3572,#3573));
#666=EDGE_LOOP('',(#3574,#3575,#3576,#3577));
#667=EDGE_LOOP('',(#3578,#3579,#3580,#3581));
#668=EDGE_LOOP('',(#3582,#3583,#3584,#3585));
#669=EDGE_LOOP('',(#3586,#3587,#3588,#3589));
#670=EDGE_LOOP('',(#3590,#3591,#3592,#3593));
#671=EDGE_LOOP('',(#3594,#3595,#3596,#3597));
#672=EDGE_LOOP('',(#3598,#3599,#3600,#3601,#3602,#3603,#3604,#3605));
#673=EDGE_LOOP('',(#3606,#3607,#3608,#3609));
#674=EDGE_LOOP('',(#3610,#3611,#3612,#3613));
#675=EDGE_LOOP('',(#3614,#3615,#3616,#3617));
#676=EDGE_LOOP('',(#3618,#3619,#3620,#3621));
#677=EDGE_LOOP('',(#3622,#3623,#3624,#3625,#3626,#3627));
#678=EDGE_LOOP('',(#3628,#3629,#3630,#3631,#3632,#3633));
#679=LINE('',#5086,#1169);
#680=LINE('',#5092,#1170);
#681=LINE('',#5097,#1171);
#682=LINE('',#5099,#1172);
#683=LINE('',#5101,#1173);
#684=LINE('',#5102,#1174);
#685=LINE('',#5105,#1175);
#686=LINE('',#5107,#1176);
#687=LINE('',#5108,#1177);
#688=LINE('',#5111,#1178);
#689=LINE('',#5113,#1179);
#690=LINE('',#5114,#1180);
#691=LINE('',#5117,#1181);
#692=LINE('',#5119,#1182);
#693=LINE('',#5120,#1183);
#694=LINE('',#5123,#1184);
#695=LINE('',#5125,#1185);
#696=LINE('',#5126,#1186);
#697=LINE('',#5128,#1187);
#698=LINE('',#5129,#1188);
#699=LINE('',#5133,#1189);
#700=LINE('',#5135,#1190);
#701=LINE('',#5137,#1191);
#702=LINE('',#5139,#1192);
#703=LINE('',#5141,#1193);
#704=LINE('',#5142,#1194);
#705=LINE('',#5145,#1195);
#706=LINE('',#5147,#1196);
#707=LINE('',#5148,#1197);
#708=LINE('',#5151,#1198);
#709=LINE('',#5152,#1199);
#710=LINE('',#5155,#1200);
#711=LINE('',#5156,#1201);
#712=LINE('',#5159,#1202);
#713=LINE('',#5160,#1203);
#714=LINE('',#5163,#1204);
#715=LINE('',#5164,#1205);
#716=LINE('',#5166,#1206);
#717=LINE('',#5170,#1207);
#718=LINE('',#5172,#1208);
#719=LINE('',#5173,#1209);
#720=LINE('',#5176,#1210);
#721=LINE('',#5178,#1211);
#722=LINE('',#5179,#1212);
#723=LINE('',#5182,#1213);
#724=LINE('',#5183,#1214);
#725=LINE('',#5186,#1215);
#726=LINE('',#5188,#1216);
#727=LINE('',#5190,#1217);
#728=LINE('',#5192,#1218);
#729=LINE('',#5194,#1219);
#730=LINE('',#5196,#1220);
#731=LINE('',#5197,#1221);
#732=LINE('',#5201,#1222);
#733=LINE('',#5203,#1223);
#734=LINE('',#5204,#1224);
#735=LINE('',#5208,#1225);
#736=LINE('',#5210,#1226);
#737=LINE('',#5211,#1227);
#738=LINE('',#5215,#1228);
#739=LINE('',#5217,#1229);
#740=LINE('',#5219,#1230);
#741=LINE('',#5220,#1231);
#742=LINE('',#5222,#1232);
#743=LINE('',#5224,#1233);
#744=LINE('',#5225,#1234);
#745=LINE('',#5228,#1235);
#746=LINE('',#5229,#1236);
#747=LINE('',#5231,#1237);
#748=LINE('',#5233,#1238);
#749=LINE('',#5235,#1239);
#750=LINE('',#5237,#1240);
#751=LINE('',#5239,#1241);
#752=LINE('',#5240,#1242);
#753=LINE('',#5243,#1243);
#754=LINE('',#5245,#1244);
#755=LINE('',#5249,#1245);
#756=LINE('',#5250,#1246);
#757=LINE('',#5252,#1247);
#758=LINE('',#5253,#1248);
#759=LINE('',#5255,#1249);
#760=LINE('',#5257,#1250);
#761=LINE('',#5259,#1251);
#762=LINE('',#5260,#1252);
#763=LINE('',#5261,#1253);
#764=LINE('',#5263,#1254);
#765=LINE('',#5264,#1255);
#766=LINE('',#5268,#1256);
#767=LINE('',#5270,#1257);
#768=LINE('',#5272,#1258);
#769=LINE('',#5273,#1259);
#770=LINE('',#5276,#1260);
#771=LINE('',#5278,#1261);
#772=LINE('',#5280,#1262);
#773=LINE('',#5282,#1263);
#774=LINE('',#5284,#1264);
#775=LINE('',#5286,#1265);
#776=LINE('',#5287,#1266);
#777=LINE('',#5290,#1267);
#778=LINE('',#5291,#1268);
#779=LINE('',#5295,#1269);
#780=LINE('',#5297,#1270);
#781=LINE('',#5299,#1271);
#782=LINE('',#5300,#1272);
#783=LINE('',#5303,#1273);
#784=LINE('',#5305,#1274);
#785=LINE('',#5306,#1275);
#786=LINE('',#5310,#1276);
#787=LINE('',#5312,#1277);
#788=LINE('',#5314,#1278);
#789=LINE('',#5315,#1279);
#790=LINE('',#5317,#1280);
#791=LINE('',#5319,#1281);
#792=LINE('',#5320,#1282);
#793=LINE('',#5322,#1283);
#794=LINE('',#5323,#1284);
#795=LINE('',#5326,#1285);
#796=LINE('',#5327,#1286);
#797=LINE('',#5330,#1287);
#798=LINE('',#5332,#1288);
#799=LINE('',#5334,#1289);
#800=LINE('',#5336,#1290);
#801=LINE('',#5338,#1291);
#802=LINE('',#5340,#1292);
#803=LINE('',#5342,#1293);
#804=LINE('',#5343,#1294);
#805=LINE('',#5346,#1295);
#806=LINE('',#5348,#1296);
#807=LINE('',#5350,#1297);
#808=LINE('',#5351,#1298);
#809=LINE('',#5354,#1299);
#810=LINE('',#5356,#1300);
#811=LINE('',#5358,#1301);
#812=LINE('',#5359,#1302);
#813=LINE('',#5362,#1303);
#814=LINE('',#5363,#1304);
#815=LINE('',#5366,#1305);
#816=LINE('',#5368,#1306);
#817=LINE('',#5369,#1307);
#818=LINE('',#5375,#1308);
#819=LINE('',#5378,#1309);
#820=LINE('',#5381,#1310);
#821=LINE('',#5383,#1311);
#822=LINE('',#5384,#1312);
#823=LINE('',#5390,#1313);
#824=LINE('',#5393,#1314);
#825=LINE('',#5396,#1315);
#826=LINE('',#5398,#1316);
#827=LINE('',#5399,#1317);
#828=LINE('',#5405,#1318);
#829=LINE('',#5408,#1319);
#830=LINE('',#5412,#1320);
#831=LINE('',#5414,#1321);
#832=LINE('',#5416,#1322);
#833=LINE('',#5417,#1323);
#834=LINE('',#5420,#1324);
#835=LINE('',#5422,#1325);
#836=LINE('',#5424,#1326);
#837=LINE('',#5425,#1327);
#838=LINE('',#5427,#1328);
#839=LINE('',#5430,#1329);
#840=LINE('',#5432,#1330);
#841=LINE('',#5434,#1331);
#842=LINE('',#5435,#1332);
#843=LINE('',#5436,#1333);
#844=LINE('',#5439,#1334);
#845=LINE('',#5440,#1335);
#846=LINE('',#5444,#1336);
#847=LINE('',#5446,#1337);
#848=LINE('',#5449,#1338);
#849=LINE('',#5451,#1339);
#850=LINE('',#5453,#1340);
#851=LINE('',#5455,#1341);
#852=LINE('',#5456,#1342);
#853=LINE('',#5460,#1343);
#854=LINE('',#5462,#1344);
#855=LINE('',#5464,#1345);
#856=LINE('',#5465,#1346);
#857=LINE('',#5470,#1347);
#858=LINE('',#5472,#1348);
#859=LINE('',#5473,#1349);
#860=LINE('',#5476,#1350);
#861=LINE('',#5477,#1351);
#862=LINE('',#5480,#1352);
#863=LINE('',#5481,#1353);
#864=LINE('',#5483,#1354);
#865=LINE('',#5487,#1355);
#866=LINE('',#5489,#1356);
#867=LINE('',#5491,#1357);
#868=LINE('',#5492,#1358);
#869=LINE('',#5496,#1359);
#870=LINE('',#5500,#1360);
#871=LINE('',#5502,#1361);
#872=LINE('',#5504,#1362);
#873=LINE('',#5505,#1363);
#874=LINE('',#5508,#1364);
#875=LINE('',#5510,#1365);
#876=LINE('',#5511,#1366);
#877=LINE('',#5514,#1367);
#878=LINE('',#5516,#1368);
#879=LINE('',#5517,#1369);
#880=LINE('',#5520,#1370);
#881=LINE('',#5522,#1371);
#882=LINE('',#5523,#1372);
#883=LINE('',#5526,#1373);
#884=LINE('',#5528,#1374);
#885=LINE('',#5529,#1375);
#886=LINE('',#5532,#1376);
#887=LINE('',#5534,#1377);
#888=LINE('',#5535,#1378);
#889=LINE('',#5538,#1379);
#890=LINE('',#5540,#1380);
#891=LINE('',#5541,#1381);
#892=LINE('',#5543,#1382);
#893=LINE('',#5544,#1383);
#894=LINE('',#5550,#1384);
#895=LINE('',#5552,#1385);
#896=LINE('',#5553,#1386);
#897=LINE('',#5556,#1387);
#898=LINE('',#5558,#1388);
#899=LINE('',#5560,#1389);
#900=LINE('',#5561,#1390);
#901=LINE('',#5564,#1391);
#902=LINE('',#5565,#1392);
#903=LINE('',#5568,#1393);
#904=LINE('',#5570,#1394);
#905=LINE('',#5572,#1395);
#906=LINE('',#5574,#1396);
#907=LINE('',#5575,#1397);
#908=LINE('',#5578,#1398);
#909=LINE('',#5580,#1399);
#910=LINE('',#5581,#1400);
#911=LINE('',#5582,#1401);
#912=LINE('',#5584,#1402);
#913=LINE('',#5586,#1403);
#914=LINE('',#5590,#1404);
#915=LINE('',#5592,#1405);
#916=LINE('',#5593,#1406);
#917=LINE('',#5597,#1407);
#918=LINE('',#5599,#1408);
#919=LINE('',#5601,#1409);
#920=LINE('',#5603,#1410);
#921=LINE('',#5605,#1411);
#922=LINE('',#5607,#1412);
#923=LINE('',#5609,#1413);
#924=LINE('',#5610,#1414);
#925=LINE('',#5613,#1415);
#926=LINE('',#5615,#1416);
#927=LINE('',#5616,#1417);
#928=LINE('',#5619,#1418);
#929=LINE('',#5621,#1419);
#930=LINE('',#5622,#1420);
#931=LINE('',#5626,#1421);
#932=LINE('',#5627,#1422);
#933=LINE('',#5631,#1423);
#934=LINE('',#5634,#1424);
#935=LINE('',#5636,#1425);
#936=LINE('',#5637,#1426);
#937=LINE('',#5640,#1427);
#938=LINE('',#5641,#1428);
#939=LINE('',#5644,#1429);
#940=LINE('',#5645,#1430);
#941=LINE('',#5648,#1431);
#942=LINE('',#5649,#1432);
#943=LINE('',#5652,#1433);
#944=LINE('',#5653,#1434);
#945=LINE('',#5655,#1435);
#946=LINE('',#5658,#1436);
#947=LINE('',#5659,#1437);
#948=LINE('',#5662,#1438);
#949=LINE('',#5663,#1439);
#950=LINE('',#5677,#1440);
#951=LINE('',#5678,#1441);
#952=LINE('',#5681,#1442);
#953=LINE('',#5682,#1443);
#954=LINE('',#5685,#1444);
#955=LINE('',#5687,#1445);
#956=LINE('',#5688,#1446);
#957=LINE('',#5702,#1447);
#958=LINE('',#5704,#1448);
#959=LINE('',#5705,#1449);
#960=LINE('',#5708,#1450);
#961=LINE('',#5710,#1451);
#962=LINE('',#5711,#1452);
#963=LINE('',#5715,#1453);
#964=LINE('',#5717,#1454);
#965=LINE('',#5718,#1455);
#966=LINE('',#5722,#1456);
#967=LINE('',#5724,#1457);
#968=LINE('',#5726,#1458);
#969=LINE('',#5727,#1459);
#970=LINE('',#5730,#1460);
#971=LINE('',#5731,#1461);
#972=LINE('',#5734,#1462);
#973=LINE('',#5736,#1463);
#974=LINE('',#5737,#1464);
#975=LINE('',#5740,#1465);
#976=LINE('',#5741,#1466);
#977=LINE('',#5744,#1467);
#978=LINE('',#5745,#1468);
#979=LINE('',#5748,#1469);
#980=LINE('',#5749,#1470);
#981=LINE('',#5752,#1471);
#982=LINE('',#5753,#1472);
#983=LINE('',#5756,#1473);
#984=LINE('',#5757,#1474);
#985=LINE('',#5760,#1475);
#986=LINE('',#5761,#1476);
#987=LINE('',#5763,#1477);
#988=LINE('',#5767,#1478);
#989=LINE('',#5771,#1479);
#990=LINE('',#5775,#1480);
#991=LINE('',#5779,#1481);
#992=LINE('',#5783,#1482);
#993=LINE('',#5785,#1483);
#994=LINE('',#5786,#1484);
#995=LINE('',#5789,#1485);
#996=LINE('',#5790,#1486);
#997=LINE('',#5791,#1487);
#998=LINE('',#5794,#1488);
#999=LINE('',#5796,#1489);
#1000=LINE('',#5797,#1490);
#1001=LINE('',#5799,#1491);
#1002=LINE('',#5803,#1492);
#1003=LINE('',#5808,#1493);
#1004=LINE('',#5809,#1494);
#1005=LINE('',#5812,#1495);
#1006=LINE('',#5814,#1496);
#1007=LINE('',#5815,#1497);
#1008=LINE('',#5818,#1498);
#1009=LINE('',#5820,#1499);
#1010=LINE('',#5821,#1500);
#1011=LINE('',#5825,#1501);
#1012=LINE('',#5826,#1502);
#1013=LINE('',#5827,#1503);
#1014=LINE('',#5829,#1504);
#1015=LINE('',#5831,#1505);
#1016=LINE('',#5832,#1506);
#1017=LINE('',#5835,#1507);
#1018=LINE('',#5837,#1508);
#1019=LINE('',#5838,#1509);
#1020=LINE('',#5842,#1510);
#1021=LINE('',#5846,#1511);
#1022=LINE('',#5848,#1512);
#1023=LINE('',#5853,#1513);
#1024=LINE('',#5856,#1514);
#1025=LINE('',#5858,#1515);
#1026=LINE('',#5859,#1516);
#1027=LINE('',#5862,#1517);
#1028=LINE('',#5863,#1518);
#1029=LINE('',#5865,#1519);
#1030=LINE('',#5868,#1520);
#1031=LINE('',#5869,#1521);
#1032=LINE('',#5872,#1522);
#1033=LINE('',#5874,#1523);
#1034=LINE('',#5875,#1524);
#1035=LINE('',#5877,#1525);
#1036=LINE('',#5879,#1526);
#1037=LINE('',#5880,#1527);
#1038=LINE('',#5883,#1528);
#1039=LINE('',#5885,#1529);
#1040=LINE('',#5886,#1530);
#1041=LINE('',#5892,#1531);
#1042=LINE('',#5893,#1532);
#1043=LINE('',#5897,#1533);
#1044=LINE('',#5901,#1534);
#1045=LINE('',#5904,#1535);
#1046=LINE('',#5905,#1536);
#1047=LINE('',#5908,#1537);
#1048=LINE('',#5910,#1538);
#1049=LINE('',#5915,#1539);
#1050=LINE('',#5916,#1540);
#1051=LINE('',#5919,#1541);
#1052=LINE('',#5920,#1542);
#1053=LINE('',#5922,#1543);
#1054=LINE('',#5923,#1544);
#1055=LINE('',#5925,#1545);
#1056=LINE('',#5928,#1546);
#1057=LINE('',#5930,#1547);
#1058=LINE('',#5931,#1548);
#1059=LINE('',#5934,#1549);
#1060=LINE('',#5936,#1550);
#1061=LINE('',#5937,#1551);
#1062=LINE('',#5940,#1552);
#1063=LINE('',#5942,#1553);
#1064=LINE('',#5943,#1554);
#1065=LINE('',#5945,#1555);
#1066=LINE('',#5948,#1556);
#1067=LINE('',#5950,#1557);
#1068=LINE('',#5952,#1558);
#1069=LINE('',#5953,#1559);
#1070=LINE('',#5956,#1560);
#1071=LINE('',#5958,#1561);
#1072=LINE('',#5959,#1562);
#1073=LINE('',#5963,#1563);
#1074=LINE('',#5965,#1564);
#1075=LINE('',#5967,#1565);
#1076=LINE('',#5968,#1566);
#1077=LINE('',#5970,#1567);
#1078=LINE('',#5971,#1568);
#1079=LINE('',#5976,#1569);
#1080=LINE('',#5981,#1570);
#1081=LINE('',#5982,#1571);
#1082=LINE('',#5983,#1572);
#1083=LINE('',#5986,#1573);
#1084=LINE('',#5987,#1574);
#1085=LINE('',#5990,#1575);
#1086=LINE('',#5992,#1576);
#1087=LINE('',#5993,#1577);
#1088=LINE('',#5996,#1578);
#1089=LINE('',#5997,#1579);
#1090=LINE('',#6001,#1580);
#1091=LINE('',#6003,#1581);
#1092=LINE('',#6005,#1582);
#1093=LINE('',#6008,#1583);
#1094=LINE('',#6011,#1584);
#1095=LINE('',#6013,#1585);
#1096=LINE('',#6017,#1586);
#1097=LINE('',#6019,#1587);
#1098=LINE('',#6021,#1588);
#1099=LINE('',#6022,#1589);
#1100=LINE('',#6026,#1590);
#1101=LINE('',#6028,#1591);
#1102=LINE('',#6030,#1592);
#1103=LINE('',#6031,#1593);
#1104=LINE('',#6035,#1594);
#1105=LINE('',#6037,#1595);
#1106=LINE('',#6039,#1596);
#1107=LINE('',#6040,#1597);
#1108=LINE('',#6044,#1598);
#1109=LINE('',#6046,#1599);
#1110=LINE('',#6048,#1600);
#1111=LINE('',#6049,#1601);
#1112=LINE('',#6051,#1602);
#1113=LINE('',#6055,#1603);
#1114=LINE('',#6056,#1604);
#1115=LINE('',#6057,#1605);
#1116=LINE('',#6060,#1606);
#1117=LINE('',#6061,#1607);
#1118=LINE('',#6064,#1608);
#1119=LINE('',#6065,#1609);
#1120=LINE('',#6067,#1610);
#1121=LINE('',#6070,#1611);
#1122=LINE('',#6072,#1612);
#1123=LINE('',#6073,#1613);
#1124=LINE('',#6075,#1614);
#1125=LINE('',#6077,#1615);
#1126=LINE('',#6078,#1616);
#1127=LINE('',#6081,#1617);
#1128=LINE('',#6082,#1618);
#1129=LINE('',#6084,#1619);
#1130=LINE('',#6085,#1620);
#1131=LINE('',#6087,#1621);
#1132=LINE('',#6089,#1622);
#1133=LINE('',#6091,#1623);
#1134=LINE('',#6092,#1624);
#1135=LINE('',#6095,#1625);
#1136=LINE('',#6096,#1626);
#1137=LINE('',#6098,#1627);
#1138=LINE('',#6100,#1628);
#1139=LINE('',#6101,#1629);
#1140=LINE('',#6103,#1630);
#1141=LINE('',#6106,#1631);
#1142=LINE('',#6108,#1632);
#1143=LINE('',#6109,#1633);
#1144=LINE('',#6112,#1634);
#1145=LINE('',#6113,#1635);
#1146=LINE('',#6116,#1636);
#1147=LINE('',#6117,#1637);
#1148=LINE('',#6118,#1638);
#1149=LINE('',#6121,#1639);
#1150=LINE('',#6123,#1640);
#1151=LINE('',#6124,#1641);
#1152=LINE('',#6128,#1642);
#1153=LINE('',#6130,#1643);
#1154=LINE('',#6132,#1644);
#1155=LINE('',#6133,#1645);
#1156=LINE('',#6136,#1646);
#1157=LINE('',#6138,#1647);
#1158=LINE('',#6139,#1648);
#1159=LINE('',#6143,#1649);
#1160=LINE('',#6144,#1650);
#1161=LINE('',#6145,#1651);
#1162=LINE('',#6147,#1652);
#1163=LINE('',#6148,#1653);
#1164=LINE('',#6151,#1654);
#1165=LINE('',#6153,#1655);
#1166=LINE('',#6154,#1656);
#1167=LINE('',#6156,#1657);
#1168=LINE('',#6157,#1658);
#1169=VECTOR('',#4113,2.25);
#1170=VECTOR('',#4120,2.25);
#1171=VECTOR('',#4125,10.);
#1172=VECTOR('',#4126,10.);
#1173=VECTOR('',#4127,10.);
#1174=VECTOR('',#4128,10.);
#1175=VECTOR('',#4131,10.);
#1176=VECTOR('',#4132,10.);
#1177=VECTOR('',#4133,10.);
#1178=VECTOR('',#4136,10.);
#1179=VECTOR('',#4137,10.);
#1180=VECTOR('',#4138,10.);
#1181=VECTOR('',#4141,10.);
#1182=VECTOR('',#4142,10.);
#1183=VECTOR('',#4143,10.);
#1184=VECTOR('',#4146,10.);
#1185=VECTOR('',#4147,10.);
#1186=VECTOR('',#4148,10.);
#1187=VECTOR('',#4151,10.);
#1188=VECTOR('',#4152,10.);
#1189=VECTOR('',#4155,10.);
#1190=VECTOR('',#4156,10.);
#1191=VECTOR('',#4157,10.);
#1192=VECTOR('',#4158,10.);
#1193=VECTOR('',#4159,10.);
#1194=VECTOR('',#4160,10.);
#1195=VECTOR('',#4163,10.);
#1196=VECTOR('',#4164,10.);
#1197=VECTOR('',#4165,10.);
#1198=VECTOR('',#4168,10.);
#1199=VECTOR('',#4169,10.);
#1200=VECTOR('',#4172,10.);
#1201=VECTOR('',#4173,10.);
#1202=VECTOR('',#4176,10.);
#1203=VECTOR('',#4177,10.);
#1204=VECTOR('',#4180,10.);
#1205=VECTOR('',#4181,10.);
#1206=VECTOR('',#4184,10.);
#1207=VECTOR('',#4187,10.);
#1208=VECTOR('',#4188,10.);
#1209=VECTOR('',#4189,10.);
#1210=VECTOR('',#4192,10.);
#1211=VECTOR('',#4193,10.);
#1212=VECTOR('',#4194,10.);
#1213=VECTOR('',#4197,10.);
#1214=VECTOR('',#4198,10.);
#1215=VECTOR('',#4201,10.);
#1216=VECTOR('',#4202,10.);
#1217=VECTOR('',#4203,10.);
#1218=VECTOR('',#4204,10.);
#1219=VECTOR('',#4205,10.);
#1220=VECTOR('',#4206,10.);
#1221=VECTOR('',#4207,10.);
#1222=VECTOR('',#4210,10.);
#1223=VECTOR('',#4211,10.);
#1224=VECTOR('',#4212,10.);
#1225=VECTOR('',#4215,10.);
#1226=VECTOR('',#4216,10.);
#1227=VECTOR('',#4217,10.);
#1228=VECTOR('',#4220,10.);
#1229=VECTOR('',#4221,10.);
#1230=VECTOR('',#4222,10.);
#1231=VECTOR('',#4223,10.);
#1232=VECTOR('',#4226,10.);
#1233=VECTOR('',#4229,10.);
#1234=VECTOR('',#4230,10.);
#1235=VECTOR('',#4233,10.);
#1236=VECTOR('',#4234,10.);
#1237=VECTOR('',#4235,10.);
#1238=VECTOR('',#4236,10.);
#1239=VECTOR('',#4237,10.);
#1240=VECTOR('',#4238,10.);
#1241=VECTOR('',#4239,10.);
#1242=VECTOR('',#4240,10.);
#1243=VECTOR('',#4243,10.);
#1244=VECTOR('',#4244,10.);
#1245=VECTOR('',#4247,10.);
#1246=VECTOR('',#4248,10.);
#1247=VECTOR('',#4251,10.);
#1248=VECTOR('',#4252,10.);
#1249=VECTOR('',#4255,10.);
#1250=VECTOR('',#4256,10.);
#1251=VECTOR('',#4257,10.);
#1252=VECTOR('',#4258,10.);
#1253=VECTOR('',#4259,10.);
#1254=VECTOR('',#4260,10.);
#1255=VECTOR('',#4261,10.);
#1256=VECTOR('',#4264,10.);
#1257=VECTOR('',#4265,10.);
#1258=VECTOR('',#4266,10.);
#1259=VECTOR('',#4267,10.);
#1260=VECTOR('',#4270,10.);
#1261=VECTOR('',#4271,10.);
#1262=VECTOR('',#4272,10.);
#1263=VECTOR('',#4273,10.);
#1264=VECTOR('',#4274,10.);
#1265=VECTOR('',#4275,10.);
#1266=VECTOR('',#4276,10.);
#1267=VECTOR('',#4279,10.);
#1268=VECTOR('',#4280,10.);
#1269=VECTOR('',#4283,10.);
#1270=VECTOR('',#4284,10.);
#1271=VECTOR('',#4285,10.);
#1272=VECTOR('',#4286,10.);
#1273=VECTOR('',#4289,10.);
#1274=VECTOR('',#4290,10.);
#1275=VECTOR('',#4291,10.);
#1276=VECTOR('',#4294,10.);
#1277=VECTOR('',#4295,10.);
#1278=VECTOR('',#4296,10.);
#1279=VECTOR('',#4297,10.);
#1280=VECTOR('',#4300,10.);
#1281=VECTOR('',#4301,10.);
#1282=VECTOR('',#4302,10.);
#1283=VECTOR('',#4305,10.);
#1284=VECTOR('',#4306,10.);
#1285=VECTOR('',#4309,10.);
#1286=VECTOR('',#4310,10.);
#1287=VECTOR('',#4313,10.);
#1288=VECTOR('',#4314,10.);
#1289=VECTOR('',#4315,10.);
#1290=VECTOR('',#4316,10.);
#1291=VECTOR('',#4317,10.);
#1292=VECTOR('',#4318,10.);
#1293=VECTOR('',#4319,10.);
#1294=VECTOR('',#4320,10.);
#1295=VECTOR('',#4321,10.);
#1296=VECTOR('',#4322,10.);
#1297=VECTOR('',#4323,10.);
#1298=VECTOR('',#4324,10.);
#1299=VECTOR('',#4327,10.);
#1300=VECTOR('',#4328,10.);
#1301=VECTOR('',#4329,10.);
#1302=VECTOR('',#4330,10.);
#1303=VECTOR('',#4333,10.);
#1304=VECTOR('',#4334,10.);
#1305=VECTOR('',#4337,10.);
#1306=VECTOR('',#4338,10.);
#1307=VECTOR('',#4339,10.);
#1308=VECTOR('',#4344,10.);
#1309=VECTOR('',#4347,10.);
#1310=VECTOR('',#4350,10.);
#1311=VECTOR('',#4351,10.);
#1312=VECTOR('',#4352,10.);
#1313=VECTOR('',#4357,10.);
#1314=VECTOR('',#4360,10.);
#1315=VECTOR('',#4363,10.);
#1316=VECTOR('',#4364,10.);
#1317=VECTOR('',#4365,10.);
#1318=VECTOR('',#4370,10.);
#1319=VECTOR('',#4373,10.);
#1320=VECTOR('',#4376,10.);
#1321=VECTOR('',#4377,10.);
#1322=VECTOR('',#4378,10.);
#1323=VECTOR('',#4379,10.);
#1324=VECTOR('',#4380,10.);
#1325=VECTOR('',#4381,10.);
#1326=VECTOR('',#4382,10.);
#1327=VECTOR('',#4383,10.);
#1328=VECTOR('',#4384,10.);
#1329=VECTOR('',#4387,10.);
#1330=VECTOR('',#4388,10.);
#1331=VECTOR('',#4389,10.);
#1332=VECTOR('',#4390,10.);
#1333=VECTOR('',#4391,10.);
#1334=VECTOR('',#4394,10.);
#1335=VECTOR('',#4395,10.);
#1336=VECTOR('',#4400,10.);
#1337=VECTOR('',#4403,10.);
#1338=VECTOR('',#4406,10.);
#1339=VECTOR('',#4407,10.);
#1340=VECTOR('',#4408,10.);
#1341=VECTOR('',#4409,10.);
#1342=VECTOR('',#4410,10.);
#1343=VECTOR('',#4413,10.);
#1344=VECTOR('',#4414,10.);
#1345=VECTOR('',#4415,10.);
#1346=VECTOR('',#4416,10.);
#1347=VECTOR('',#4421,10.);
#1348=VECTOR('',#4422,10.);
#1349=VECTOR('',#4423,10.);
#1350=VECTOR('',#4426,10.);
#1351=VECTOR('',#4427,10.);
#1352=VECTOR('',#4430,10.);
#1353=VECTOR('',#4431,10.);
#1354=VECTOR('',#4434,10.);
#1355=VECTOR('',#4437,10.);
#1356=VECTOR('',#4438,10.);
#1357=VECTOR('',#4439,10.);
#1358=VECTOR('',#4440,10.);
#1359=VECTOR('',#4445,18.5);
#1360=VECTOR('',#4448,10.);
#1361=VECTOR('',#4449,10.);
#1362=VECTOR('',#4450,10.);
#1363=VECTOR('',#4451,10.);
#1364=VECTOR('',#4454,10.);
#1365=VECTOR('',#4455,10.);
#1366=VECTOR('',#4456,10.);
#1367=VECTOR('',#4459,10.);
#1368=VECTOR('',#4460,10.);
#1369=VECTOR('',#4461,10.);
#1370=VECTOR('',#4464,10.);
#1371=VECTOR('',#4465,10.);
#1372=VECTOR('',#4466,10.);
#1373=VECTOR('',#4469,10.);
#1374=VECTOR('',#4470,10.);
#1375=VECTOR('',#4471,10.);
#1376=VECTOR('',#4474,10.);
#1377=VECTOR('',#4475,10.);
#1378=VECTOR('',#4476,10.);
#1379=VECTOR('',#4479,10.);
#1380=VECTOR('',#4480,10.);
#1381=VECTOR('',#4481,10.);
#1382=VECTOR('',#4484,10.);
#1383=VECTOR('',#4485,10.);
#1384=VECTOR('',#4492,10.);
#1385=VECTOR('',#4493,10.);
#1386=VECTOR('',#4494,10.);
#1387=VECTOR('',#4497,10.);
#1388=VECTOR('',#4498,10.);
#1389=VECTOR('',#4499,10.);
#1390=VECTOR('',#4500,10.);
#1391=VECTOR('',#4503,10.);
#1392=VECTOR('',#4504,10.);
#1393=VECTOR('',#4507,10.);
#1394=VECTOR('',#4508,10.);
#1395=VECTOR('',#4509,10.);
#1396=VECTOR('',#4510,10.);
#1397=VECTOR('',#4511,10.);
#1398=VECTOR('',#4514,10.);
#1399=VECTOR('',#4515,10.);
#1400=VECTOR('',#4516,10.);
#1401=VECTOR('',#4517,10.);
#1402=VECTOR('',#4520,10.);
#1403=VECTOR('',#4523,10.);
#1404=VECTOR('',#4528,10.);
#1405=VECTOR('',#4529,10.);
#1406=VECTOR('',#4530,10.);
#1407=VECTOR('',#4533,10.);
#1408=VECTOR('',#4534,10.);
#1409=VECTOR('',#4535,10.);
#1410=VECTOR('',#4536,10.);
#1411=VECTOR('',#4537,10.);
#1412=VECTOR('',#4538,10.);
#1413=VECTOR('',#4539,10.);
#1414=VECTOR('',#4540,10.);
#1415=VECTOR('',#4543,10.);
#1416=VECTOR('',#4544,10.);
#1417=VECTOR('',#4545,10.);
#1418=VECTOR('',#4548,10.);
#1419=VECTOR('',#4549,10.);
#1420=VECTOR('',#4550,10.);
#1421=VECTOR('',#4555,10.);
#1422=VECTOR('',#4556,10.);
#1423=VECTOR('',#4561,18.5);
#1424=VECTOR('',#4564,10.);
#1425=VECTOR('',#4565,10.);
#1426=VECTOR('',#4566,10.);
#1427=VECTOR('',#4569,10.);
#1428=VECTOR('',#4570,10.);
#1429=VECTOR('',#4573,10.);
#1430=VECTOR('',#4574,10.);
#1431=VECTOR('',#4577,10.);
#1432=VECTOR('',#4578,10.);
#1433=VECTOR('',#4581,10.);
#1434=VECTOR('',#4582,10.);
#1435=VECTOR('',#4585,10.);
#1436=VECTOR('',#4588,10.);
#1437=VECTOR('',#4589,10.);
#1438=VECTOR('',#4592,10.);
#1439=VECTOR('',#4593,10.);
#1440=VECTOR('',#4610,10.);
#1441=VECTOR('',#4611,10.);
#1442=VECTOR('',#4614,10.);
#1443=VECTOR('',#4615,10.);
#1444=VECTOR('',#4618,10.);
#1445=VECTOR('',#4619,10.);
#1446=VECTOR('',#4620,10.);
#1447=VECTOR('',#4635,10.);
#1448=VECTOR('',#4636,10.);
#1449=VECTOR('',#4637,10.);
#1450=VECTOR('',#4640,10.);
#1451=VECTOR('',#4641,10.);
#1452=VECTOR('',#4642,10.);
#1453=VECTOR('',#4645,10.);
#1454=VECTOR('',#4646,10.);
#1455=VECTOR('',#4647,10.);
#1456=VECTOR('',#4650,10.);
#1457=VECTOR('',#4651,10.);
#1458=VECTOR('',#4652,10.);
#1459=VECTOR('',#4653,10.);
#1460=VECTOR('',#4656,10.);
#1461=VECTOR('',#4657,10.);
#1462=VECTOR('',#4660,10.);
#1463=VECTOR('',#4661,10.);
#1464=VECTOR('',#4662,10.);
#1465=VECTOR('',#4665,10.);
#1466=VECTOR('',#4666,10.);
#1467=VECTOR('',#4669,10.);
#1468=VECTOR('',#4670,10.);
#1469=VECTOR('',#4673,10.);
#1470=VECTOR('',#4674,10.);
#1471=VECTOR('',#4677,10.);
#1472=VECTOR('',#4678,10.);
#1473=VECTOR('',#4681,10.);
#1474=VECTOR('',#4682,10.);
#1475=VECTOR('',#4685,10.);
#1476=VECTOR('',#4686,10.);
#1477=VECTOR('',#4689,10.);
#1478=VECTOR('',#4694,2.25);
#1479=VECTOR('',#4699,2.25);
#1480=VECTOR('',#4704,2.25);
#1481=VECTOR('',#4709,2.25000000000001);
#1482=VECTOR('',#4712,10.);
#1483=VECTOR('',#4713,10.);
#1484=VECTOR('',#4714,10.);
#1485=VECTOR('',#4717,10.);
#1486=VECTOR('',#4718,10.);
#1487=VECTOR('',#4719,10.);
#1488=VECTOR('',#4722,10.);
#1489=VECTOR('',#4723,10.);
#1490=VECTOR('',#4724,10.);
#1491=VECTOR('',#4727,10.);
#1492=VECTOR('',#4734,10.);
#1493=VECTOR('',#4741,10.);
#1494=VECTOR('',#4742,10.);
#1495=VECTOR('',#4745,10.);
#1496=VECTOR('',#4746,10.);
#1497=VECTOR('',#4747,10.);
#1498=VECTOR('',#4750,10.);
#1499=VECTOR('',#4751,10.);
#1500=VECTOR('',#4752,10.);
#1501=VECTOR('',#4755,10.);
#1502=VECTOR('',#4756,10.);
#1503=VECTOR('',#4757,10.);
#1504=VECTOR('',#4758,10.);
#1505=VECTOR('',#4759,10.);
#1506=VECTOR('',#4760,10.);
#1507=VECTOR('',#4763,10.);
#1508=VECTOR('',#4764,10.);
#1509=VECTOR('',#4765,10.);
#1510=VECTOR('',#4770,4.);
#1511=VECTOR('',#4775,4.);
#1512=VECTOR('',#4778,10.);
#1513=VECTOR('',#4783,10.);
#1514=VECTOR('',#4788,10.);
#1515=VECTOR('',#4789,10.);
#1516=VECTOR('',#4790,10.);
#1517=VECTOR('',#4793,10.);
#1518=VECTOR('',#4794,10.);
#1519=VECTOR('',#4797,10.);
#1520=VECTOR('',#4800,10.);
#1521=VECTOR('',#4801,10.);
#1522=VECTOR('',#4804,10.);
#1523=VECTOR('',#4805,10.);
#1524=VECTOR('',#4806,10.);
#1525=VECTOR('',#4809,10.);
#1526=VECTOR('',#4810,10.);
#1527=VECTOR('',#4811,10.);
#1528=VECTOR('',#4814,10.);
#1529=VECTOR('',#4815,10.);
#1530=VECTOR('',#4816,10.);
#1531=VECTOR('',#4825,10.);
#1532=VECTOR('',#4826,10.);
#1533=VECTOR('',#4831,4.);
#1534=VECTOR('',#4836,3.99999999999999);
#1535=VECTOR('',#4839,10.);
#1536=VECTOR('',#4840,10.);
#1537=VECTOR('',#4843,10.);
#1538=VECTOR('',#4844,10.);
#1539=VECTOR('',#4851,10.);
#1540=VECTOR('',#4852,10.);
#1541=VECTOR('',#4855,10.);
#1542=VECTOR('',#4856,10.);
#1543=VECTOR('',#4859,10.);
#1544=VECTOR('',#4860,10.);
#1545=VECTOR('',#4863,10.);
#1546=VECTOR('',#4866,10.);
#1547=VECTOR('',#4867,10.);
#1548=VECTOR('',#4868,10.);
#1549=VECTOR('',#4871,10.);
#1550=VECTOR('',#4872,10.);
#1551=VECTOR('',#4873,10.);
#1552=VECTOR('',#4876,10.);
#1553=VECTOR('',#4877,10.);
#1554=VECTOR('',#4878,10.);
#1555=VECTOR('',#4881,10.);
#1556=VECTOR('',#4884,10.);
#1557=VECTOR('',#4885,10.);
#1558=VECTOR('',#4886,10.);
#1559=VECTOR('',#4887,10.);
#1560=VECTOR('',#4890,10.);
#1561=VECTOR('',#4891,10.);
#1562=VECTOR('',#4892,10.);
#1563=VECTOR('',#4895,10.);
#1564=VECTOR('',#4896,10.);
#1565=VECTOR('',#4897,10.);
#1566=VECTOR('',#4898,10.);
#1567=VECTOR('',#4901,10.);
#1568=VECTOR('',#4902,10.);
#1569=VECTOR('',#4907,10.);
#1570=VECTOR('',#4912,10.);
#1571=VECTOR('',#4913,10.);
#1572=VECTOR('',#4914,10.);
#1573=VECTOR('',#4917,10.);
#1574=VECTOR('',#4918,10.);
#1575=VECTOR('',#4921,10.);
#1576=VECTOR('',#4922,10.);
#1577=VECTOR('',#4923,10.);
#1578=VECTOR('',#4926,10.);
#1579=VECTOR('',#4927,10.);
#1580=VECTOR('',#4932,10.);
#1581=VECTOR('',#4935,10.);
#1582=VECTOR('',#4938,10.);
#1583=VECTOR('',#4941,10.);
#1584=VECTOR('',#4946,10.);
#1585=VECTOR('',#4949,10.);
#1586=VECTOR('',#4952,10.);
#1587=VECTOR('',#4953,10.);
#1588=VECTOR('',#4954,10.);
#1589=VECTOR('',#4955,10.);
#1590=VECTOR('',#4958,10.);
#1591=VECTOR('',#4959,10.);
#1592=VECTOR('',#4960,10.);
#1593=VECTOR('',#4961,10.);
#1594=VECTOR('',#4964,10.);
#1595=VECTOR('',#4965,10.);
#1596=VECTOR('',#4966,10.);
#1597=VECTOR('',#4967,10.);
#1598=VECTOR('',#4970,10.);
#1599=VECTOR('',#4971,10.);
#1600=VECTOR('',#4972,10.);
#1601=VECTOR('',#4973,10.);
#1602=VECTOR('',#4976,10.);
#1603=VECTOR('',#4979,10.);
#1604=VECTOR('',#4980,10.);
#1605=VECTOR('',#4981,10.);
#1606=VECTOR('',#4984,10.);
#1607=VECTOR('',#4985,10.);
#1608=VECTOR('',#4988,10.);
#1609=VECTOR('',#4989,10.);
#1610=VECTOR('',#4992,10.);
#1611=VECTOR('',#4995,10.);
#1612=VECTOR('',#4996,10.);
#1613=VECTOR('',#4997,10.);
#1614=VECTOR('',#5000,10.);
#1615=VECTOR('',#5001,10.);
#1616=VECTOR('',#5002,10.);
#1617=VECTOR('',#5005,10.);
#1618=VECTOR('',#5006,10.);
#1619=VECTOR('',#5009,10.);
#1620=VECTOR('',#5010,10.);
#1621=VECTOR('',#5013,10.);
#1622=VECTOR('',#5014,10.);
#1623=VECTOR('',#5015,10.);
#1624=VECTOR('',#5016,10.);
#1625=VECTOR('',#5019,10.);
#1626=VECTOR('',#5020,10.);
#1627=VECTOR('',#5023,10.);
#1628=VECTOR('',#5024,10.);
#1629=VECTOR('',#5025,10.);
#1630=VECTOR('',#5028,10.);
#1631=VECTOR('',#5031,10.);
#1632=VECTOR('',#5032,10.);
#1633=VECTOR('',#5033,10.);
#1634=VECTOR('',#5036,10.);
#1635=VECTOR('',#5037,10.);
#1636=VECTOR('',#5040,10.);
#1637=VECTOR('',#5041,10.);
#1638=VECTOR('',#5042,10.);
#1639=VECTOR('',#5045,10.);
#1640=VECTOR('',#5046,10.);
#1641=VECTOR('',#5047,10.);
#1642=VECTOR('',#5050,10.);
#1643=VECTOR('',#5051,10.);
#1644=VECTOR('',#5052,10.);
#1645=VECTOR('',#5053,10.);
#1646=VECTOR('',#5056,10.);
#1647=VECTOR('',#5057,10.);
#1648=VECTOR('',#5058,10.);
#1649=VECTOR('',#5061,10.);
#1650=VECTOR('',#5062,10.);
#1651=VECTOR('',#5063,10.);
#1652=VECTOR('',#5066,10.);
#1653=VECTOR('',#5067,10.);
#1654=VECTOR('',#5070,10.);
#1655=VECTOR('',#5071,10.);
#1656=VECTOR('',#5072,10.);
#1657=VECTOR('',#5075,10.);
#1658=VECTOR('',#5076,10.);
#1659=ELLIPSE('',#3867,2.25859463447253,2.25);
#1660=ELLIPSE('',#3868,2.25859463447253,2.25);
#1661=ELLIPSE('',#3870,2.25859463447253,2.25);
#1662=ELLIPSE('',#3871,2.25859463447253,2.25);
#1663=ELLIPSE('',#3896,5.00076164021954,5.);
#1664=ELLIPSE('',#3913,2.0076396750867,2.);
#1665=ELLIPSE('',#3914,2.0076396750867,2.);
#1666=ELLIPSE('',#3917,2.0076396750867,2.);
#1667=ELLIPSE('',#3918,2.00763967508669,2.);
#1668=ELLIPSE('',#3921,2.00121908859764,2.);
#1669=ELLIPSE('',#3922,2.00121908859764,2.);
#1670=ELLIPSE('',#3924,2.00121908859764,2.);
#1671=ELLIPSE('',#3927,2.00121908859764,2.);
#1672=ELLIPSE('',#3962,5.00076164021954,5.);
#1673=ELLIPSE('',#4025,5.65685424949239,4.);
#1674=ELLIPSE('',#4027,5.65685424949239,4.);
#1675=ELLIPSE('',#4030,8.76812408671314,6.19999999999997);
#1676=ELLIPSE('',#4040,8.76812408671318,6.19999999999999);
#1677=ELLIPSE('',#4044,5.65685424949239,4.);
#1678=ELLIPSE('',#4046,5.65685424949237,4.);
#1679=ELLIPSE('',#4064,5.03754912729424,5.);
#1680=ELLIPSE('',#4071,12.3036579926459,8.69999999999999);
#1681=ELLIPSE('',#4075,12.3036579926459,8.69999999999999);
#1682=VERTEX_POINT('',#5083);
#1683=VERTEX_POINT('',#5085);
#1684=VERTEX_POINT('',#5089);
#1685=VERTEX_POINT('',#5091);
#1686=VERTEX_POINT('',#5095);
#1687=VERTEX_POINT('',#5096);
#1688=VERTEX_POINT('',#5098);
#1689=VERTEX_POINT('',#5100);
#1690=VERTEX_POINT('',#5104);
#1691=VERTEX_POINT('',#5106);
#1692=VERTEX_POINT('',#5110);
#1693=VERTEX_POINT('',#5112);
#1694=VERTEX_POINT('',#5116);
#1695=VERTEX_POINT('',#5118);
#1696=VERTEX_POINT('',#5122);
#1697=VERTEX_POINT('',#5124);
#1698=VERTEX_POINT('',#5131);
#1699=VERTEX_POINT('',#5132);
#1700=VERTEX_POINT('',#5134);
#1701=VERTEX_POINT('',#5136);
#1702=VERTEX_POINT('',#5138);
#1703=VERTEX_POINT('',#5140);
#1704=VERTEX_POINT('',#5144);
#1705=VERTEX_POINT('',#5146);
#1706=VERTEX_POINT('',#5150);
#1707=VERTEX_POINT('',#5154);
#1708=VERTEX_POINT('',#5158);
#1709=VERTEX_POINT('',#5162);
#1710=VERTEX_POINT('',#5168);
#1711=VERTEX_POINT('',#5169);
#1712=VERTEX_POINT('',#5171);
#1713=VERTEX_POINT('',#5175);
#1714=VERTEX_POINT('',#5177);
#1715=VERTEX_POINT('',#5181);
#1716=VERTEX_POINT('',#5185);
#1717=VERTEX_POINT('',#5187);
#1718=VERTEX_POINT('',#5189);
#1719=VERTEX_POINT('',#5191);
#1720=VERTEX_POINT('',#5193);
#1721=VERTEX_POINT('',#5195);
#1722=VERTEX_POINT('',#5199);
#1723=VERTEX_POINT('',#5200);
#1724=VERTEX_POINT('',#5202);
#1725=VERTEX_POINT('',#5206);
#1726=VERTEX_POINT('',#5207);
#1727=VERTEX_POINT('',#5209);
#1728=VERTEX_POINT('',#5213);
#1729=VERTEX_POINT('',#5214);
#1730=VERTEX_POINT('',#5216);
#1731=VERTEX_POINT('',#5218);
#1732=VERTEX_POINT('',#5227);
#1733=VERTEX_POINT('',#5230);
#1734=VERTEX_POINT('',#5232);
#1735=VERTEX_POINT('',#5234);
#1736=VERTEX_POINT('',#5236);
#1737=VERTEX_POINT('',#5238);
#1738=VERTEX_POINT('',#5242);
#1739=VERTEX_POINT('',#5244);
#1740=VERTEX_POINT('',#5246);
#1741=VERTEX_POINT('',#5248);
#1742=VERTEX_POINT('',#5256);
#1743=VERTEX_POINT('',#5258);
#1744=VERTEX_POINT('',#5262);
#1745=VERTEX_POINT('',#5266);
#1746=VERTEX_POINT('',#5267);
#1747=VERTEX_POINT('',#5269);
#1748=VERTEX_POINT('',#5271);
#1749=VERTEX_POINT('',#5275);
#1750=VERTEX_POINT('',#5277);
#1751=VERTEX_POINT('',#5279);
#1752=VERTEX_POINT('',#5281);
#1753=VERTEX_POINT('',#5283);
#1754=VERTEX_POINT('',#5285);
#1755=VERTEX_POINT('',#5289);
#1756=VERTEX_POINT('',#5293);
#1757=VERTEX_POINT('',#5294);
#1758=VERTEX_POINT('',#5296);
#1759=VERTEX_POINT('',#5298);
#1760=VERTEX_POINT('',#5302);
#1761=VERTEX_POINT('',#5304);
#1762=VERTEX_POINT('',#5308);
#1763=VERTEX_POINT('',#5309);
#1764=VERTEX_POINT('',#5311);
#1765=VERTEX_POINT('',#5313);
#1766=VERTEX_POINT('',#5318);
#1767=VERTEX_POINT('',#5325);
#1768=VERTEX_POINT('',#5329);
#1769=VERTEX_POINT('',#5331);
#1770=VERTEX_POINT('',#5333);
#1771=VERTEX_POINT('',#5335);
#1772=VERTEX_POINT('',#5337);
#1773=VERTEX_POINT('',#5339);
#1774=VERTEX_POINT('',#5341);
#1775=VERTEX_POINT('',#5344);
#1776=VERTEX_POINT('',#5345);
#1777=VERTEX_POINT('',#5347);
#1778=VERTEX_POINT('',#5349);
#1779=VERTEX_POINT('',#5353);
#1780=VERTEX_POINT('',#5355);
#1781=VERTEX_POINT('',#5357);
#1782=VERTEX_POINT('',#5361);
#1783=VERTEX_POINT('',#5365);
#1784=VERTEX_POINT('',#5367);
#1785=VERTEX_POINT('',#5371);
#1786=VERTEX_POINT('',#5372);
#1787=VERTEX_POINT('',#5374);
#1788=VERTEX_POINT('',#5376);
#1789=VERTEX_POINT('',#5380);
#1790=VERTEX_POINT('',#5382);
#1791=VERTEX_POINT('',#5386);
#1792=VERTEX_POINT('',#5387);
#1793=VERTEX_POINT('',#5389);
#1794=VERTEX_POINT('',#5391);
#1795=VERTEX_POINT('',#5395);
#1796=VERTEX_POINT('',#5397);
#1797=VERTEX_POINT('',#5401);
#1798=VERTEX_POINT('',#5402);
#1799=VERTEX_POINT('',#5404);
#1800=VERTEX_POINT('',#5406);
#1801=VERTEX_POINT('',#5410);
#1802=VERTEX_POINT('',#5411);
#1803=VERTEX_POINT('',#5413);
#1804=VERTEX_POINT('',#5415);
#1805=VERTEX_POINT('',#5418);
#1806=VERTEX_POINT('',#5419);
#1807=VERTEX_POINT('',#5421);
#1808=VERTEX_POINT('',#5423);
#1809=VERTEX_POINT('',#5426);
#1810=VERTEX_POINT('',#5428);
#1811=VERTEX_POINT('',#5431);
#1812=VERTEX_POINT('',#5433);
#1813=VERTEX_POINT('',#5438);
#1814=VERTEX_POINT('',#5442);
#1815=VERTEX_POINT('',#5448);
#1816=VERTEX_POINT('',#5450);
#1817=VERTEX_POINT('',#5452);
#1818=VERTEX_POINT('',#5454);
#1819=VERTEX_POINT('',#5458);
#1820=VERTEX_POINT('',#5459);
#1821=VERTEX_POINT('',#5461);
#1822=VERTEX_POINT('',#5463);
#1823=VERTEX_POINT('',#5466);
#1824=VERTEX_POINT('',#5469);
#1825=VERTEX_POINT('',#5471);
#1826=VERTEX_POINT('',#5475);
#1827=VERTEX_POINT('',#5479);
#1828=VERTEX_POINT('',#5485);
#1829=VERTEX_POINT('',#5486);
#1830=VERTEX_POINT('',#5488);
#1831=VERTEX_POINT('',#5490);
#1832=VERTEX_POINT('',#5494);
#1833=VERTEX_POINT('',#5498);
#1834=VERTEX_POINT('',#5499);
#1835=VERTEX_POINT('',#5501);
#1836=VERTEX_POINT('',#5503);
#1837=VERTEX_POINT('',#5507);
#1838=VERTEX_POINT('',#5509);
#1839=VERTEX_POINT('',#5513);
#1840=VERTEX_POINT('',#5515);
#1841=VERTEX_POINT('',#5519);
#1842=VERTEX_POINT('',#5521);
#1843=VERTEX_POINT('',#5525);
#1844=VERTEX_POINT('',#5527);
#1845=VERTEX_POINT('',#5531);
#1846=VERTEX_POINT('',#5533);
#1847=VERTEX_POINT('',#5537);
#1848=VERTEX_POINT('',#5539);
#1849=VERTEX_POINT('',#5546);
#1850=VERTEX_POINT('',#5549);
#1851=VERTEX_POINT('',#5551);
#1852=VERTEX_POINT('',#5555);
#1853=VERTEX_POINT('',#5557);
#1854=VERTEX_POINT('',#5559);
#1855=VERTEX_POINT('',#5563);
#1856=VERTEX_POINT('',#5567);
#1857=VERTEX_POINT('',#5569);
#1858=VERTEX_POINT('',#5571);
#1859=VERTEX_POINT('',#5573);
#1860=VERTEX_POINT('',#5577);
#1861=VERTEX_POINT('',#5579);
#1862=VERTEX_POINT('',#5589);
#1863=VERTEX_POINT('',#5591);
#1864=VERTEX_POINT('',#5595);
#1865=VERTEX_POINT('',#5596);
#1866=VERTEX_POINT('',#5598);
#1867=VERTEX_POINT('',#5600);
#1868=VERTEX_POINT('',#5602);
#1869=VERTEX_POINT('',#5604);
#1870=VERTEX_POINT('',#5606);
#1871=VERTEX_POINT('',#5608);
#1872=VERTEX_POINT('',#5612);
#1873=VERTEX_POINT('',#5614);
#1874=VERTEX_POINT('',#5618);
#1875=VERTEX_POINT('',#5620);
#1876=VERTEX_POINT('',#5625);
#1877=VERTEX_POINT('',#5629);
#1878=VERTEX_POINT('',#5633);
#1879=VERTEX_POINT('',#5635);
#1880=VERTEX_POINT('',#5639);
#1881=VERTEX_POINT('',#5643);
#1882=VERTEX_POINT('',#5647);
#1883=VERTEX_POINT('',#5651);
#1884=VERTEX_POINT('',#5657);
#1885=VERTEX_POINT('',#5661);
#1886=VERTEX_POINT('',#5666);
#1887=VERTEX_POINT('',#5668);
#1888=VERTEX_POINT('',#5671);
#1889=VERTEX_POINT('',#5673);
#1890=VERTEX_POINT('',#5676);
#1891=VERTEX_POINT('',#5680);
#1892=VERTEX_POINT('',#5684);
#1893=VERTEX_POINT('',#5686);
#1894=VERTEX_POINT('',#5690);
#1895=VERTEX_POINT('',#5692);
#1896=VERTEX_POINT('',#5695);
#1897=VERTEX_POINT('',#5697);
#1898=VERTEX_POINT('',#5700);
#1899=VERTEX_POINT('',#5701);
#1900=VERTEX_POINT('',#5703);
#1901=VERTEX_POINT('',#5707);
#1902=VERTEX_POINT('',#5709);
#1903=VERTEX_POINT('',#5713);
#1904=VERTEX_POINT('',#5714);
#1905=VERTEX_POINT('',#5716);
#1906=VERTEX_POINT('',#5720);
#1907=VERTEX_POINT('',#5721);
#1908=VERTEX_POINT('',#5723);
#1909=VERTEX_POINT('',#5725);
#1910=VERTEX_POINT('',#5729);
#1911=VERTEX_POINT('',#5733);
#1912=VERTEX_POINT('',#5735);
#1913=VERTEX_POINT('',#5739);
#1914=VERTEX_POINT('',#5743);
#1915=VERTEX_POINT('',#5747);
#1916=VERTEX_POINT('',#5751);
#1917=VERTEX_POINT('',#5755);
#1918=VERTEX_POINT('',#5759);
#1919=VERTEX_POINT('',#5765);
#1920=VERTEX_POINT('',#5769);
#1921=VERTEX_POINT('',#5773);
#1922=VERTEX_POINT('',#5777);
#1923=VERTEX_POINT('',#5781);
#1924=VERTEX_POINT('',#5782);
#1925=VERTEX_POINT('',#5784);
#1926=VERTEX_POINT('',#5788);
#1927=VERTEX_POINT('',#5793);
#1928=VERTEX_POINT('',#5795);
#1929=VERTEX_POINT('',#5807);
#1930=VERTEX_POINT('',#5811);
#1931=VERTEX_POINT('',#5813);
#1932=VERTEX_POINT('',#5817);
#1933=VERTEX_POINT('',#5819);
#1934=VERTEX_POINT('',#5823);
#1935=VERTEX_POINT('',#5824);
#1936=VERTEX_POINT('',#5828);
#1937=VERTEX_POINT('',#5830);
#1938=VERTEX_POINT('',#5834);
#1939=VERTEX_POINT('',#5836);
#1940=VERTEX_POINT('',#5840);
#1941=VERTEX_POINT('',#5844);
#1942=VERTEX_POINT('',#5850);
#1943=VERTEX_POINT('',#5852);
#1944=VERTEX_POINT('',#5857);
#1945=VERTEX_POINT('',#5861);
#1946=VERTEX_POINT('',#5867);
#1947=VERTEX_POINT('',#5871);
#1948=VERTEX_POINT('',#5873);
#1949=VERTEX_POINT('',#5878);
#1950=VERTEX_POINT('',#5882);
#1951=VERTEX_POINT('',#5884);
#1952=VERTEX_POINT('',#5891);
#1953=VERTEX_POINT('',#5895);
#1954=VERTEX_POINT('',#5899);
#1955=VERTEX_POINT('',#5903);
#1956=VERTEX_POINT('',#5907);
#1957=VERTEX_POINT('',#5909);
#1958=VERTEX_POINT('',#5914);
#1959=VERTEX_POINT('',#5918);
#1960=VERTEX_POINT('',#5927);
#1961=VERTEX_POINT('',#5929);
#1962=VERTEX_POINT('',#5933);
#1963=VERTEX_POINT('',#5935);
#1964=VERTEX_POINT('',#5939);
#1965=VERTEX_POINT('',#5941);
#1966=VERTEX_POINT('',#5947);
#1967=VERTEX_POINT('',#5949);
#1968=VERTEX_POINT('',#5951);
#1969=VERTEX_POINT('',#5955);
#1970=VERTEX_POINT('',#5957);
#1971=VERTEX_POINT('',#5961);
#1972=VERTEX_POINT('',#5962);
#1973=VERTEX_POINT('',#5964);
#1974=VERTEX_POINT('',#5966);
#1975=VERTEX_POINT('',#5973);
#1976=VERTEX_POINT('',#5975);
#1977=VERTEX_POINT('',#5979);
#1978=VERTEX_POINT('',#5980);
#1979=VERTEX_POINT('',#5985);
#1980=VERTEX_POINT('',#5989);
#1981=VERTEX_POINT('',#5991);
#1982=VERTEX_POINT('',#5995);
#1983=VERTEX_POINT('',#5999);
#1984=VERTEX_POINT('',#6007);
#1985=VERTEX_POINT('',#6015);
#1986=VERTEX_POINT('',#6016);
#1987=VERTEX_POINT('',#6018);
#1988=VERTEX_POINT('',#6020);
#1989=VERTEX_POINT('',#6024);
#1990=VERTEX_POINT('',#6025);
#1991=VERTEX_POINT('',#6027);
#1992=VERTEX_POINT('',#6029);
#1993=VERTEX_POINT('',#6033);
#1994=VERTEX_POINT('',#6034);
#1995=VERTEX_POINT('',#6036);
#1996=VERTEX_POINT('',#6038);
#1997=VERTEX_POINT('',#6042);
#1998=VERTEX_POINT('',#6043);
#1999=VERTEX_POINT('',#6045);
#2000=VERTEX_POINT('',#6047);
#2001=VERTEX_POINT('',#6053);
#2002=VERTEX_POINT('',#6054);
#2003=VERTEX_POINT('',#6059);
#2004=VERTEX_POINT('',#6063);
#2005=VERTEX_POINT('',#6069);
#2006=VERTEX_POINT('',#6071);
#2007=VERTEX_POINT('',#6076);
#2008=VERTEX_POINT('',#6080);
#2009=VERTEX_POINT('',#6088);
#2010=VERTEX_POINT('',#6090);
#2011=VERTEX_POINT('',#6094);
#2012=VERTEX_POINT('',#6099);
#2013=VERTEX_POINT('',#6105);
#2014=VERTEX_POINT('',#6107);
#2015=VERTEX_POINT('',#6111);
#2016=VERTEX_POINT('',#6115);
#2017=VERTEX_POINT('',#6120);
#2018=VERTEX_POINT('',#6122);
#2019=VERTEX_POINT('',#6126);
#2020=VERTEX_POINT('',#6127);
#2021=VERTEX_POINT('',#6129);
#2022=VERTEX_POINT('',#6131);
#2023=VERTEX_POINT('',#6135);
#2024=VERTEX_POINT('',#6137);
#2025=VERTEX_POINT('',#6141);
#2026=VERTEX_POINT('',#6142);
#2027=VERTEX_POINT('',#6150);
#2028=VERTEX_POINT('',#6152);
#2029=EDGE_CURVE('',#1682,#1682,#1659,.T.);
#2030=EDGE_CURVE('',#1682,#1683,#679,.T.);
#2031=EDGE_CURVE('',#1683,#1683,#1660,.T.);
#2032=EDGE_CURVE('',#1684,#1684,#1661,.T.);
#2033=EDGE_CURVE('',#1684,#1685,#680,.T.);
#2034=EDGE_CURVE('',#1685,#1685,#1662,.T.);
#2035=EDGE_CURVE('',#1686,#1687,#681,.T.);
#2036=EDGE_CURVE('',#1686,#1688,#682,.T.);
#2037=EDGE_CURVE('',#1689,#1688,#683,.T.);
#2038=EDGE_CURVE('',#1687,#1689,#684,.T.);
#2039=EDGE_CURVE('',#1687,#1690,#685,.T.);
#2040=EDGE_CURVE('',#1691,#1689,#686,.T.);
#2041=EDGE_CURVE('',#1690,#1691,#687,.T.);
#2042=EDGE_CURVE('',#1690,#1692,#688,.T.);
#2043=EDGE_CURVE('',#1693,#1691,#689,.T.);
#2044=EDGE_CURVE('',#1692,#1693,#690,.T.);
#2045=EDGE_CURVE('',#1692,#1694,#691,.T.);
#2046=EDGE_CURVE('',#1695,#1693,#692,.T.);
#2047=EDGE_CURVE('',#1694,#1695,#693,.T.);
#2048=EDGE_CURVE('',#1694,#1696,#694,.T.);
#2049=EDGE_CURVE('',#1697,#1695,#695,.T.);
#2050=EDGE_CURVE('',#1696,#1697,#696,.T.);
#2051=EDGE_CURVE('',#1696,#1686,#697,.T.);
#2052=EDGE_CURVE('',#1688,#1697,#698,.T.);
#2053=EDGE_CURVE('',#1698,#1699,#699,.T.);
#2054=EDGE_CURVE('',#1700,#1698,#700,.T.);
#2055=EDGE_CURVE('',#1701,#1700,#701,.T.);
#2056=EDGE_CURVE('',#1702,#1701,#702,.T.);
#2057=EDGE_CURVE('',#1703,#1702,#703,.T.);
#2058=EDGE_CURVE('',#1699,#1703,#704,.T.);
#2059=EDGE_CURVE('',#1704,#1701,#705,.T.);
#2060=EDGE_CURVE('',#1705,#1704,#706,.T.);
#2061=EDGE_CURVE('',#1705,#1702,#707,.T.);
#2062=EDGE_CURVE('',#1706,#1700,#708,.T.);
#2063=EDGE_CURVE('',#1704,#1706,#709,.T.);
#2064=EDGE_CURVE('',#1707,#1698,#710,.T.);
#2065=EDGE_CURVE('',#1706,#1707,#711,.T.);
#2066=EDGE_CURVE('',#1708,#1705,#712,.T.);
#2067=EDGE_CURVE('',#1708,#1703,#713,.T.);
#2068=EDGE_CURVE('',#1709,#1708,#714,.T.);
#2069=EDGE_CURVE('',#1709,#1699,#715,.T.);
#2070=EDGE_CURVE('',#1707,#1709,#716,.T.);
#2071=EDGE_CURVE('',#1710,#1711,#717,.T.);
#2072=EDGE_CURVE('',#1710,#1712,#718,.T.);
#2073=EDGE_CURVE('',#1711,#1712,#719,.T.);
#2074=EDGE_CURVE('',#1713,#1711,#720,.T.);
#2075=EDGE_CURVE('',#1712,#1714,#721,.T.);
#2076=EDGE_CURVE('',#1713,#1714,#722,.T.);
#2077=EDGE_CURVE('',#1715,#1713,#723,.T.);
#2078=EDGE_CURVE('',#1714,#1715,#724,.T.);
#2079=EDGE_CURVE('',#1716,#1710,#725,.T.);
#2080=EDGE_CURVE('',#1717,#1716,#726,.T.);
#2081=EDGE_CURVE('',#1718,#1717,#727,.T.);
#2082=EDGE_CURVE('',#1719,#1718,#728,.T.);
#2083=EDGE_CURVE('',#1720,#1719,#729,.T.);
#2084=EDGE_CURVE('',#1721,#1720,#730,.T.);
#2085=EDGE_CURVE('',#1715,#1721,#731,.T.);
#2086=EDGE_CURVE('',#1722,#1723,#732,.T.);
#2087=EDGE_CURVE('',#1723,#1724,#733,.T.);
#2088=EDGE_CURVE('',#1722,#1724,#734,.T.);
#2089=EDGE_CURVE('',#1725,#1726,#735,.F.);
#2090=EDGE_CURVE('',#1725,#1727,#736,.T.);
#2091=EDGE_CURVE('',#1727,#1726,#737,.T.);
#2092=EDGE_CURVE('',#1728,#1729,#738,.T.);
#2093=EDGE_CURVE('',#1729,#1730,#739,.T.);
#2094=EDGE_CURVE('',#1730,#1731,#740,.T.);
#2095=EDGE_CURVE('',#1728,#1731,#741,.T.);
#2096=EDGE_CURVE('',#1731,#1730,#742,.T.);
#2097=EDGE_CURVE('',#1725,#1722,#743,.T.);
#2098=EDGE_CURVE('',#1724,#1727,#744,.T.);
#2099=EDGE_CURVE('',#1731,#1732,#745,.T.);
#2100=EDGE_CURVE('',#1726,#1731,#746,.T.);
#2101=EDGE_CURVE('',#1733,#1723,#747,.T.);
#2102=EDGE_CURVE('',#1734,#1733,#748,.T.);
#2103=EDGE_CURVE('',#1735,#1734,#749,.T.);
#2104=EDGE_CURVE('',#1736,#1735,#750,.T.);
#2105=EDGE_CURVE('',#1737,#1736,#751,.T.);
#2106=EDGE_CURVE('',#1732,#1737,#752,.T.);
#2107=EDGE_CURVE('',#1732,#1738,#753,.T.);
#2108=EDGE_CURVE('',#1739,#1738,#754,.T.);
#2109=EDGE_CURVE('',#1740,#1739,#1663,.T.);
#2110=EDGE_CURVE('',#1741,#1740,#755,.F.);
#2111=EDGE_CURVE('',#1726,#1741,#756,.F.);
#2112=EDGE_CURVE('',#1719,#1735,#757,.T.);
#2113=EDGE_CURVE('',#1736,#1718,#758,.T.);
#2114=EDGE_CURVE('',#1717,#1737,#759,.T.);
#2115=EDGE_CURVE('',#1742,#1716,#760,.T.);
#2116=EDGE_CURVE('',#1743,#1742,#761,.T.);
#2117=EDGE_CURVE('',#1721,#1743,#762,.T.);
#2118=EDGE_CURVE('',#1734,#1720,#763,.T.);
#2119=EDGE_CURVE('',#1744,#1733,#764,.T.);
#2120=EDGE_CURVE('',#1738,#1744,#765,.T.);
#2121=EDGE_CURVE('',#1745,#1746,#766,.T.);
#2122=EDGE_CURVE('',#1747,#1745,#767,.T.);
#2123=EDGE_CURVE('',#1748,#1747,#768,.T.);
#2124=EDGE_CURVE('',#1746,#1748,#769,.T.);
#2125=EDGE_CURVE('',#1747,#1749,#770,.T.);
#2126=EDGE_CURVE('',#1749,#1750,#771,.T.);
#2127=EDGE_CURVE('',#1750,#1751,#772,.T.);
#2128=EDGE_CURVE('',#1751,#1752,#773,.T.);
#2129=EDGE_CURVE('',#1752,#1753,#774,.T.);
#2130=EDGE_CURVE('',#1754,#1753,#775,.T.);
#2131=EDGE_CURVE('',#1754,#1748,#776,.T.);
#2132=EDGE_CURVE('',#1755,#1746,#777,.T.);
#2133=EDGE_CURVE('',#1745,#1755,#778,.T.);
#2134=EDGE_CURVE('',#1756,#1757,#779,.T.);
#2135=EDGE_CURVE('',#1756,#1758,#780,.T.);
#2136=EDGE_CURVE('',#1759,#1758,#781,.T.);
#2137=EDGE_CURVE('',#1759,#1757,#782,.F.);
#2138=EDGE_CURVE('',#1751,#1760,#783,.F.);
#2139=EDGE_CURVE('',#1750,#1761,#784,.F.);
#2140=EDGE_CURVE('',#1760,#1761,#785,.T.);
#2141=EDGE_CURVE('',#1762,#1763,#786,.T.);
#2142=EDGE_CURVE('',#1762,#1764,#787,.T.);
#2143=EDGE_CURVE('',#1765,#1764,#788,.T.);
#2144=EDGE_CURVE('',#1765,#1763,#789,.F.);
#2145=EDGE_CURVE('',#1764,#1760,#790,.T.);
#2146=EDGE_CURVE('',#1766,#1762,#791,.T.);
#2147=EDGE_CURVE('',#1752,#1766,#792,.F.);
#2148=EDGE_CURVE('',#1749,#1763,#793,.T.);
#2149=EDGE_CURVE('',#1761,#1765,#794,.T.);
#2150=EDGE_CURVE('',#1766,#1767,#795,.F.);
#2151=EDGE_CURVE('',#1767,#1753,#796,.F.);
#2152=EDGE_CURVE('',#1768,#1745,#797,.T.);
#2153=EDGE_CURVE('',#1769,#1768,#798,.T.);
#2154=EDGE_CURVE('',#1769,#1770,#799,.T.);
#2155=EDGE_CURVE('',#1771,#1770,#800,.F.);
#2156=EDGE_CURVE('',#1772,#1771,#801,.T.);
#2157=EDGE_CURVE('',#1772,#1773,#802,.F.);
#2158=EDGE_CURVE('',#1774,#1773,#803,.F.);
#2159=EDGE_CURVE('',#1767,#1774,#804,.F.);
#2160=EDGE_CURVE('',#1775,#1776,#805,.T.);
#2161=EDGE_CURVE('',#1777,#1775,#806,.T.);
#2162=EDGE_CURVE('',#1778,#1777,#807,.T.);
#2163=EDGE_CURVE('',#1776,#1778,#808,.T.);
#2164=EDGE_CURVE('',#1779,#1778,#809,.F.);
#2165=EDGE_CURVE('',#1780,#1779,#810,.T.);
#2166=EDGE_CURVE('',#1781,#1780,#811,.F.);
#2167=EDGE_CURVE('',#1776,#1781,#812,.T.);
#2168=EDGE_CURVE('',#1777,#1782,#813,.T.);
#2169=EDGE_CURVE('',#1779,#1782,#814,.T.);
#2170=EDGE_CURVE('',#1783,#1775,#815,.F.);
#2171=EDGE_CURVE('',#1783,#1784,#816,.F.);
#2172=EDGE_CURVE('',#1782,#1784,#817,.T.);
#2173=EDGE_CURVE('',#1785,#1786,#1664,.T.);
#2174=EDGE_CURVE('',#1785,#1787,#818,.T.);
#2175=EDGE_CURVE('',#1787,#1788,#1665,.T.);
#2176=EDGE_CURVE('',#1788,#1786,#819,.T.);
#2177=EDGE_CURVE('',#1789,#1788,#820,.T.);
#2178=EDGE_CURVE('',#1790,#1789,#821,.T.);
#2179=EDGE_CURVE('',#1786,#1790,#822,.T.);
#2180=EDGE_CURVE('',#1791,#1792,#1666,.T.);
#2181=EDGE_CURVE('',#1791,#1793,#823,.T.);
#2182=EDGE_CURVE('',#1793,#1794,#1667,.T.);
#2183=EDGE_CURVE('',#1794,#1792,#824,.T.);
#2184=EDGE_CURVE('',#1795,#1791,#825,.T.);
#2185=EDGE_CURVE('',#1795,#1796,#826,.T.);
#2186=EDGE_CURVE('',#1793,#1796,#827,.T.);
#2187=EDGE_CURVE('',#1797,#1798,#1668,.T.);
#2188=EDGE_CURVE('',#1798,#1799,#828,.T.);
#2189=EDGE_CURVE('',#1799,#1800,#1669,.F.);
#2190=EDGE_CURVE('',#1800,#1797,#829,.T.);
#2191=EDGE_CURVE('',#1801,#1802,#830,.T.);
#2192=EDGE_CURVE('',#1803,#1801,#831,.T.);
#2193=EDGE_CURVE('',#1804,#1803,#832,.T.);
#2194=EDGE_CURVE('',#1802,#1804,#833,.T.);
#2195=EDGE_CURVE('',#1805,#1806,#834,.T.);
#2196=EDGE_CURVE('',#1806,#1807,#835,.T.);
#2197=EDGE_CURVE('',#1807,#1808,#836,.T.);
#2198=EDGE_CURVE('',#1808,#1805,#837,.T.);
#2199=EDGE_CURVE('',#1797,#1809,#838,.T.);
#2200=EDGE_CURVE('',#1810,#1809,#1670,.T.);
#2201=EDGE_CURVE('',#1810,#1794,#839,.T.);
#2202=EDGE_CURVE('',#1796,#1811,#840,.T.);
#2203=EDGE_CURVE('',#1811,#1812,#841,.T.);
#2204=EDGE_CURVE('',#1812,#1789,#842,.T.);
#2205=EDGE_CURVE('',#1787,#1798,#843,.T.);
#2206=EDGE_CURVE('',#1813,#1800,#844,.T.);
#2207=EDGE_CURVE('',#1809,#1813,#845,.T.);
#2208=EDGE_CURVE('',#1813,#1814,#1671,.F.);
#2209=EDGE_CURVE('',#1814,#1810,#846,.T.);
#2210=EDGE_CURVE('',#1799,#1785,#847,.T.);
#2211=EDGE_CURVE('',#1805,#1815,#848,.T.);
#2212=EDGE_CURVE('',#1816,#1808,#849,.T.);
#2213=EDGE_CURVE('',#1817,#1816,#850,.T.);
#2214=EDGE_CURVE('',#1818,#1817,#851,.T.);
#2215=EDGE_CURVE('',#1815,#1818,#852,.T.);
#2216=EDGE_CURVE('',#1819,#1820,#853,.T.);
#2217=EDGE_CURVE('',#1821,#1819,#854,.T.);
#2218=EDGE_CURVE('',#1822,#1821,#855,.T.);
#2219=EDGE_CURVE('',#1820,#1822,#856,.T.);
#2220=EDGE_CURVE('',#1823,#1823,#15,.T.);
#2221=EDGE_CURVE('',#1819,#1824,#857,.T.);
#2222=EDGE_CURVE('',#1824,#1825,#858,.T.);
#2223=EDGE_CURVE('',#1821,#1825,#859,.T.);
#2224=EDGE_CURVE('',#1825,#1826,#860,.T.);
#2225=EDGE_CURVE('',#1822,#1826,#861,.T.);
#2226=EDGE_CURVE('',#1826,#1827,#862,.T.);
#2227=EDGE_CURVE('',#1820,#1827,#863,.T.);
#2228=EDGE_CURVE('',#1827,#1824,#864,.T.);
#2229=EDGE_CURVE('',#1828,#1829,#865,.T.);
#2230=EDGE_CURVE('',#1830,#1829,#866,.T.);
#2231=EDGE_CURVE('',#1830,#1831,#867,.T.);
#2232=EDGE_CURVE('',#1831,#1828,#868,.T.);
#2233=EDGE_CURVE('',#1832,#1832,#16,.T.);
#2234=EDGE_CURVE('',#1832,#1823,#869,.T.);
#2235=EDGE_CURVE('',#1833,#1834,#870,.T.);
#2236=EDGE_CURVE('',#1835,#1833,#871,.T.);
#2237=EDGE_CURVE('',#1836,#1835,#872,.T.);
#2238=EDGE_CURVE('',#1836,#1834,#873,.T.);
#2239=EDGE_CURVE('',#1837,#1833,#874,.T.);
#2240=EDGE_CURVE('',#1838,#1837,#875,.T.);
#2241=EDGE_CURVE('',#1835,#1838,#876,.T.);
#2242=EDGE_CURVE('',#1839,#1837,#877,.T.);
#2243=EDGE_CURVE('',#1840,#1839,#878,.T.);
#2244=EDGE_CURVE('',#1838,#1840,#879,.T.);
#2245=EDGE_CURVE('',#1841,#1839,#880,.T.);
#2246=EDGE_CURVE('',#1842,#1841,#881,.T.);
#2247=EDGE_CURVE('',#1840,#1842,#882,.T.);
#2248=EDGE_CURVE('',#1843,#1841,#883,.T.);
#2249=EDGE_CURVE('',#1844,#1843,#884,.T.);
#2250=EDGE_CURVE('',#1842,#1844,#885,.T.);
#2251=EDGE_CURVE('',#1845,#1843,#886,.T.);
#2252=EDGE_CURVE('',#1846,#1845,#887,.T.);
#2253=EDGE_CURVE('',#1844,#1846,#888,.T.);
#2254=EDGE_CURVE('',#1847,#1845,#889,.T.);
#2255=EDGE_CURVE('',#1848,#1847,#890,.T.);
#2256=EDGE_CURVE('',#1846,#1848,#891,.T.);
#2257=EDGE_CURVE('',#1834,#1847,#892,.T.);
#2258=EDGE_CURVE('',#1848,#1836,#893,.T.);
#2259=EDGE_CURVE('',#1849,#1849,#17,.T.);
#2260=EDGE_CURVE('',#1850,#1830,#894,.T.);
#2261=EDGE_CURVE('',#1851,#1850,#895,.T.);
#2262=EDGE_CURVE('',#1831,#1851,#896,.T.);
#2263=EDGE_CURVE('',#1852,#1828,#897,.T.);
#2264=EDGE_CURVE('',#1853,#1851,#898,.T.);
#2265=EDGE_CURVE('',#1854,#1853,#899,.T.);
#2266=EDGE_CURVE('',#1852,#1854,#900,.T.);
#2267=EDGE_CURVE('',#1855,#1829,#901,.T.);
#2268=EDGE_CURVE('',#1855,#1852,#902,.T.);
#2269=EDGE_CURVE('',#1855,#1856,#903,.T.);
#2270=EDGE_CURVE('',#1857,#1856,#904,.T.);
#2271=EDGE_CURVE('',#1857,#1858,#905,.T.);
#2272=EDGE_CURVE('',#1858,#1859,#906,.T.);
#2273=EDGE_CURVE('',#1859,#1850,#907,.T.);
#2274=EDGE_CURVE('',#1790,#1860,#908,.T.);
#2275=EDGE_CURVE('',#1860,#1861,#909,.T.);
#2276=EDGE_CURVE('',#1861,#1795,#910,.T.);
#2277=EDGE_CURVE('',#1792,#1814,#911,.T.);
#2278=EDGE_CURVE('',#1860,#1812,#912,.T.);
#2279=EDGE_CURVE('',#1861,#1811,#913,.T.);
#2280=EDGE_CURVE('',#1862,#1803,#914,.T.);
#2281=EDGE_CURVE('',#1863,#1862,#915,.T.);
#2282=EDGE_CURVE('',#1863,#1804,#916,.T.);
#2283=EDGE_CURVE('',#1864,#1865,#917,.T.);
#2284=EDGE_CURVE('',#1866,#1864,#918,.T.);
#2285=EDGE_CURVE('',#1867,#1866,#919,.T.);
#2286=EDGE_CURVE('',#1868,#1867,#920,.T.);
#2287=EDGE_CURVE('',#1869,#1868,#921,.T.);
#2288=EDGE_CURVE('',#1870,#1869,#922,.T.);
#2289=EDGE_CURVE('',#1871,#1870,#923,.T.);
#2290=EDGE_CURVE('',#1865,#1871,#924,.T.);
#2291=EDGE_CURVE('',#1872,#1710,#925,.T.);
#2292=EDGE_CURVE('',#1873,#1715,#926,.T.);
#2293=EDGE_CURVE('',#1873,#1872,#927,.T.);
#2294=EDGE_CURVE('',#1874,#1872,#928,.F.);
#2295=EDGE_CURVE('',#1875,#1873,#929,.T.);
#2296=EDGE_CURVE('',#1875,#1874,#930,.T.);
#2297=EDGE_CURVE('',#1755,#1874,#1672,.F.);
#2298=EDGE_CURVE('',#1746,#1876,#931,.T.);
#2299=EDGE_CURVE('',#1742,#1876,#932,.F.);
#2300=EDGE_CURVE('',#1877,#1877,#18,.T.);
#2301=EDGE_CURVE('',#1877,#1849,#933,.T.);
#2302=EDGE_CURVE('',#1859,#1878,#934,.T.);
#2303=EDGE_CURVE('',#1878,#1879,#935,.T.);
#2304=EDGE_CURVE('',#1879,#1853,#936,.T.);
#2305=EDGE_CURVE('',#1879,#1880,#937,.T.);
#2306=EDGE_CURVE('',#1854,#1880,#938,.T.);
#2307=EDGE_CURVE('',#1880,#1881,#939,.T.);
#2308=EDGE_CURVE('',#1881,#1856,#940,.T.);
#2309=EDGE_CURVE('',#1882,#1881,#941,.T.);
#2310=EDGE_CURVE('',#1857,#1882,#942,.T.);
#2311=EDGE_CURVE('',#1883,#1858,#943,.T.);
#2312=EDGE_CURVE('',#1882,#1883,#944,.T.);
#2313=EDGE_CURVE('',#1878,#1883,#945,.T.);
#2314=EDGE_CURVE('',#1884,#1876,#946,.T.);
#2315=EDGE_CURVE('',#1743,#1884,#947,.T.);
#2316=EDGE_CURVE('',#1885,#1815,#948,.T.);
#2317=EDGE_CURVE('',#1806,#1885,#949,.T.);
#2318=EDGE_CURVE('',#1886,#1886,#19,.T.);
#2319=EDGE_CURVE('',#1887,#1887,#20,.T.);
#2320=EDGE_CURVE('',#1888,#1888,#21,.T.);
#2321=EDGE_CURVE('',#1889,#1889,#22,.T.);
#2322=EDGE_CURVE('',#1890,#1863,#950,.T.);
#2323=EDGE_CURVE('',#1890,#1802,#951,.T.);
#2324=EDGE_CURVE('',#1891,#1801,#952,.T.);
#2325=EDGE_CURVE('',#1862,#1891,#953,.T.);
#2326=EDGE_CURVE('',#1892,#1862,#954,.T.);
#2327=EDGE_CURVE('',#1893,#1892,#955,.T.);
#2328=EDGE_CURVE('',#1893,#1863,#956,.T.);
#2329=EDGE_CURVE('',#1894,#1894,#23,.T.);
#2330=EDGE_CURVE('',#1895,#1895,#24,.T.);
#2331=EDGE_CURVE('',#1896,#1896,#25,.T.);
#2332=EDGE_CURVE('',#1897,#1897,#26,.T.);
#2333=EDGE_CURVE('',#1898,#1899,#957,.T.);
#2334=EDGE_CURVE('',#1899,#1900,#958,.T.);
#2335=EDGE_CURVE('',#1900,#1898,#959,.T.);
#2336=EDGE_CURVE('',#1899,#1901,#960,.T.);
#2337=EDGE_CURVE('',#1902,#1898,#961,.T.);
#2338=EDGE_CURVE('',#1902,#1901,#962,.T.);
#2339=EDGE_CURVE('',#1903,#1904,#963,.T.);
#2340=EDGE_CURVE('',#1904,#1905,#964,.T.);
#2341=EDGE_CURVE('',#1905,#1903,#965,.T.);
#2342=EDGE_CURVE('',#1906,#1907,#966,.T.);
#2343=EDGE_CURVE('',#1908,#1906,#967,.T.);
#2344=EDGE_CURVE('',#1909,#1908,#968,.T.);
#2345=EDGE_CURVE('',#1907,#1909,#969,.T.);
#2346=EDGE_CURVE('',#1910,#1906,#970,.T.);
#2347=EDGE_CURVE('',#1910,#1908,#971,.T.);
#2348=EDGE_CURVE('',#1911,#1864,#972,.T.);
#2349=EDGE_CURVE('',#1912,#1911,#973,.T.);
#2350=EDGE_CURVE('',#1912,#1866,#974,.T.);
#2351=EDGE_CURVE('',#1913,#1912,#975,.T.);
#2352=EDGE_CURVE('',#1913,#1867,#976,.T.);
#2353=EDGE_CURVE('',#1914,#1913,#977,.T.);
#2354=EDGE_CURVE('',#1914,#1868,#978,.T.);
#2355=EDGE_CURVE('',#1915,#1914,#979,.T.);
#2356=EDGE_CURVE('',#1915,#1869,#980,.T.);
#2357=EDGE_CURVE('',#1916,#1915,#981,.T.);
#2358=EDGE_CURVE('',#1916,#1870,#982,.T.);
#2359=EDGE_CURVE('',#1917,#1916,#983,.T.);
#2360=EDGE_CURVE('',#1917,#1871,#984,.T.);
#2361=EDGE_CURVE('',#1918,#1917,#985,.T.);
#2362=EDGE_CURVE('',#1918,#1865,#986,.T.);
#2363=EDGE_CURVE('',#1911,#1918,#987,.T.);
#2364=EDGE_CURVE('',#1919,#1919,#27,.T.);
#2365=EDGE_CURVE('',#1919,#1887,#988,.T.);
#2366=EDGE_CURVE('',#1920,#1920,#28,.T.);
#2367=EDGE_CURVE('',#1920,#1895,#989,.T.);
#2368=EDGE_CURVE('',#1921,#1921,#29,.T.);
#2369=EDGE_CURVE('',#1921,#1897,#990,.T.);
#2370=EDGE_CURVE('',#1922,#1922,#30,.T.);
#2371=EDGE_CURVE('',#1922,#1889,#991,.T.);
#2372=EDGE_CURVE('',#1923,#1924,#992,.T.);
#2373=EDGE_CURVE('',#1924,#1925,#993,.T.);
#2374=EDGE_CURVE('',#1923,#1925,#994,.T.);
#2375=EDGE_CURVE('',#1926,#1759,#995,.F.);
#2376=EDGE_CURVE('',#1758,#1884,#996,.F.);
#2377=EDGE_CURVE('',#1876,#1926,#997,.T.);
#2378=EDGE_CURVE('',#1756,#1927,#998,.T.);
#2379=EDGE_CURVE('',#1928,#1757,#999,.T.);
#2380=EDGE_CURVE('',#1928,#1927,#1000,.T.);
#2381=EDGE_CURVE('',#1927,#1769,#1001,.T.);
#2382=EDGE_CURVE('',#1875,#1768,#31,.T.);
#2383=EDGE_CURVE('',#1926,#1754,#1002,.T.);
#2384=EDGE_CURVE('',#1818,#1929,#1003,.T.);
#2385=EDGE_CURVE('',#1929,#1885,#1004,.T.);
#2386=EDGE_CURVE('',#1930,#1929,#1005,.T.);
#2387=EDGE_CURVE('',#1931,#1930,#1006,.T.);
#2388=EDGE_CURVE('',#1931,#1807,#1007,.T.);
#2389=EDGE_CURVE('',#1932,#1816,#1008,.T.);
#2390=EDGE_CURVE('',#1932,#1933,#1009,.T.);
#2391=EDGE_CURVE('',#1933,#1817,#1010,.F.);
#2392=EDGE_CURVE('',#1934,#1935,#1011,.T.);
#2393=EDGE_CURVE('',#1774,#1935,#1012,.T.);
#2394=EDGE_CURVE('',#1770,#1773,#1013,.T.);
#2395=EDGE_CURVE('',#1936,#1928,#1014,.T.);
#2396=EDGE_CURVE('',#1936,#1937,#1015,.T.);
#2397=EDGE_CURVE('',#1937,#1934,#1016,.T.);
#2398=EDGE_CURVE('',#1908,#1938,#1017,.T.);
#2399=EDGE_CURVE('',#1939,#1910,#1018,.T.);
#2400=EDGE_CURVE('',#1939,#1938,#1019,.T.);
#2401=EDGE_CURVE('',#1940,#1940,#1673,.T.);
#2402=EDGE_CURVE('',#1940,#1886,#1020,.T.);
#2403=EDGE_CURVE('',#1941,#1941,#1674,.T.);
#2404=EDGE_CURVE('',#1941,#1888,#1021,.T.);
#2405=EDGE_CURVE('',#1938,#1909,#1022,.T.);
#2406=EDGE_CURVE('',#1909,#1942,#1675,.T.);
#2407=EDGE_CURVE('',#1943,#1942,#1023,.T.);
#2408=EDGE_CURVE('',#1907,#1943,#32,.T.);
#2409=EDGE_CURVE('',#1943,#1903,#1024,.T.);
#2410=EDGE_CURVE('',#1944,#1942,#1025,.T.);
#2411=EDGE_CURVE('',#1904,#1944,#1026,.T.);
#2412=EDGE_CURVE('',#1945,#1893,#1027,.T.);
#2413=EDGE_CURVE('',#1945,#1890,#1028,.T.);
#2414=EDGE_CURVE('',#1891,#1890,#1029,.T.);
#2415=EDGE_CURVE('',#1946,#1891,#1030,.T.);
#2416=EDGE_CURVE('',#1946,#1892,#1031,.T.);
#2417=EDGE_CURVE('',#1892,#1947,#1032,.T.);
#2418=EDGE_CURVE('',#1948,#1947,#1033,.T.);
#2419=EDGE_CURVE('',#1948,#1893,#1034,.T.);
#2420=EDGE_CURVE('',#1944,#1948,#1035,.T.);
#2421=EDGE_CURVE('',#1947,#1949,#1036,.T.);
#2422=EDGE_CURVE('',#1949,#1904,#1037,.T.);
#2423=EDGE_CURVE('',#1950,#1949,#1038,.T.);
#2424=EDGE_CURVE('',#1951,#1950,#1039,.T.);
#2425=EDGE_CURVE('',#1905,#1951,#1040,.T.);
#2426=EDGE_CURVE('',#1950,#1901,#1676,.T.);
#2427=EDGE_CURVE('',#1951,#1902,#33,.T.);
#2428=EDGE_CURVE('',#1901,#1952,#1041,.T.);
#2429=EDGE_CURVE('',#1952,#1899,#1042,.T.);
#2430=EDGE_CURVE('',#1953,#1953,#1677,.T.);
#2431=EDGE_CURVE('',#1953,#1894,#1043,.T.);
#2432=EDGE_CURVE('',#1954,#1954,#1678,.T.);
#2433=EDGE_CURVE('',#1954,#1896,#1044,.T.);
#2434=EDGE_CURVE('',#1952,#1955,#1045,.T.);
#2435=EDGE_CURVE('',#1900,#1955,#1046,.T.);
#2436=EDGE_CURVE('',#1956,#1923,#1047,.T.);
#2437=EDGE_CURVE('',#1925,#1957,#1048,.T.);
#2438=EDGE_CURVE('',#1957,#1939,#34,.T.);
#2439=EDGE_CURVE('',#1955,#1956,#35,.T.);
#2440=EDGE_CURVE('',#1958,#1956,#1049,.T.);
#2441=EDGE_CURVE('',#1924,#1958,#1050,.T.);
#2442=EDGE_CURVE('',#1959,#1924,#1051,.T.);
#2443=EDGE_CURVE('',#1959,#1957,#1052,.T.);
#2444=EDGE_CURVE('',#1933,#1935,#1053,.T.);
#2445=EDGE_CURVE('',#1936,#1932,#1054,.T.);
#2446=EDGE_CURVE('',#1781,#1783,#1055,.T.);
#2447=EDGE_CURVE('',#1960,#1772,#1056,.F.);
#2448=EDGE_CURVE('',#1771,#1961,#1057,.T.);
#2449=EDGE_CURVE('',#1961,#1960,#1058,.T.);
#2450=EDGE_CURVE('',#1773,#1962,#1059,.F.);
#2451=EDGE_CURVE('',#1962,#1963,#1060,.T.);
#2452=EDGE_CURVE('',#1963,#1770,#1061,.T.);
#2453=EDGE_CURVE('',#1740,#1964,#1062,.T.);
#2454=EDGE_CURVE('',#1965,#1964,#1063,.T.);
#2455=EDGE_CURVE('',#1741,#1965,#1064,.T.);
#2456=EDGE_CURVE('',#1723,#1965,#1065,.T.);
#2457=EDGE_CURVE('',#1744,#1966,#1066,.T.);
#2458=EDGE_CURVE('',#1967,#1966,#1067,.T.);
#2459=EDGE_CURVE('',#1968,#1967,#1068,.T.);
#2460=EDGE_CURVE('',#1739,#1968,#1069,.F.);
#2461=EDGE_CURVE('',#1969,#1930,#1070,.T.);
#2462=EDGE_CURVE('',#1969,#1970,#1071,.T.);
#2463=EDGE_CURVE('',#1970,#1931,#1072,.F.);
#2464=EDGE_CURVE('',#1971,#1972,#1073,.T.);
#2465=EDGE_CURVE('',#1971,#1973,#1074,.F.);
#2466=EDGE_CURVE('',#1974,#1973,#1075,.T.);
#2467=EDGE_CURVE('',#1974,#1972,#1076,.T.);
#2468=EDGE_CURVE('',#1973,#1967,#1077,.F.);
#2469=EDGE_CURVE('',#1966,#1974,#1078,.F.);
#2470=EDGE_CURVE('',#1968,#1975,#1679,.T.);
#2471=EDGE_CURVE('',#1975,#1976,#1079,.T.);
#2472=EDGE_CURVE('',#1964,#1976,#36,.T.);
#2473=EDGE_CURVE('',#1977,#1978,#1080,.T.);
#2474=EDGE_CURVE('',#1977,#1934,#1081,.T.);
#2475=EDGE_CURVE('',#1978,#1937,#1082,.T.);
#2476=EDGE_CURVE('',#1979,#1977,#1083,.T.);
#2477=EDGE_CURVE('',#1979,#1969,#1084,.T.);
#2478=EDGE_CURVE('',#1971,#1980,#1085,.T.);
#2479=EDGE_CURVE('',#1981,#1972,#1086,.T.);
#2480=EDGE_CURVE('',#1981,#1980,#1087,.T.);
#2481=EDGE_CURVE('',#1978,#1982,#1088,.T.);
#2482=EDGE_CURVE('',#1970,#1982,#1089,.T.);
#2483=EDGE_CURVE('',#1983,#1938,#1680,.T.);
#2484=EDGE_CURVE('',#1983,#1959,#1090,.T.);
#2485=EDGE_CURVE('',#1945,#1983,#1091,.T.);
#2486=EDGE_CURVE('',#1945,#1946,#1092,.T.);
#2487=EDGE_CURVE('',#1984,#1946,#1093,.T.);
#2488=EDGE_CURVE('',#1952,#1984,#1681,.T.);
#2489=EDGE_CURVE('',#1984,#1958,#1094,.T.);
#2490=EDGE_CURVE('',#1958,#1959,#1095,.T.);
#2491=EDGE_CURVE('',#1985,#1986,#1096,.F.);
#2492=EDGE_CURVE('',#1987,#1986,#1097,.T.);
#2493=EDGE_CURVE('',#1987,#1988,#1098,.T.);
#2494=EDGE_CURVE('',#1985,#1988,#1099,.T.);
#2495=EDGE_CURVE('',#1989,#1990,#1100,.F.);
#2496=EDGE_CURVE('',#1991,#1990,#1101,.T.);
#2497=EDGE_CURVE('',#1992,#1991,#1102,.F.);
#2498=EDGE_CURVE('',#1989,#1992,#1103,.T.);
#2499=EDGE_CURVE('',#1993,#1994,#1104,.F.);
#2500=EDGE_CURVE('',#1995,#1994,#1105,.T.);
#2501=EDGE_CURVE('',#1995,#1996,#1106,.T.);
#2502=EDGE_CURVE('',#1993,#1996,#1107,.T.);
#2503=EDGE_CURVE('',#1997,#1998,#1108,.F.);
#2504=EDGE_CURVE('',#1999,#1998,#1109,.T.);
#2505=EDGE_CURVE('',#2000,#1999,#1110,.F.);
#2506=EDGE_CURVE('',#1997,#2000,#1111,.T.);
#2507=EDGE_CURVE('',#1784,#1780,#1112,.T.);
#2508=EDGE_CURVE('',#2001,#2002,#1113,.T.);
#2509=EDGE_CURVE('',#1961,#2001,#1114,.F.);
#2510=EDGE_CURVE('',#2002,#1963,#1115,.F.);
#2511=EDGE_CURVE('',#2003,#2001,#1116,.T.);
#2512=EDGE_CURVE('',#1960,#2003,#1117,.F.);
#2513=EDGE_CURVE('',#2004,#2003,#1118,.T.);
#2514=EDGE_CURVE('',#1962,#2004,#1119,.T.);
#2515=EDGE_CURVE('',#2002,#2004,#1120,.T.);
#2516=EDGE_CURVE('',#2000,#2005,#1121,.F.);
#2517=EDGE_CURVE('',#2005,#2006,#1122,.T.);
#2518=EDGE_CURVE('',#2006,#1997,#1123,.T.);
#2519=EDGE_CURVE('',#1998,#1993,#1124,.T.);
#2520=EDGE_CURVE('',#2006,#2007,#1125,.F.);
#2521=EDGE_CURVE('',#1994,#2007,#1126,.T.);
#2522=EDGE_CURVE('',#2007,#2008,#1127,.T.);
#2523=EDGE_CURVE('',#2008,#1995,#1128,.F.);
#2524=EDGE_CURVE('',#1996,#1999,#1129,.T.);
#2525=EDGE_CURVE('',#2005,#2008,#1130,.F.);
#2526=EDGE_CURVE('',#1988,#1991,#1131,.T.);
#2527=EDGE_CURVE('',#2009,#1987,#1132,.F.);
#2528=EDGE_CURVE('',#2010,#2009,#1133,.F.);
#2529=EDGE_CURVE('',#1992,#2010,#1134,.F.);
#2530=EDGE_CURVE('',#2010,#2011,#1135,.T.);
#2531=EDGE_CURVE('',#2011,#1989,#1136,.T.);
#2532=EDGE_CURVE('',#1990,#1985,#1137,.T.);
#2533=EDGE_CURVE('',#2011,#2012,#1138,.F.);
#2534=EDGE_CURVE('',#1986,#2012,#1139,.T.);
#2535=EDGE_CURVE('',#2012,#2009,#1140,.T.);
#2536=EDGE_CURVE('',#2013,#1975,#1141,.F.);
#2537=EDGE_CURVE('',#2014,#2013,#1142,.T.);
#2538=EDGE_CURVE('',#1976,#2014,#1143,.T.);
#2539=EDGE_CURVE('',#2014,#2015,#1144,.T.);
#2540=EDGE_CURVE('',#2015,#1981,#1145,.T.);
#2541=EDGE_CURVE('',#1979,#2016,#1146,.T.);
#2542=EDGE_CURVE('',#2016,#2013,#1147,.F.);
#2543=EDGE_CURVE('',#1980,#1982,#1148,.T.);
#2544=EDGE_CURVE('',#2017,#2015,#1149,.T.);
#2545=EDGE_CURVE('',#2018,#2017,#1150,.T.);
#2546=EDGE_CURVE('',#2016,#2018,#1151,.T.);
#2547=EDGE_CURVE('',#2019,#2020,#1152,.T.);
#2548=EDGE_CURVE('',#2020,#2021,#1153,.T.);
#2549=EDGE_CURVE('',#2021,#2022,#1154,.T.);
#2550=EDGE_CURVE('',#2022,#2019,#1155,.T.);
#2551=EDGE_CURVE('',#2021,#2023,#1156,.F.);
#2552=EDGE_CURVE('',#2024,#2023,#1157,.T.);
#2553=EDGE_CURVE('',#2024,#2022,#1158,.T.);
#2554=EDGE_CURVE('',#2025,#2026,#1159,.T.);
#2555=EDGE_CURVE('',#2026,#2024,#1160,.F.);
#2556=EDGE_CURVE('',#2023,#2025,#1161,.T.);
#2557=EDGE_CURVE('',#2018,#2026,#1162,.F.);
#2558=EDGE_CURVE('',#2017,#2025,#1163,.F.);
#2559=EDGE_CURVE('',#2027,#2018,#1164,.F.);
#2560=EDGE_CURVE('',#2017,#2028,#1165,.T.);
#2561=EDGE_CURVE('',#2028,#2027,#1166,.T.);
#2562=EDGE_CURVE('',#2027,#2019,#1167,.F.);
#2563=EDGE_CURVE('',#2028,#2020,#1168,.F.);
#2564=ORIENTED_EDGE('',*,*,#2029,.F.);
#2565=ORIENTED_EDGE('',*,*,#2030,.T.);
#2566=ORIENTED_EDGE('',*,*,#2031,.F.);
#2567=ORIENTED_EDGE('',*,*,#2030,.F.);
#2568=ORIENTED_EDGE('',*,*,#2032,.F.);
#2569=ORIENTED_EDGE('',*,*,#2033,.T.);
#2570=ORIENTED_EDGE('',*,*,#2034,.F.);
#2571=ORIENTED_EDGE('',*,*,#2033,.F.);
#2572=ORIENTED_EDGE('',*,*,#2035,.F.);
#2573=ORIENTED_EDGE('',*,*,#2036,.T.);
#2574=ORIENTED_EDGE('',*,*,#2037,.F.);
#2575=ORIENTED_EDGE('',*,*,#2038,.F.);
#2576=ORIENTED_EDGE('',*,*,#2039,.F.);
#2577=ORIENTED_EDGE('',*,*,#2038,.T.);
#2578=ORIENTED_EDGE('',*,*,#2040,.F.);
#2579=ORIENTED_EDGE('',*,*,#2041,.F.);
#2580=ORIENTED_EDGE('',*,*,#2042,.F.);
#2581=ORIENTED_EDGE('',*,*,#2041,.T.);
#2582=ORIENTED_EDGE('',*,*,#2043,.F.);
#2583=ORIENTED_EDGE('',*,*,#2044,.F.);
#2584=ORIENTED_EDGE('',*,*,#2045,.F.);
#2585=ORIENTED_EDGE('',*,*,#2044,.T.);
#2586=ORIENTED_EDGE('',*,*,#2046,.F.);
#2587=ORIENTED_EDGE('',*,*,#2047,.F.);
#2588=ORIENTED_EDGE('',*,*,#2048,.F.);
#2589=ORIENTED_EDGE('',*,*,#2047,.T.);
#2590=ORIENTED_EDGE('',*,*,#2049,.F.);
#2591=ORIENTED_EDGE('',*,*,#2050,.F.);
#2592=ORIENTED_EDGE('',*,*,#2051,.F.);
#2593=ORIENTED_EDGE('',*,*,#2050,.T.);
#2594=ORIENTED_EDGE('',*,*,#2052,.F.);
#2595=ORIENTED_EDGE('',*,*,#2036,.F.);
#2596=ORIENTED_EDGE('',*,*,#2053,.F.);
#2597=ORIENTED_EDGE('',*,*,#2054,.F.);
#2598=ORIENTED_EDGE('',*,*,#2055,.F.);
#2599=ORIENTED_EDGE('',*,*,#2056,.F.);
#2600=ORIENTED_EDGE('',*,*,#2057,.F.);
#2601=ORIENTED_EDGE('',*,*,#2058,.F.);
#2602=ORIENTED_EDGE('',*,*,#2052,.T.);
#2603=ORIENTED_EDGE('',*,*,#2049,.T.);
#2604=ORIENTED_EDGE('',*,*,#2046,.T.);
#2605=ORIENTED_EDGE('',*,*,#2043,.T.);
#2606=ORIENTED_EDGE('',*,*,#2040,.T.);
#2607=ORIENTED_EDGE('',*,*,#2037,.T.);
#2608=ORIENTED_EDGE('',*,*,#2056,.T.);
#2609=ORIENTED_EDGE('',*,*,#2059,.F.);
#2610=ORIENTED_EDGE('',*,*,#2060,.F.);
#2611=ORIENTED_EDGE('',*,*,#2061,.T.);
#2612=ORIENTED_EDGE('',*,*,#2055,.T.);
#2613=ORIENTED_EDGE('',*,*,#2062,.F.);
#2614=ORIENTED_EDGE('',*,*,#2063,.F.);
#2615=ORIENTED_EDGE('',*,*,#2059,.T.);
#2616=ORIENTED_EDGE('',*,*,#2054,.T.);
#2617=ORIENTED_EDGE('',*,*,#2064,.F.);
#2618=ORIENTED_EDGE('',*,*,#2065,.F.);
#2619=ORIENTED_EDGE('',*,*,#2062,.T.);
#2620=ORIENTED_EDGE('',*,*,#2057,.T.);
#2621=ORIENTED_EDGE('',*,*,#2061,.F.);
#2622=ORIENTED_EDGE('',*,*,#2066,.F.);
#2623=ORIENTED_EDGE('',*,*,#2067,.T.);
#2624=ORIENTED_EDGE('',*,*,#2058,.T.);
#2625=ORIENTED_EDGE('',*,*,#2067,.F.);
#2626=ORIENTED_EDGE('',*,*,#2068,.F.);
#2627=ORIENTED_EDGE('',*,*,#2069,.T.);
#2628=ORIENTED_EDGE('',*,*,#2053,.T.);
#2629=ORIENTED_EDGE('',*,*,#2069,.F.);
#2630=ORIENTED_EDGE('',*,*,#2070,.F.);
#2631=ORIENTED_EDGE('',*,*,#2064,.T.);
#2632=ORIENTED_EDGE('',*,*,#2071,.F.);
#2633=ORIENTED_EDGE('',*,*,#2072,.T.);
#2634=ORIENTED_EDGE('',*,*,#2073,.F.);
#2635=ORIENTED_EDGE('',*,*,#2074,.T.);
#2636=ORIENTED_EDGE('',*,*,#2073,.T.);
#2637=ORIENTED_EDGE('',*,*,#2075,.T.);
#2638=ORIENTED_EDGE('',*,*,#2076,.F.);
#2639=ORIENTED_EDGE('',*,*,#2077,.T.);
#2640=ORIENTED_EDGE('',*,*,#2076,.T.);
#2641=ORIENTED_EDGE('',*,*,#2078,.T.);
#2642=ORIENTED_EDGE('',*,*,#2078,.F.);
#2643=ORIENTED_EDGE('',*,*,#2075,.F.);
#2644=ORIENTED_EDGE('',*,*,#2072,.F.);
#2645=ORIENTED_EDGE('',*,*,#2079,.F.);
#2646=ORIENTED_EDGE('',*,*,#2080,.F.);
#2647=ORIENTED_EDGE('',*,*,#2081,.F.);
#2648=ORIENTED_EDGE('',*,*,#2082,.F.);
#2649=ORIENTED_EDGE('',*,*,#2083,.F.);
#2650=ORIENTED_EDGE('',*,*,#2084,.F.);
#2651=ORIENTED_EDGE('',*,*,#2085,.F.);
#2652=ORIENTED_EDGE('',*,*,#2086,.T.);
#2653=ORIENTED_EDGE('',*,*,#2087,.T.);
#2654=ORIENTED_EDGE('',*,*,#2088,.F.);
#2655=ORIENTED_EDGE('',*,*,#2089,.F.);
#2656=ORIENTED_EDGE('',*,*,#2090,.T.);
#2657=ORIENTED_EDGE('',*,*,#2091,.T.);
#2658=ORIENTED_EDGE('',*,*,#2092,.T.);
#2659=ORIENTED_EDGE('',*,*,#2093,.T.);
#2660=ORIENTED_EDGE('',*,*,#2094,.T.);
#2661=ORIENTED_EDGE('',*,*,#2095,.F.);
#2662=ORIENTED_EDGE('',*,*,#2092,.F.);
#2663=ORIENTED_EDGE('',*,*,#2095,.T.);
#2664=ORIENTED_EDGE('',*,*,#2096,.T.);
#2665=ORIENTED_EDGE('',*,*,#2093,.F.);
#2666=ORIENTED_EDGE('',*,*,#2097,.T.);
#2667=ORIENTED_EDGE('',*,*,#2088,.T.);
#2668=ORIENTED_EDGE('',*,*,#2098,.T.);
#2669=ORIENTED_EDGE('',*,*,#2090,.F.);
#2670=ORIENTED_EDGE('',*,*,#2099,.F.);
#2671=ORIENTED_EDGE('',*,*,#2094,.F.);
#2672=ORIENTED_EDGE('',*,*,#2096,.F.);
#2673=ORIENTED_EDGE('',*,*,#2100,.F.);
#2674=ORIENTED_EDGE('',*,*,#2091,.F.);
#2675=ORIENTED_EDGE('',*,*,#2098,.F.);
#2676=ORIENTED_EDGE('',*,*,#2087,.F.);
#2677=ORIENTED_EDGE('',*,*,#2101,.F.);
#2678=ORIENTED_EDGE('',*,*,#2102,.F.);
#2679=ORIENTED_EDGE('',*,*,#2103,.F.);
#2680=ORIENTED_EDGE('',*,*,#2104,.F.);
#2681=ORIENTED_EDGE('',*,*,#2105,.F.);
#2682=ORIENTED_EDGE('',*,*,#2106,.F.);
#2683=ORIENTED_EDGE('',*,*,#2100,.T.);
#2684=ORIENTED_EDGE('',*,*,#2099,.T.);
#2685=ORIENTED_EDGE('',*,*,#2107,.T.);
#2686=ORIENTED_EDGE('',*,*,#2108,.F.);
#2687=ORIENTED_EDGE('',*,*,#2109,.F.);
#2688=ORIENTED_EDGE('',*,*,#2110,.F.);
#2689=ORIENTED_EDGE('',*,*,#2111,.F.);
#2690=ORIENTED_EDGE('',*,*,#2112,.F.);
#2691=ORIENTED_EDGE('',*,*,#2082,.T.);
#2692=ORIENTED_EDGE('',*,*,#2113,.F.);
#2693=ORIENTED_EDGE('',*,*,#2104,.T.);
#2694=ORIENTED_EDGE('',*,*,#2114,.F.);
#2695=ORIENTED_EDGE('',*,*,#2080,.T.);
#2696=ORIENTED_EDGE('',*,*,#2115,.F.);
#2697=ORIENTED_EDGE('',*,*,#2116,.F.);
#2698=ORIENTED_EDGE('',*,*,#2117,.F.);
#2699=ORIENTED_EDGE('',*,*,#2084,.T.);
#2700=ORIENTED_EDGE('',*,*,#2118,.F.);
#2701=ORIENTED_EDGE('',*,*,#2102,.T.);
#2702=ORIENTED_EDGE('',*,*,#2119,.F.);
#2703=ORIENTED_EDGE('',*,*,#2120,.F.);
#2704=ORIENTED_EDGE('',*,*,#2107,.F.);
#2705=ORIENTED_EDGE('',*,*,#2106,.T.);
#2706=ORIENTED_EDGE('',*,*,#2121,.F.);
#2707=ORIENTED_EDGE('',*,*,#2122,.F.);
#2708=ORIENTED_EDGE('',*,*,#2123,.F.);
#2709=ORIENTED_EDGE('',*,*,#2124,.F.);
#2710=ORIENTED_EDGE('',*,*,#2123,.T.);
#2711=ORIENTED_EDGE('',*,*,#2125,.T.);
#2712=ORIENTED_EDGE('',*,*,#2126,.T.);
#2713=ORIENTED_EDGE('',*,*,#2127,.T.);
#2714=ORIENTED_EDGE('',*,*,#2128,.T.);
#2715=ORIENTED_EDGE('',*,*,#2129,.T.);
#2716=ORIENTED_EDGE('',*,*,#2130,.F.);
#2717=ORIENTED_EDGE('',*,*,#2131,.T.);
#2718=ORIENTED_EDGE('',*,*,#2121,.T.);
#2719=ORIENTED_EDGE('',*,*,#2132,.F.);
#2720=ORIENTED_EDGE('',*,*,#2133,.F.);
#2721=ORIENTED_EDGE('',*,*,#2134,.F.);
#2722=ORIENTED_EDGE('',*,*,#2135,.T.);
#2723=ORIENTED_EDGE('',*,*,#2136,.F.);
#2724=ORIENTED_EDGE('',*,*,#2137,.T.);
#2725=ORIENTED_EDGE('',*,*,#2138,.F.);
#2726=ORIENTED_EDGE('',*,*,#2127,.F.);
#2727=ORIENTED_EDGE('',*,*,#2139,.T.);
#2728=ORIENTED_EDGE('',*,*,#2140,.F.);
#2729=ORIENTED_EDGE('',*,*,#2141,.F.);
#2730=ORIENTED_EDGE('',*,*,#2142,.T.);
#2731=ORIENTED_EDGE('',*,*,#2143,.F.);
#2732=ORIENTED_EDGE('',*,*,#2144,.T.);
#2733=ORIENTED_EDGE('',*,*,#2138,.T.);
#2734=ORIENTED_EDGE('',*,*,#2145,.F.);
#2735=ORIENTED_EDGE('',*,*,#2142,.F.);
#2736=ORIENTED_EDGE('',*,*,#2146,.F.);
#2737=ORIENTED_EDGE('',*,*,#2147,.F.);
#2738=ORIENTED_EDGE('',*,*,#2128,.F.);
#2739=ORIENTED_EDGE('',*,*,#2148,.T.);
#2740=ORIENTED_EDGE('',*,*,#2144,.F.);
#2741=ORIENTED_EDGE('',*,*,#2149,.F.);
#2742=ORIENTED_EDGE('',*,*,#2139,.F.);
#2743=ORIENTED_EDGE('',*,*,#2126,.F.);
#2744=ORIENTED_EDGE('',*,*,#2129,.F.);
#2745=ORIENTED_EDGE('',*,*,#2147,.T.);
#2746=ORIENTED_EDGE('',*,*,#2150,.T.);
#2747=ORIENTED_EDGE('',*,*,#2151,.T.);
#2748=ORIENTED_EDGE('',*,*,#2152,.F.);
#2749=ORIENTED_EDGE('',*,*,#2153,.F.);
#2750=ORIENTED_EDGE('',*,*,#2154,.T.);
#2751=ORIENTED_EDGE('',*,*,#2155,.F.);
#2752=ORIENTED_EDGE('',*,*,#2156,.F.);
#2753=ORIENTED_EDGE('',*,*,#2157,.T.);
#2754=ORIENTED_EDGE('',*,*,#2158,.F.);
#2755=ORIENTED_EDGE('',*,*,#2159,.F.);
#2756=ORIENTED_EDGE('',*,*,#2150,.F.);
#2757=ORIENTED_EDGE('',*,*,#2146,.T.);
#2758=ORIENTED_EDGE('',*,*,#2141,.T.);
#2759=ORIENTED_EDGE('',*,*,#2148,.F.);
#2760=ORIENTED_EDGE('',*,*,#2125,.F.);
#2761=ORIENTED_EDGE('',*,*,#2122,.T.);
#2762=ORIENTED_EDGE('',*,*,#2160,.F.);
#2763=ORIENTED_EDGE('',*,*,#2161,.F.);
#2764=ORIENTED_EDGE('',*,*,#2162,.F.);
#2765=ORIENTED_EDGE('',*,*,#2163,.F.);
#2766=ORIENTED_EDGE('',*,*,#2163,.T.);
#2767=ORIENTED_EDGE('',*,*,#2164,.F.);
#2768=ORIENTED_EDGE('',*,*,#2165,.F.);
#2769=ORIENTED_EDGE('',*,*,#2166,.F.);
#2770=ORIENTED_EDGE('',*,*,#2167,.F.);
#2771=ORIENTED_EDGE('',*,*,#2162,.T.);
#2772=ORIENTED_EDGE('',*,*,#2168,.T.);
#2773=ORIENTED_EDGE('',*,*,#2169,.F.);
#2774=ORIENTED_EDGE('',*,*,#2164,.T.);
#2775=ORIENTED_EDGE('',*,*,#2161,.T.);
#2776=ORIENTED_EDGE('',*,*,#2170,.F.);
#2777=ORIENTED_EDGE('',*,*,#2171,.T.);
#2778=ORIENTED_EDGE('',*,*,#2172,.F.);
#2779=ORIENTED_EDGE('',*,*,#2168,.F.);
#2780=ORIENTED_EDGE('',*,*,#2173,.F.);
#2781=ORIENTED_EDGE('',*,*,#2174,.T.);
#2782=ORIENTED_EDGE('',*,*,#2175,.T.);
#2783=ORIENTED_EDGE('',*,*,#2176,.T.);
#2784=ORIENTED_EDGE('',*,*,#2176,.F.);
#2785=ORIENTED_EDGE('',*,*,#2177,.F.);
#2786=ORIENTED_EDGE('',*,*,#2178,.F.);
#2787=ORIENTED_EDGE('',*,*,#2179,.F.);
#2788=ORIENTED_EDGE('',*,*,#2031,.T.);
#2789=ORIENTED_EDGE('',*,*,#2180,.F.);
#2790=ORIENTED_EDGE('',*,*,#2181,.T.);
#2791=ORIENTED_EDGE('',*,*,#2182,.T.);
#2792=ORIENTED_EDGE('',*,*,#2183,.T.);
#2793=ORIENTED_EDGE('',*,*,#2181,.F.);
#2794=ORIENTED_EDGE('',*,*,#2184,.F.);
#2795=ORIENTED_EDGE('',*,*,#2185,.T.);
#2796=ORIENTED_EDGE('',*,*,#2186,.F.);
#2797=ORIENTED_EDGE('',*,*,#2034,.T.);
#2798=ORIENTED_EDGE('',*,*,#2187,.T.);
#2799=ORIENTED_EDGE('',*,*,#2188,.T.);
#2800=ORIENTED_EDGE('',*,*,#2189,.T.);
#2801=ORIENTED_EDGE('',*,*,#2190,.T.);
#2802=ORIENTED_EDGE('',*,*,#2191,.F.);
#2803=ORIENTED_EDGE('',*,*,#2192,.F.);
#2804=ORIENTED_EDGE('',*,*,#2193,.F.);
#2805=ORIENTED_EDGE('',*,*,#2194,.F.);
#2806=ORIENTED_EDGE('',*,*,#2195,.T.);
#2807=ORIENTED_EDGE('',*,*,#2196,.T.);
#2808=ORIENTED_EDGE('',*,*,#2197,.T.);
#2809=ORIENTED_EDGE('',*,*,#2198,.T.);
#2810=ORIENTED_EDGE('',*,*,#2187,.F.);
#2811=ORIENTED_EDGE('',*,*,#2199,.T.);
#2812=ORIENTED_EDGE('',*,*,#2200,.F.);
#2813=ORIENTED_EDGE('',*,*,#2201,.T.);
#2814=ORIENTED_EDGE('',*,*,#2182,.F.);
#2815=ORIENTED_EDGE('',*,*,#2186,.T.);
#2816=ORIENTED_EDGE('',*,*,#2202,.T.);
#2817=ORIENTED_EDGE('',*,*,#2203,.T.);
#2818=ORIENTED_EDGE('',*,*,#2204,.T.);
#2819=ORIENTED_EDGE('',*,*,#2177,.T.);
#2820=ORIENTED_EDGE('',*,*,#2175,.F.);
#2821=ORIENTED_EDGE('',*,*,#2205,.T.);
#2822=ORIENTED_EDGE('',*,*,#2190,.F.);
#2823=ORIENTED_EDGE('',*,*,#2206,.F.);
#2824=ORIENTED_EDGE('',*,*,#2207,.F.);
#2825=ORIENTED_EDGE('',*,*,#2199,.F.);
#2826=ORIENTED_EDGE('',*,*,#2200,.T.);
#2827=ORIENTED_EDGE('',*,*,#2207,.T.);
#2828=ORIENTED_EDGE('',*,*,#2208,.T.);
#2829=ORIENTED_EDGE('',*,*,#2209,.T.);
#2830=ORIENTED_EDGE('',*,*,#2174,.F.);
#2831=ORIENTED_EDGE('',*,*,#2210,.F.);
#2832=ORIENTED_EDGE('',*,*,#2188,.F.);
#2833=ORIENTED_EDGE('',*,*,#2205,.F.);
#2834=ORIENTED_EDGE('',*,*,#2211,.F.);
#2835=ORIENTED_EDGE('',*,*,#2198,.F.);
#2836=ORIENTED_EDGE('',*,*,#2212,.F.);
#2837=ORIENTED_EDGE('',*,*,#2213,.F.);
#2838=ORIENTED_EDGE('',*,*,#2214,.F.);
#2839=ORIENTED_EDGE('',*,*,#2215,.F.);
#2840=ORIENTED_EDGE('',*,*,#2216,.F.);
#2841=ORIENTED_EDGE('',*,*,#2217,.F.);
#2842=ORIENTED_EDGE('',*,*,#2218,.F.);
#2843=ORIENTED_EDGE('',*,*,#2219,.F.);
#2844=ORIENTED_EDGE('',*,*,#2220,.F.);
#2845=ORIENTED_EDGE('',*,*,#2217,.T.);
#2846=ORIENTED_EDGE('',*,*,#2221,.T.);
#2847=ORIENTED_EDGE('',*,*,#2222,.T.);
#2848=ORIENTED_EDGE('',*,*,#2223,.F.);
#2849=ORIENTED_EDGE('',*,*,#2218,.T.);
#2850=ORIENTED_EDGE('',*,*,#2223,.T.);
#2851=ORIENTED_EDGE('',*,*,#2224,.T.);
#2852=ORIENTED_EDGE('',*,*,#2225,.F.);
#2853=ORIENTED_EDGE('',*,*,#2219,.T.);
#2854=ORIENTED_EDGE('',*,*,#2225,.T.);
#2855=ORIENTED_EDGE('',*,*,#2226,.T.);
#2856=ORIENTED_EDGE('',*,*,#2227,.F.);
#2857=ORIENTED_EDGE('',*,*,#2216,.T.);
#2858=ORIENTED_EDGE('',*,*,#2227,.T.);
#2859=ORIENTED_EDGE('',*,*,#2228,.T.);
#2860=ORIENTED_EDGE('',*,*,#2221,.F.);
#2861=ORIENTED_EDGE('',*,*,#2229,.T.);
#2862=ORIENTED_EDGE('',*,*,#2230,.F.);
#2863=ORIENTED_EDGE('',*,*,#2231,.T.);
#2864=ORIENTED_EDGE('',*,*,#2232,.T.);
#2865=ORIENTED_EDGE('',*,*,#2233,.F.);
#2866=ORIENTED_EDGE('',*,*,#2234,.T.);
#2867=ORIENTED_EDGE('',*,*,#2220,.T.);
#2868=ORIENTED_EDGE('',*,*,#2234,.F.);
#2869=ORIENTED_EDGE('',*,*,#2235,.F.);
#2870=ORIENTED_EDGE('',*,*,#2236,.F.);
#2871=ORIENTED_EDGE('',*,*,#2237,.F.);
#2872=ORIENTED_EDGE('',*,*,#2238,.T.);
#2873=ORIENTED_EDGE('',*,*,#2239,.F.);
#2874=ORIENTED_EDGE('',*,*,#2240,.F.);
#2875=ORIENTED_EDGE('',*,*,#2241,.F.);
#2876=ORIENTED_EDGE('',*,*,#2236,.T.);
#2877=ORIENTED_EDGE('',*,*,#2242,.F.);
#2878=ORIENTED_EDGE('',*,*,#2243,.F.);
#2879=ORIENTED_EDGE('',*,*,#2244,.F.);
#2880=ORIENTED_EDGE('',*,*,#2240,.T.);
#2881=ORIENTED_EDGE('',*,*,#2245,.F.);
#2882=ORIENTED_EDGE('',*,*,#2246,.F.);
#2883=ORIENTED_EDGE('',*,*,#2247,.F.);
#2884=ORIENTED_EDGE('',*,*,#2243,.T.);
#2885=ORIENTED_EDGE('',*,*,#2248,.F.);
#2886=ORIENTED_EDGE('',*,*,#2249,.F.);
#2887=ORIENTED_EDGE('',*,*,#2250,.F.);
#2888=ORIENTED_EDGE('',*,*,#2246,.T.);
#2889=ORIENTED_EDGE('',*,*,#2251,.F.);
#2890=ORIENTED_EDGE('',*,*,#2252,.F.);
#2891=ORIENTED_EDGE('',*,*,#2253,.F.);
#2892=ORIENTED_EDGE('',*,*,#2249,.T.);
#2893=ORIENTED_EDGE('',*,*,#2254,.F.);
#2894=ORIENTED_EDGE('',*,*,#2255,.F.);
#2895=ORIENTED_EDGE('',*,*,#2256,.F.);
#2896=ORIENTED_EDGE('',*,*,#2252,.T.);
#2897=ORIENTED_EDGE('',*,*,#2257,.F.);
#2898=ORIENTED_EDGE('',*,*,#2238,.F.);
#2899=ORIENTED_EDGE('',*,*,#2258,.F.);
#2900=ORIENTED_EDGE('',*,*,#2255,.T.);
#2901=ORIENTED_EDGE('',*,*,#2228,.F.);
#2902=ORIENTED_EDGE('',*,*,#2226,.F.);
#2903=ORIENTED_EDGE('',*,*,#2224,.F.);
#2904=ORIENTED_EDGE('',*,*,#2222,.F.);
#2905=ORIENTED_EDGE('',*,*,#2259,.F.);
#2906=ORIENTED_EDGE('',*,*,#2260,.F.);
#2907=ORIENTED_EDGE('',*,*,#2261,.F.);
#2908=ORIENTED_EDGE('',*,*,#2262,.F.);
#2909=ORIENTED_EDGE('',*,*,#2231,.F.);
#2910=ORIENTED_EDGE('',*,*,#2263,.T.);
#2911=ORIENTED_EDGE('',*,*,#2232,.F.);
#2912=ORIENTED_EDGE('',*,*,#2262,.T.);
#2913=ORIENTED_EDGE('',*,*,#2264,.F.);
#2914=ORIENTED_EDGE('',*,*,#2265,.F.);
#2915=ORIENTED_EDGE('',*,*,#2266,.F.);
#2916=ORIENTED_EDGE('',*,*,#2051,.T.);
#2917=ORIENTED_EDGE('',*,*,#2035,.T.);
#2918=ORIENTED_EDGE('',*,*,#2039,.T.);
#2919=ORIENTED_EDGE('',*,*,#2042,.T.);
#2920=ORIENTED_EDGE('',*,*,#2045,.T.);
#2921=ORIENTED_EDGE('',*,*,#2048,.T.);
#2922=ORIENTED_EDGE('',*,*,#2267,.T.);
#2923=ORIENTED_EDGE('',*,*,#2229,.F.);
#2924=ORIENTED_EDGE('',*,*,#2263,.F.);
#2925=ORIENTED_EDGE('',*,*,#2268,.F.);
#2926=ORIENTED_EDGE('',*,*,#2258,.T.);
#2927=ORIENTED_EDGE('',*,*,#2237,.T.);
#2928=ORIENTED_EDGE('',*,*,#2241,.T.);
#2929=ORIENTED_EDGE('',*,*,#2244,.T.);
#2930=ORIENTED_EDGE('',*,*,#2247,.T.);
#2931=ORIENTED_EDGE('',*,*,#2250,.T.);
#2932=ORIENTED_EDGE('',*,*,#2253,.T.);
#2933=ORIENTED_EDGE('',*,*,#2256,.T.);
#2934=ORIENTED_EDGE('',*,*,#2269,.T.);
#2935=ORIENTED_EDGE('',*,*,#2270,.F.);
#2936=ORIENTED_EDGE('',*,*,#2271,.T.);
#2937=ORIENTED_EDGE('',*,*,#2272,.T.);
#2938=ORIENTED_EDGE('',*,*,#2273,.T.);
#2939=ORIENTED_EDGE('',*,*,#2260,.T.);
#2940=ORIENTED_EDGE('',*,*,#2230,.T.);
#2941=ORIENTED_EDGE('',*,*,#2267,.F.);
#2942=ORIENTED_EDGE('',*,*,#2173,.T.);
#2943=ORIENTED_EDGE('',*,*,#2179,.T.);
#2944=ORIENTED_EDGE('',*,*,#2274,.T.);
#2945=ORIENTED_EDGE('',*,*,#2275,.T.);
#2946=ORIENTED_EDGE('',*,*,#2276,.T.);
#2947=ORIENTED_EDGE('',*,*,#2184,.T.);
#2948=ORIENTED_EDGE('',*,*,#2180,.T.);
#2949=ORIENTED_EDGE('',*,*,#2277,.T.);
#2950=ORIENTED_EDGE('',*,*,#2208,.F.);
#2951=ORIENTED_EDGE('',*,*,#2206,.T.);
#2952=ORIENTED_EDGE('',*,*,#2189,.F.);
#2953=ORIENTED_EDGE('',*,*,#2210,.T.);
#2954=ORIENTED_EDGE('',*,*,#2233,.T.);
#2955=ORIENTED_EDGE('',*,*,#2278,.F.);
#2956=ORIENTED_EDGE('',*,*,#2274,.F.);
#2957=ORIENTED_EDGE('',*,*,#2178,.T.);
#2958=ORIENTED_EDGE('',*,*,#2204,.F.);
#2959=ORIENTED_EDGE('',*,*,#2279,.F.);
#2960=ORIENTED_EDGE('',*,*,#2275,.F.);
#2961=ORIENTED_EDGE('',*,*,#2278,.T.);
#2962=ORIENTED_EDGE('',*,*,#2203,.F.);
#2963=ORIENTED_EDGE('',*,*,#2185,.F.);
#2964=ORIENTED_EDGE('',*,*,#2276,.F.);
#2965=ORIENTED_EDGE('',*,*,#2279,.T.);
#2966=ORIENTED_EDGE('',*,*,#2202,.F.);
#2967=ORIENTED_EDGE('',*,*,#2193,.T.);
#2968=ORIENTED_EDGE('',*,*,#2280,.F.);
#2969=ORIENTED_EDGE('',*,*,#2281,.F.);
#2970=ORIENTED_EDGE('',*,*,#2282,.T.);
#2971=ORIENTED_EDGE('',*,*,#2283,.F.);
#2972=ORIENTED_EDGE('',*,*,#2284,.F.);
#2973=ORIENTED_EDGE('',*,*,#2285,.F.);
#2974=ORIENTED_EDGE('',*,*,#2286,.F.);
#2975=ORIENTED_EDGE('',*,*,#2287,.F.);
#2976=ORIENTED_EDGE('',*,*,#2288,.F.);
#2977=ORIENTED_EDGE('',*,*,#2289,.F.);
#2978=ORIENTED_EDGE('',*,*,#2290,.F.);
#2979=ORIENTED_EDGE('',*,*,#2257,.T.);
#2980=ORIENTED_EDGE('',*,*,#2254,.T.);
#2981=ORIENTED_EDGE('',*,*,#2251,.T.);
#2982=ORIENTED_EDGE('',*,*,#2248,.T.);
#2983=ORIENTED_EDGE('',*,*,#2245,.T.);
#2984=ORIENTED_EDGE('',*,*,#2242,.T.);
#2985=ORIENTED_EDGE('',*,*,#2239,.T.);
#2986=ORIENTED_EDGE('',*,*,#2235,.T.);
#2987=ORIENTED_EDGE('',*,*,#2291,.T.);
#2988=ORIENTED_EDGE('',*,*,#2071,.T.);
#2989=ORIENTED_EDGE('',*,*,#2074,.F.);
#2990=ORIENTED_EDGE('',*,*,#2077,.F.);
#2991=ORIENTED_EDGE('',*,*,#2292,.F.);
#2992=ORIENTED_EDGE('',*,*,#2293,.T.);
#2993=ORIENTED_EDGE('',*,*,#2294,.T.);
#2994=ORIENTED_EDGE('',*,*,#2293,.F.);
#2995=ORIENTED_EDGE('',*,*,#2295,.F.);
#2996=ORIENTED_EDGE('',*,*,#2296,.T.);
#2997=ORIENTED_EDGE('',*,*,#2079,.T.);
#2998=ORIENTED_EDGE('',*,*,#2291,.F.);
#2999=ORIENTED_EDGE('',*,*,#2294,.F.);
#3000=ORIENTED_EDGE('',*,*,#2297,.F.);
#3001=ORIENTED_EDGE('',*,*,#2132,.T.);
#3002=ORIENTED_EDGE('',*,*,#2298,.T.);
#3003=ORIENTED_EDGE('',*,*,#2299,.F.);
#3004=ORIENTED_EDGE('',*,*,#2115,.T.);
#3005=ORIENTED_EDGE('',*,*,#2300,.F.);
#3006=ORIENTED_EDGE('',*,*,#2301,.T.);
#3007=ORIENTED_EDGE('',*,*,#2259,.T.);
#3008=ORIENTED_EDGE('',*,*,#2301,.F.);
#3009=ORIENTED_EDGE('',*,*,#2302,.T.);
#3010=ORIENTED_EDGE('',*,*,#2303,.T.);
#3011=ORIENTED_EDGE('',*,*,#2304,.T.);
#3012=ORIENTED_EDGE('',*,*,#2264,.T.);
#3013=ORIENTED_EDGE('',*,*,#2261,.T.);
#3014=ORIENTED_EDGE('',*,*,#2273,.F.);
#3015=ORIENTED_EDGE('',*,*,#2265,.T.);
#3016=ORIENTED_EDGE('',*,*,#2304,.F.);
#3017=ORIENTED_EDGE('',*,*,#2305,.T.);
#3018=ORIENTED_EDGE('',*,*,#2306,.F.);
#3019=ORIENTED_EDGE('',*,*,#2268,.T.);
#3020=ORIENTED_EDGE('',*,*,#2266,.T.);
#3021=ORIENTED_EDGE('',*,*,#2306,.T.);
#3022=ORIENTED_EDGE('',*,*,#2307,.T.);
#3023=ORIENTED_EDGE('',*,*,#2308,.T.);
#3024=ORIENTED_EDGE('',*,*,#2269,.F.);
#3025=ORIENTED_EDGE('',*,*,#2309,.F.);
#3026=ORIENTED_EDGE('',*,*,#2310,.F.);
#3027=ORIENTED_EDGE('',*,*,#2270,.T.);
#3028=ORIENTED_EDGE('',*,*,#2308,.F.);
#3029=ORIENTED_EDGE('',*,*,#2311,.T.);
#3030=ORIENTED_EDGE('',*,*,#2271,.F.);
#3031=ORIENTED_EDGE('',*,*,#2310,.T.);
#3032=ORIENTED_EDGE('',*,*,#2312,.T.);
#3033=ORIENTED_EDGE('',*,*,#2313,.F.);
#3034=ORIENTED_EDGE('',*,*,#2302,.F.);
#3035=ORIENTED_EDGE('',*,*,#2272,.F.);
#3036=ORIENTED_EDGE('',*,*,#2311,.F.);
#3037=ORIENTED_EDGE('',*,*,#2116,.T.);
#3038=ORIENTED_EDGE('',*,*,#2299,.T.);
#3039=ORIENTED_EDGE('',*,*,#2314,.F.);
#3040=ORIENTED_EDGE('',*,*,#2315,.F.);
#3041=ORIENTED_EDGE('',*,*,#2211,.T.);
#3042=ORIENTED_EDGE('',*,*,#2316,.F.);
#3043=ORIENTED_EDGE('',*,*,#2317,.F.);
#3044=ORIENTED_EDGE('',*,*,#2195,.F.);
#3045=ORIENTED_EDGE('',*,*,#2183,.F.);
#3046=ORIENTED_EDGE('',*,*,#2201,.F.);
#3047=ORIENTED_EDGE('',*,*,#2209,.F.);
#3048=ORIENTED_EDGE('',*,*,#2277,.F.);
#3049=ORIENTED_EDGE('',*,*,#2318,.F.);
#3050=ORIENTED_EDGE('',*,*,#2319,.F.);
#3051=ORIENTED_EDGE('',*,*,#2320,.F.);
#3052=ORIENTED_EDGE('',*,*,#2321,.F.);
#3053=ORIENTED_EDGE('',*,*,#2194,.T.);
#3054=ORIENTED_EDGE('',*,*,#2282,.F.);
#3055=ORIENTED_EDGE('',*,*,#2322,.F.);
#3056=ORIENTED_EDGE('',*,*,#2323,.T.);
#3057=ORIENTED_EDGE('',*,*,#2192,.T.);
#3058=ORIENTED_EDGE('',*,*,#2324,.F.);
#3059=ORIENTED_EDGE('',*,*,#2325,.F.);
#3060=ORIENTED_EDGE('',*,*,#2280,.T.);
#3061=ORIENTED_EDGE('',*,*,#2281,.T.);
#3062=ORIENTED_EDGE('',*,*,#2326,.F.);
#3063=ORIENTED_EDGE('',*,*,#2327,.F.);
#3064=ORIENTED_EDGE('',*,*,#2328,.T.);
#3065=ORIENTED_EDGE('',*,*,#2329,.F.);
#3066=ORIENTED_EDGE('',*,*,#2330,.F.);
#3067=ORIENTED_EDGE('',*,*,#2331,.F.);
#3068=ORIENTED_EDGE('',*,*,#2332,.F.);
#3069=ORIENTED_EDGE('',*,*,#2333,.T.);
#3070=ORIENTED_EDGE('',*,*,#2334,.T.);
#3071=ORIENTED_EDGE('',*,*,#2335,.T.);
#3072=ORIENTED_EDGE('',*,*,#2336,.F.);
#3073=ORIENTED_EDGE('',*,*,#2333,.F.);
#3074=ORIENTED_EDGE('',*,*,#2337,.F.);
#3075=ORIENTED_EDGE('',*,*,#2338,.T.);
#3076=ORIENTED_EDGE('',*,*,#2339,.T.);
#3077=ORIENTED_EDGE('',*,*,#2340,.T.);
#3078=ORIENTED_EDGE('',*,*,#2341,.T.);
#3079=ORIENTED_EDGE('',*,*,#2342,.F.);
#3080=ORIENTED_EDGE('',*,*,#2343,.F.);
#3081=ORIENTED_EDGE('',*,*,#2344,.F.);
#3082=ORIENTED_EDGE('',*,*,#2345,.F.);
#3083=ORIENTED_EDGE('',*,*,#2343,.T.);
#3084=ORIENTED_EDGE('',*,*,#2346,.F.);
#3085=ORIENTED_EDGE('',*,*,#2347,.T.);
#3086=ORIENTED_EDGE('',*,*,#2284,.T.);
#3087=ORIENTED_EDGE('',*,*,#2348,.F.);
#3088=ORIENTED_EDGE('',*,*,#2349,.F.);
#3089=ORIENTED_EDGE('',*,*,#2350,.T.);
#3090=ORIENTED_EDGE('',*,*,#2285,.T.);
#3091=ORIENTED_EDGE('',*,*,#2350,.F.);
#3092=ORIENTED_EDGE('',*,*,#2351,.F.);
#3093=ORIENTED_EDGE('',*,*,#2352,.T.);
#3094=ORIENTED_EDGE('',*,*,#2286,.T.);
#3095=ORIENTED_EDGE('',*,*,#2352,.F.);
#3096=ORIENTED_EDGE('',*,*,#2353,.F.);
#3097=ORIENTED_EDGE('',*,*,#2354,.T.);
#3098=ORIENTED_EDGE('',*,*,#2287,.T.);
#3099=ORIENTED_EDGE('',*,*,#2354,.F.);
#3100=ORIENTED_EDGE('',*,*,#2355,.F.);
#3101=ORIENTED_EDGE('',*,*,#2356,.T.);
#3102=ORIENTED_EDGE('',*,*,#2288,.T.);
#3103=ORIENTED_EDGE('',*,*,#2356,.F.);
#3104=ORIENTED_EDGE('',*,*,#2357,.F.);
#3105=ORIENTED_EDGE('',*,*,#2358,.T.);
#3106=ORIENTED_EDGE('',*,*,#2289,.T.);
#3107=ORIENTED_EDGE('',*,*,#2358,.F.);
#3108=ORIENTED_EDGE('',*,*,#2359,.F.);
#3109=ORIENTED_EDGE('',*,*,#2360,.T.);
#3110=ORIENTED_EDGE('',*,*,#2290,.T.);
#3111=ORIENTED_EDGE('',*,*,#2360,.F.);
#3112=ORIENTED_EDGE('',*,*,#2361,.F.);
#3113=ORIENTED_EDGE('',*,*,#2362,.T.);
#3114=ORIENTED_EDGE('',*,*,#2283,.T.);
#3115=ORIENTED_EDGE('',*,*,#2362,.F.);
#3116=ORIENTED_EDGE('',*,*,#2363,.F.);
#3117=ORIENTED_EDGE('',*,*,#2348,.T.);
#3118=ORIENTED_EDGE('',*,*,#2364,.F.);
#3119=ORIENTED_EDGE('',*,*,#2365,.T.);
#3120=ORIENTED_EDGE('',*,*,#2319,.T.);
#3121=ORIENTED_EDGE('',*,*,#2365,.F.);
#3122=ORIENTED_EDGE('',*,*,#2366,.F.);
#3123=ORIENTED_EDGE('',*,*,#2367,.T.);
#3124=ORIENTED_EDGE('',*,*,#2330,.T.);
#3125=ORIENTED_EDGE('',*,*,#2367,.F.);
#3126=ORIENTED_EDGE('',*,*,#2368,.F.);
#3127=ORIENTED_EDGE('',*,*,#2369,.T.);
#3128=ORIENTED_EDGE('',*,*,#2332,.T.);
#3129=ORIENTED_EDGE('',*,*,#2369,.F.);
#3130=ORIENTED_EDGE('',*,*,#2370,.F.);
#3131=ORIENTED_EDGE('',*,*,#2371,.T.);
#3132=ORIENTED_EDGE('',*,*,#2321,.T.);
#3133=ORIENTED_EDGE('',*,*,#2371,.F.);
#3134=ORIENTED_EDGE('',*,*,#2372,.T.);
#3135=ORIENTED_EDGE('',*,*,#2373,.T.);
#3136=ORIENTED_EDGE('',*,*,#2374,.F.);
#3137=ORIENTED_EDGE('',*,*,#2375,.T.);
#3138=ORIENTED_EDGE('',*,*,#2136,.T.);
#3139=ORIENTED_EDGE('',*,*,#2376,.T.);
#3140=ORIENTED_EDGE('',*,*,#2314,.T.);
#3141=ORIENTED_EDGE('',*,*,#2377,.T.);
#3142=ORIENTED_EDGE('',*,*,#2378,.F.);
#3143=ORIENTED_EDGE('',*,*,#2134,.T.);
#3144=ORIENTED_EDGE('',*,*,#2379,.F.);
#3145=ORIENTED_EDGE('',*,*,#2380,.T.);
#3146=ORIENTED_EDGE('',*,*,#2117,.T.);
#3147=ORIENTED_EDGE('',*,*,#2315,.T.);
#3148=ORIENTED_EDGE('',*,*,#2376,.F.);
#3149=ORIENTED_EDGE('',*,*,#2135,.F.);
#3150=ORIENTED_EDGE('',*,*,#2378,.T.);
#3151=ORIENTED_EDGE('',*,*,#2381,.T.);
#3152=ORIENTED_EDGE('',*,*,#2153,.T.);
#3153=ORIENTED_EDGE('',*,*,#2382,.F.);
#3154=ORIENTED_EDGE('',*,*,#2295,.T.);
#3155=ORIENTED_EDGE('',*,*,#2292,.T.);
#3156=ORIENTED_EDGE('',*,*,#2085,.T.);
#3157=ORIENTED_EDGE('',*,*,#2297,.T.);
#3158=ORIENTED_EDGE('',*,*,#2296,.F.);
#3159=ORIENTED_EDGE('',*,*,#2382,.T.);
#3160=ORIENTED_EDGE('',*,*,#2152,.T.);
#3161=ORIENTED_EDGE('',*,*,#2133,.T.);
#3162=ORIENTED_EDGE('',*,*,#2298,.F.);
#3163=ORIENTED_EDGE('',*,*,#2124,.T.);
#3164=ORIENTED_EDGE('',*,*,#2131,.F.);
#3165=ORIENTED_EDGE('',*,*,#2383,.F.);
#3166=ORIENTED_EDGE('',*,*,#2377,.F.);
#3167=ORIENTED_EDGE('',*,*,#2113,.T.);
#3168=ORIENTED_EDGE('',*,*,#2081,.T.);
#3169=ORIENTED_EDGE('',*,*,#2114,.T.);
#3170=ORIENTED_EDGE('',*,*,#2105,.T.);
#3171=ORIENTED_EDGE('',*,*,#2300,.T.);
#3172=ORIENTED_EDGE('',*,*,#2313,.T.);
#3173=ORIENTED_EDGE('',*,*,#2312,.F.);
#3174=ORIENTED_EDGE('',*,*,#2309,.T.);
#3175=ORIENTED_EDGE('',*,*,#2307,.F.);
#3176=ORIENTED_EDGE('',*,*,#2305,.F.);
#3177=ORIENTED_EDGE('',*,*,#2303,.F.);
#3178=ORIENTED_EDGE('',*,*,#2112,.T.);
#3179=ORIENTED_EDGE('',*,*,#2103,.T.);
#3180=ORIENTED_EDGE('',*,*,#2118,.T.);
#3181=ORIENTED_EDGE('',*,*,#2083,.T.);
#3182=ORIENTED_EDGE('',*,*,#2215,.T.);
#3183=ORIENTED_EDGE('',*,*,#2384,.T.);
#3184=ORIENTED_EDGE('',*,*,#2385,.T.);
#3185=ORIENTED_EDGE('',*,*,#2316,.T.);
#3186=ORIENTED_EDGE('',*,*,#2317,.T.);
#3187=ORIENTED_EDGE('',*,*,#2385,.F.);
#3188=ORIENTED_EDGE('',*,*,#2386,.F.);
#3189=ORIENTED_EDGE('',*,*,#2387,.F.);
#3190=ORIENTED_EDGE('',*,*,#2388,.T.);
#3191=ORIENTED_EDGE('',*,*,#2196,.F.);
#3192=ORIENTED_EDGE('',*,*,#2389,.F.);
#3193=ORIENTED_EDGE('',*,*,#2390,.T.);
#3194=ORIENTED_EDGE('',*,*,#2391,.T.);
#3195=ORIENTED_EDGE('',*,*,#2213,.T.);
#3196=ORIENTED_EDGE('',*,*,#2392,.T.);
#3197=ORIENTED_EDGE('',*,*,#2393,.F.);
#3198=ORIENTED_EDGE('',*,*,#2158,.T.);
#3199=ORIENTED_EDGE('',*,*,#2394,.F.);
#3200=ORIENTED_EDGE('',*,*,#2154,.F.);
#3201=ORIENTED_EDGE('',*,*,#2381,.F.);
#3202=ORIENTED_EDGE('',*,*,#2380,.F.);
#3203=ORIENTED_EDGE('',*,*,#2395,.F.);
#3204=ORIENTED_EDGE('',*,*,#2396,.T.);
#3205=ORIENTED_EDGE('',*,*,#2397,.T.);
#3206=ORIENTED_EDGE('',*,*,#2398,.F.);
#3207=ORIENTED_EDGE('',*,*,#2347,.F.);
#3208=ORIENTED_EDGE('',*,*,#2399,.F.);
#3209=ORIENTED_EDGE('',*,*,#2400,.T.);
#3210=ORIENTED_EDGE('',*,*,#2401,.F.);
#3211=ORIENTED_EDGE('',*,*,#2402,.T.);
#3212=ORIENTED_EDGE('',*,*,#2318,.T.);
#3213=ORIENTED_EDGE('',*,*,#2402,.F.);
#3214=ORIENTED_EDGE('',*,*,#2403,.F.);
#3215=ORIENTED_EDGE('',*,*,#2404,.T.);
#3216=ORIENTED_EDGE('',*,*,#2320,.T.);
#3217=ORIENTED_EDGE('',*,*,#2404,.F.);
#3218=ORIENTED_EDGE('',*,*,#2344,.T.);
#3219=ORIENTED_EDGE('',*,*,#2398,.T.);
#3220=ORIENTED_EDGE('',*,*,#2405,.T.);
#3221=ORIENTED_EDGE('',*,*,#2406,.T.);
#3222=ORIENTED_EDGE('',*,*,#2407,.F.);
#3223=ORIENTED_EDGE('',*,*,#2408,.F.);
#3224=ORIENTED_EDGE('',*,*,#2345,.T.);
#3225=ORIENTED_EDGE('',*,*,#2409,.F.);
#3226=ORIENTED_EDGE('',*,*,#2407,.T.);
#3227=ORIENTED_EDGE('',*,*,#2410,.F.);
#3228=ORIENTED_EDGE('',*,*,#2411,.F.);
#3229=ORIENTED_EDGE('',*,*,#2339,.F.);
#3230=ORIENTED_EDGE('',*,*,#2322,.T.);
#3231=ORIENTED_EDGE('',*,*,#2328,.F.);
#3232=ORIENTED_EDGE('',*,*,#2412,.F.);
#3233=ORIENTED_EDGE('',*,*,#2413,.T.);
#3234=ORIENTED_EDGE('',*,*,#2191,.T.);
#3235=ORIENTED_EDGE('',*,*,#2323,.F.);
#3236=ORIENTED_EDGE('',*,*,#2414,.F.);
#3237=ORIENTED_EDGE('',*,*,#2324,.T.);
#3238=ORIENTED_EDGE('',*,*,#2325,.T.);
#3239=ORIENTED_EDGE('',*,*,#2415,.F.);
#3240=ORIENTED_EDGE('',*,*,#2416,.T.);
#3241=ORIENTED_EDGE('',*,*,#2326,.T.);
#3242=ORIENTED_EDGE('',*,*,#2417,.T.);
#3243=ORIENTED_EDGE('',*,*,#2418,.F.);
#3244=ORIENTED_EDGE('',*,*,#2419,.T.);
#3245=ORIENTED_EDGE('',*,*,#2327,.T.);
#3246=ORIENTED_EDGE('',*,*,#2411,.T.);
#3247=ORIENTED_EDGE('',*,*,#2420,.T.);
#3248=ORIENTED_EDGE('',*,*,#2418,.T.);
#3249=ORIENTED_EDGE('',*,*,#2421,.T.);
#3250=ORIENTED_EDGE('',*,*,#2422,.T.);
#3251=ORIENTED_EDGE('',*,*,#2063,.T.);
#3252=ORIENTED_EDGE('',*,*,#2065,.T.);
#3253=ORIENTED_EDGE('',*,*,#2070,.T.);
#3254=ORIENTED_EDGE('',*,*,#2068,.T.);
#3255=ORIENTED_EDGE('',*,*,#2066,.T.);
#3256=ORIENTED_EDGE('',*,*,#2060,.T.);
#3257=ORIENTED_EDGE('',*,*,#2340,.F.);
#3258=ORIENTED_EDGE('',*,*,#2422,.F.);
#3259=ORIENTED_EDGE('',*,*,#2423,.F.);
#3260=ORIENTED_EDGE('',*,*,#2424,.F.);
#3261=ORIENTED_EDGE('',*,*,#2425,.F.);
#3262=ORIENTED_EDGE('',*,*,#2426,.T.);
#3263=ORIENTED_EDGE('',*,*,#2338,.F.);
#3264=ORIENTED_EDGE('',*,*,#2427,.F.);
#3265=ORIENTED_EDGE('',*,*,#2424,.T.);
#3266=ORIENTED_EDGE('',*,*,#2336,.T.);
#3267=ORIENTED_EDGE('',*,*,#2428,.T.);
#3268=ORIENTED_EDGE('',*,*,#2429,.T.);
#3269=ORIENTED_EDGE('',*,*,#2430,.F.);
#3270=ORIENTED_EDGE('',*,*,#2431,.T.);
#3271=ORIENTED_EDGE('',*,*,#2329,.T.);
#3272=ORIENTED_EDGE('',*,*,#2431,.F.);
#3273=ORIENTED_EDGE('',*,*,#2432,.F.);
#3274=ORIENTED_EDGE('',*,*,#2433,.T.);
#3275=ORIENTED_EDGE('',*,*,#2331,.T.);
#3276=ORIENTED_EDGE('',*,*,#2433,.F.);
#3277=ORIENTED_EDGE('',*,*,#2429,.F.);
#3278=ORIENTED_EDGE('',*,*,#2434,.T.);
#3279=ORIENTED_EDGE('',*,*,#2435,.F.);
#3280=ORIENTED_EDGE('',*,*,#2334,.F.);
#3281=ORIENTED_EDGE('',*,*,#2436,.T.);
#3282=ORIENTED_EDGE('',*,*,#2374,.T.);
#3283=ORIENTED_EDGE('',*,*,#2437,.T.);
#3284=ORIENTED_EDGE('',*,*,#2438,.T.);
#3285=ORIENTED_EDGE('',*,*,#2399,.T.);
#3286=ORIENTED_EDGE('',*,*,#2346,.T.);
#3287=ORIENTED_EDGE('',*,*,#2342,.T.);
#3288=ORIENTED_EDGE('',*,*,#2408,.T.);
#3289=ORIENTED_EDGE('',*,*,#2409,.T.);
#3290=ORIENTED_EDGE('',*,*,#2341,.F.);
#3291=ORIENTED_EDGE('',*,*,#2425,.T.);
#3292=ORIENTED_EDGE('',*,*,#2427,.T.);
#3293=ORIENTED_EDGE('',*,*,#2337,.T.);
#3294=ORIENTED_EDGE('',*,*,#2335,.F.);
#3295=ORIENTED_EDGE('',*,*,#2435,.T.);
#3296=ORIENTED_EDGE('',*,*,#2439,.T.);
#3297=ORIENTED_EDGE('',*,*,#2370,.T.);
#3298=ORIENTED_EDGE('',*,*,#2368,.T.);
#3299=ORIENTED_EDGE('',*,*,#2366,.T.);
#3300=ORIENTED_EDGE('',*,*,#2364,.T.);
#3301=ORIENTED_EDGE('',*,*,#2363,.T.);
#3302=ORIENTED_EDGE('',*,*,#2361,.T.);
#3303=ORIENTED_EDGE('',*,*,#2359,.T.);
#3304=ORIENTED_EDGE('',*,*,#2357,.T.);
#3305=ORIENTED_EDGE('',*,*,#2355,.T.);
#3306=ORIENTED_EDGE('',*,*,#2353,.T.);
#3307=ORIENTED_EDGE('',*,*,#2351,.T.);
#3308=ORIENTED_EDGE('',*,*,#2349,.T.);
#3309=ORIENTED_EDGE('',*,*,#2436,.F.);
#3310=ORIENTED_EDGE('',*,*,#2440,.F.);
#3311=ORIENTED_EDGE('',*,*,#2441,.F.);
#3312=ORIENTED_EDGE('',*,*,#2372,.F.);
#3313=ORIENTED_EDGE('',*,*,#2373,.F.);
#3314=ORIENTED_EDGE('',*,*,#2442,.F.);
#3315=ORIENTED_EDGE('',*,*,#2443,.T.);
#3316=ORIENTED_EDGE('',*,*,#2437,.F.);
#3317=ORIENTED_EDGE('',*,*,#2130,.T.);
#3318=ORIENTED_EDGE('',*,*,#2151,.F.);
#3319=ORIENTED_EDGE('',*,*,#2159,.T.);
#3320=ORIENTED_EDGE('',*,*,#2393,.T.);
#3321=ORIENTED_EDGE('',*,*,#2444,.F.);
#3322=ORIENTED_EDGE('',*,*,#2390,.F.);
#3323=ORIENTED_EDGE('',*,*,#2445,.F.);
#3324=ORIENTED_EDGE('',*,*,#2395,.T.);
#3325=ORIENTED_EDGE('',*,*,#2379,.T.);
#3326=ORIENTED_EDGE('',*,*,#2137,.F.);
#3327=ORIENTED_EDGE('',*,*,#2375,.F.);
#3328=ORIENTED_EDGE('',*,*,#2383,.T.);
#3329=ORIENTED_EDGE('',*,*,#2170,.T.);
#3330=ORIENTED_EDGE('',*,*,#2160,.T.);
#3331=ORIENTED_EDGE('',*,*,#2167,.T.);
#3332=ORIENTED_EDGE('',*,*,#2446,.T.);
#3333=ORIENTED_EDGE('',*,*,#2447,.T.);
#3334=ORIENTED_EDGE('',*,*,#2156,.T.);
#3335=ORIENTED_EDGE('',*,*,#2448,.T.);
#3336=ORIENTED_EDGE('',*,*,#2449,.T.);
#3337=ORIENTED_EDGE('',*,*,#2394,.T.);
#3338=ORIENTED_EDGE('',*,*,#2450,.T.);
#3339=ORIENTED_EDGE('',*,*,#2451,.T.);
#3340=ORIENTED_EDGE('',*,*,#2452,.T.);
#3341=ORIENTED_EDGE('',*,*,#2110,.T.);
#3342=ORIENTED_EDGE('',*,*,#2453,.T.);
#3343=ORIENTED_EDGE('',*,*,#2454,.F.);
#3344=ORIENTED_EDGE('',*,*,#2455,.F.);
#3345=ORIENTED_EDGE('',*,*,#2089,.T.);
#3346=ORIENTED_EDGE('',*,*,#2111,.T.);
#3347=ORIENTED_EDGE('',*,*,#2455,.T.);
#3348=ORIENTED_EDGE('',*,*,#2456,.F.);
#3349=ORIENTED_EDGE('',*,*,#2086,.F.);
#3350=ORIENTED_EDGE('',*,*,#2097,.F.);
#3351=ORIENTED_EDGE('',*,*,#2120,.T.);
#3352=ORIENTED_EDGE('',*,*,#2457,.T.);
#3353=ORIENTED_EDGE('',*,*,#2458,.F.);
#3354=ORIENTED_EDGE('',*,*,#2459,.F.);
#3355=ORIENTED_EDGE('',*,*,#2460,.F.);
#3356=ORIENTED_EDGE('',*,*,#2108,.T.);
#3357=ORIENTED_EDGE('',*,*,#2461,.F.);
#3358=ORIENTED_EDGE('',*,*,#2462,.T.);
#3359=ORIENTED_EDGE('',*,*,#2463,.T.);
#3360=ORIENTED_EDGE('',*,*,#2387,.T.);
#3361=ORIENTED_EDGE('',*,*,#2464,.F.);
#3362=ORIENTED_EDGE('',*,*,#2465,.T.);
#3363=ORIENTED_EDGE('',*,*,#2466,.F.);
#3364=ORIENTED_EDGE('',*,*,#2467,.T.);
#3365=ORIENTED_EDGE('',*,*,#2468,.T.);
#3366=ORIENTED_EDGE('',*,*,#2458,.T.);
#3367=ORIENTED_EDGE('',*,*,#2469,.T.);
#3368=ORIENTED_EDGE('',*,*,#2466,.T.);
#3369=ORIENTED_EDGE('',*,*,#2109,.T.);
#3370=ORIENTED_EDGE('',*,*,#2460,.T.);
#3371=ORIENTED_EDGE('',*,*,#2470,.T.);
#3372=ORIENTED_EDGE('',*,*,#2471,.T.);
#3373=ORIENTED_EDGE('',*,*,#2472,.F.);
#3374=ORIENTED_EDGE('',*,*,#2453,.F.);
#3375=ORIENTED_EDGE('',*,*,#2473,.F.);
#3376=ORIENTED_EDGE('',*,*,#2474,.T.);
#3377=ORIENTED_EDGE('',*,*,#2397,.F.);
#3378=ORIENTED_EDGE('',*,*,#2475,.F.);
#3379=ORIENTED_EDGE('',*,*,#2476,.F.);
#3380=ORIENTED_EDGE('',*,*,#2477,.T.);
#3381=ORIENTED_EDGE('',*,*,#2461,.T.);
#3382=ORIENTED_EDGE('',*,*,#2386,.T.);
#3383=ORIENTED_EDGE('',*,*,#2384,.F.);
#3384=ORIENTED_EDGE('',*,*,#2214,.T.);
#3385=ORIENTED_EDGE('',*,*,#2391,.F.);
#3386=ORIENTED_EDGE('',*,*,#2444,.T.);
#3387=ORIENTED_EDGE('',*,*,#2392,.F.);
#3388=ORIENTED_EDGE('',*,*,#2474,.F.);
#3389=ORIENTED_EDGE('',*,*,#2478,.F.);
#3390=ORIENTED_EDGE('',*,*,#2464,.T.);
#3391=ORIENTED_EDGE('',*,*,#2479,.F.);
#3392=ORIENTED_EDGE('',*,*,#2480,.T.);
#3393=ORIENTED_EDGE('',*,*,#2481,.F.);
#3394=ORIENTED_EDGE('',*,*,#2475,.T.);
#3395=ORIENTED_EDGE('',*,*,#2396,.F.);
#3396=ORIENTED_EDGE('',*,*,#2445,.T.);
#3397=ORIENTED_EDGE('',*,*,#2389,.T.);
#3398=ORIENTED_EDGE('',*,*,#2212,.T.);
#3399=ORIENTED_EDGE('',*,*,#2197,.F.);
#3400=ORIENTED_EDGE('',*,*,#2388,.F.);
#3401=ORIENTED_EDGE('',*,*,#2463,.F.);
#3402=ORIENTED_EDGE('',*,*,#2482,.T.);
#3403=ORIENTED_EDGE('',*,*,#2483,.T.);
#3404=ORIENTED_EDGE('',*,*,#2400,.F.);
#3405=ORIENTED_EDGE('',*,*,#2438,.F.);
#3406=ORIENTED_EDGE('',*,*,#2443,.F.);
#3407=ORIENTED_EDGE('',*,*,#2484,.F.);
#3408=ORIENTED_EDGE('',*,*,#2485,.F.);
#3409=ORIENTED_EDGE('',*,*,#2412,.T.);
#3410=ORIENTED_EDGE('',*,*,#2419,.F.);
#3411=ORIENTED_EDGE('',*,*,#2420,.F.);
#3412=ORIENTED_EDGE('',*,*,#2410,.T.);
#3413=ORIENTED_EDGE('',*,*,#2406,.F.);
#3414=ORIENTED_EDGE('',*,*,#2405,.F.);
#3415=ORIENTED_EDGE('',*,*,#2483,.F.);
#3416=ORIENTED_EDGE('',*,*,#2403,.T.);
#3417=ORIENTED_EDGE('',*,*,#2401,.T.);
#3418=ORIENTED_EDGE('',*,*,#2414,.T.);
#3419=ORIENTED_EDGE('',*,*,#2413,.F.);
#3420=ORIENTED_EDGE('',*,*,#2486,.T.);
#3421=ORIENTED_EDGE('',*,*,#2415,.T.);
#3422=ORIENTED_EDGE('',*,*,#2029,.T.);
#3423=ORIENTED_EDGE('',*,*,#2032,.T.);
#3424=ORIENTED_EDGE('',*,*,#2487,.F.);
#3425=ORIENTED_EDGE('',*,*,#2488,.F.);
#3426=ORIENTED_EDGE('',*,*,#2428,.F.);
#3427=ORIENTED_EDGE('',*,*,#2426,.F.);
#3428=ORIENTED_EDGE('',*,*,#2423,.T.);
#3429=ORIENTED_EDGE('',*,*,#2421,.F.);
#3430=ORIENTED_EDGE('',*,*,#2417,.F.);
#3431=ORIENTED_EDGE('',*,*,#2416,.F.);
#3432=ORIENTED_EDGE('',*,*,#2432,.T.);
#3433=ORIENTED_EDGE('',*,*,#2430,.T.);
#3434=ORIENTED_EDGE('',*,*,#2488,.T.);
#3435=ORIENTED_EDGE('',*,*,#2489,.T.);
#3436=ORIENTED_EDGE('',*,*,#2440,.T.);
#3437=ORIENTED_EDGE('',*,*,#2439,.F.);
#3438=ORIENTED_EDGE('',*,*,#2434,.F.);
#3439=ORIENTED_EDGE('',*,*,#2490,.T.);
#3440=ORIENTED_EDGE('',*,*,#2442,.T.);
#3441=ORIENTED_EDGE('',*,*,#2441,.T.);
#3442=ORIENTED_EDGE('',*,*,#2491,.T.);
#3443=ORIENTED_EDGE('',*,*,#2492,.F.);
#3444=ORIENTED_EDGE('',*,*,#2493,.T.);
#3445=ORIENTED_EDGE('',*,*,#2494,.F.);
#3446=ORIENTED_EDGE('',*,*,#2495,.T.);
#3447=ORIENTED_EDGE('',*,*,#2496,.F.);
#3448=ORIENTED_EDGE('',*,*,#2497,.F.);
#3449=ORIENTED_EDGE('',*,*,#2498,.F.);
#3450=ORIENTED_EDGE('',*,*,#2499,.T.);
#3451=ORIENTED_EDGE('',*,*,#2500,.F.);
#3452=ORIENTED_EDGE('',*,*,#2501,.T.);
#3453=ORIENTED_EDGE('',*,*,#2502,.F.);
#3454=ORIENTED_EDGE('',*,*,#2503,.T.);
#3455=ORIENTED_EDGE('',*,*,#2504,.F.);
#3456=ORIENTED_EDGE('',*,*,#2505,.F.);
#3457=ORIENTED_EDGE('',*,*,#2506,.F.);
#3458=ORIENTED_EDGE('',*,*,#2166,.T.);
#3459=ORIENTED_EDGE('',*,*,#2507,.F.);
#3460=ORIENTED_EDGE('',*,*,#2171,.F.);
#3461=ORIENTED_EDGE('',*,*,#2446,.F.);
#3462=ORIENTED_EDGE('',*,*,#2508,.F.);
#3463=ORIENTED_EDGE('',*,*,#2509,.F.);
#3464=ORIENTED_EDGE('',*,*,#2448,.F.);
#3465=ORIENTED_EDGE('',*,*,#2155,.T.);
#3466=ORIENTED_EDGE('',*,*,#2452,.F.);
#3467=ORIENTED_EDGE('',*,*,#2510,.F.);
#3468=ORIENTED_EDGE('',*,*,#2509,.T.);
#3469=ORIENTED_EDGE('',*,*,#2511,.F.);
#3470=ORIENTED_EDGE('',*,*,#2512,.F.);
#3471=ORIENTED_EDGE('',*,*,#2449,.F.);
#3472=ORIENTED_EDGE('',*,*,#2513,.F.);
#3473=ORIENTED_EDGE('',*,*,#2514,.F.);
#3474=ORIENTED_EDGE('',*,*,#2450,.F.);
#3475=ORIENTED_EDGE('',*,*,#2157,.F.);
#3476=ORIENTED_EDGE('',*,*,#2447,.F.);
#3477=ORIENTED_EDGE('',*,*,#2512,.T.);
#3478=ORIENTED_EDGE('',*,*,#2510,.T.);
#3479=ORIENTED_EDGE('',*,*,#2451,.F.);
#3480=ORIENTED_EDGE('',*,*,#2514,.T.);
#3481=ORIENTED_EDGE('',*,*,#2515,.F.);
#3482=ORIENTED_EDGE('',*,*,#2516,.T.);
#3483=ORIENTED_EDGE('',*,*,#2517,.T.);
#3484=ORIENTED_EDGE('',*,*,#2518,.T.);
#3485=ORIENTED_EDGE('',*,*,#2506,.T.);
#3486=ORIENTED_EDGE('',*,*,#2519,.F.);
#3487=ORIENTED_EDGE('',*,*,#2503,.F.);
#3488=ORIENTED_EDGE('',*,*,#2518,.F.);
#3489=ORIENTED_EDGE('',*,*,#2520,.T.);
#3490=ORIENTED_EDGE('',*,*,#2521,.F.);
#3491=ORIENTED_EDGE('',*,*,#2499,.F.);
#3492=ORIENTED_EDGE('',*,*,#2522,.T.);
#3493=ORIENTED_EDGE('',*,*,#2523,.T.);
#3494=ORIENTED_EDGE('',*,*,#2500,.T.);
#3495=ORIENTED_EDGE('',*,*,#2521,.T.);
#3496=ORIENTED_EDGE('',*,*,#2524,.F.);
#3497=ORIENTED_EDGE('',*,*,#2501,.F.);
#3498=ORIENTED_EDGE('',*,*,#2523,.F.);
#3499=ORIENTED_EDGE('',*,*,#2525,.F.);
#3500=ORIENTED_EDGE('',*,*,#2516,.F.);
#3501=ORIENTED_EDGE('',*,*,#2505,.T.);
#3502=ORIENTED_EDGE('',*,*,#2526,.F.);
#3503=ORIENTED_EDGE('',*,*,#2493,.F.);
#3504=ORIENTED_EDGE('',*,*,#2527,.F.);
#3505=ORIENTED_EDGE('',*,*,#2528,.F.);
#3506=ORIENTED_EDGE('',*,*,#2529,.F.);
#3507=ORIENTED_EDGE('',*,*,#2497,.T.);
#3508=ORIENTED_EDGE('',*,*,#2529,.T.);
#3509=ORIENTED_EDGE('',*,*,#2530,.T.);
#3510=ORIENTED_EDGE('',*,*,#2531,.T.);
#3511=ORIENTED_EDGE('',*,*,#2498,.T.);
#3512=ORIENTED_EDGE('',*,*,#2532,.F.);
#3513=ORIENTED_EDGE('',*,*,#2495,.F.);
#3514=ORIENTED_EDGE('',*,*,#2531,.F.);
#3515=ORIENTED_EDGE('',*,*,#2533,.T.);
#3516=ORIENTED_EDGE('',*,*,#2534,.F.);
#3517=ORIENTED_EDGE('',*,*,#2491,.F.);
#3518=ORIENTED_EDGE('',*,*,#2535,.T.);
#3519=ORIENTED_EDGE('',*,*,#2527,.T.);
#3520=ORIENTED_EDGE('',*,*,#2492,.T.);
#3521=ORIENTED_EDGE('',*,*,#2534,.T.);
#3522=ORIENTED_EDGE('',*,*,#2471,.F.);
#3523=ORIENTED_EDGE('',*,*,#2536,.F.);
#3524=ORIENTED_EDGE('',*,*,#2537,.F.);
#3525=ORIENTED_EDGE('',*,*,#2538,.F.);
#3526=ORIENTED_EDGE('',*,*,#2101,.T.);
#3527=ORIENTED_EDGE('',*,*,#2456,.T.);
#3528=ORIENTED_EDGE('',*,*,#2454,.T.);
#3529=ORIENTED_EDGE('',*,*,#2472,.T.);
#3530=ORIENTED_EDGE('',*,*,#2538,.T.);
#3531=ORIENTED_EDGE('',*,*,#2539,.T.);
#3532=ORIENTED_EDGE('',*,*,#2540,.T.);
#3533=ORIENTED_EDGE('',*,*,#2479,.T.);
#3534=ORIENTED_EDGE('',*,*,#2467,.F.);
#3535=ORIENTED_EDGE('',*,*,#2469,.F.);
#3536=ORIENTED_EDGE('',*,*,#2457,.F.);
#3537=ORIENTED_EDGE('',*,*,#2119,.T.);
#3538=ORIENTED_EDGE('',*,*,#2477,.F.);
#3539=ORIENTED_EDGE('',*,*,#2541,.T.);
#3540=ORIENTED_EDGE('',*,*,#2542,.T.);
#3541=ORIENTED_EDGE('',*,*,#2536,.T.);
#3542=ORIENTED_EDGE('',*,*,#2470,.F.);
#3543=ORIENTED_EDGE('',*,*,#2459,.T.);
#3544=ORIENTED_EDGE('',*,*,#2468,.F.);
#3545=ORIENTED_EDGE('',*,*,#2465,.F.);
#3546=ORIENTED_EDGE('',*,*,#2478,.T.);
#3547=ORIENTED_EDGE('',*,*,#2543,.T.);
#3548=ORIENTED_EDGE('',*,*,#2482,.F.);
#3549=ORIENTED_EDGE('',*,*,#2462,.F.);
#3550=ORIENTED_EDGE('',*,*,#2481,.T.);
#3551=ORIENTED_EDGE('',*,*,#2543,.F.);
#3552=ORIENTED_EDGE('',*,*,#2480,.F.);
#3553=ORIENTED_EDGE('',*,*,#2540,.F.);
#3554=ORIENTED_EDGE('',*,*,#2544,.F.);
#3555=ORIENTED_EDGE('',*,*,#2545,.F.);
#3556=ORIENTED_EDGE('',*,*,#2546,.F.);
#3557=ORIENTED_EDGE('',*,*,#2541,.F.);
#3558=ORIENTED_EDGE('',*,*,#2476,.T.);
#3559=ORIENTED_EDGE('',*,*,#2473,.T.);
#3560=ORIENTED_EDGE('',*,*,#2490,.F.);
#3561=ORIENTED_EDGE('',*,*,#2489,.F.);
#3562=ORIENTED_EDGE('',*,*,#2487,.T.);
#3563=ORIENTED_EDGE('',*,*,#2486,.F.);
#3564=ORIENTED_EDGE('',*,*,#2485,.T.);
#3565=ORIENTED_EDGE('',*,*,#2484,.T.);
#3566=ORIENTED_EDGE('',*,*,#2515,.T.);
#3567=ORIENTED_EDGE('',*,*,#2513,.T.);
#3568=ORIENTED_EDGE('',*,*,#2511,.T.);
#3569=ORIENTED_EDGE('',*,*,#2508,.T.);
#3570=ORIENTED_EDGE('',*,*,#2547,.T.);
#3571=ORIENTED_EDGE('',*,*,#2548,.T.);
#3572=ORIENTED_EDGE('',*,*,#2549,.T.);
#3573=ORIENTED_EDGE('',*,*,#2550,.T.);
#3574=ORIENTED_EDGE('',*,*,#2169,.T.);
#3575=ORIENTED_EDGE('',*,*,#2172,.T.);
#3576=ORIENTED_EDGE('',*,*,#2507,.T.);
#3577=ORIENTED_EDGE('',*,*,#2165,.T.);
#3578=ORIENTED_EDGE('',*,*,#2504,.T.);
#3579=ORIENTED_EDGE('',*,*,#2519,.T.);
#3580=ORIENTED_EDGE('',*,*,#2502,.T.);
#3581=ORIENTED_EDGE('',*,*,#2524,.T.);
#3582=ORIENTED_EDGE('',*,*,#2143,.T.);
#3583=ORIENTED_EDGE('',*,*,#2145,.T.);
#3584=ORIENTED_EDGE('',*,*,#2140,.T.);
#3585=ORIENTED_EDGE('',*,*,#2149,.T.);
#3586=ORIENTED_EDGE('',*,*,#2496,.T.);
#3587=ORIENTED_EDGE('',*,*,#2532,.T.);
#3588=ORIENTED_EDGE('',*,*,#2494,.T.);
#3589=ORIENTED_EDGE('',*,*,#2526,.T.);
#3590=ORIENTED_EDGE('',*,*,#2551,.T.);
#3591=ORIENTED_EDGE('',*,*,#2552,.F.);
#3592=ORIENTED_EDGE('',*,*,#2553,.T.);
#3593=ORIENTED_EDGE('',*,*,#2549,.F.);
#3594=ORIENTED_EDGE('',*,*,#2554,.T.);
#3595=ORIENTED_EDGE('',*,*,#2555,.T.);
#3596=ORIENTED_EDGE('',*,*,#2552,.T.);
#3597=ORIENTED_EDGE('',*,*,#2556,.T.);
#3598=ORIENTED_EDGE('',*,*,#2542,.F.);
#3599=ORIENTED_EDGE('',*,*,#2546,.T.);
#3600=ORIENTED_EDGE('',*,*,#2557,.T.);
#3601=ORIENTED_EDGE('',*,*,#2554,.F.);
#3602=ORIENTED_EDGE('',*,*,#2558,.F.);
#3603=ORIENTED_EDGE('',*,*,#2544,.T.);
#3604=ORIENTED_EDGE('',*,*,#2539,.F.);
#3605=ORIENTED_EDGE('',*,*,#2537,.T.);
#3606=ORIENTED_EDGE('',*,*,#2535,.F.);
#3607=ORIENTED_EDGE('',*,*,#2533,.F.);
#3608=ORIENTED_EDGE('',*,*,#2530,.F.);
#3609=ORIENTED_EDGE('',*,*,#2528,.T.);
#3610=ORIENTED_EDGE('',*,*,#2525,.T.);
#3611=ORIENTED_EDGE('',*,*,#2522,.F.);
#3612=ORIENTED_EDGE('',*,*,#2520,.F.);
#3613=ORIENTED_EDGE('',*,*,#2517,.F.);
#3614=ORIENTED_EDGE('',*,*,#2559,.T.);
#3615=ORIENTED_EDGE('',*,*,#2545,.T.);
#3616=ORIENTED_EDGE('',*,*,#2560,.T.);
#3617=ORIENTED_EDGE('',*,*,#2561,.T.);
#3618=ORIENTED_EDGE('',*,*,#2562,.F.);
#3619=ORIENTED_EDGE('',*,*,#2561,.F.);
#3620=ORIENTED_EDGE('',*,*,#2563,.T.);
#3621=ORIENTED_EDGE('',*,*,#2547,.F.);
#3622=ORIENTED_EDGE('',*,*,#2562,.T.);
#3623=ORIENTED_EDGE('',*,*,#2550,.F.);
#3624=ORIENTED_EDGE('',*,*,#2553,.F.);
#3625=ORIENTED_EDGE('',*,*,#2555,.F.);
#3626=ORIENTED_EDGE('',*,*,#2557,.F.);
#3627=ORIENTED_EDGE('',*,*,#2559,.F.);
#3628=ORIENTED_EDGE('',*,*,#2563,.F.);
#3629=ORIENTED_EDGE('',*,*,#2560,.F.);
#3630=ORIENTED_EDGE('',*,*,#2558,.T.);
#3631=ORIENTED_EDGE('',*,*,#2556,.F.);
#3632=ORIENTED_EDGE('',*,*,#2551,.F.);
#3633=ORIENTED_EDGE('',*,*,#2548,.F.);
#3634=CYLINDRICAL_SURFACE('',#3866,2.25);
#3635=CYLINDRICAL_SURFACE('',#3869,2.25);
#3636=CYLINDRICAL_SURFACE('',#3912,2.);
#3637=CYLINDRICAL_SURFACE('',#3916,2.);
#3638=CYLINDRICAL_SURFACE('',#3920,2.);
#3639=CYLINDRICAL_SURFACE('',#3926,2.);
#3640=CYLINDRICAL_SURFACE('',#3937,18.5);
#3641=CYLINDRICAL_SURFACE('',#3963,18.5);
#3642=CYLINDRICAL_SURFACE('',#4002,2.25);
#3643=CYLINDRICAL_SURFACE('',#4004,2.25);
#3644=CYLINDRICAL_SURFACE('',#4006,2.25);
#3645=CYLINDRICAL_SURFACE('',#4008,2.25000000000001);
#3646=CYLINDRICAL_SURFACE('',#4015,5.);
#3647=CYLINDRICAL_SURFACE('',#4024,4.);
#3648=CYLINDRICAL_SURFACE('',#4026,4.);
#3649=CYLINDRICAL_SURFACE('',#4029,6.19999999999997);
#3650=CYLINDRICAL_SURFACE('',#4039,6.19999999999999);
#3651=CYLINDRICAL_SURFACE('',#4043,4.);
#3652=CYLINDRICAL_SURFACE('',#4045,3.99999999999999);
#3653=CYLINDRICAL_SURFACE('',#4063,5.);
#3654=CYLINDRICAL_SURFACE('',#4070,8.69999999999999);
#3655=CYLINDRICAL_SURFACE('',#4076,8.69999999999999);
#3656=ADVANCED_FACE('',(#249),#3634,.F.);
#3657=ADVANCED_FACE('',(#250),#3635,.F.);
#3658=ADVANCED_FACE('',(#251),#75,.T.);
#3659=ADVANCED_FACE('',(#252),#76,.T.);
#3660=ADVANCED_FACE('',(#253),#77,.T.);
#3661=ADVANCED_FACE('',(#254),#78,.T.);
#3662=ADVANCED_FACE('',(#255),#79,.T.);
#3663=ADVANCED_FACE('',(#256),#80,.T.);
#3664=ADVANCED_FACE('',(#257,#37),#81,.T.);
#3665=ADVANCED_FACE('',(#258),#82,.F.);
#3666=ADVANCED_FACE('',(#259),#83,.F.);
#3667=ADVANCED_FACE('',(#260),#84,.F.);
#3668=ADVANCED_FACE('',(#261),#85,.F.);
#3669=ADVANCED_FACE('',(#262),#86,.F.);
#3670=ADVANCED_FACE('',(#263),#87,.F.);
#3671=ADVANCED_FACE('',(#264),#88,.F.);
#3672=ADVANCED_FACE('',(#265),#89,.F.);
#3673=ADVANCED_FACE('',(#266),#90,.F.);
#3674=ADVANCED_FACE('',(#267),#91,.F.);
#3675=ADVANCED_FACE('',(#268),#92,.F.);
#3676=ADVANCED_FACE('',(#269),#93,.F.);
#3677=ADVANCED_FACE('',(#270),#94,.F.);
#3678=ADVANCED_FACE('',(#271),#95,.F.);
#3679=ADVANCED_FACE('',(#272),#96,.F.);
#3680=ADVANCED_FACE('',(#273),#97,.F.);
#3681=ADVANCED_FACE('',(#274),#98,.F.);
#3682=ADVANCED_FACE('',(#275),#99,.F.);
#3683=ADVANCED_FACE('',(#276),#100,.F.);
#3684=ADVANCED_FACE('',(#277),#101,.F.);
#3685=ADVANCED_FACE('',(#278),#102,.T.);
#3686=ADVANCED_FACE('',(#279),#103,.F.);
#3687=ADVANCED_FACE('',(#280),#104,.T.);
#3688=ADVANCED_FACE('',(#281),#105,.F.);
#3689=ADVANCED_FACE('',(#282),#106,.F.);
#3690=ADVANCED_FACE('',(#283),#107,.F.);
#3691=ADVANCED_FACE('',(#284),#108,.T.);
#3692=ADVANCED_FACE('',(#285),#109,.T.);
#3693=ADVANCED_FACE('',(#286,#38),#110,.F.);
#3694=ADVANCED_FACE('',(#287),#111,.T.);
#3695=ADVANCED_FACE('',(#288),#112,.F.);
#3696=ADVANCED_FACE('',(#289),#113,.F.);
#3697=ADVANCED_FACE('',(#290),#3636,.F.);
#3698=ADVANCED_FACE('',(#291,#39),#114,.F.);
#3699=ADVANCED_FACE('',(#292),#3637,.F.);
#3700=ADVANCED_FACE('',(#293,#40),#115,.F.);
#3701=ADVANCED_FACE('',(#294),#3638,.T.);
#3702=ADVANCED_FACE('',(#295,#41,#42),#116,.F.);
#3703=ADVANCED_FACE('',(#296),#117,.T.);
#3704=ADVANCED_FACE('',(#297),#3639,.T.);
#3705=ADVANCED_FACE('',(#298),#118,.T.);
#3706=ADVANCED_FACE('',(#299),#119,.F.);
#3707=ADVANCED_FACE('',(#300,#43),#120,.F.);
#3708=ADVANCED_FACE('',(#301),#121,.F.);
#3709=ADVANCED_FACE('',(#302),#122,.F.);
#3710=ADVANCED_FACE('',(#303),#123,.F.);
#3711=ADVANCED_FACE('',(#304),#124,.F.);
#3712=ADVANCED_FACE('',(#305),#125,.T.);
#3713=ADVANCED_FACE('',(#306),#3640,.F.);
#3714=ADVANCED_FACE('',(#307),#126,.F.);
#3715=ADVANCED_FACE('',(#308),#127,.F.);
#3716=ADVANCED_FACE('',(#309),#128,.F.);
#3717=ADVANCED_FACE('',(#310),#129,.F.);
#3718=ADVANCED_FACE('',(#311),#130,.F.);
#3719=ADVANCED_FACE('',(#312),#131,.F.);
#3720=ADVANCED_FACE('',(#313),#132,.F.);
#3721=ADVANCED_FACE('',(#314),#133,.F.);
#3722=ADVANCED_FACE('',(#315,#44),#134,.T.);
#3723=ADVANCED_FACE('',(#316),#135,.T.);
#3724=ADVANCED_FACE('',(#317,#45),#136,.T.);
#3725=ADVANCED_FACE('',(#318),#137,.T.);
#3726=ADVANCED_FACE('',(#319,#46),#138,.T.);
#3727=ADVANCED_FACE('',(#320,#47),#139,.T.);
#3728=ADVANCED_FACE('',(#321),#140,.F.);
#3729=ADVANCED_FACE('',(#322),#141,.F.);
#3730=ADVANCED_FACE('',(#323),#142,.F.);
#3731=ADVANCED_FACE('',(#324),#143,.T.);
#3732=ADVANCED_FACE('',(#325,#48),#144,.T.);
#3733=ADVANCED_FACE('',(#326),#145,.T.);
#3734=ADVANCED_FACE('',(#327),#146,.F.);
#3735=ADVANCED_FACE('',(#328),#147,.T.);
#3736=ADVANCED_FACE('',(#329),#3641,.F.);
#3737=ADVANCED_FACE('',(#330),#148,.T.);
#3738=ADVANCED_FACE('',(#331),#149,.T.);
#3739=ADVANCED_FACE('',(#332),#150,.T.);
#3740=ADVANCED_FACE('',(#333),#151,.T.);
#3741=ADVANCED_FACE('',(#334),#152,.T.);
#3742=ADVANCED_FACE('',(#335),#153,.T.);
#3743=ADVANCED_FACE('',(#336),#154,.F.);
#3744=ADVANCED_FACE('',(#337),#155,.F.);
#3745=ADVANCED_FACE('',(#338),#156,.T.);
#3746=ADVANCED_FACE('',(#339,#49),#157,.T.);
#3747=ADVANCED_FACE('',(#340,#50),#158,.T.);
#3748=ADVANCED_FACE('',(#341),#159,.T.);
#3749=ADVANCED_FACE('',(#342),#160,.T.);
#3750=ADVANCED_FACE('',(#343),#161,.T.);
#3751=ADVANCED_FACE('',(#344,#51),#162,.T.);
#3752=ADVANCED_FACE('',(#345,#52),#163,.T.);
#3753=ADVANCED_FACE('',(#346),#164,.T.);
#3754=ADVANCED_FACE('',(#347),#165,.F.);
#3755=ADVANCED_FACE('',(#348),#166,.T.);
#3756=ADVANCED_FACE('',(#349),#167,.F.);
#3757=ADVANCED_FACE('',(#350),#168,.T.);
#3758=ADVANCED_FACE('',(#351),#169,.T.);
#3759=ADVANCED_FACE('',(#352),#170,.T.);
#3760=ADVANCED_FACE('',(#353),#171,.T.);
#3761=ADVANCED_FACE('',(#354),#172,.T.);
#3762=ADVANCED_FACE('',(#355),#173,.T.);
#3763=ADVANCED_FACE('',(#356),#174,.T.);
#3764=ADVANCED_FACE('',(#357),#175,.T.);
#3765=ADVANCED_FACE('',(#358),#176,.T.);
#3766=ADVANCED_FACE('',(#359),#3642,.F.);
#3767=ADVANCED_FACE('',(#360),#3643,.F.);
#3768=ADVANCED_FACE('',(#361),#3644,.F.);
#3769=ADVANCED_FACE('',(#362),#3645,.F.);
#3770=ADVANCED_FACE('',(#363),#177,.T.);
#3771=ADVANCED_FACE('',(#364),#178,.T.);
#3772=ADVANCED_FACE('',(#365),#179,.T.);
#3773=ADVANCED_FACE('',(#366),#180,.F.);
#3774=ADVANCED_FACE('',(#367),#3646,.F.);
#3775=ADVANCED_FACE('',(#368),#181,.T.);
#3776=ADVANCED_FACE('',(#369,#53),#182,.T.);
#3777=ADVANCED_FACE('',(#370,#54),#183,.F.);
#3778=ADVANCED_FACE('',(#371),#184,.T.);
#3779=ADVANCED_FACE('',(#372),#185,.F.);
#3780=ADVANCED_FACE('',(#373),#186,.T.);
#3781=ADVANCED_FACE('',(#374),#187,.T.);
#3782=ADVANCED_FACE('',(#375),#188,.F.);
#3783=ADVANCED_FACE('',(#376),#3647,.F.);
#3784=ADVANCED_FACE('',(#377),#3648,.F.);
#3785=ADVANCED_FACE('',(#378),#189,.T.);
#3786=ADVANCED_FACE('',(#379),#3649,.T.);
#3787=ADVANCED_FACE('',(#380),#190,.F.);
#3788=ADVANCED_FACE('',(#381),#191,.T.);
#3789=ADVANCED_FACE('',(#382),#192,.T.);
#3790=ADVANCED_FACE('',(#383),#193,.T.);
#3791=ADVANCED_FACE('',(#384),#194,.T.);
#3792=ADVANCED_FACE('',(#385,#55),#195,.T.);
#3793=ADVANCED_FACE('',(#386),#196,.F.);
#3794=ADVANCED_FACE('',(#387),#3650,.T.);
#3795=ADVANCED_FACE('',(#388),#197,.T.);
#3796=ADVANCED_FACE('',(#389),#3651,.F.);
#3797=ADVANCED_FACE('',(#390),#3652,.F.);
#3798=ADVANCED_FACE('',(#391),#198,.F.);
#3799=ADVANCED_FACE('',(#392,#56,#57,#58,#59,#60),#199,.F.);
#3800=ADVANCED_FACE('',(#393),#200,.F.);
#3801=ADVANCED_FACE('',(#394),#201,.F.);
#3802=ADVANCED_FACE('',(#395),#202,.F.);
#3803=ADVANCED_FACE('',(#396),#203,.T.);
#3804=ADVANCED_FACE('',(#397),#204,.T.);
#3805=ADVANCED_FACE('',(#398),#205,.T.);
#3806=ADVANCED_FACE('',(#399),#206,.T.);
#3807=ADVANCED_FACE('',(#400),#207,.T.);
#3808=ADVANCED_FACE('',(#401),#208,.F.);
#3809=ADVANCED_FACE('',(#402),#209,.T.);
#3810=ADVANCED_FACE('',(#403),#210,.T.);
#3811=ADVANCED_FACE('',(#404),#211,.T.);
#3812=ADVANCED_FACE('',(#405),#3653,.F.);
#3813=ADVANCED_FACE('',(#406),#212,.F.);
#3814=ADVANCED_FACE('',(#407),#213,.F.);
#3815=ADVANCED_FACE('',(#408),#214,.T.);
#3816=ADVANCED_FACE('',(#409),#215,.F.);
#3817=ADVANCED_FACE('',(#410),#3654,.T.);
#3818=ADVANCED_FACE('',(#411,#61,#62),#216,.F.);
#3819=ADVANCED_FACE('',(#412,#63,#64),#217,.T.);
#3820=ADVANCED_FACE('',(#413,#65,#66),#218,.F.);
#3821=ADVANCED_FACE('',(#414),#3655,.T.);
#3822=ADVANCED_FACE('',(#415),#219,.T.);
#3823=ADVANCED_FACE('',(#416),#220,.F.);
#3824=ADVANCED_FACE('',(#417),#221,.F.);
#3825=ADVANCED_FACE('',(#418),#222,.F.);
#3826=ADVANCED_FACE('',(#419),#223,.F.);
#3827=ADVANCED_FACE('',(#420),#224,.F.);
#3828=ADVANCED_FACE('',(#421),#225,.T.);
#3829=ADVANCED_FACE('',(#422),#226,.F.);
#3830=ADVANCED_FACE('',(#423),#227,.F.);
#3831=ADVANCED_FACE('',(#424),#228,.F.);
#3832=ADVANCED_FACE('',(#425),#229,.T.);
#3833=ADVANCED_FACE('',(#426),#230,.T.);
#3834=ADVANCED_FACE('',(#427),#231,.T.);
#3835=ADVANCED_FACE('',(#428),#232,.F.);
#3836=ADVANCED_FACE('',(#429),#233,.F.);
#3837=ADVANCED_FACE('',(#430),#234,.T.);
#3838=ADVANCED_FACE('',(#431),#235,.T.);
#3839=ADVANCED_FACE('',(#432),#236,.T.);
#3840=ADVANCED_FACE('',(#433),#237,.F.);
#3841=ADVANCED_FACE('',(#434),#238,.F.);
#3842=ADVANCED_FACE('',(#435),#239,.F.);
#3843=ADVANCED_FACE('',(#436),#240,.T.);
#3844=ADVANCED_FACE('',(#437,#67,#68,#69,#70,#71,#72),#241,.F.);
#3845=ADVANCED_FACE('',(#438),#242,.F.);
#3846=ADVANCED_FACE('',(#439),#243,.T.);
#3847=ADVANCED_FACE('',(#440,#73,#74),#244,.F.);
#3848=ADVANCED_FACE('',(#441),#245,.T.);
#3849=ADVANCED_FACE('',(#442),#246,.F.);
#3850=ADVANCED_FACE('',(#443),#247,.F.);
#3851=ADVANCED_FACE('',(#444),#248,.T.);
#3852=CLOSED_SHELL('',(#3656,#3657,#3658,#3659,#3660,#3661,#3662,#3663,
#3664,#3665,#3666,#3667,#3668,#3669,#3670,#3671,#3672,#3673,#3674,#3675,
#3676,#3677,#3678,#3679,#3680,#3681,#3682,#3683,#3684,#3685,#3686,#3687,
#3688,#3689,#3690,#3691,#3692,#3693,#3694,#3695,#3696,#3697,#3698,#3699,
#3700,#3701,#3702,#3703,#3704,#3705,#3706,#3707,#3708,#3709,#3710,#3711,
#3712,#3713,#3714,#3715,#3716,#3717,#3718,#3719,#3720,#3721,#3722,#3723,
#3724,#3725,#3726,#3727,#3728,#3729,#3730,#3731,#3732,#3733,#3734,#3735,
#3736,#3737,#3738,#3739,#3740,#3741,#3742,#3743,#3744,#3745,#3746,#3747,
#3748,#3749,#3750,#3751,#3752,#3753,#3754,#3755,#3756,#3757,#3758,#3759,
#3760,#3761,#3762,#3763,#3764,#3765,#3766,#3767,#3768,#3769,#3770,#3771,
#3772,#3773,#3774,#3775,#3776,#3777,#3778,#3779,#3780,#3781,#3782,#3783,
#3784,#3785,#3786,#3787,#3788,#3789,#3790,#3791,#3792,#3793,#3794,#3795,
#3796,#3797,#3798,#3799,#3800,#3801,#3802,#3803,#3804,#3805,#3806,#3807,
#3808,#3809,#3810,#3811,#3812,#3813,#3814,#3815,#3816,#3817,#3818,#3819,
#3820,#3821,#3822,#3823,#3824,#3825,#3826,#3827,#3828,#3829,#3830,#3831,
#3832,#3833,#3834,#3835,#3836,#3837,#3838,#3839,#3840,#3841,#3842,#3843,
#3844,#3845,#3846,#3847,#3848,#3849,#3850,#3851));
#3853=DERIVED_UNIT_ELEMENT(#3855,1.);
#3854=DERIVED_UNIT_ELEMENT(#6165,-3.);
#3855=(
MASS_UNIT()
NAMED_UNIT(*)
SI_UNIT(.KILO.,.GRAM.)
);
#3856=DERIVED_UNIT((#3853,#3854));
#3857=MEASURE_REPRESENTATION_ITEM('density measure',
POSITIVE_RATIO_MEASURE(7850.),#3856);
#3858=PROPERTY_DEFINITION_REPRESENTATION(#3863,#3860);
#3859=PROPERTY_DEFINITION_REPRESENTATION(#3864,#3861);
#3860=REPRESENTATION('material name',(#3862),#6162);
#3861=REPRESENTATION('density',(#3857),#6162);
#3862=DESCRIPTIVE_REPRESENTATION_ITEM('Steel','Steel');
#3863=PROPERTY_DEFINITION('material property','material name',#6172);
#3864=PROPERTY_DEFINITION('material property','density of part',#6172);
#3865=AXIS2_PLACEMENT_3D('',#5081,#4107,#4108);
#3866=AXIS2_PLACEMENT_3D('',#5082,#4109,#4110);
#3867=AXIS2_PLACEMENT_3D('',#5084,#4111,#4112);
#3868=AXIS2_PLACEMENT_3D('',#5087,#4114,#4115);
#3869=AXIS2_PLACEMENT_3D('',#5088,#4116,#4117);
#3870=AXIS2_PLACEMENT_3D('',#5090,#4118,#4119);
#3871=AXIS2_PLACEMENT_3D('',#5093,#4121,#4122);
#3872=AXIS2_PLACEMENT_3D('',#5094,#4123,#4124);
#3873=AXIS2_PLACEMENT_3D('',#5103,#4129,#4130);
#3874=AXIS2_PLACEMENT_3D('',#5109,#4134,#4135);
#3875=AXIS2_PLACEMENT_3D('',#5115,#4139,#4140);
#3876=AXIS2_PLACEMENT_3D('',#5121,#4144,#4145);
#3877=AXIS2_PLACEMENT_3D('',#5127,#4149,#4150);
#3878=AXIS2_PLACEMENT_3D('',#5130,#4153,#4154);
#3879=AXIS2_PLACEMENT_3D('',#5143,#4161,#4162);
#3880=AXIS2_PLACEMENT_3D('',#5149,#4166,#4167);
#3881=AXIS2_PLACEMENT_3D('',#5153,#4170,#4171);
#3882=AXIS2_PLACEMENT_3D('',#5157,#4174,#4175);
#3883=AXIS2_PLACEMENT_3D('',#5161,#4178,#4179);
#3884=AXIS2_PLACEMENT_3D('',#5165,#4182,#4183);
#3885=AXIS2_PLACEMENT_3D('',#5167,#4185,#4186);
#3886=AXIS2_PLACEMENT_3D('',#5174,#4190,#4191);
#3887=AXIS2_PLACEMENT_3D('',#5180,#4195,#4196);
#3888=AXIS2_PLACEMENT_3D('',#5184,#4199,#4200);
#3889=AXIS2_PLACEMENT_3D('',#5198,#4208,#4209);
#3890=AXIS2_PLACEMENT_3D('',#5205,#4213,#4214);
#3891=AXIS2_PLACEMENT_3D('',#5212,#4218,#4219);
#3892=AXIS2_PLACEMENT_3D('',#5221,#4224,#4225);
#3893=AXIS2_PLACEMENT_3D('',#5223,#4227,#4228);
#3894=AXIS2_PLACEMENT_3D('',#5226,#4231,#4232);
#3895=AXIS2_PLACEMENT_3D('',#5241,#4241,#4242);
#3896=AXIS2_PLACEMENT_3D('',#5247,#4245,#4246);
#3897=AXIS2_PLACEMENT_3D('',#5251,#4249,#4250);
#3898=AXIS2_PLACEMENT_3D('',#5254,#4253,#4254);
#3899=AXIS2_PLACEMENT_3D('',#5265,#4262,#4263);
#3900=AXIS2_PLACEMENT_3D('',#5274,#4268,#4269);
#3901=AXIS2_PLACEMENT_3D('',#5288,#4277,#4278);
#3902=AXIS2_PLACEMENT_3D('',#5292,#4281,#4282);
#3903=AXIS2_PLACEMENT_3D('',#5301,#4287,#4288);
#3904=AXIS2_PLACEMENT_3D('',#5307,#4292,#4293);
#3905=AXIS2_PLACEMENT_3D('',#5316,#4298,#4299);
#3906=AXIS2_PLACEMENT_3D('',#5321,#4303,#4304);
#3907=AXIS2_PLACEMENT_3D('',#5324,#4307,#4308);
#3908=AXIS2_PLACEMENT_3D('',#5328,#4311,#4312);
#3909=AXIS2_PLACEMENT_3D('',#5352,#4325,#4326);
#3910=AXIS2_PLACEMENT_3D('',#5360,#4331,#4332);
#3911=AXIS2_PLACEMENT_3D('',#5364,#4335,#4336);
#3912=AXIS2_PLACEMENT_3D('',#5370,#4340,#4341);
#3913=AXIS2_PLACEMENT_3D('',#5373,#4342,#4343);
#3914=AXIS2_PLACEMENT_3D('',#5377,#4345,#4346);
#3915=AXIS2_PLACEMENT_3D('',#5379,#4348,#4349);
#3916=AXIS2_PLACEMENT_3D('',#5385,#4353,#4354);
#3917=AXIS2_PLACEMENT_3D('',#5388,#4355,#4356);
#3918=AXIS2_PLACEMENT_3D('',#5392,#4358,#4359);
#3919=AXIS2_PLACEMENT_3D('',#5394,#4361,#4362);
#3920=AXIS2_PLACEMENT_3D('',#5400,#4366,#4367);
#3921=AXIS2_PLACEMENT_3D('',#5403,#4368,#4369);
#3922=AXIS2_PLACEMENT_3D('',#5407,#4371,#4372);
#3923=AXIS2_PLACEMENT_3D('',#5409,#4374,#4375);
#3924=AXIS2_PLACEMENT_3D('',#5429,#4385,#4386);
#3925=AXIS2_PLACEMENT_3D('',#5437,#4392,#4393);
#3926=AXIS2_PLACEMENT_3D('',#5441,#4396,#4397);
#3927=AXIS2_PLACEMENT_3D('',#5443,#4398,#4399);
#3928=AXIS2_PLACEMENT_3D('',#5445,#4401,#4402);
#3929=AXIS2_PLACEMENT_3D('',#5447,#4404,#4405);
#3930=AXIS2_PLACEMENT_3D('',#5457,#4411,#4412);
#3931=AXIS2_PLACEMENT_3D('',#5467,#4417,#4418);
#3932=AXIS2_PLACEMENT_3D('',#5468,#4419,#4420);
#3933=AXIS2_PLACEMENT_3D('',#5474,#4424,#4425);
#3934=AXIS2_PLACEMENT_3D('',#5478,#4428,#4429);
#3935=AXIS2_PLACEMENT_3D('',#5482,#4432,#4433);
#3936=AXIS2_PLACEMENT_3D('',#5484,#4435,#4436);
#3937=AXIS2_PLACEMENT_3D('',#5493,#4441,#4442);
#3938=AXIS2_PLACEMENT_3D('',#5495,#4443,#4444);
#3939=AXIS2_PLACEMENT_3D('',#5497,#4446,#4447);
#3940=AXIS2_PLACEMENT_3D('',#5506,#4452,#4453);
#3941=AXIS2_PLACEMENT_3D('',#5512,#4457,#4458);
#3942=AXIS2_PLACEMENT_3D('',#5518,#4462,#4463);
#3943=AXIS2_PLACEMENT_3D('',#5524,#4467,#4468);
#3944=AXIS2_PLACEMENT_3D('',#5530,#4472,#4473);
#3945=AXIS2_PLACEMENT_3D('',#5536,#4477,#4478);
#3946=AXIS2_PLACEMENT_3D('',#5542,#4482,#4483);
#3947=AXIS2_PLACEMENT_3D('',#5545,#4486,#4487);
#3948=AXIS2_PLACEMENT_3D('',#5547,#4488,#4489);
#3949=AXIS2_PLACEMENT_3D('',#5548,#4490,#4491);
#3950=AXIS2_PLACEMENT_3D('',#5554,#4495,#4496);
#3951=AXIS2_PLACEMENT_3D('',#5562,#4501,#4502);
#3952=AXIS2_PLACEMENT_3D('',#5566,#4505,#4506);
#3953=AXIS2_PLACEMENT_3D('',#5576,#4512,#4513);
#3954=AXIS2_PLACEMENT_3D('',#5583,#4518,#4519);
#3955=AXIS2_PLACEMENT_3D('',#5585,#4521,#4522);
#3956=AXIS2_PLACEMENT_3D('',#5587,#4524,#4525);
#3957=AXIS2_PLACEMENT_3D('',#5588,#4526,#4527);
#3958=AXIS2_PLACEMENT_3D('',#5594,#4531,#4532);
#3959=AXIS2_PLACEMENT_3D('',#5611,#4541,#4542);
#3960=AXIS2_PLACEMENT_3D('',#5617,#4546,#4547);
#3961=AXIS2_PLACEMENT_3D('',#5623,#4551,#4552);
#3962=AXIS2_PLACEMENT_3D('',#5624,#4553,#4554);
#3963=AXIS2_PLACEMENT_3D('',#5628,#4557,#4558);
#3964=AXIS2_PLACEMENT_3D('',#5630,#4559,#4560);
#3965=AXIS2_PLACEMENT_3D('',#5632,#4562,#4563);
#3966=AXIS2_PLACEMENT_3D('',#5638,#4567,#4568);
#3967=AXIS2_PLACEMENT_3D('',#5642,#4571,#4572);
#3968=AXIS2_PLACEMENT_3D('',#5646,#4575,#4576);
#3969=AXIS2_PLACEMENT_3D('',#5650,#4579,#4580);
#3970=AXIS2_PLACEMENT_3D('',#5654,#4583,#4584);
#3971=AXIS2_PLACEMENT_3D('',#5656,#4586,#4587);
#3972=AXIS2_PLACEMENT_3D('',#5660,#4590,#4591);
#3973=AXIS2_PLACEMENT_3D('',#5664,#4594,#4595);
#3974=AXIS2_PLACEMENT_3D('',#5665,#4596,#4597);
#3975=AXIS2_PLACEMENT_3D('',#5667,#4598,#4599);
#3976=AXIS2_PLACEMENT_3D('',#5669,#4600,#4601);
#3977=AXIS2_PLACEMENT_3D('',#5670,#4602,#4603);
#3978=AXIS2_PLACEMENT_3D('',#5672,#4604,#4605);
#3979=AXIS2_PLACEMENT_3D('',#5674,#4606,#4607);
#3980=AXIS2_PLACEMENT_3D('',#5675,#4608,#4609);
#3981=AXIS2_PLACEMENT_3D('',#5679,#4612,#4613);
#3982=AXIS2_PLACEMENT_3D('',#5683,#4616,#4617);
#3983=AXIS2_PLACEMENT_3D('',#5689,#4621,#4622);
#3984=AXIS2_PLACEMENT_3D('',#5691,#4623,#4624);
#3985=AXIS2_PLACEMENT_3D('',#5693,#4625,#4626);
#3986=AXIS2_PLACEMENT_3D('',#5694,#4627,#4628);
#3987=AXIS2_PLACEMENT_3D('',#5696,#4629,#4630);
#3988=AXIS2_PLACEMENT_3D('',#5698,#4631,#4632);
#3989=AXIS2_PLACEMENT_3D('',#5699,#4633,#4634);
#3990=AXIS2_PLACEMENT_3D('',#5706,#4638,#4639);
#3991=AXIS2_PLACEMENT_3D('',#5712,#4643,#4644);
#3992=AXIS2_PLACEMENT_3D('',#5719,#4648,#4649);
#3993=AXIS2_PLACEMENT_3D('',#5728,#4654,#4655);
#3994=AXIS2_PLACEMENT_3D('',#5732,#4658,#4659);
#3995=AXIS2_PLACEMENT_3D('',#5738,#4663,#4664);
#3996=AXIS2_PLACEMENT_3D('',#5742,#4667,#4668);
#3997=AXIS2_PLACEMENT_3D('',#5746,#4671,#4672);
#3998=AXIS2_PLACEMENT_3D('',#5750,#4675,#4676);
#3999=AXIS2_PLACEMENT_3D('',#5754,#4679,#4680);
#4000=AXIS2_PLACEMENT_3D('',#5758,#4683,#4684);
#4001=AXIS2_PLACEMENT_3D('',#5762,#4687,#4688);
#4002=AXIS2_PLACEMENT_3D('',#5764,#4690,#4691);
#4003=AXIS2_PLACEMENT_3D('',#5766,#4692,#4693);
#4004=AXIS2_PLACEMENT_3D('',#5768,#4695,#4696);
#4005=AXIS2_PLACEMENT_3D('',#5770,#4697,#4698);
#4006=AXIS2_PLACEMENT_3D('',#5772,#4700,#4701);
#4007=AXIS2_PLACEMENT_3D('',#5774,#4702,#4703);
#4008=AXIS2_PLACEMENT_3D('',#5776,#4705,#4706);
#4009=AXIS2_PLACEMENT_3D('',#5778,#4707,#4708);
#4010=AXIS2_PLACEMENT_3D('',#5780,#4710,#4711);
#4011=AXIS2_PLACEMENT_3D('',#5787,#4715,#4716);
#4012=AXIS2_PLACEMENT_3D('',#5792,#4720,#4721);
#4013=AXIS2_PLACEMENT_3D('',#5798,#4725,#4726);
#4014=AXIS2_PLACEMENT_3D('',#5800,#4728,#4729);
#4015=AXIS2_PLACEMENT_3D('',#5801,#4730,#4731);
#4016=AXIS2_PLACEMENT_3D('',#5802,#4732,#4733);
#4017=AXIS2_PLACEMENT_3D('',#5804,#4735,#4736);
#4018=AXIS2_PLACEMENT_3D('',#5805,#4737,#4738);
#4019=AXIS2_PLACEMENT_3D('',#5806,#4739,#4740);
#4020=AXIS2_PLACEMENT_3D('',#5810,#4743,#4744);
#4021=AXIS2_PLACEMENT_3D('',#5816,#4748,#4749);
#4022=AXIS2_PLACEMENT_3D('',#5822,#4753,#4754);
#4023=AXIS2_PLACEMENT_3D('',#5833,#4761,#4762);
#4024=AXIS2_PLACEMENT_3D('',#5839,#4766,#4767);
#4025=AXIS2_PLACEMENT_3D('',#5841,#4768,#4769);
#4026=AXIS2_PLACEMENT_3D('',#5843,#4771,#4772);
#4027=AXIS2_PLACEMENT_3D('',#5845,#4773,#4774);
#4028=AXIS2_PLACEMENT_3D('',#5847,#4776,#4777);
#4029=AXIS2_PLACEMENT_3D('',#5849,#4779,#4780);
#4030=AXIS2_PLACEMENT_3D('',#5851,#4781,#4782);
#4031=AXIS2_PLACEMENT_3D('',#5854,#4784,#4785);
#4032=AXIS2_PLACEMENT_3D('',#5855,#4786,#4787);
#4033=AXIS2_PLACEMENT_3D('',#5860,#4791,#4792);
#4034=AXIS2_PLACEMENT_3D('',#5864,#4795,#4796);
#4035=AXIS2_PLACEMENT_3D('',#5866,#4798,#4799);
#4036=AXIS2_PLACEMENT_3D('',#5870,#4802,#4803);
#4037=AXIS2_PLACEMENT_3D('',#5876,#4807,#4808);
#4038=AXIS2_PLACEMENT_3D('',#5881,#4812,#4813);
#4039=AXIS2_PLACEMENT_3D('',#5887,#4817,#4818);
#4040=AXIS2_PLACEMENT_3D('',#5888,#4819,#4820);
#4041=AXIS2_PLACEMENT_3D('',#5889,#4821,#4822);
#4042=AXIS2_PLACEMENT_3D('',#5890,#4823,#4824);
#4043=AXIS2_PLACEMENT_3D('',#5894,#4827,#4828);
#4044=AXIS2_PLACEMENT_3D('',#5896,#4829,#4830);
#4045=AXIS2_PLACEMENT_3D('',#5898,#4832,#4833);
#4046=AXIS2_PLACEMENT_3D('',#5900,#4834,#4835);
#4047=AXIS2_PLACEMENT_3D('',#5902,#4837,#4838);
#4048=AXIS2_PLACEMENT_3D('',#5906,#4841,#4842);
#4049=AXIS2_PLACEMENT_3D('',#5911,#4845,#4846);
#4050=AXIS2_PLACEMENT_3D('',#5912,#4847,#4848);
#4051=AXIS2_PLACEMENT_3D('',#5913,#4849,#4850);
#4052=AXIS2_PLACEMENT_3D('',#5917,#4853,#4854);
#4053=AXIS2_PLACEMENT_3D('',#5921,#4857,#4858);
#4054=AXIS2_PLACEMENT_3D('',#5924,#4861,#4862);
#4055=AXIS2_PLACEMENT_3D('',#5926,#4864,#4865);
#4056=AXIS2_PLACEMENT_3D('',#5932,#4869,#4870);
#4057=AXIS2_PLACEMENT_3D('',#5938,#4874,#4875);
#4058=AXIS2_PLACEMENT_3D('',#5944,#4879,#4880);
#4059=AXIS2_PLACEMENT_3D('',#5946,#4882,#4883);
#4060=AXIS2_PLACEMENT_3D('',#5954,#4888,#4889);
#4061=AXIS2_PLACEMENT_3D('',#5960,#4893,#4894);
#4062=AXIS2_PLACEMENT_3D('',#5969,#4899,#4900);
#4063=AXIS2_PLACEMENT_3D('',#5972,#4903,#4904);
#4064=AXIS2_PLACEMENT_3D('',#5974,#4905,#4906);
#4065=AXIS2_PLACEMENT_3D('',#5977,#4908,#4909);
#4066=AXIS2_PLACEMENT_3D('',#5978,#4910,#4911);
#4067=AXIS2_PLACEMENT_3D('',#5984,#4915,#4916);
#4068=AXIS2_PLACEMENT_3D('',#5988,#4919,#4920);
#4069=AXIS2_PLACEMENT_3D('',#5994,#4924,#4925);
#4070=AXIS2_PLACEMENT_3D('',#5998,#4928,#4929);
#4071=AXIS2_PLACEMENT_3D('',#6000,#4930,#4931);
#4072=AXIS2_PLACEMENT_3D('',#6002,#4933,#4934);
#4073=AXIS2_PLACEMENT_3D('',#6004,#4936,#4937);
#4074=AXIS2_PLACEMENT_3D('',#6006,#4939,#4940);
#4075=AXIS2_PLACEMENT_3D('',#6009,#4942,#4943);
#4076=AXIS2_PLACEMENT_3D('',#6010,#4944,#4945);
#4077=AXIS2_PLACEMENT_3D('',#6012,#4947,#4948);
#4078=AXIS2_PLACEMENT_3D('',#6014,#4950,#4951);
#4079=AXIS2_PLACEMENT_3D('',#6023,#4956,#4957);
#4080=AXIS2_PLACEMENT_3D('',#6032,#4962,#4963);
#4081=AXIS2_PLACEMENT_3D('',#6041,#4968,#4969);
#4082=AXIS2_PLACEMENT_3D('',#6050,#4974,#4975);
#4083=AXIS2_PLACEMENT_3D('',#6052,#4977,#4978);
#4084=AXIS2_PLACEMENT_3D('',#6058,#4982,#4983);
#4085=AXIS2_PLACEMENT_3D('',#6062,#4986,#4987);
#4086=AXIS2_PLACEMENT_3D('',#6066,#4990,#4991);
#4087=AXIS2_PLACEMENT_3D('',#6068,#4993,#4994);
#4088=AXIS2_PLACEMENT_3D('',#6074,#4998,#4999);
#4089=AXIS2_PLACEMENT_3D('',#6079,#5003,#5004);
#4090=AXIS2_PLACEMENT_3D('',#6083,#5007,#5008);
#4091=AXIS2_PLACEMENT_3D('',#6086,#5011,#5012);
#4092=AXIS2_PLACEMENT_3D('',#6093,#5017,#5018);
#4093=AXIS2_PLACEMENT_3D('',#6097,#5021,#5022);
#4094=AXIS2_PLACEMENT_3D('',#6102,#5026,#5027);
#4095=AXIS2_PLACEMENT_3D('',#6104,#5029,#5030);
#4096=AXIS2_PLACEMENT_3D('',#6110,#5034,#5035);
#4097=AXIS2_PLACEMENT_3D('',#6114,#5038,#5039);
#4098=AXIS2_PLACEMENT_3D('',#6119,#5043,#5044);
#4099=AXIS2_PLACEMENT_3D('',#6125,#5048,#5049);
#4100=AXIS2_PLACEMENT_3D('',#6134,#5054,#5055);
#4101=AXIS2_PLACEMENT_3D('',#6140,#5059,#5060);
#4102=AXIS2_PLACEMENT_3D('',#6146,#5064,#5065);
#4103=AXIS2_PLACEMENT_3D('',#6149,#5068,#5069);
#4104=AXIS2_PLACEMENT_3D('',#6155,#5073,#5074);
#4105=AXIS2_PLACEMENT_3D('',#6158,#5077,#5078);
#4106=AXIS2_PLACEMENT_3D('',#6159,#5079,#5080);
#4107=DIRECTION('axis',(0.,0.,1.));
#4108=DIRECTION('refdir',(1.,0.,0.));
#4109=DIRECTION('center_axis',(0.,1.01085589058104E-16,1.));
#4110=DIRECTION('ref_axis',(1.,9.16535373767734E-35,0.));
#4111=DIRECTION('center_axis',(-1.05227468008497E-47,0.0871557427476582,
0.996194698091746));
#4112=DIRECTION('ref_axis',(-9.13047679960953E-35,0.996194698091745,-0.0871557427476581));
#4113=DIRECTION('',(0.,1.01085589058104E-16,1.));
#4114=DIRECTION('center_axis',(-1.05227468008497E-47,0.0871557427476582,
-0.996194698091746));
#4115=DIRECTION('ref_axis',(-9.13047679960953E-35,0.996194698091745,0.0871557427476581));
#4116=DIRECTION('center_axis',(0.,1.01085589058104E-16,1.));
#4117=DIRECTION('ref_axis',(1.,9.16535373767734E-35,0.));
#4118=DIRECTION('center_axis',(-1.05227468008497E-47,0.0871557427476582,
0.996194698091746));
#4119=DIRECTION('ref_axis',(-9.13047679960953E-35,0.996194698091746,-0.0871557427476582));
#4120=DIRECTION('',(0.,1.01085589058104E-16,1.));
#4121=DIRECTION('center_axis',(-1.05227468008497E-47,0.0871557427476582,
-0.996194698091746));
#4122=DIRECTION('ref_axis',(-9.13047679960953E-35,0.996194698091746,0.0871557427476582));
#4123=DIRECTION('center_axis',(0.707106781186547,0.,-0.707106781186548));
#4124=DIRECTION('ref_axis',(0.707106781186548,0.,0.707106781186547));
#4125=DIRECTION('',(-0.707106781186548,0.,-0.707106781186547));
#4126=DIRECTION('',(0.,-1.,0.));
#4127=DIRECTION('',(0.707106781186548,0.,0.707106781186547));
#4128=DIRECTION('',(0.,-1.,0.));
#4129=DIRECTION('center_axis',(1.,0.,0.));
#4130=DIRECTION('ref_axis',(0.,0.,1.));
#4131=DIRECTION('',(0.,0.,-1.));
#4132=DIRECTION('',(0.,0.,1.));
#4133=DIRECTION('',(0.,-1.,0.));
#4134=DIRECTION('center_axis',(0.,0.,1.));
#4135=DIRECTION('ref_axis',(-1.,0.,0.));
#4136=DIRECTION('',(1.,0.,0.));
#4137=DIRECTION('',(-1.,0.,0.));
#4138=DIRECTION('',(0.,-1.,0.));
#4139=DIRECTION('center_axis',(-1.,0.,0.));
#4140=DIRECTION('ref_axis',(0.,0.,-1.));
#4141=DIRECTION('',(0.,0.,1.));
#4142=DIRECTION('',(0.,0.,-1.));
#4143=DIRECTION('',(0.,-1.,0.));
#4144=DIRECTION('center_axis',(-0.707106781186548,0.,-0.707106781186547));
#4145=DIRECTION('ref_axis',(0.707106781186547,0.,-0.707106781186548));
#4146=DIRECTION('',(-0.707106781186547,0.,0.707106781186548));
#4147=DIRECTION('',(0.707106781186547,0.,-0.707106781186548));
#4148=DIRECTION('',(0.,-1.,0.));
#4149=DIRECTION('center_axis',(8.86712446481677E-16,0.,-1.));
#4150=DIRECTION('ref_axis',(1.,0.,8.86712446481677E-16));
#4151=DIRECTION('',(-1.,0.,-8.86712446481677E-16));
#4152=DIRECTION('',(1.,0.,8.86712446481677E-16));
#4153=DIRECTION('center_axis',(0.,-1.,0.));
#4154=DIRECTION('ref_axis',(0.,0.,-1.));
#4155=DIRECTION('',(-1.,0.,0.));
#4156=DIRECTION('',(1.27790812729451E-15,0.,-1.));
#4157=DIRECTION('',(0.707106781186548,0.,-0.707106781186548));
#4158=DIRECTION('',(1.,0.,8.56358462099115E-16));
#4159=DIRECTION('',(0.707106781186548,0.,0.707106781186548));
#4160=DIRECTION('',(-6.38954063647255E-16,0.,1.));
#4161=DIRECTION('center_axis',(-8.56358462099115E-16,0.,1.));
#4162=DIRECTION('ref_axis',(1.,-4.5693127001263E-33,8.56358462099115E-16));
#4163=DIRECTION('',(0.,1.,0.));
#4164=DIRECTION('',(1.,1.59037422323129E-15,8.56358462099115E-16));
#4165=DIRECTION('',(0.,1.,0.));
#4166=DIRECTION('center_axis',(0.707106781186548,0.,0.707106781186548));
#4167=DIRECTION('ref_axis',(0.707106781186548,-1.14411897543075E-31,-0.707106781186548));
#4168=DIRECTION('',(0.,1.,0.));
#4169=DIRECTION('',(0.707106781186548,1.12456439787113E-15,-0.707106781186548));
#4170=DIRECTION('center_axis',(1.,0.,1.27790812729451E-15));
#4171=DIRECTION('ref_axis',(1.27790812729451E-15,1.21635795944366E-31,-1.));
#4172=DIRECTION('',(0.,1.,0.));
#4173=DIRECTION('',(1.27790812729451E-15,2.03235214530695E-30,-1.));
#4174=DIRECTION('center_axis',(-0.707106781186548,0.,0.707106781186548));
#4175=DIRECTION('ref_axis',(0.707106781186548,0.,0.707106781186548));
#4176=DIRECTION('',(0.707106781186548,1.12456439787113E-15,0.707106781186548));
#4177=DIRECTION('',(0.,1.,0.));
#4178=DIRECTION('center_axis',(-1.,0.,-6.38954063647255E-16));
#4179=DIRECTION('ref_axis',(-6.38954063647255E-16,0.,1.));
#4180=DIRECTION('',(-6.38954063647255E-16,-1.01617607265348E-30,1.));
#4181=DIRECTION('',(0.,1.,0.));
#4182=DIRECTION('center_axis',(0.,0.,-1.));
#4183=DIRECTION('ref_axis',(-1.,0.,0.));
#4184=DIRECTION('',(-1.,-1.59037422323129E-15,0.));
#4185=DIRECTION('center_axis',(0.,0.999847695156391,-0.0174524064372835));
#4186=DIRECTION('ref_axis',(9.08243004217261E-51,0.0174524064372835,0.999847695156391));
#4187=DIRECTION('',(-0.707052927141246,0.0123416547509368,0.707052927141246));
#4188=DIRECTION('',(9.08243004217261E-51,0.0174524064372835,0.999847695156391));
#4189=DIRECTION('',(1.,0.,0.));
#4190=DIRECTION('center_axis',(0.,1.28498035257541E-16,-1.));
#4191=DIRECTION('ref_axis',(8.36633491998948E-49,1.,1.28498035257541E-16));
#4192=DIRECTION('',(-8.36633491998948E-49,-1.,-1.28498035257541E-16));
#4193=DIRECTION('',(8.36633491998948E-49,1.,1.28498035257541E-16));
#4194=DIRECTION('',(1.,0.,0.));
#4195=DIRECTION('center_axis',(0.,-1.,0.));
#4196=DIRECTION('ref_axis',(-2.4609104844976E-33,0.,-1.));
#4197=DIRECTION('',(-0.707106781186547,0.,0.707106781186548));
#4198=DIRECTION('',(-2.4609104844976E-33,0.,-1.));
#4199=DIRECTION('center_axis',(1.,0.,0.));
#4200=DIRECTION('ref_axis',(0.,0.,-1.));
#4201=DIRECTION('',(0.,0.0174524064372835,0.999847695156391));
#4202=DIRECTION('',(5.20411329796323E-49,1.,-3.99842657865518E-65));
#4203=DIRECTION('',(0.,0.,-1.));
#4204=DIRECTION('',(-5.20411329796323E-49,-1.,-4.99803322331897E-65));
#4205=DIRECTION('',(0.,0.,1.));
#4206=DIRECTION('',(5.20411329796323E-49,1.,-3.99842657865518E-65));
#4207=DIRECTION('',(0.,0.,-1.));
#4208=DIRECTION('center_axis',(0.,-1.,-3.88578058618805E-16));
#4209=DIRECTION('ref_axis',(0.,-3.88578058618805E-16,1.));
#4210=DIRECTION('',(-0.707106781186548,0.,-0.707106781186547));
#4211=DIRECTION('',(0.,-3.88578058618805E-16,1.));
#4212=DIRECTION('',(-1.,0.,0.));
#4213=DIRECTION('center_axis',(0.,0.999847695156391,-0.0174524064372834));
#4214=DIRECTION('ref_axis',(0.,-0.0174524064372834,-0.999847695156391));
#4215=DIRECTION('',(0.707052927141246,0.0123416547509367,0.707052927141246));
#4216=DIRECTION('',(-1.,0.,0.));
#4217=DIRECTION('',(0.,-0.0174524064372834,-0.999847695156391));
#4218=DIRECTION('center_axis',(0.,1.,0.));
#4219=DIRECTION('ref_axis',(0.,0.,-1.));
#4220=DIRECTION('',(0.,0.,1.));
#4221=DIRECTION('',(-1.,0.,0.));
#4222=DIRECTION('',(0.,0.,-1.));
#4223=DIRECTION('',(-1.,0.,-9.60400540333183E-17));
#4224=DIRECTION('center_axis',(0.,-1.,0.));
#4225=DIRECTION('ref_axis',(0.,0.,1.));
#4226=DIRECTION('',(0.,0.,1.));
#4227=DIRECTION('center_axis',(0.,-1.5419764230905E-16,-1.));
#4228=DIRECTION('ref_axis',(0.,-1.,1.5419764230905E-16));
#4229=DIRECTION('',(0.,1.,-1.5419764230905E-16));
#4230=DIRECTION('',(0.,-1.,1.5419764230905E-16));
#4231=DIRECTION('center_axis',(-1.,0.,0.));
#4232=DIRECTION('ref_axis',(0.,0.,1.));
#4233=DIRECTION('',(0.,-0.0174524064372834,-0.999847695156391));
#4234=DIRECTION('',(0.,-0.0174524064372834,-0.999847695156391));
#4235=DIRECTION('',(0.,0.,1.));
#4236=DIRECTION('',(0.,-1.,0.));
#4237=DIRECTION('',(0.,0.,-1.));
#4238=DIRECTION('',(0.,1.,0.));
#4239=DIRECTION('',(0.,0.,1.));
#4240=DIRECTION('',(0.,-1.,0.));
#4241=DIRECTION('center_axis',(-1.67613005724814E-18,-0.999847695156391,
0.0174524064372834));
#4242=DIRECTION('ref_axis',(-1.46273654097185E-20,-0.0174524064372834,-0.999847695156391));
#4243=DIRECTION('',(1.,-1.67638537886109E-18,0.));
#4244=DIRECTION('',(0.,0.0174524064372834,0.999847695156391));
#4245=DIRECTION('center_axis',(-1.67613005724814E-18,-0.999847695156391,
0.0174524064372834));
#4246=DIRECTION('ref_axis',(-2.19857989301952E-15,-0.0174524064372834,-0.999847695156391));
#4247=DIRECTION('',(0.,0.0174524064372834,0.999847695156391));
#4248=DIRECTION('',(0.707052927141246,0.0123416547509367,0.707052927141246));
#4249=DIRECTION('center_axis',(0.,0.,1.));
#4250=DIRECTION('ref_axis',(1.,0.,0.));
#4251=DIRECTION('',(-1.,0.,0.));
#4252=DIRECTION('',(1.,0.,0.));
#4253=DIRECTION('center_axis',(0.,0.,-1.));
#4254=DIRECTION('ref_axis',(-1.,0.,0.));
#4255=DIRECTION('',(-1.,0.,0.));
#4256=DIRECTION('',(1.,-1.67638537886105E-18,6.70290385490696E-83));
#4257=DIRECTION('',(-5.20411329796323E-49,-1.,0.));
#4258=DIRECTION('',(-1.,0.,0.));
#4259=DIRECTION('',(1.,0.,0.));
#4260=DIRECTION('',(-1.,0.,0.));
#4261=DIRECTION('',(0.,1.,0.));
#4262=DIRECTION('center_axis',(0.,-1.,0.));
#4263=DIRECTION('ref_axis',(0.,0.,-1.));
#4264=DIRECTION('',(0.,0.,1.));
#4265=DIRECTION('',(1.,0.,0.));
#4266=DIRECTION('',(-0.707106781186551,0.,-0.707106781186544));
#4267=DIRECTION('',(0.,0.,1.));
#4268=DIRECTION('center_axis',(-0.707106781186544,0.,0.707106781186551));
#4269=DIRECTION('ref_axis',(0.707106781186551,0.,0.707106781186544));
#4270=DIRECTION('',(0.,1.,0.));
#4271=DIRECTION('',(-0.684791078771739,-0.249243569363953,-0.684791078771733));
#4272=DIRECTION('',(0.,-1.,0.));
#4273=DIRECTION('',(0.684791078771739,0.249243569363953,0.684791078771733));
#4274=DIRECTION('',(0.,-1.,0.));
#4275=DIRECTION('',(-0.704456660303227,-0.0864964017104583,-0.704456660303221));
#4276=DIRECTION('',(0.,1.,0.));
#4277=DIRECTION('center_axis',(-1.,0.,0.));
#4278=DIRECTION('ref_axis',(0.,0.,1.));
#4279=DIRECTION('',(0.,0.0174524064372835,0.999847695156391));
#4280=DIRECTION('',(0.,-1.,0.));
#4281=DIRECTION('center_axis',(0.,0.,-1.));
#4282=DIRECTION('ref_axis',(-1.,0.,0.));
#4283=DIRECTION('',(0.,-1.,0.));
#4284=DIRECTION('',(1.,0.,0.));
#4285=DIRECTION('',(5.20411329796323E-49,1.,0.));
#4286=DIRECTION('',(0.992546151641322,0.121869343405147,0.));
#4287=DIRECTION('center_axis',(1.,0.,0.));
#4288=DIRECTION('ref_axis',(0.,-1.,0.));
#4289=DIRECTION('',(0.,0.342020143325669,0.939692620785908));
#4290=DIRECTION('',(0.,0.342020143325669,0.939692620785908));
#4291=DIRECTION('',(0.,1.,-1.77635683940025E-15));
#4292=DIRECTION('center_axis',(-1.,0.,0.));
#4293=DIRECTION('ref_axis',(0.,1.,0.));
#4294=DIRECTION('',(0.,1.,0.));
#4295=DIRECTION('',(0.,-0.342020143325669,-0.939692620785908));
#4296=DIRECTION('',(0.,-1.,1.77635683940025E-15));
#4297=DIRECTION('',(0.,-0.342020143325669,-0.939692620785908));
#4298=DIRECTION('center_axis',(0.,-0.939692620785908,0.342020143325669));
#4299=DIRECTION('ref_axis',(-1.,0.,0.));
#4300=DIRECTION('',(1.,-8.97255901489682E-33,-2.4651903288153E-32));
#4301=DIRECTION('',(-1.,0.,0.));
#4302=DIRECTION('',(0.684791078771736,-0.249243569363954,-0.684791078771736));
#4303=DIRECTION('center_axis',(0.,-0.939692620785908,0.342020143325669));
#4304=DIRECTION('ref_axis',(0.,-0.342020143325669,-0.939692620785908));
#4305=DIRECTION('',(-1.,0.,0.));
#4306=DIRECTION('',(-1.,0.,0.));
#4307=DIRECTION('center_axis',(0.707106781186548,0.,0.707106781186548));
#4308=DIRECTION('ref_axis',(0.707106781186548,0.,-0.707106781186548));
#4309=DIRECTION('',(0.,1.,0.));
#4310=DIRECTION('',(-0.704456660303224,-0.086496401710458,0.704456660303224));
#4311=DIRECTION('center_axis',(0.,0.,-1.));
#4312=DIRECTION('ref_axis',(-1.,0.,0.));
#4313=DIRECTION('',(0.,-1.,0.));
#4314=DIRECTION('',(1.,0.,1.22464679914735E-16));
#4315=DIRECTION('',(0.,-1.,0.));
#4316=DIRECTION('',(1.,0.,0.));
#4317=DIRECTION('',(0.,1.,0.));
#4318=DIRECTION('',(1.,0.,0.));
#4319=DIRECTION('',(0.,-1.,0.));
#4320=DIRECTION('',(0.992546151641322,0.121869343405147,0.));
#4321=DIRECTION('',(0.,1.,0.));
#4322=DIRECTION('',(1.,0.,0.));
#4323=DIRECTION('',(0.,-1.,0.));
#4324=DIRECTION('',(-1.,0.,0.));
#4325=DIRECTION('center_axis',(0.,-0.939692620785908,0.342020143325669));
#4326=DIRECTION('ref_axis',(0.,-0.342020143325669,-0.939692620785908));
#4327=DIRECTION('',(0.,-0.342020143325669,-0.939692620785908));
#4328=DIRECTION('',(-1.,0.,0.));
#4329=DIRECTION('',(0.,0.342020143325669,0.939692620785908));
#4330=DIRECTION('',(-0.684791078771738,-0.249243569363954,-0.684791078771735));
#4331=DIRECTION('center_axis',(-1.,0.,0.));
#4332=DIRECTION('ref_axis',(0.,1.,0.));
#4333=DIRECTION('',(0.,-0.342020143325669,-0.939692620785908));
#4334=DIRECTION('',(0.,-1.,1.77635683940025E-15));
#4335=DIRECTION('center_axis',(0.,-0.939692620785908,0.342020143325669));
#4336=DIRECTION('ref_axis',(-1.,0.,0.));
#4337=DIRECTION('',(-0.684791078771738,-0.249243569363954,-0.684791078771735));
#4338=DIRECTION('',(0.,0.342020143325669,0.939692620785908));
#4339=DIRECTION('',(1.,-8.97255901489682E-33,-2.4651903288153E-32));
#4340=DIRECTION('center_axis',(0.,-0.996194698091746,-0.0871557427476582));
#4341=DIRECTION('ref_axis',(-0.707106781186548,0.0616284167162176,-0.704416026402759));
#4342=DIRECTION('center_axis',(0.,-1.,1.48029736616688E-15));
#4343=DIRECTION('ref_axis',(1.09908580151327E-14,-1.47247025651547E-15,
-1.));
#4344=DIRECTION('',(0.,-0.996194698091746,-0.0871557427476582));
#4345=DIRECTION('center_axis',(0.,-1.,0.));
#4346=DIRECTION('ref_axis',(1.09908580151327E-14,0.,-1.));
#4347=DIRECTION('',(0.,0.996194698091746,0.0871557427476582));
#4348=DIRECTION('center_axis',(-1.05227468008497E-47,0.0871557427476582,
-0.996194698091746));
#4349=DIRECTION('ref_axis',(1.,1.2073497934974E-46,0.));
#4350=DIRECTION('',(-1.,0.,1.05629419841388E-47));
#4351=DIRECTION('',(0.0868265938642479,-0.992432509138967,-0.086826593864246));
#4352=DIRECTION('',(1.,-1.56362951980941E-62,-1.05629419841388E-47));
#4353=DIRECTION('center_axis',(0.,-0.996194698091746,-0.0871557427476582));
#4354=DIRECTION('ref_axis',(0.707106781186551,0.0616284167162209,-0.704416026402755));
#4355=DIRECTION('center_axis',(0.,-1.,1.48029736616688E-15));
#4356=DIRECTION('ref_axis',(-5.80649102686255E-15,-1.47858009160475E-15,
-1.));
#4357=DIRECTION('',(0.,-0.996194698091746,-0.0871557427476582));
#4358=DIRECTION('center_axis',(0.,-1.,0.));
#4359=DIRECTION('ref_axis',(5.52999145415481E-15,0.,-1.));
#4360=DIRECTION('',(0.,0.996194698091746,0.0871557427476582));
#4361=DIRECTION('center_axis',(-1.05227468008497E-47,0.0871557427476582,
-0.996194698091746));
#4362=DIRECTION('ref_axis',(1.,1.2073497934974E-46,0.));
#4363=DIRECTION('',(1.,-1.56362951980941E-62,-1.05629419841388E-47));
#4364=DIRECTION('',(-0.0868265938642476,-0.992432509138967,-0.086826593864246));
#4365=DIRECTION('',(-1.,0.,1.05629419841388E-47));
#4366=DIRECTION('center_axis',(0.,-0.999390827019096,-0.034899496702501));
#4367=DIRECTION('ref_axis',(0.707106781186548,-0.0246776707783358,0.706676030840834));
#4368=DIRECTION('center_axis',(0.,1.,0.));
#4369=DIRECTION('ref_axis',(1.17889337592801E-15,0.,1.));
#4370=DIRECTION('',(0.,0.999390827019096,0.034899496702501));
#4371=DIRECTION('center_axis',(0.,1.,-1.48029736616688E-15));
#4372=DIRECTION('ref_axis',(1.17889337592801E-15,1.4771944382347E-15,1.));
#4373=DIRECTION('',(0.,-0.999390827019096,-0.034899496702501));
#4374=DIRECTION('center_axis',(0.,1.,0.));
#4375=DIRECTION('ref_axis',(0.,0.,1.));
#4376=DIRECTION('',(-1.,-1.2073497934974E-46,0.));
#4377=DIRECTION('',(0.,1.38129727971455E-46,-1.));
#4378=DIRECTION('',(1.,0.,2.75489584274233E-17));
#4379=DIRECTION('',(0.,0.,1.));
#4380=DIRECTION('',(-1.,0.,1.05629419841388E-47));
#4381=DIRECTION('',(0.,0.,1.));
#4382=DIRECTION('',(1.,0.,0.));
#4383=DIRECTION('',(0.,0.,-1.));
#4384=DIRECTION('',(-1.,0.,1.29129514838786E-33));
#4385=DIRECTION('center_axis',(0.,1.,0.));
#4386=DIRECTION('ref_axis',(-6.78210424504469E-14,0.,1.));
#4387=DIRECTION('',(0.,0.,-1.));
#4388=DIRECTION('',(-4.96797576886E-32,0.,1.));
#4389=DIRECTION('',(1.,0.,3.14510771848487E-17));
#4390=DIRECTION('',(-4.471178191974E-31,0.,-1.));
#4391=DIRECTION('',(0.,0.,1.));
#4392=DIRECTION('center_axis',(1.29050852627309E-33,-0.034899496702501,
0.999390827019096));
#4393=DIRECTION('ref_axis',(-1.,-2.2525910116514E-35,1.29050852627309E-33));
#4394=DIRECTION('',(1.,-1.91150080710262E-48,-1.29129514838786E-33));
#4395=DIRECTION('',(0.,0.999390827019096,0.034899496702501));
#4396=DIRECTION('center_axis',(0.,-0.999390827019096,-0.034899496702501));
#4397=DIRECTION('ref_axis',(-0.707106781186545,-0.0246776707783357,0.706676030840837));
#4398=DIRECTION('center_axis',(0.,1.,-1.48029736616688E-15));
#4399=DIRECTION('ref_axis',(-6.78210424504469E-14,1.4771944382347E-15,1.));
#4400=DIRECTION('',(0.,-0.999390827019096,-0.034899496702501));
#4401=DIRECTION('center_axis',(1.,0.,0.));
#4402=DIRECTION('ref_axis',(0.,0.,1.));
#4403=DIRECTION('',(0.,-1.48029736616688E-15,-1.));
#4404=DIRECTION('center_axis',(1.,0.,0.));
#4405=DIRECTION('ref_axis',(0.,0.,-1.));
#4406=DIRECTION('',(0.,0.996194698091746,0.0871557427476582));
#4407=DIRECTION('',(0.,-1.,0.));
#4408=DIRECTION('',(0.,-6.2724464668088E-17,1.));
#4409=DIRECTION('',(0.,1.,0.));
#4410=DIRECTION('',(0.,1.48029736616688E-15,1.));
#4411=DIRECTION('center_axis',(0.,-1.,0.));
#4412=DIRECTION('ref_axis',(1.,0.,0.));
#4413=DIRECTION('',(0.,0.,-1.));
#4414=DIRECTION('',(-1.,0.,-5.55111512312578E-17));
#4415=DIRECTION('',(0.,0.,1.));
#4416=DIRECTION('',(1.,0.,0.));
#4417=DIRECTION('center_axis',(0.,1.,0.));
#4418=DIRECTION('ref_axis',(1.,0.,-1.90758775444041E-32));
#4419=DIRECTION('center_axis',(-5.55111512312578E-17,0.,1.));
#4420=DIRECTION('ref_axis',(1.,0.,5.55111512312578E-17));
#4421=DIRECTION('',(0.,1.,0.));
#4422=DIRECTION('',(1.,0.,5.55111512312578E-17));
#4423=DIRECTION('',(0.,1.,0.));
#4424=DIRECTION('center_axis',(1.,0.,0.));
#4425=DIRECTION('ref_axis',(0.,0.,-1.));
#4426=DIRECTION('',(0.,0.,-1.));
#4427=DIRECTION('',(0.,1.,0.));
#4428=DIRECTION('center_axis',(0.,0.,-1.));
#4429=DIRECTION('ref_axis',(-1.,0.,0.));
#4430=DIRECTION('',(-1.,0.,0.));
#4431=DIRECTION('',(0.,1.,0.));
#4432=DIRECTION('center_axis',(-1.,0.,0.));
#4433=DIRECTION('ref_axis',(0.,0.,1.));
#4434=DIRECTION('',(0.,0.,1.));
#4435=DIRECTION('center_axis',(-5.85612144857225E-16,-1.77635683940025E-15,
-1.));
#4436=DIRECTION('ref_axis',(1.,-1.38777878078133E-17,-5.85612144857225E-16));
#4437=DIRECTION('',(-1.77635683940025E-15,1.,-1.77635683940025E-15));
#4438=DIRECTION('',(-1.,1.38777878078127E-17,1.80524069044741E-16));
#4439=DIRECTION('',(-1.77635683940025E-15,-1.,1.77635683940025E-15));
#4440=DIRECTION('',(-1.,0.,1.80524069044741E-16));
#4441=DIRECTION('center_axis',(0.,-1.,0.));
#4442=DIRECTION('ref_axis',(1.,0.,-1.90758775444041E-32));
#4443=DIRECTION('center_axis',(0.,1.,0.));
#4444=DIRECTION('ref_axis',(1.,0.,-1.90758775444041E-32));
#4445=DIRECTION('',(0.,1.,0.));
#4446=DIRECTION('center_axis',(0.696364240320019,-0.173648177666932,-0.696364240320019));
#4447=DIRECTION('ref_axis',(-0.707106781186547,-5.9992284994394E-17,-0.707106781186548));
#4448=DIRECTION('',(0.707106781186547,1.18909717534714E-19,0.707106781186548));
#4449=DIRECTION('',(0.0717420888509603,0.982270116581418,-0.173200723896952));
#4450=DIRECTION('',(-0.707106781186548,-9.81307786677363E-16,-0.707106781186548));
#4451=DIRECTION('',(0.173200723896952,0.982270116581418,-0.0717420888509602));
#4452=DIRECTION('center_axis',(2.20800797269801E-16,-0.173648177666929,
-0.984807753012208));
#4453=DIRECTION('ref_axis',(-1.,3.31627764927366E-46,-2.24207005473345E-16));
#4454=DIRECTION('',(1.,1.27415194507225E-18,2.23982338107907E-16));
#4455=DIRECTION('',(-0.0717420888509601,0.982270116581418,-0.173200723896952));
#4456=DIRECTION('',(-1.,1.38777878078122E-17,-2.26654033896409E-16));
#4457=DIRECTION('center_axis',(-0.696364240320019,-0.173648177666932,-0.696364240320019));
#4458=DIRECTION('ref_axis',(-0.707106781186548,-5.99922849943939E-17,0.707106781186547));
#4459=DIRECTION('',(0.707106781186548,1.68301324371051E-18,-0.707106781186547));
#4460=DIRECTION('',(-0.173200723896952,0.982270116581418,-0.0717420888509602));
#4461=DIRECTION('',(-0.707106781186548,1.00093394241091E-15,0.707106781186547));
#4462=DIRECTION('center_axis',(-0.984807753012208,-0.173648177666929,-3.20302944901123E-16));
#4463=DIRECTION('ref_axis',(-3.28868407451494E-16,2.05542754657183E-17,
1.));
#4464=DIRECTION('',(3.25049118556234E-16,1.1059882098367E-18,-1.));
#4465=DIRECTION('',(-0.173200723896952,0.982270116581419,0.0717420888509515));
#4466=DIRECTION('',(-5.72394004847503E-16,1.40165656858926E-15,1.));
#4467=DIRECTION('center_axis',(-0.69636424032002,-0.173648177666926,0.696364240320019));
#4468=DIRECTION('ref_axis',(0.707106781186547,-5.99922849943939E-17,0.707106781186548));
#4469=DIRECTION('',(-0.707106781186547,-1.18909717534714E-19,-0.707106781186548));
#4470=DIRECTION('',(-0.0717420888509516,0.982270116581419,0.173200723896952));
#4471=DIRECTION('',(0.707106781186547,9.81307786677363E-16,0.707106781186548));
#4472=DIRECTION('center_axis',(-8.83203189079203E-16,-0.173648177666929,
0.984807753012208));
#4473=DIRECTION('ref_axis',(1.,-2.29928583682974E-45,8.9682802189338E-16));
#4474=DIRECTION('',(-1.,-1.27415194507224E-18,-8.97052689258819E-16));
#4475=DIRECTION('',(0.07174208885096,0.982270116581418,0.173200723896952));
#4476=DIRECTION('',(1.,-1.38777878078112E-17,8.94380993470316E-16));
#4477=DIRECTION('center_axis',(0.696364240320019,-0.173648177666932,0.696364240320019));
#4478=DIRECTION('ref_axis',(0.707106781186548,5.99922849943939E-17,-0.707106781186548));
#4479=DIRECTION('',(-0.707106781186548,-1.68301324371051E-18,0.707106781186548));
#4480=DIRECTION('',(0.173200723896952,0.982270116581418,0.0717420888509601));
#4481=DIRECTION('',(0.707106781186547,-1.00093394241091E-15,-0.707106781186548));
#4482=DIRECTION('center_axis',(0.984807753012208,-0.173648177666929,2.42904118034256E-16));
#4483=DIRECTION('ref_axis',(2.4665130558862E-16,0.,-1.));
#4484=DIRECTION('',(-2.4684632115036E-16,-1.1059882098367E-18,1.));
#4485=DIRECTION('',(-4.98565140909784E-19,-1.40165656858926E-15,-1.));
#4486=DIRECTION('center_axis',(0.,-1.,0.));
#4487=DIRECTION('ref_axis',(1.,0.,0.));
#4488=DIRECTION('center_axis',(0.,-1.,0.));
#4489=DIRECTION('ref_axis',(1.,0.,-1.90758775444041E-32));
#4490=DIRECTION('center_axis',(-0.707106781186547,0.,-0.707106781186548));
#4491=DIRECTION('ref_axis',(0.707106781186548,6.28036983473511E-17,-0.707106781186547));
#4492=DIRECTION('',(-0.707106781186548,-6.28036983473511E-17,0.707106781186547));
#4493=DIRECTION('',(8.39213728958523E-31,1.,-8.39213728958522E-31));
#4494=DIRECTION('',(0.707106781186548,-1.27132992605974E-15,-0.707106781186547));
#4495=DIRECTION('center_axis',(0.,1.,-1.79793202368446E-15));
#4496=DIRECTION('ref_axis',(0.,-1.79793202368446E-15,-1.));
#4497=DIRECTION('',(0.707106781186548,1.27132992605974E-15,0.707106781186548));
#4498=DIRECTION('',(4.72435329627726E-16,1.79793202368446E-15,1.));
#4499=DIRECTION('',(1.,0.,0.));
#4500=DIRECTION('',(-2.07718443971538E-15,0.,-1.));
#4501=DIRECTION('center_axis',(0.707106781186548,0.,-0.707106781186548));
#4502=DIRECTION('ref_axis',(0.707106781186548,6.2803698347351E-17,0.707106781186548));
#4503=DIRECTION('',(0.707106781186547,6.2803698347351E-17,0.707106781186547));
#4504=DIRECTION('',(1.83669593765078E-31,-1.,1.83669593765078E-31));
#4505=DIRECTION('center_axis',(1.38777878078125E-17,1.,-1.40165656858926E-15));
#4506=DIRECTION('ref_axis',(-1.,1.38777878078125E-17,-6.5685865515226E-47));
#4507=DIRECTION('',(1.03396789254962E-16,-1.40165656858926E-15,-1.));
#4508=DIRECTION('',(-0.707106781186547,-6.2803698347351E-17,0.707106781186547));
#4509=DIRECTION('',(1.,-1.38777878078125E-17,6.56858655152258E-47));
#4510=DIRECTION('',(0.707106781186547,6.2803698347351E-17,0.707106781186548));
#4511=DIRECTION('',(2.68768699487421E-16,1.40165656858926E-15,1.));
#4512=DIRECTION('center_axis',(0.,-1.,1.48029736616688E-15));
#4513=DIRECTION('ref_axis',(0.,-1.48029736616688E-15,-1.));
#4514=DIRECTION('',(-1.29509238186885E-16,1.48029736616688E-15,1.));
#4515=DIRECTION('',(-1.,-4.65569467198426E-32,-3.14510771848487E-17));
#4516=DIRECTION('',(-1.29509238186885E-16,-1.48029736616688E-15,-1.));
#4517=DIRECTION('',(0.,1.48029736616688E-15,1.));
#4518=DIRECTION('center_axis',(0.996194698091746,0.0871557427476582,1.21641962441657E-47));
#4519=DIRECTION('ref_axis',(0.,-1.39568499569612E-46,1.));
#4520=DIRECTION('',(0.0868265938642478,-0.992432509138967,0.0868265938642489));
#4521=DIRECTION('center_axis',(-3.13313963408205E-17,0.0871557427476582,
0.996194698091746));
#4522=DIRECTION('ref_axis',(-1.,-9.78255863820505E-48,-3.14510771848487E-17));
#4523=DIRECTION('',(-0.0868265938642476,-0.992432509138967,0.0868265938642476));
#4524=DIRECTION('center_axis',(-0.996194698091746,0.0871557427476582,8.70367808176158E-49));
#4525=DIRECTION('ref_axis',(0.,9.98635064927543E-48,-1.));
#4526=DIRECTION('center_axis',(-1.94800553186573E-17,0.707106781186546,
0.707106781186549));
#4527=DIRECTION('ref_axis',(-1.,0.,-2.75489584274233E-17));
#4528=DIRECTION('',(0.577350269189623,-0.577350269189628,0.577350269189626));
#4529=DIRECTION('',(1.,0.,2.75489584274233E-17));
#4530=DIRECTION('',(-0.577350269189625,-0.577350269189627,0.577350269189625));
#4531=DIRECTION('center_axis',(-1.27415194507225E-18,1.,1.1059882098367E-18));
#4532=DIRECTION('ref_axis',(0.,-1.1059882098367E-18,1.));
#4533=DIRECTION('',(0.707106781186548,5.05934869742196E-17,-0.707106781186547));
#4534=DIRECTION('',(3.1884356020073E-16,-9.94138779308689E-18,-1.));
#4535=DIRECTION('',(-0.707106781186547,6.55659717749668E-21,-0.707106781186547));
#4536=DIRECTION('',(-1.,1.3423434574243E-17,-8.59961176472401E-16));
#4537=DIRECTION('',(-0.707106781186547,-5.05681011455823E-17,0.707106781186548));
#4538=DIRECTION('',(-2.39132670150547E-16,-1.87722282168094E-20,1.));
#4539=DIRECTION('',(0.707106781186547,0.,0.707106781186548));
#4540=DIRECTION('',(1.,1.49104772732103E-33,2.149902941181E-16));
#4541=DIRECTION('center_axis',(-0.707106781186548,9.08618320997555E-17,
-0.707106781186547));
#4542=DIRECTION('ref_axis',(-0.707106781186547,0.,0.707106781186548));
#4543=DIRECTION('',(-0.707052927141246,0.0123416547509368,0.707052927141246));
#4544=DIRECTION('',(-0.707106781186547,0.,0.707106781186548));
#4545=DIRECTION('',(0.,-1.,-1.28498035257541E-16));
#4546=DIRECTION('center_axis',(1.,0.,0.));
#4547=DIRECTION('ref_axis',(0.,0.,-1.));
#4548=DIRECTION('',(0.,-0.0174524064372835,-0.999847695156391));
#4549=DIRECTION('',(0.,0.,1.));
#4550=DIRECTION('',(6.64970032517523E-49,-1.,0.));
#4551=DIRECTION('center_axis',(1.6761300572481E-18,0.999847695156391,-0.0174524064372835));
#4552=DIRECTION('ref_axis',(-1.,1.6761300572481E-18,-1.46273654097185E-20));
#4553=DIRECTION('center_axis',(1.6761300572481E-18,0.999847695156391,-0.0174524064372835));
#4554=DIRECTION('ref_axis',(0.,-0.0174524064372835,-0.999847695156391));
#4555=DIRECTION('',(0.,0.0174524064372835,0.999847695156391));
#4556=DIRECTION('',(9.08243004217261E-51,0.0174524064372835,0.999847695156391));
#4557=DIRECTION('center_axis',(0.,-1.,1.3745618400121E-15));
#4558=DIRECTION('ref_axis',(1.,0.,-1.90758775444041E-32));
#4559=DIRECTION('center_axis',(0.,-1.,0.));
#4560=DIRECTION('ref_axis',(1.,0.,-1.90758775444041E-32));
#4561=DIRECTION('',(0.,-1.,1.3745618400121E-15));
#4562=DIRECTION('center_axis',(-1.,8.39213728958523E-31,4.72435329627726E-16));
#4563=DIRECTION('ref_axis',(-4.72435329627726E-16,-1.40165656858926E-15,
-1.));
#4564=DIRECTION('',(-8.39213728958524E-31,-1.,-8.39213728958524E-31));
#4565=DIRECTION('',(4.72435329627726E-16,-5.90583907114855E-62,1.));
#4566=DIRECTION('',(-8.39213728958523E-31,-1.,9.01659101101248E-46));
#4567=DIRECTION('center_axis',(0.,0.,1.));
#4568=DIRECTION('ref_axis',(1.,0.,0.));
#4569=DIRECTION('',(-1.,9.23707483808358E-48,1.95337393627163E-63));
#4570=DIRECTION('',(-1.83669593765078E-31,1.,0.));
#4571=DIRECTION('center_axis',(1.,1.83669593765078E-31,1.03396789254962E-16));
#4572=DIRECTION('ref_axis',(-1.03396789254962E-16,1.40165656858926E-15,
1.));
#4573=DIRECTION('',(1.03396789254962E-16,5.37393863351938E-62,-1.));
#4574=DIRECTION('',(-1.83669593765078E-31,1.,1.83669593765078E-31));
#4575=DIRECTION('center_axis',(0.707106781186548,0.,0.707106781186548));
#4576=DIRECTION('ref_axis',(-0.707106781186548,-6.2803698347351E-17,0.707106781186548));
#4577=DIRECTION('',(-0.707106781186548,0.,0.707106781186548));
#4578=DIRECTION('',(-1.77635683940025E-15,-1.,1.77635683940025E-15));
#4579=DIRECTION('center_axis',(2.4651903288153E-32,1.77635683940025E-15,
1.));
#4580=DIRECTION('ref_axis',(-1.,1.38777878078125E-17,-6.56858655152258E-47));
#4581=DIRECTION('',(-1.77635683940025E-15,1.,-1.77635683940025E-15));
#4582=DIRECTION('',(1.,-9.23707483808358E-48,-2.4651903288153E-32));
#4583=DIRECTION('center_axis',(-0.707106781186548,0.,0.707106781186547));
#4584=DIRECTION('ref_axis',(-0.707106781186547,-6.2803698347351E-17,-0.707106781186548));
#4585=DIRECTION('',(-0.707106781186547,0.,-0.707106781186548));
#4586=DIRECTION('center_axis',(-1.,5.20411329796323E-49,0.));
#4587=DIRECTION('ref_axis',(5.20411329796323E-49,1.,0.));
#4588=DIRECTION('',(-5.20411329796323E-49,-1.,0.));
#4589=DIRECTION('',(0.,0.,-1.));
#4590=DIRECTION('center_axis',(-1.05227468008497E-47,0.0871557427476582,
-0.996194698091746));
#4591=DIRECTION('ref_axis',(1.,1.2073497934974E-46,0.));
#4592=DIRECTION('',(1.,-1.56362951980941E-62,-1.05629419841388E-47));
#4593=DIRECTION('',(0.,0.996194698091746,0.0871557427476582));
#4594=DIRECTION('center_axis',(-1.,0.,0.));
#4595=DIRECTION('ref_axis',(0.,0.,-1.));
#4596=DIRECTION('center_axis',(0.,-1.,0.));
#4597=DIRECTION('ref_axis',(1.,0.,0.));
#4598=DIRECTION('center_axis',(0.,1.,0.));
#4599=DIRECTION('ref_axis',(1.,0.,0.));
#4600=DIRECTION('center_axis',(0.,-1.,0.));
#4601=DIRECTION('ref_axis',(1.,0.,0.));
#4602=DIRECTION('center_axis',(0.,-1.,0.));
#4603=DIRECTION('ref_axis',(1.,0.,0.));
#4604=DIRECTION('center_axis',(0.,1.,0.));
#4605=DIRECTION('ref_axis',(1.,0.,0.));
#4606=DIRECTION('center_axis',(0.,-1.,0.));
#4607=DIRECTION('ref_axis',(1.,0.,0.));
#4608=DIRECTION('center_axis',(-0.707106781186549,0.707106781186546,0.));
#4609=DIRECTION('ref_axis',(0.,0.,-1.));
#4610=DIRECTION('',(0.,0.,1.));
#4611=DIRECTION('',(-0.577350269189625,-0.577350269189627,-0.577350269189625));
#4612=DIRECTION('center_axis',(0.707106781186551,0.707106781186544,9.76724673320687E-47));
#4613=DIRECTION('ref_axis',(0.,-1.38129727971455E-46,1.));
#4614=DIRECTION('',(0.577350269189623,-0.577350269189628,-0.577350269189626));
#4615=DIRECTION('',(0.,1.38129727971455E-46,-1.));
#4616=DIRECTION('center_axis',(-2.7444126323349E-17,-0.0871557427476582,
0.996194698091746));
#4617=DIRECTION('ref_axis',(-1.,0.,-2.75489584274233E-17));
#4618=DIRECTION('',(-0.0868265938642476,-0.992432509138967,-0.0868265938642476));
#4619=DIRECTION('',(1.,0.,0.));
#4620=DIRECTION('',(0.0868265938642476,-0.992432509138967,-0.0868265938642476));
#4621=DIRECTION('center_axis',(0.,-1.,0.));
#4622=DIRECTION('ref_axis',(1.,0.,0.));
#4623=DIRECTION('center_axis',(0.,1.,0.));
#4624=DIRECTION('ref_axis',(1.,0.,0.));
#4625=DIRECTION('center_axis',(0.,-1.,0.));
#4626=DIRECTION('ref_axis',(1.,0.,0.));
#4627=DIRECTION('center_axis',(0.,-1.,0.));
#4628=DIRECTION('ref_axis',(1.,0.,0.));
#4629=DIRECTION('center_axis',(0.,1.,0.));
#4630=DIRECTION('ref_axis',(1.,0.,0.));
#4631=DIRECTION('center_axis',(0.,-1.,0.));
#4632=DIRECTION('ref_axis',(1.,0.,0.));
#4633=DIRECTION('center_axis',(0.996194698091746,0.0871557427476584,-2.44587446873927E-14));
#4634=DIRECTION('ref_axis',(-0.0871557427476584,0.996194698091746,-3.8193845837208E-16));
#4635=DIRECTION('',(0.0277627967862518,-0.317330219338058,-0.947908623765743));
#4636=DIRECTION('',(-0.0312698207305684,0.357415686448105,-0.933421783221448));
#4637=DIRECTION('',(2.47072754035078E-14,-1.77282722862832E-15,1.));
#4638=DIRECTION('center_axis',(-0.999571368399658,0.,-0.0292759197231372));
#4639=DIRECTION('ref_axis',(-0.0292759197231372,-1.27802046929054E-31,0.999571368399658));
#4640=DIRECTION('',(-0.0292759197231372,-1.77206733885618E-15,0.999571368399658));
#4641=DIRECTION('',(0.0292759197231372,-1.40146205929293E-15,-0.999571368399658));
#4642=DIRECTION('',(0.,-1.,1.77635683940025E-15));
#4643=DIRECTION('center_axis',(-1.20866209797369E-14,0.0871557427476581,
0.996194698091746));
#4644=DIRECTION('ref_axis',(-5.33557638946372E-16,0.996194698091746,-0.0871557427476581));
#4645=DIRECTION('',(0.840756765377596,-0.539352782988403,0.0471872541526532));
#4646=DIRECTION('',(0.840756765377491,0.539352782988566,-0.0471872541526471));
#4647=DIRECTION('',(-1.,1.38777878077955E-17,-1.21340040574355E-14));
#4648=DIRECTION('center_axis',(0.999571368399659,0.,-0.0292759197230888));
#4649=DIRECTION('ref_axis',(-0.0292759197230887,-9.79113912511101E-32,-0.999571368399659));
#4650=DIRECTION('',(0.0292759197230887,1.40064948928934E-15,0.999571368399659));
#4651=DIRECTION('',(0.0277627967862152,0.317330219337104,0.947908623766063));
#4652=DIRECTION('',(-0.0292759197230887,1.7760765409803E-15,-0.999571368399659));
#4653=DIRECTION('',(0.,-1.,1.77635683940025E-15));
#4654=DIRECTION('center_axis',(-0.996194698091746,0.0871557427476584,2.47681184099692E-14));
#4655=DIRECTION('ref_axis',(-0.0871557427476584,-0.996194698091746,3.8193845837208E-16));
#4656=DIRECTION('',(2.47072754035078E-14,-1.77683814996006E-15,1.));
#4657=DIRECTION('',(-0.0312698207305175,-0.35741568644805,0.933421783221471));
#4658=DIRECTION('center_axis',(-0.984807753012208,0.173648177666929,-3.15725913957444E-16));
#4659=DIRECTION('ref_axis',(-3.1884356020073E-16,9.94138779308689E-18,1.));
#4660=DIRECTION('',(0.173200723896952,0.982270116581418,0.07174208885096));
#4661=DIRECTION('',(7.34466243648072E-17,-1.40165656858926E-15,-1.));
#4662=DIRECTION('',(0.173200723896952,0.982270116581418,-0.0717420888509601));
#4663=DIRECTION('center_axis',(-0.696364240320019,0.173648177666932,0.696364240320019));
#4664=DIRECTION('ref_axis',(0.707106781186548,-6.55659717749668E-21,0.707106781186548));
#4665=DIRECTION('',(-0.707106781186548,-9.81307786677362E-16,-0.707106781186547));
#4666=DIRECTION('',(0.0717420888509603,0.982270116581418,-0.173200723896952));
#4667=DIRECTION('center_axis',(-8.44565478927671E-16,0.173648177666929,
0.984807753012208));
#4668=DIRECTION('ref_axis',(1.,-1.3423434574243E-17,8.59961176472401E-16));
#4669=DIRECTION('',(-1.,1.38777878078113E-17,-8.60041291206251E-16));
#4670=DIRECTION('',(-0.071742088850956,0.982270116581418,-0.173200723896952));
#4671=DIRECTION('center_axis',(0.69636424032002,0.173648177666929,0.696364240320019));
#4672=DIRECTION('ref_axis',(0.707106781186547,5.05681011455823E-17,-0.707106781186548));
#4673=DIRECTION('',(-0.707106781186547,1.00093394241091E-15,0.707106781186548));
#4674=DIRECTION('',(-0.173200723896952,0.982270116581418,-0.0717420888509558));
#4675=DIRECTION('center_axis',(0.984807753012208,0.173648177666929,2.35502967325991E-16));
#4676=DIRECTION('ref_axis',(2.39132670150547E-16,1.87722282168094E-20,-1.));
#4677=DIRECTION('',(-4.862858509304E-16,1.40165656858926E-15,1.));
#4678=DIRECTION('',(-0.173200723896952,0.982270116581418,0.07174208885096));
#4679=DIRECTION('center_axis',(0.696364240320019,0.173648177666932,-0.696364240320019));
#4680=DIRECTION('ref_axis',(-0.707106781186547,0.,-0.707106781186548));
#4681=DIRECTION('',(0.707106781186547,9.81307786677363E-16,0.707106781186548));
#4682=DIRECTION('',(-0.0717420888509601,0.982270116581418,0.173200723896952));
#4683=DIRECTION('center_axis',(2.1172410846988E-16,0.173648177666929,-0.984807753012208));
#4684=DIRECTION('ref_axis',(-1.,-1.49104772732103E-33,-2.149902941181E-16));
#4685=DIRECTION('',(1.,-1.38777878078122E-17,2.12543265695036E-16));
#4686=DIRECTION('',(0.0717420888509598,0.982270116581418,0.173200723896952));
#4687=DIRECTION('center_axis',(-0.696364240320018,0.173648177666932,-0.696364240320019));
#4688=DIRECTION('ref_axis',(-0.707106781186548,-5.05934869742196E-17,0.707106781186547));
#4689=DIRECTION('',(0.707106781186548,-1.00093394241091E-15,-0.707106781186547));
#4690=DIRECTION('center_axis',(0.,-1.,0.));
#4691=DIRECTION('ref_axis',(1.,0.,0.));
#4692=DIRECTION('center_axis',(-1.38777878078125E-17,-1.,1.40165656858926E-15));
#4693=DIRECTION('ref_axis',(1.,0.,0.));
#4694=DIRECTION('',(0.,-1.,0.));
#4695=DIRECTION('center_axis',(0.,-1.,0.));
#4696=DIRECTION('ref_axis',(1.,0.,0.));
#4697=DIRECTION('center_axis',(-1.38777878078125E-17,-1.,1.40165656858926E-15));
#4698=DIRECTION('ref_axis',(1.,0.,0.));
#4699=DIRECTION('',(0.,-1.,0.));
#4700=DIRECTION('center_axis',(0.,-1.,0.));
#4701=DIRECTION('ref_axis',(1.,0.,0.));
#4702=DIRECTION('center_axis',(-1.38777878078125E-17,-1.,1.40165656858926E-15));
#4703=DIRECTION('ref_axis',(1.,0.,0.));
#4704=DIRECTION('',(0.,-1.,0.));
#4705=DIRECTION('center_axis',(0.,-1.,0.));
#4706=DIRECTION('ref_axis',(1.,0.,0.));
#4707=DIRECTION('center_axis',(-1.38777878078125E-17,-1.,1.40165656858926E-15));
#4708=DIRECTION('ref_axis',(1.,0.,0.));
#4709=DIRECTION('',(0.,-1.,0.));
#4710=DIRECTION('center_axis',(-8.18412260614514E-15,0.0871557427476583,
-0.996194698091746));
#4711=DIRECTION('ref_axis',(3.31807782443848E-16,-0.996194698091746,-0.0871557427476583));
#4712=DIRECTION('',(-0.878409218280637,-0.476090654769756,-0.0416525351029808));
#4713=DIRECTION('',(-0.878409218280707,0.476090654769628,0.0416525351029841));
#4714=DIRECTION('',(-1.,-1.04929615132256E-15,8.12358310701334E-15));
#4715=DIRECTION('center_axis',(0.707106781186547,-3.67986380305288E-49,
-0.707106781186548));
#4716=DIRECTION('ref_axis',(-0.707106781186548,0.,-0.707106781186547));
#4717=DIRECTION('',(0.704456660303224,0.086496401710458,0.704456660303223));
#4718=DIRECTION('',(-0.707106781186548,0.,-0.707106781186547));
#4719=DIRECTION('',(-5.20411329796323E-49,-1.,0.));
#4720=DIRECTION('center_axis',(0.707106781186548,0.,-0.707106781186547));
#4721=DIRECTION('ref_axis',(-0.707106781186547,0.,-0.707106781186548));
#4722=DIRECTION('',(-0.707106781186547,0.,-0.707106781186548));
#4723=DIRECTION('',(0.704456660303224,0.0864964017104579,0.704456660303224));
#4724=DIRECTION('',(0.,1.,0.));
#4725=DIRECTION('center_axis',(0.,1.,0.));
#4726=DIRECTION('ref_axis',(0.,0.,1.));
#4727=DIRECTION('',(0.,0.,-1.));
#4728=DIRECTION('center_axis',(0.,1.,0.));
#4729=DIRECTION('ref_axis',(1.,0.,0.));
#4730=DIRECTION('center_axis',(0.,1.,0.));
#4731=DIRECTION('ref_axis',(1.,0.,0.));
#4732=DIRECTION('center_axis',(-1.,0.,0.));
#4733=DIRECTION('ref_axis',(0.,0.,1.));
#4734=DIRECTION('',(0.,6.2724464668088E-17,-1.));
#4735=DIRECTION('center_axis',(0.,1.,0.));
#4736=DIRECTION('ref_axis',(0.,0.,1.));
#4737=DIRECTION('center_axis',(0.,-1.,0.));
#4738=DIRECTION('ref_axis',(0.,0.,-1.));
#4739=DIRECTION('center_axis',(0.,-1.,1.48029736616688E-15));
#4740=DIRECTION('ref_axis',(0.,-1.48029736616688E-15,-1.));
#4741=DIRECTION('',(-1.,0.,0.));
#4742=DIRECTION('',(0.,-1.48029736616688E-15,-1.));
#4743=DIRECTION('center_axis',(-1.,0.,0.));
#4744=DIRECTION('ref_axis',(0.,6.2724464668088E-17,-1.));
#4745=DIRECTION('',(0.,-1.,0.));
#4746=DIRECTION('',(0.,6.2724464668088E-17,-1.));
#4747=DIRECTION('',(0.,-1.,0.));
#4748=DIRECTION('center_axis',(-0.748955720789005,0.662620048215734,4.15624878026746E-17));
#4749=DIRECTION('ref_axis',(5.54939185976036E-17,0.,1.));
#4750=DIRECTION('',(-0.662620048215734,-0.748955720789005,0.));
#4751=DIRECTION('',(0.,6.2724464668088E-17,-1.));
#4752=DIRECTION('',(0.662620048215734,0.748955720789005,0.));
#4753=DIRECTION('center_axis',(1.,0.,0.));
#4754=DIRECTION('ref_axis',(0.,1.,0.));
#4755=DIRECTION('',(0.,-1.,0.));
#4756=DIRECTION('',(0.,-6.2724464668088E-17,1.));
#4757=DIRECTION('',(0.,-1.,0.));
#4758=DIRECTION('',(0.,-6.2724464668088E-17,1.));
#4759=DIRECTION('',(0.,1.,0.));
#4760=DIRECTION('',(0.,0.,-1.));
#4761=DIRECTION('center_axis',(0.999439340007522,0.,0.0334814223910679));
#4762=DIRECTION('ref_axis',(0.0334814223910679,1.57634974473969E-31,-0.999439340007522));
#4763=DIRECTION('',(0.0334814223910679,1.77584194789627E-15,-0.999439340007522));
#4764=DIRECTION('',(-0.0334814223910679,1.40133536390351E-15,0.999439340007522));
#4765=DIRECTION('',(0.,-1.,1.77635683940025E-15));
#4766=DIRECTION('center_axis',(0.,1.,0.));
#4767=DIRECTION('ref_axis',(1.,0.,0.));
#4768=DIRECTION('center_axis',(0.707106781186548,0.707106781186547,0.));
#4769=DIRECTION('ref_axis',(0.707106781186547,-0.707106781186548,0.));
#4770=DIRECTION('',(0.,1.,0.));
#4771=DIRECTION('center_axis',(0.,1.,0.));
#4772=DIRECTION('ref_axis',(1.,0.,0.));
#4773=DIRECTION('center_axis',(0.707106781186548,0.707106781186547,0.));
#4774=DIRECTION('ref_axis',(0.707106781186547,-0.707106781186548,0.));
#4775=DIRECTION('',(0.,1.,0.));
#4776=DIRECTION('center_axis',(0.,-1.,-1.77683814996006E-15));
#4777=DIRECTION('ref_axis',(1.,0.,0.));
#4778=DIRECTION('',(-1.03396789254962E-16,1.03396789254962E-16,1.));
#4779=DIRECTION('center_axis',(0.,-1.,1.77635683940025E-15));
#4780=DIRECTION('ref_axis',(-1.,-5.0894251949743E-30,-2.86509167645203E-15));
#4781=DIRECTION('center_axis',(0.707106781186548,0.707106781186547,0.));
#4782=DIRECTION('ref_axis',(-0.707106781186547,0.707106781186548,-3.28199972008739E-15));
#4783=DIRECTION('',(0.,-1.,0.));
#4784=DIRECTION('center_axis',(1.38777878078125E-17,1.,-1.40165656858926E-15));
#4785=DIRECTION('ref_axis',(-1.,-4.24201601944391E-30,-2.86509167645203E-15));
#4786=DIRECTION('center_axis',(0.0560365513657618,-2.86058980944937E-16,
-0.998428717991942));
#4787=DIRECTION('ref_axis',(-0.998428717991942,2.14405909315596E-17,-0.0560365513657618));
#4788=DIRECTION('',(0.998428717991942,6.46880184133912E-17,0.0560365513657618));
#4789=DIRECTION('',(-0.706550593917341,0.706550593917341,-0.039654967785971));
#4790=DIRECTION('',(-0.998428717991942,-1.58787529682825E-15,-0.0560365513657618));
#4791=DIRECTION('center_axis',(-0.996194698091746,-0.0871557427476582,0.));
#4792=DIRECTION('ref_axis',(0.,0.,-1.));
#4793=DIRECTION('',(0.,0.,1.));
#4794=DIRECTION('',(0.0868265938642476,-0.992432509138967,0.0868265938642476));
#4795=DIRECTION('center_axis',(-8.53725226246186E-47,0.707106781186546,
-0.707106781186549));
#4796=DIRECTION('ref_axis',(1.,1.2073497934974E-46,0.));
#4797=DIRECTION('',(-1.,-1.2073497934974E-46,0.));
#4798=DIRECTION('center_axis',(0.996194698091746,-0.0871557427476582,-1.20387990368842E-47));
#4799=DIRECTION('ref_axis',(0.,-1.38129727971455E-46,1.));
#4800=DIRECTION('',(-0.0868265938642476,-0.992432509138967,0.0868265938642476));
#4801=DIRECTION('',(0.,0.,1.));
#4802=DIRECTION('center_axis',(0.,-0.707106781186546,0.707106781186549));
#4803=DIRECTION('ref_axis',(6.35934728866321E-32,-0.707106781186549,-0.707106781186546));
#4804=DIRECTION('',(0.577350269189625,0.577350269189627,0.577350269189625));
#4805=DIRECTION('',(1.,-1.38777878078125E-17,-1.38777878078125E-17));
#4806=DIRECTION('',(0.577350269189625,-0.577350269189627,-0.577350269189625));
#4807=DIRECTION('center_axis',(1.59037422323129E-15,-1.,0.));
#4808=DIRECTION('ref_axis',(0.,0.,1.));
#4809=DIRECTION('',(1.24344978758017E-14,1.97755049004993E-29,-1.));
#4810=DIRECTION('',(-1.24344978758018E-14,-1.97755049004994E-29,1.));
#4811=DIRECTION('',(-0.998428717991942,-1.58787529682825E-15,0.0560365513657615));
#4812=DIRECTION('center_axis',(-0.0560365513657615,-2.86058980944937E-16,
-0.998428717991942));
#4813=DIRECTION('ref_axis',(-0.998428717991942,-2.14405909315596E-17,0.0560365513657615));
#4814=DIRECTION('',(-0.706550593917341,-0.706550593917341,0.0396549677859708));
#4815=DIRECTION('',(0.,-1.,0.));
#4816=DIRECTION('',(0.998428717991942,-9.23999821924276E-17,-0.0560365513657615));
#4817=DIRECTION('center_axis',(0.,-1.,1.77635683940025E-15));
#4818=DIRECTION('ref_axis',(-2.86509167645202E-15,1.77635683940025E-15,
1.));
#4819=DIRECTION('center_axis',(-0.707106781186548,0.707106781186547,7.388670393806E-16));
#4820=DIRECTION('ref_axis',(-0.707106781186547,-0.707106781186548,-7.69851786193337E-16));
#4821=DIRECTION('center_axis',(1.38777878078125E-17,1.,-1.40165656858926E-15));
#4822=DIRECTION('ref_axis',(-2.86509167645202E-15,1.48029736616688E-15,
1.));
#4823=DIRECTION('center_axis',(0.,-1.,-1.77282722862832E-15));
#4824=DIRECTION('ref_axis',(1.,0.,0.));
#4825=DIRECTION('',(-1.03396789254962E-16,9.41518998627538E-16,-1.));
#4826=DIRECTION('',(0.0334814223911232,-1.77183327532765E-15,0.99943934000752));
#4827=DIRECTION('center_axis',(0.,1.,0.));
#4828=DIRECTION('ref_axis',(1.,0.,0.));
#4829=DIRECTION('center_axis',(-0.707106781186548,0.707106781186547,0.));
#4830=DIRECTION('ref_axis',(0.707106781186547,0.707106781186548,0.));
#4831=DIRECTION('',(0.,1.,0.));
#4832=DIRECTION('center_axis',(0.,1.,0.));
#4833=DIRECTION('ref_axis',(1.,0.,0.));
#4834=DIRECTION('center_axis',(-0.707106781186548,0.707106781186547,0.));
#4835=DIRECTION('ref_axis',(0.707106781186547,0.707106781186548,0.));
#4836=DIRECTION('',(0.,1.,0.));
#4837=DIRECTION('center_axis',(-0.99943934000752,0.,0.0334814223911232));
#4838=DIRECTION('ref_axis',(0.0334814223911232,-7.86242706927404E-32,0.99943934000752));
#4839=DIRECTION('',(0.,1.,0.));
#4840=DIRECTION('',(-0.0334814223911232,-1.40040606775261E-15,-0.99943934000752));
#4841=DIRECTION('center_axis',(-1.38777878078125E-17,-1.,1.40165656858926E-15));
#4842=DIRECTION('ref_axis',(0.,-1.40165656858926E-15,-1.));
#4843=DIRECTION('',(-0.998877652122298,-5.25271457067535E-17,-0.0473649246874305));
#4844=DIRECTION('',(-0.998877652122298,8.02515699109918E-17,0.0473649246874305));
#4845=DIRECTION('center_axis',(1.38777878078125E-17,1.,-1.40165656858926E-15));
#4846=DIRECTION('ref_axis',(-1.94518924383083E-32,-1.48029736616688E-15,
-1.));
#4847=DIRECTION('center_axis',(1.38777878078125E-17,1.,-1.40165656858926E-15));
#4848=DIRECTION('ref_axis',(1.,1.51063746442512E-30,1.0208947352875E-15));
#4849=DIRECTION('center_axis',(-0.0473649246874305,0.,0.998877652122298));
#4850=DIRECTION('ref_axis',(0.998877652122298,-3.64993374368896E-32,0.0473649246874305));
#4851=DIRECTION('',(0.,1.,0.));
#4852=DIRECTION('',(0.998877652122298,1.04811847601404E-15,0.0473649246874305));
#4853=DIRECTION('center_axis',(0.0473649246874305,0.,0.998877652122298));
#4854=DIRECTION('ref_axis',(0.998877652122298,3.64993374368896E-32,-0.0473649246874305));
#4855=DIRECTION('',(0.998877652122298,1.04811847601404E-15,-0.0473649246874305));
#4856=DIRECTION('',(0.,1.,0.));
#4857=DIRECTION('center_axis',(0.121869343405147,-0.992546151641322,-6.22569260200728E-17));
#4858=DIRECTION('ref_axis',(0.,6.2724464668088E-17,-1.));
#4859=DIRECTION('',(-0.992546151641322,-0.121869343405147,0.));
#4860=DIRECTION('',(0.992546151641322,0.121869343405147,0.));
#4861=DIRECTION('center_axis',(-0.707106781186546,0.,0.707106781186549));
#4862=DIRECTION('ref_axis',(0.707106781186549,0.,0.707106781186546));
#4863=DIRECTION('',(0.,-1.,0.));
#4864=DIRECTION('center_axis',(-0.707106781186545,0.,0.70710678118655));
#4865=DIRECTION('ref_axis',(0.70710678118655,0.,0.707106781186545));
#4866=DIRECTION('',(-0.684791078771739,-0.249243569363953,-0.684791078771734));
#4867=DIRECTION('',(-0.684791078771739,-0.249243569363953,-0.684791078771734));
#4868=DIRECTION('',(0.,-1.,0.));
#4869=DIRECTION('center_axis',(0.707106781186546,0.,0.707106781186549));
#4870=DIRECTION('ref_axis',(0.707106781186549,0.,-0.707106781186546));
#4871=DIRECTION('',(-0.684791078771738,0.249243569363954,0.684791078771735));
#4872=DIRECTION('',(0.,1.,0.));
#4873=DIRECTION('',(-0.684791078771738,0.249243569363954,0.684791078771735));
#4874=DIRECTION('center_axis',(1.,0.,0.));
#4875=DIRECTION('ref_axis',(0.,0.,-1.));
#4876=DIRECTION('',(0.,1.,3.70074341541719E-16));
#4877=DIRECTION('',(0.,1.5681116167022E-17,-1.));
#4878=DIRECTION('',(0.,1.,-1.5419764230905E-16));
#4879=DIRECTION('center_axis',(0.707106781186547,-1.09034198519707E-16,
-0.707106781186548));
#4880=DIRECTION('ref_axis',(-0.707106781186548,0.,-0.707106781186547));
#4881=DIRECTION('',(-0.707106781186548,0.,-0.707106781186547));
#4882=DIRECTION('center_axis',(1.,0.,0.));
#4883=DIRECTION('ref_axis',(0.,-1.,-4.11193712824132E-16));
#4884=DIRECTION('',(0.,3.88578058618805E-16,-1.));
#4885=DIRECTION('',(0.,1.,0.));
#4886=DIRECTION('',(0.,-6.2724464668088E-17,1.));
#4887=DIRECTION('',(0.,-1.,-3.70074341541719E-16));
#4888=DIRECTION('center_axis',(0.748955720789,0.66262004821574,4.15624878026749E-17));
#4889=DIRECTION('ref_axis',(5.54939185976045E-17,0.,-1.));
#4890=DIRECTION('',(0.66262004821574,-0.748955720789,0.));
#4891=DIRECTION('',(0.,-6.2724464668088E-17,1.));
#4892=DIRECTION('',(-0.66262004821574,0.748955720789,0.));
#4893=DIRECTION('center_axis',(0.,0.,-1.));
#4894=DIRECTION('ref_axis',(-1.,0.,0.));
#4895=DIRECTION('',(0.,1.,0.));
#4896=DIRECTION('',(0.992546151641322,-0.121869343405147,0.));
#4897=DIRECTION('',(0.,-1.,0.));
#4898=DIRECTION('',(1.,0.,0.));
#4899=DIRECTION('center_axis',(-0.707106781186549,0.,-0.707106781186546));
#4900=DIRECTION('ref_axis',(-0.707106781186546,0.,0.707106781186549));
#4901=DIRECTION('',(0.704456660303223,-0.0864964017104578,-0.704456660303225));
#4902=DIRECTION('',(-0.707106781186546,0.,0.707106781186549));
#4903=DIRECTION('center_axis',(0.,-1.,-3.70074341541719E-16));
#4904=DIRECTION('ref_axis',(-1.,0.,2.198914798394E-15));
#4905=DIRECTION('center_axis',(-0.121869343405147,-0.992546151641322,-6.22569260200728E-17));
#4906=DIRECTION('ref_axis',(-0.992546151641322,0.121869343405147,2.2276251379479E-15));
#4907=DIRECTION('',(0.,1.,3.70074341541719E-16));
#4908=DIRECTION('center_axis',(-2.95822839457879E-31,-1.,-3.33066907387547E-16));
#4909=DIRECTION('ref_axis',(-1.,0.,1.77635683940025E-15));
#4910=DIRECTION('center_axis',(0.,1.,0.));
#4911=DIRECTION('ref_axis',(0.,0.,1.));
#4912=DIRECTION('',(0.,0.,1.));
#4913=DIRECTION('',(1.,0.,0.));
#4914=DIRECTION('',(1.,0.,0.));
#4915=DIRECTION('center_axis',(0.,0.,-1.));
#4916=DIRECTION('ref_axis',(0.,1.,0.));
#4917=DIRECTION('',(0.,1.,0.));
#4918=DIRECTION('',(-0.992546151641322,0.121869343405147,0.));
#4919=DIRECTION('center_axis',(-0.707106781186548,0.,-0.707106781186547));
#4920=DIRECTION('ref_axis',(-0.707106781186547,0.,0.707106781186548));
#4921=DIRECTION('',(0.704456660303224,-0.0864964017104579,-0.704456660303224));
#4922=DIRECTION('',(-0.707106781186547,0.,0.707106781186548));
#4923=DIRECTION('',(0.,-1.,0.));
#4924=DIRECTION('center_axis',(0.,0.,1.));
#4925=DIRECTION('ref_axis',(0.,-1.,0.));
#4926=DIRECTION('',(0.,-1.,0.));
#4927=DIRECTION('',(0.992546151641322,-0.121869343405147,0.));
#4928=DIRECTION('center_axis',(0.,-1.,1.77635683940025E-15));
#4929=DIRECTION('ref_axis',(-1.94518924383083E-32,-1.77635683940025E-15,
-1.));
#4930=DIRECTION('center_axis',(0.707106781186548,0.707106781186547,0.));
#4931=DIRECTION('ref_axis',(0.707106781186547,-0.707106781186548,1.25607396694702E-15));
#4932=DIRECTION('',(0.,1.,0.));
#4933=DIRECTION('center_axis',(0.707106781186548,0.707106781186547,0.));
#4934=DIRECTION('ref_axis',(0.707106781186547,-0.707106781186548,0.));
#4935=DIRECTION('',(-0.707106781186547,0.707106781186548,-1.25607396694702E-15));
#4936=DIRECTION('center_axis',(1.05227468008497E-47,-0.0871557427476582,
-0.996194698091746));
#4937=DIRECTION('ref_axis',(1.,1.2073497934974E-46,0.));
#4938=DIRECTION('',(1.,0.,0.));
#4939=DIRECTION('center_axis',(-0.707106781186548,0.707106781186547,0.));
#4940=DIRECTION('ref_axis',(0.707106781186547,0.707106781186548,0.));
#4941=DIRECTION('',(-0.707106781186547,-0.707106781186548,1.25607396694702E-15));
#4942=DIRECTION('center_axis',(-0.707106781186548,0.707106781186547,0.));
#4943=DIRECTION('ref_axis',(0.707106781186547,0.707106781186548,-5.34192376747583E-16));
#4944=DIRECTION('center_axis',(0.,-1.,1.77635683940025E-15));
#4945=DIRECTION('ref_axis',(1.,1.81347334533566E-30,1.0208947352875E-15));
#4946=DIRECTION('',(0.,1.,0.));
#4947=DIRECTION('center_axis',(1.04929615132256E-15,-1.,0.));
#4948=DIRECTION('ref_axis',(0.,0.,1.));
#4949=DIRECTION('',(-1.,0.,0.));
#4950=DIRECTION('center_axis',(-1.,0.,0.));
#4951=DIRECTION('ref_axis',(0.,1.,0.));
#4952=DIRECTION('',(0.,-0.342020143325669,-0.939692620785908));
#4953=DIRECTION('',(0.,1.,0.));
#4954=DIRECTION('',(0.,-0.342020143325669,-0.939692620785908));
#4955=DIRECTION('',(0.,-1.,1.77635683940025E-15));
#4956=DIRECTION('center_axis',(1.,0.,0.));
#4957=DIRECTION('ref_axis',(0.,-1.,0.));
#4958=DIRECTION('',(0.,0.342020143325669,0.939692620785908));
#4959=DIRECTION('',(0.,1.,-1.77635683940025E-15));
#4960=DIRECTION('',(0.,0.342020143325669,0.939692620785908));
#4961=DIRECTION('',(0.,-1.,0.));
#4962=DIRECTION('center_axis',(-1.,0.,0.));
#4963=DIRECTION('ref_axis',(0.,1.,0.));
#4964=DIRECTION('',(0.,-0.342020143325669,-0.939692620785908));
#4965=DIRECTION('',(0.,1.,0.));
#4966=DIRECTION('',(0.,-0.342020143325669,-0.939692620785908));
#4967=DIRECTION('',(0.,-1.,1.77635683940025E-15));
#4968=DIRECTION('center_axis',(1.,0.,0.));
#4969=DIRECTION('ref_axis',(0.,-1.,0.));
#4970=DIRECTION('',(0.,0.342020143325669,0.939692620785908));
#4971=DIRECTION('',(0.,1.,-1.77635683940025E-15));
#4972=DIRECTION('',(0.,0.342020143325669,0.939692620785908));
#4973=DIRECTION('',(0.,-1.,0.));
#4974=DIRECTION('center_axis',(1.,0.,0.));
#4975=DIRECTION('ref_axis',(0.,-1.,0.));
#4976=DIRECTION('',(0.,1.,-1.77635683940025E-15));
#4977=DIRECTION('center_axis',(0.,-0.939692620785908,0.342020143325669));
#4978=DIRECTION('ref_axis',(0.,-0.342020143325669,-0.939692620785908));
#4979=DIRECTION('',(-1.,0.,0.));
#4980=DIRECTION('',(0.,0.342020143325669,0.939692620785908));
#4981=DIRECTION('',(0.,-0.342020143325669,-0.939692620785908));
#4982=DIRECTION('center_axis',(1.,0.,0.));
#4983=DIRECTION('ref_axis',(0.,-1.,0.));
#4984=DIRECTION('',(0.,1.,-1.77635683940025E-15));
#4985=DIRECTION('',(0.,0.342020143325669,0.939692620785908));
#4986=DIRECTION('center_axis',(0.,-0.939692620785908,0.342020143325669));
#4987=DIRECTION('ref_axis',(-1.,0.,0.));
#4988=DIRECTION('',(1.,-8.97255901489682E-33,-2.4651903288153E-32));
#4989=DIRECTION('',(0.,-0.342020143325669,-0.939692620785908));
#4990=DIRECTION('center_axis',(-1.,0.,0.));
#4991=DIRECTION('ref_axis',(0.,1.,0.));
#4992=DIRECTION('',(0.,-1.,1.77635683940025E-15));
#4993=DIRECTION('center_axis',(-0.707106781186546,0.,0.707106781186549));
#4994=DIRECTION('ref_axis',(0.707106781186549,0.,0.707106781186546));
#4995=DIRECTION('',(-0.684791078771738,-0.249243569363954,-0.684791078771735));
#4996=DIRECTION('',(0.,1.,0.));
#4997=DIRECTION('',(-0.684791078771738,-0.249243569363954,-0.684791078771735));
#4998=DIRECTION('center_axis',(0.,-0.939692620785908,0.342020143325669));
#4999=DIRECTION('ref_axis',(0.,-0.342020143325669,-0.939692620785908));
#5000=DIRECTION('',(-1.,0.,0.));
#5001=DIRECTION('',(1.,0.,0.));
#5002=DIRECTION('',(-0.684791078771738,0.249243569363954,0.684791078771735));
#5003=DIRECTION('center_axis',(0.707106781186546,0.,0.707106781186549));
#5004=DIRECTION('ref_axis',(0.707106781186549,0.,-0.707106781186546));
#5005=DIRECTION('',(0.,-1.,0.));
#5006=DIRECTION('',(-0.684791078771738,0.249243569363954,0.684791078771735));
#5007=DIRECTION('center_axis',(0.,-0.939692620785908,0.342020143325669));
#5008=DIRECTION('ref_axis',(-1.,0.,0.));
#5009=DIRECTION('',(1.,-8.97255901489682E-33,-2.4651903288153E-32));
#5010=DIRECTION('',(1.,0.,0.));
#5011=DIRECTION('center_axis',(0.,-0.939692620785908,0.342020143325669));
#5012=DIRECTION('ref_axis',(-1.,0.,0.));
#5013=DIRECTION('',(1.,-8.97255901489682E-33,-2.4651903288153E-32));
#5014=DIRECTION('',(-0.684791078771734,0.249243569363955,0.684791078771737));
#5015=DIRECTION('',(1.,0.,0.));
#5016=DIRECTION('',(-0.684791078771739,-0.249243569363953,-0.684791078771734));
#5017=DIRECTION('center_axis',(-0.707106781186545,0.,0.70710678118655));
#5018=DIRECTION('ref_axis',(0.70710678118655,0.,0.707106781186545));
#5019=DIRECTION('',(0.,1.,0.));
#5020=DIRECTION('',(-0.684791078771739,-0.249243569363953,-0.684791078771734));
#5021=DIRECTION('center_axis',(0.,-0.939692620785908,0.342020143325669));
#5022=DIRECTION('ref_axis',(0.,-0.342020143325669,-0.939692620785908));
#5023=DIRECTION('',(-1.,0.,0.));
#5024=DIRECTION('',(1.,0.,0.));
#5025=DIRECTION('',(-0.684791078771734,0.249243569363955,0.684791078771737));
#5026=DIRECTION('center_axis',(0.707106781186549,0.,0.707106781186546));
#5027=DIRECTION('ref_axis',(0.707106781186546,0.,-0.707106781186549));
#5028=DIRECTION('',(0.,-1.,0.));
#5029=DIRECTION('center_axis',(-1.,0.,0.));
#5030=DIRECTION('ref_axis',(0.,0.,1.));
#5031=DIRECTION('',(0.,6.2724464668088E-17,-1.));
#5032=DIRECTION('',(-6.64970032517523E-49,-1.,-8.14353421851497E-65));
#5033=DIRECTION('',(0.,0.,-1.));
#5034=DIRECTION('center_axis',(0.,1.,0.));
#5035=DIRECTION('ref_axis',(0.,0.,1.));
#5036=DIRECTION('',(1.,0.,1.22464679914735E-16));
#5037=DIRECTION('',(0.,0.,1.));
#5038=DIRECTION('center_axis',(-0.121869343405147,-0.992546151641322,-6.22569260200728E-17));
#5039=DIRECTION('ref_axis',(0.,6.2724464668088E-17,-1.));
#5040=DIRECTION('',(0.,6.2724464668088E-17,-1.));
#5041=DIRECTION('',(0.992546151641322,-0.121869343405147,0.));
#5042=DIRECTION('',(0.,6.2724464668088E-17,-1.));
#5043=DIRECTION('center_axis',(-1.,0.,0.));
#5044=DIRECTION('ref_axis',(0.,-1.,0.));
#5045=DIRECTION('',(0.,1.,0.));
#5046=DIRECTION('',(0.,1.,0.));
#5047=DIRECTION('',(0.,1.,0.));
#5048=DIRECTION('center_axis',(0.,0.,1.));
#5049=DIRECTION('ref_axis',(1.,0.,0.));
#5050=DIRECTION('',(0.,1.,-1.77635683940025E-15));
#5051=DIRECTION('',(-1.,1.73472347597681E-17,0.));
#5052=DIRECTION('',(0.,-1.,1.77635683940025E-15));
#5053=DIRECTION('',(1.,-8.97255901489682E-33,-2.4651903288153E-32));
#5054=DIRECTION('center_axis',(-1.,0.,0.));
#5055=DIRECTION('ref_axis',(0.,1.,0.));
#5056=DIRECTION('',(0.,-0.342020143325669,-0.939692620785908));
#5057=DIRECTION('',(0.,1.,0.));
#5058=DIRECTION('',(0.,-0.342020143325669,-0.939692620785908));
#5059=DIRECTION('center_axis',(0.707106781186546,0.,0.707106781186549));
#5060=DIRECTION('ref_axis',(0.707106781186549,0.,-0.707106781186546));
#5061=DIRECTION('',(0.,-1.,0.));
#5062=DIRECTION('',(-0.684791078771738,0.249243569363954,0.684791078771735));
#5063=DIRECTION('',(-0.684791078771738,0.249243569363954,0.684791078771735));
#5064=DIRECTION('center_axis',(0.,0.,-1.));
#5065=DIRECTION('ref_axis',(-1.,0.,0.));
#5066=DIRECTION('',(1.,0.,0.));
#5067=DIRECTION('',(1.,-1.73472347597681E-17,0.));
#5068=DIRECTION('center_axis',(-0.707106781186546,0.,0.707106781186549));
#5069=DIRECTION('ref_axis',(0.707106781186549,0.,0.707106781186546));
#5070=DIRECTION('',(-0.684791078771738,-0.249243569363954,-0.684791078771735));
#5071=DIRECTION('',(-0.684791078771738,-0.249243569363954,-0.684791078771735));
#5072=DIRECTION('',(0.,-1.,0.));
#5073=DIRECTION('center_axis',(1.,0.,0.));
#5074=DIRECTION('ref_axis',(0.,-1.,0.));
#5075=DIRECTION('',(0.,0.342020143325669,0.939692620785908));
#5076=DIRECTION('',(0.,0.342020143325669,0.939692620785908));
#5077=DIRECTION('center_axis',(0.,-0.939692620785908,0.342020143325669));
#5078=DIRECTION('ref_axis',(-1.,0.,0.));
#5079=DIRECTION('center_axis',(-1.63010684947949E-17,-0.939692620785908,
0.342020143325669));
#5080=DIRECTION('ref_axis',(-5.9331037188399E-18,-0.342020143325669,-0.939692620785908));
#5081=CARTESIAN_POINT('',(0.,0.,0.));
#5082=CARTESIAN_POINT('Origin',(19.9417068039304,12.1267766531317,-63.9662295027958));
#5083=CARTESIAN_POINT('',(17.6917068039304,12.1267766531317,-51.9742394275221));
#5084=CARTESIAN_POINT('Origin',(19.9417068039304,12.1267766531317,-51.9742394275221));
#5085=CARTESIAN_POINT('',(17.6917068039304,12.1267766531317,-48.7333605724777));
#5086=CARTESIAN_POINT('',(17.6917068039304,12.1267766531317,-63.9662295027958));
#5087=CARTESIAN_POINT('Origin',(19.9417068039304,12.1267766531317,-48.7333605724777));
#5088=CARTESIAN_POINT('Origin',(-19.4834065608103,12.1267766531317,-63.9662295027958));
#5089=CARTESIAN_POINT('',(-21.7334065608103,12.1267766531317,-51.9742394275221));
#5090=CARTESIAN_POINT('Origin',(-19.4834065608103,12.1267766531317,-51.9742394275221));
#5091=CARTESIAN_POINT('',(-21.7334065608103,12.1267766531317,-48.7333605724777));
#5092=CARTESIAN_POINT('',(-21.7334065608103,12.1267766531317,-63.9662295027958));
#5093=CARTESIAN_POINT('Origin',(-19.4834065608103,12.1267766531317,-48.7333605724777));
#5094=CARTESIAN_POINT('Origin',(-41.45,36.6802000000001,68.9040643762692));
#5095=CARTESIAN_POINT('',(-34.807864376269,36.6802000000001,75.5462000000002));
#5096=CARTESIAN_POINT('',(-41.45,36.6802000000001,68.9040643762692));
#5097=CARTESIAN_POINT('',(-34.807864376269,36.6802000000001,75.5462000000002));
#5098=CARTESIAN_POINT('',(-34.807864376269,33.6802000000001,75.5462000000002));
#5099=CARTESIAN_POINT('',(-34.807864376269,36.6802000000001,75.5462000000002));
#5100=CARTESIAN_POINT('',(-41.45,33.6802000000001,68.9040643762692));
#5101=CARTESIAN_POINT('',(-34.807864376269,33.6802000000001,75.5462000000002));
#5102=CARTESIAN_POINT('',(-41.45,36.6802000000001,68.9040643762692));
#5103=CARTESIAN_POINT('Origin',(-41.45,36.6802000000001,59.2462000000001));
#5104=CARTESIAN_POINT('',(-41.45,36.6802000000001,59.2462000000001));
#5105=CARTESIAN_POINT('',(-41.45,36.6802000000001,68.9040643762692));
#5106=CARTESIAN_POINT('',(-41.45,33.6802000000001,59.2462000000001));
#5107=CARTESIAN_POINT('',(-41.45,33.6802000000001,68.9040643762692));
#5108=CARTESIAN_POINT('',(-41.45,36.6802000000001,59.2462000000001));
#5109=CARTESIAN_POINT('Origin',(41.9500000000001,36.6802000000001,59.2462000000001));
#5110=CARTESIAN_POINT('',(41.9500000000001,36.6802000000001,59.2462000000001));
#5111=CARTESIAN_POINT('',(-41.45,36.6802000000001,59.2462000000001));
#5112=CARTESIAN_POINT('',(41.9500000000001,33.6802000000001,59.2462000000001));
#5113=CARTESIAN_POINT('',(-41.45,33.6802000000001,59.2462000000001));
#5114=CARTESIAN_POINT('',(41.9500000000001,36.6802000000001,59.2462000000001));
#5115=CARTESIAN_POINT('Origin',(41.9500000000001,36.6802000000001,68.9040643762692));
#5116=CARTESIAN_POINT('',(41.9500000000001,36.6802000000001,68.9040643762692));
#5117=CARTESIAN_POINT('',(41.9500000000001,36.6802000000001,59.2462000000001));
#5118=CARTESIAN_POINT('',(41.9500000000001,33.6802000000001,68.9040643762692));
#5119=CARTESIAN_POINT('',(41.9500000000001,33.6802000000001,59.2462000000001));
#5120=CARTESIAN_POINT('',(41.9500000000001,36.6802000000001,68.9040643762692));
#5121=CARTESIAN_POINT('Origin',(35.3078643762691,36.6802000000001,75.5462000000002));
#5122=CARTESIAN_POINT('',(35.3078643762691,36.6802000000001,75.5462000000002));
#5123=CARTESIAN_POINT('',(41.9500000000001,36.6802000000001,68.9040643762692));
#5124=CARTESIAN_POINT('',(35.3078643762691,33.6802000000001,75.5462000000002));
#5125=CARTESIAN_POINT('',(41.9500000000001,33.6802000000001,68.9040643762692));
#5126=CARTESIAN_POINT('',(35.3078643762691,36.6802000000001,75.5462000000002));
#5127=CARTESIAN_POINT('Origin',(-34.807864376269,36.6802000000001,75.5462000000002));
#5128=CARTESIAN_POINT('',(35.3078643762691,36.6802000000001,75.5462000000002));
#5129=CARTESIAN_POINT('',(35.3078643762691,33.6802000000001,75.5462000000002));
#5130=CARTESIAN_POINT('Origin',(0.250000000000057,33.6802000000001,67.3962000000002));
#5131=CARTESIAN_POINT('',(44.9500000000001,33.6802000000001,56.2462000000001));
#5132=CARTESIAN_POINT('',(-44.45,33.6802000000001,56.2462000000001));
#5133=CARTESIAN_POINT('',(22.6000000000001,33.6802000000001,56.2462000000001));
#5134=CARTESIAN_POINT('',(44.9500000000001,33.6802000000001,70.1467050633886));
#5135=CARTESIAN_POINT('',(44.9500000000001,33.6802000000001,68.7714525316944));
#5136=CARTESIAN_POINT('',(36.5505050633884,33.6802000000001,78.5462000000002));
#5137=CARTESIAN_POINT('',(30.2628787975413,33.6802000000001,84.8338262658473));
#5138=CARTESIAN_POINT('',(-36.0505050633883,33.6802000000001,78.5462000000001));
#5139=CARTESIAN_POINT('',(-17.9002525316941,33.6802000000001,78.5462000000001));
#5140=CARTESIAN_POINT('',(-44.45,33.6802000000001,70.1467050633885));
#5141=CARTESIAN_POINT('',(-33.962626265847,33.6802000000001,80.6340787975414));
#5142=CARTESIAN_POINT('',(-44.45,33.6802000000001,61.8212000000001));
#5143=CARTESIAN_POINT('Origin',(-36.0505050633883,29.7801999999999,78.5462000000001));
#5144=CARTESIAN_POINT('',(36.5505050633884,29.7801999999999,78.5462000000001));
#5145=CARTESIAN_POINT('',(36.5505050633884,29.7801999999999,78.5462000000001));
#5146=CARTESIAN_POINT('',(-36.0505050633883,29.7801999999999,78.5462000000001));
#5147=CARTESIAN_POINT('',(11.0497474683059,29.7801999999999,78.5462000000001));
#5148=CARTESIAN_POINT('',(-36.0505050633883,29.7801999999999,78.5462000000001));
#5149=CARTESIAN_POINT('Origin',(36.5505050633884,29.7801999999999,78.5462000000001));
#5150=CARTESIAN_POINT('',(44.9500000000001,29.7801999999999,70.1467050633885));
#5151=CARTESIAN_POINT('',(44.9500000000001,29.7801999999999,70.1467050633885));
#5152=CARTESIAN_POINT('',(38.6503787975413,29.7802,76.4463262658472));
#5153=CARTESIAN_POINT('Origin',(44.9500000000001,29.7801999999999,70.1467050633885));
#5154=CARTESIAN_POINT('',(44.9500000000001,29.7801999999999,56.2462000000001));
#5155=CARTESIAN_POINT('',(44.9500000000001,29.7801999999999,56.2462000000001));
#5156=CARTESIAN_POINT('',(44.95,29.7802,80.9464525316943));
#5157=CARTESIAN_POINT('Origin',(-44.45,29.7801999999999,70.1467050633884));
#5158=CARTESIAN_POINT('',(-44.45,29.7801999999999,70.1467050633884));
#5159=CARTESIAN_POINT('',(-13.4001262658471,29.7801999999999,101.196578797541));
#5160=CARTESIAN_POINT('',(-44.45,29.7801999999999,70.1467050633884));
#5161=CARTESIAN_POINT('Origin',(-44.45,29.7801999999999,56.2462000000001));
#5162=CARTESIAN_POINT('',(-44.45,29.7801999999999,56.2462000000001));
#5163=CARTESIAN_POINT('',(-44.45,29.7801999999999,73.9962));
#5164=CARTESIAN_POINT('',(-44.45,29.7801999999999,56.2462000000001));
#5165=CARTESIAN_POINT('Origin',(44.9500000000001,29.7801999999999,56.2462000000001));
#5166=CARTESIAN_POINT('',(51.5500000000001,29.7802,56.2462000000001));
#5167=CARTESIAN_POINT('Origin',(31.35,26.7837429093641,-36.6637999999999));
#5168=CARTESIAN_POINT('',(31.85,27.4365623376794,0.736200000000098));
#5169=CARTESIAN_POINT('',(31.35,27.4452898701435,1.2362000000001));
#5170=CARTESIAN_POINT('',(39.1163262856312,27.3097281405741,-6.53012628563104));
#5171=CARTESIAN_POINT('',(31.85,27.4452898701435,1.2362000000001));
#5172=CARTESIAN_POINT('',(31.85,26.9295501364899,-28.3105095524759));
#5173=CARTESIAN_POINT('',(31.35,27.4452898701435,1.2362000000001));
#5174=CARTESIAN_POINT('Origin',(31.35,27.4452898701435,1.2362000000001));
#5175=CARTESIAN_POINT('',(31.35,37.7801999999999,1.2362000000001));
#5176=CARTESIAN_POINT('',(31.35,35.2302,1.2362000000001));
#5177=CARTESIAN_POINT('',(31.85,37.7801999999999,1.2362000000001));
#5178=CARTESIAN_POINT('',(31.85,35.2302,1.2362000000001));
#5179=CARTESIAN_POINT('',(31.35,37.7801999999999,1.2362000000001));
#5180=CARTESIAN_POINT('Origin',(31.35,37.7801999999999,1.2362000000001));
#5181=CARTESIAN_POINT('',(31.85,37.7801999999999,0.736200000000102));
#5182=CARTESIAN_POINT('',(41.45,37.7801999999999,-8.8637999999999));
#5183=CARTESIAN_POINT('',(31.85,37.7801999999999,-25.3137999999999));
#5184=CARTESIAN_POINT('Origin',(31.85,32.6802,-16.4637999999999));
#5185=CARTESIAN_POINT('',(31.85,26.7837429093641,-36.6637999999999));
#5186=CARTESIAN_POINT('',(31.85,27.0848484808962,-19.4134733601153));
#5187=CARTESIAN_POINT('',(31.85,24.9801999999999,-36.6637999999999));
#5188=CARTESIAN_POINT('',(31.85,28.8302,-36.6637999999999));
#5189=CARTESIAN_POINT('',(31.85,24.9801999999999,3.7362000000001));
#5190=CARTESIAN_POINT('',(31.85,24.9801999999999,3.2362000000001));
#5191=CARTESIAN_POINT('',(31.85,39.7801999999999,3.7362000000001));
#5192=CARTESIAN_POINT('',(31.85,28.8302,3.7362000000001));
#5193=CARTESIAN_POINT('',(31.85,39.7801999999999,-36.6637999999999));
#5194=CARTESIAN_POINT('',(31.85,39.7802,-27.1887999999999));
#5195=CARTESIAN_POINT('',(31.85,37.7801999999999,-36.6637999999999));
#5196=CARTESIAN_POINT('',(31.85,28.8302,-36.6637999999999));
#5197=CARTESIAN_POINT('',(31.85,37.7801999999999,-25.3137999999999));
#5198=CARTESIAN_POINT('Origin',(-26.85,37.7801999999999,-36.6637999999999));
#5199=CARTESIAN_POINT('',(-26.85,37.7801999999999,1.23620000000009));
#5200=CARTESIAN_POINT('',(-27.35,37.7801999999999,0.736200000000093));
#5201=CARTESIAN_POINT('',(-22.4,37.7801999999999,5.6862000000001));
#5202=CARTESIAN_POINT('',(-27.35,37.7801999999999,1.23620000000009));
#5203=CARTESIAN_POINT('',(-27.35,37.7801999999999,-34.1637999999999));
#5204=CARTESIAN_POINT('',(-26.85,37.7801999999999,1.23620000000009));
#5205=CARTESIAN_POINT('Origin',(-26.85,26.9952898701435,1.23620000000009));
#5206=CARTESIAN_POINT('',(-26.85,26.9952898701435,1.23620000000009));
#5207=CARTESIAN_POINT('',(-27.35,26.9865623376794,0.736200000000095));
#5208=CARTESIAN_POINT('',(-13.5402351090848,27.2276126804937,14.5459648909153));
#5209=CARTESIAN_POINT('',(-27.35,26.9952898701435,1.23620000000009));
#5210=CARTESIAN_POINT('',(-26.85,26.9952898701435,1.23620000000009));
#5211=CARTESIAN_POINT('',(-27.35,26.8417280291384,-7.56135197913305));
#5212=CARTESIAN_POINT('Origin',(-26.85,26.9801999999999,1.23620000000009));
#5213=CARTESIAN_POINT('',(-26.85,26.9801999999999,0.37170191846196));
#5214=CARTESIAN_POINT('',(-26.85,26.9801999999999,1.23620000000009));
#5215=CARTESIAN_POINT('',(-26.85,26.9801999999999,-25.3137999999999));
#5216=CARTESIAN_POINT('',(-27.35,26.9801999999999,1.23620000000009));
#5217=CARTESIAN_POINT('',(-26.85,26.9801999999999,1.23620000000009));
#5218=CARTESIAN_POINT('',(-27.35,26.9801999999999,0.37170191846196));
#5219=CARTESIAN_POINT('',(-27.35,26.9801999999999,-25.3137999999999));
#5220=CARTESIAN_POINT('',(2.25000000000003,26.9801999999999,0.371701918461965));
#5221=CARTESIAN_POINT('Origin',(-26.85,26.9801999999999,0.37170191846196));
#5222=CARTESIAN_POINT('',(-27.35,26.9801999999999,-25.3137999999999));
#5223=CARTESIAN_POINT('Origin',(-26.85,37.7801999999999,1.23620000000009));
#5224=CARTESIAN_POINT('',(-26.85,29.8302,1.23620000000009));
#5225=CARTESIAN_POINT('',(-27.35,29.8302,1.23620000000009));
#5226=CARTESIAN_POINT('Origin',(-27.35,32.6802,-16.4637999999999));
#5227=CARTESIAN_POINT('',(-27.35,26.3337429093641,-36.6637999999999));
#5228=CARTESIAN_POINT('',(-27.35,26.8417280291384,-7.56135197913305));
#5229=CARTESIAN_POINT('',(-27.35,26.8417280291384,-7.56135197913305));
#5230=CARTESIAN_POINT('',(-27.35,37.7801999999999,-36.6637999999999));
#5231=CARTESIAN_POINT('',(-27.35,37.7801999999999,-25.3137999999999));
#5232=CARTESIAN_POINT('',(-27.35,39.7801999999999,-36.6637999999999));
#5233=CARTESIAN_POINT('',(-27.35,28.8302,-36.6637999999999));
#5234=CARTESIAN_POINT('',(-27.35,39.7801999999999,3.73620000000009));
#5235=CARTESIAN_POINT('',(-27.35,39.7802,-27.1887999999999));
#5236=CARTESIAN_POINT('',(-27.35,24.9801999999999,3.73620000000009));
#5237=CARTESIAN_POINT('',(-27.35,28.8302,3.73620000000009));
#5238=CARTESIAN_POINT('',(-27.35,24.9801999999999,-36.6637999999999));
#5239=CARTESIAN_POINT('',(-27.35,24.9801999999999,3.23620000000009));
#5240=CARTESIAN_POINT('',(-27.35,28.8302,-36.6637999999999));
#5241=CARTESIAN_POINT('Origin',(31.35,26.9952951871254,1.23650460968731));
#5242=CARTESIAN_POINT('',(-26.85,26.3337429093641,-36.6637999999999));
#5243=CARTESIAN_POINT('',(2.25000000000003,26.3337429093641,-36.6637999999999));
#5244=CARTESIAN_POINT('',(-26.85,26.167919792546,-46.1637999999999));
#5245=CARTESIAN_POINT('',(-26.85,26.6880744517805,-16.3641595303969));
#5246=CARTESIAN_POINT('',(-31.85,26.2551951171871,-41.1637999999999));
#5247=CARTESIAN_POINT('Origin',(-26.85,26.2551951171871,-41.1637999999999));
#5248=CARTESIAN_POINT('',(-31.85,26.9080145455024,-3.76379999999991));
#5249=CARTESIAN_POINT('',(-31.85,26.8416823411648,-7.56396944138574));
#5250=CARTESIAN_POINT('',(-13.5402351090848,27.2276126804937,14.5459648909153));
#5251=CARTESIAN_POINT('Origin',(31.15,24.9801999999999,3.73620000000009));
#5252=CARTESIAN_POINT('',(16.8,39.7802,3.7362000000001));
#5253=CARTESIAN_POINT('',(31.35,24.9801999999999,3.7362000000001));
#5254=CARTESIAN_POINT('Origin',(-26.65,24.9801999999999,-36.6637999999999));
#5255=CARTESIAN_POINT('',(-26.85,24.9801999999999,-36.6637999999999));
#5256=CARTESIAN_POINT('',(31.35,26.7837429093641,-36.6637999999999));
#5257=CARTESIAN_POINT('',(32.6,26.7837429093641,-36.6637999999999));
#5258=CARTESIAN_POINT('',(31.35,37.7801999999999,-36.6637999999999));
#5259=CARTESIAN_POINT('',(31.35,25.9801999999999,-36.6637999999999));
#5260=CARTESIAN_POINT('',(31.35,37.7801999999999,-36.6637999999999));
#5261=CARTESIAN_POINT('',(16.8,39.7802,-36.6637999999999));
#5262=CARTESIAN_POINT('',(-26.85,37.7801999999999,-36.6637999999999));
#5263=CARTESIAN_POINT('',(2.25000000000003,37.7801999999999,-36.6637999999999));
#5264=CARTESIAN_POINT('',(-26.85,31.3801999999999,-36.6637999999999));
#5265=CARTESIAN_POINT('Origin',(31.35,26.6211999999999,1.2362000000001));
#5266=CARTESIAN_POINT('',(31.35,26.6211999999999,-46.1637999999999));
#5267=CARTESIAN_POINT('',(31.35,26.6211999999999,-45.975877040822));
#5268=CARTESIAN_POINT('',(31.35,26.6211999999999,-22.4637999999999));
#5269=CARTESIAN_POINT('',(30.85,26.6211999999999,-46.1637999999999));
#5270=CARTESIAN_POINT('',(26.35,26.6211999999999,-46.1637999999999));
#5271=CARTESIAN_POINT('',(31.35,26.6211999999999,-45.6637999999999));
#5272=CARTESIAN_POINT('',(42.575,26.6211999999999,-34.4388));
#5273=CARTESIAN_POINT('',(31.35,26.6211999999999,-22.4637999999999));
#5274=CARTESIAN_POINT('Origin',(30.35,31.6301999999999,-46.6637999999999));
#5275=CARTESIAN_POINT('',(30.85,33.4603488286689,-46.1637999999999));
#5276=CARTESIAN_POINT('',(30.85,31.6301999999999,-46.1637999999999));
#5277=CARTESIAN_POINT('',(29.85,33.0963785944027,-47.1637999999999));
#5278=CARTESIAN_POINT('',(29.1325967011253,32.835265147648,-47.8812032988746));
#5279=CARTESIAN_POINT('',(29.85,26.2963785944027,-47.1637999999999));
#5280=CARTESIAN_POINT('',(29.85,31.6301999999999,-47.1637999999999));
#5281=CARTESIAN_POINT('',(30.8431074990616,26.6578401634877,-46.1706925009384));
#5282=CARTESIAN_POINT('',(30.8852549823604,26.6731805928577,-46.1285450176396));
#5283=CARTESIAN_POINT('',(30.8431074990616,26.3040386223327,-46.1706925009384));
#5284=CARTESIAN_POINT('',(30.8431074990616,29.6801999999999,-46.1706925009384));
#5285=CARTESIAN_POINT('',(31.35,26.3662771954854,-45.6637999999999));
#5286=CARTESIAN_POINT('',(42.6607789656742,27.7550662242555,-34.3530210343258));
#5287=CARTESIAN_POINT('',(31.35,29.3051999999999,-45.6637999999999));
#5288=CARTESIAN_POINT('Origin',(31.35,26.9801999999999,-46.1637999999999));
#5289=CARTESIAN_POINT('',(31.35,26.617919792546,-46.1637999999999));
#5290=CARTESIAN_POINT('',(31.35,26.8248516463824,-34.3086820335332));
#5291=CARTESIAN_POINT('',(31.35,32.3801999999999,-46.1637999999999));
#5292=CARTESIAN_POINT('Origin',(31.35,26.9801999999999,-41.1637999999999));
#5293=CARTESIAN_POINT('',(6.35000000000003,37.7801999999999,-41.1637999999999));
#5294=CARTESIAN_POINT('',(6.35000000000004,23.2966631729128,-41.1637999999999));
#5295=CARTESIAN_POINT('',(6.35000000000004,26.9801999999999,-41.1637999999999));
#5296=CARTESIAN_POINT('',(27.35,37.7801999999999,-41.1637999999999));
#5297=CARTESIAN_POINT('',(-26.85,37.7801999999999,-41.1637999999999));
#5298=CARTESIAN_POINT('',(27.35,25.8751389518738,-41.1637999999999));
#5299=CARTESIAN_POINT('',(27.35,26.9801999999999,-41.1637999999999));
#5300=CARTESIAN_POINT('',(31.4057649630517,26.3731242719875,-41.1637999999999));
#5301=CARTESIAN_POINT('Origin',(29.85,36.2801999999999,-46.1637999999999));
#5302=CARTESIAN_POINT('',(29.85,24.2253879614281,-52.8537999999999));
#5303=CARTESIAN_POINT('',(29.85,27.2778784654956,-44.4671512669746));
#5304=CARTESIAN_POINT('',(29.85,31.025387961428,-52.8537999999999));
#5305=CARTESIAN_POINT('',(29.85,33.6801540187979,-45.5598902034418));
#5306=CARTESIAN_POINT('',(29.85,40.5301999999999,-52.8537999999999));
#5307=CARTESIAN_POINT('Origin',(24.85,28.4801999999999,-46.1637999999999));
#5308=CARTESIAN_POINT('',(24.85,26.6603488286689,-46.1637999999999));
#5309=CARTESIAN_POINT('',(24.85,33.4603488286689,-46.1637999999999));
#5310=CARTESIAN_POINT('',(24.85,27.7301999999999,-46.1637999999999));
#5311=CARTESIAN_POINT('',(24.85,24.225387961428,-52.8537999999999));
#5312=CARTESIAN_POINT('',(24.85,26.8216651295776,-45.7205871058634));
#5313=CARTESIAN_POINT('',(24.85,31.025387961428,-52.8537999999999));
#5314=CARTESIAN_POINT('',(24.85,36.6301999999999,-52.8537999999999));
#5315=CARTESIAN_POINT('',(24.85,33.2239406828799,-46.8133260423305));
#5316=CARTESIAN_POINT('Origin',(29.85,26.7700992833716,-45.8622631039294));
#5317=CARTESIAN_POINT('',(-9.55,24.2253879614281,-52.8537999999999));
#5318=CARTESIAN_POINT('',(30.8362149981231,26.6603488286689,-46.1637999999999));
#5319=CARTESIAN_POINT('',(30.6,26.6603488286689,-46.1637999999999));
#5320=CARTESIAN_POINT('',(29.0300251981004,27.3177481533124,-44.3576101999771));
#5321=CARTESIAN_POINT('Origin',(24.85,33.5700992833716,-45.8622631039294));
#5322=CARTESIAN_POINT('',(28.1,33.4603488286689,-46.1637999999999));
#5323=CARTESIAN_POINT('',(23.125,31.025387961428,-52.8537999999999));
#5324=CARTESIAN_POINT('Origin',(27.8431074990616,27.7301999999999,-43.1706925009384));
#5325=CARTESIAN_POINT('',(30.8362149981231,26.3031923296315,-46.1637999999999));
#5326=CARTESIAN_POINT('',(30.8362149981231,27.3551999999999,-46.1637999999999));
#5327=CARTESIAN_POINT('',(17.7717853539659,24.6990820723267,-33.0993703558426));
#5328=CARTESIAN_POINT('Origin',(31.35,26.9801999999999,-46.1637999999999));
#5329=CARTESIAN_POINT('',(31.35,37.7801999999999,-46.1637999999999));
#5330=CARTESIAN_POINT('',(31.35,32.3801999999999,-46.1637999999999));
#5331=CARTESIAN_POINT('',(4.35000000000003,37.7801999999999,-46.1637999999999));
#5332=CARTESIAN_POINT('',(31.35,37.7801999999999,-46.1637999999999));
#5333=CARTESIAN_POINT('',(4.35000000000003,33.4603488286689,-46.1637999999999));
#5334=CARTESIAN_POINT('',(4.35000000000004,26.9801999999999,-46.1637999999999));
#5335=CARTESIAN_POINT('',(10.85,33.4603488286689,-46.1637999999999));
#5336=CARTESIAN_POINT('',(18.1,33.4603488286689,-46.1637999999999));
#5337=CARTESIAN_POINT('',(10.85,26.6603488286689,-46.1637999999999));
#5338=CARTESIAN_POINT('',(10.85,31.6301999999999,-46.1637999999999));
#5339=CARTESIAN_POINT('',(4.35000000000003,26.6603488286689,-46.1637999999999));
#5340=CARTESIAN_POINT('',(20.6,26.6603488286689,-46.1637999999999));
#5341=CARTESIAN_POINT('',(4.35000000000005,23.051094051107,-46.1637999999999));
#5342=CARTESIAN_POINT('',(4.35000000000004,26.9801999999999,-46.1637999999999));
#5343=CARTESIAN_POINT('',(31.4057649630517,26.3731242719875,-46.1637999999999));
#5344=CARTESIAN_POINT('',(20.85,26.6603488286689,-46.1637999999999));
#5345=CARTESIAN_POINT('',(20.85,33.4603488286689,-46.1637999999999));
#5346=CARTESIAN_POINT('',(20.85,29.3051999999999,-46.1637999999999));
#5347=CARTESIAN_POINT('',(14.85,26.6603488286689,-46.1637999999999));
#5348=CARTESIAN_POINT('',(25.6,26.6603488286689,-46.1637999999999));
#5349=CARTESIAN_POINT('',(14.85,33.4603488286689,-46.1637999999999));
#5350=CARTESIAN_POINT('',(14.85,27.7301999999999,-46.1637999999999));
#5351=CARTESIAN_POINT('',(23.1,33.4603488286689,-46.1637999999999));
#5352=CARTESIAN_POINT('Origin',(14.85,33.5700992833716,-45.8622631039294));
#5353=CARTESIAN_POINT('',(14.85,31.025387961428,-52.8537999999999));
#5354=CARTESIAN_POINT('',(14.85,33.2239406828799,-46.8133260423305));
#5355=CARTESIAN_POINT('',(19.85,31.025387961428,-52.8537999999999));
#5356=CARTESIAN_POINT('',(18.125,31.025387961428,-52.8537999999999));
#5357=CARTESIAN_POINT('',(19.85,33.0963785944027,-47.1637999999999));
#5358=CARTESIAN_POINT('',(19.85,33.6801540187979,-45.5598902034418));
#5359=CARTESIAN_POINT('',(19.1325967011253,32.835265147648,-47.8812032988746));
#5360=CARTESIAN_POINT('Origin',(14.85,28.4801999999999,-46.1637999999999));
#5361=CARTESIAN_POINT('',(14.85,24.225387961428,-52.8537999999999));
#5362=CARTESIAN_POINT('',(14.85,26.8216651295776,-45.7205871058634));
#5363=CARTESIAN_POINT('',(14.85,36.6301999999999,-52.8537999999999));
#5364=CARTESIAN_POINT('Origin',(19.85,26.7700992833716,-45.8622631039294));
#5365=CARTESIAN_POINT('',(19.85,26.2963785944027,-47.1637999999999));
#5366=CARTESIAN_POINT('',(20.8852549823604,26.6731805928577,-46.1285450176396));
#5367=CARTESIAN_POINT('',(19.85,24.2253879614281,-52.8537999999999));
#5368=CARTESIAN_POINT('',(19.85,27.2778784654956,-44.4671512669746));
#5369=CARTESIAN_POINT('',(-14.55,24.2253879614281,-52.8537999999999));
#5370=CARTESIAN_POINT('Origin',(8.55000000000003,22.0058885145046,-45.8614106038164));
#5371=CARTESIAN_POINT('',(6.55000000000003,22.1801999999999,-45.8461603249132));
#5372=CARTESIAN_POINT('',(8.55000000000003,22.1801999999999,-47.8537999999999));
#5373=CARTESIAN_POINT('Origin',(8.55000000000003,22.1801999999999,-45.8461603249132));
#5374=CARTESIAN_POINT('',(6.55000000000003,1.18019999999995,-47.6834222589576));
#5375=CARTESIAN_POINT('',(6.55000000000003,22.0058885145046,-45.8614106038164));
#5376=CARTESIAN_POINT('',(8.55000000000003,1.18019999999996,-49.6910619340442));
#5377=CARTESIAN_POINT('Origin',(8.55000000000003,1.18019999999996,-47.6834222589576));
#5378=CARTESIAN_POINT('',(8.55000000000003,22.1801999999999,-47.8537999999999));
#5379=CARTESIAN_POINT('Origin',(35.55,22.1801999999999,-47.8537999999999));
#5380=CARTESIAN_POINT('',(37.3872619340444,1.18019999999995,-49.6910619340442));
#5381=CARTESIAN_POINT('',(17.9,1.18019999999996,-49.6910619340442));
#5382=CARTESIAN_POINT('',(35.55,22.1801999999999,-47.8537999999999));
#5383=CARTESIAN_POINT('',(35.3221380350225,24.7846741775024,-47.6259380350224));
#5384=CARTESIAN_POINT('',(18.9,22.1801999999999,-47.8537999999999));
#5385=CARTESIAN_POINT('Origin',(-3.84999999999997,22.2832914783276,-45.8371409892534));
#5386=CARTESIAN_POINT('',(-3.84999999999996,22.1801999999999,-47.8537999999999));
#5387=CARTESIAN_POINT('',(-1.84999999999997,22.1801999999999,-45.8461603249132));
#5388=CARTESIAN_POINT('Origin',(-3.84999999999997,22.1801999999999,-45.8461603249132));
#5389=CARTESIAN_POINT('',(-3.84999999999997,1.18019999999996,-49.6910619340442));
#5390=CARTESIAN_POINT('',(-3.84999999999997,22.4576029638229,-47.8295303854369));
#5391=CARTESIAN_POINT('',(-1.84999999999997,1.18019999999995,-47.6834222589576));
#5392=CARTESIAN_POINT('Origin',(-3.84999999999997,1.18019999999996,-47.6834222589576));
#5393=CARTESIAN_POINT('',(-1.84999999999997,22.2832914783276,-45.8371409892534));
#5394=CARTESIAN_POINT('Origin',(35.55,22.1801999999999,-47.8537999999999));
#5395=CARTESIAN_POINT('',(-35.0499999999999,22.1801999999999,-47.8537999999999));
#5396=CARTESIAN_POINT('',(18.9,22.1801999999999,-47.8537999999999));
#5397=CARTESIAN_POINT('',(-36.8872619340443,1.18019999999996,-49.6910619340442));
#5398=CARTESIAN_POINT('',(-34.783878333707,25.2219845646265,-47.5876783337069));
#5399=CARTESIAN_POINT('',(17.9,1.18019999999996,-49.6910619340442));
#5400=CARTESIAN_POINT('Origin',(4.55000000000004,22.1434049684038,-43.6513840777206));
#5401=CARTESIAN_POINT('',(4.55000000000004,1.18019999999995,-42.3822162376328));
#5402=CARTESIAN_POINT('',(6.55000000000003,1.18019999999995,-44.3834353262305));
#5403=CARTESIAN_POINT('Origin',(4.55000000000004,1.18019999999996,-44.3834353262305));
#5404=CARTESIAN_POINT('',(6.55000000000003,22.1801999999999,-43.6500991669038));
#5405=CARTESIAN_POINT('',(6.55000000000003,22.1434049684038,-43.6513840777206));
#5406=CARTESIAN_POINT('',(4.55000000000004,22.1801999999999,-41.6488800783061));
#5407=CARTESIAN_POINT('Origin',(4.55000000000004,22.1801999999999,-43.6500991669038));
#5408=CARTESIAN_POINT('',(4.55000000000004,22.0736059749988,-41.6526024236824));
#5409=CARTESIAN_POINT('Origin',(0.25000000000002,1.18019999999996,-17.6287999999999));
#5410=CARTESIAN_POINT('',(39.8002267294815,1.18019999999996,-52.1040267294814));
#5411=CARTESIAN_POINT('',(-39.3002267294814,1.18019999999996,-52.1040267294814));
#5412=CARTESIAN_POINT('',(-40.0499999999999,1.18019999999995,-52.1040267294814));
#5413=CARTESIAN_POINT('',(39.8002267294815,1.18019999999996,16.8464267294816));
#5414=CARTESIAN_POINT('',(39.8002267294815,1.18019999999995,-52.8537999999999));
#5415=CARTESIAN_POINT('',(-39.3002267294814,1.18019999999996,16.8464267294816));
#5416=CARTESIAN_POINT('',(40.55,1.18019999999995,16.8464267294816));
#5417=CARTESIAN_POINT('',(-39.3002267294815,1.18019999999995,17.5962000000001));
#5418=CARTESIAN_POINT('',(4.35000000000004,1.18019999999995,-49.6910619340442));
#5419=CARTESIAN_POINT('',(0.350000000000035,1.18019999999996,-49.6910619340442));
#5420=CARTESIAN_POINT('',(17.9,1.18019999999996,-49.6910619340442));
#5421=CARTESIAN_POINT('',(0.350000000000034,1.18019999999995,-43.6637999999999));
#5422=CARTESIAN_POINT('',(0.350000000000034,1.18019999999995,-43.6637999999999));
#5423=CARTESIAN_POINT('',(4.35000000000004,1.18019999999995,-43.6637999999999));
#5424=CARTESIAN_POINT('',(0.350000000000034,1.18019999999995,-43.6637999999999));
#5425=CARTESIAN_POINT('',(4.35000000000003,1.18019999999995,-43.6637999999999));
#5426=CARTESIAN_POINT('',(0.150000000000034,1.18019999999995,-42.3822162376328));
#5427=CARTESIAN_POINT('',(3.40000000000003,1.18019999999995,-42.3822162376328));
#5428=CARTESIAN_POINT('',(-1.84999999999997,1.18019999999995,-44.3834353262305));
#5429=CARTESIAN_POINT('Origin',(0.150000000000034,1.18019999999996,-44.3834353262305));
#5430=CARTESIAN_POINT('',(-1.84999999999997,1.18019999999995,-47.8637999999999));
#5431=CARTESIAN_POINT('',(-36.8872619340443,1.18019999999996,14.4334619340445));
#5432=CARTESIAN_POINT('',(-36.8872619340443,1.18019999999996,-32.7412999999999));
#5433=CARTESIAN_POINT('',(37.3872619340444,1.18019999999996,14.4334619340445));
#5434=CARTESIAN_POINT('',(-17.4,1.18019999999996,14.4334619340445));
#5435=CARTESIAN_POINT('',(37.3872619340444,1.18019999999996,-2.51629999999991));
#5436=CARTESIAN_POINT('',(6.55000000000003,1.18019999999995,-41.4637999999999));
#5437=CARTESIAN_POINT('Origin',(6.55000000000003,22.1834286167987,-41.6487673325231));
#5438=CARTESIAN_POINT('',(0.150000000000034,22.1801999999999,-41.6488800783061));
#5439=CARTESIAN_POINT('',(4.40000000000003,22.1801999999999,-41.6488800783061));
#5440=CARTESIAN_POINT('',(0.150000000000034,22.1850419418051,-41.6487109939725));
#5441=CARTESIAN_POINT('Origin',(0.150000000000034,22.2548409352101,-43.6474926480107));
#5442=CARTESIAN_POINT('',(-1.84999999999997,22.1801999999999,-43.6500991669038));
#5443=CARTESIAN_POINT('Origin',(0.150000000000034,22.1801999999999,-43.6500991669038));
#5444=CARTESIAN_POINT('',(-1.84999999999997,22.2548409352101,-43.6474926480107));
#5445=CARTESIAN_POINT('Origin',(6.55000000000003,22.1801999999999,-47.8537999999998));
#5446=CARTESIAN_POINT('',(6.55000000000003,22.1802,-32.1587999999999));
#5447=CARTESIAN_POINT('Origin',(4.35000000000003,24.5265371389264,-44.6637999999999));
#5448=CARTESIAN_POINT('',(4.35000000000003,22.1801999999999,-47.8537999999999));
#5449=CARTESIAN_POINT('',(4.35000000000004,23.4829414578198,-47.7398248909354));
#5450=CARTESIAN_POINT('',(4.35000000000003,22.551094051107,-43.6637999999999));
#5451=CARTESIAN_POINT('',(4.35000000000003,22.1801999999999,-43.6637999999999));
#5452=CARTESIAN_POINT('',(4.35000000000003,22.551094051107,-45.6637999999999));
#5453=CARTESIAN_POINT('',(4.35000000000003,22.551094051107,-21.7137999999999));
#5454=CARTESIAN_POINT('',(4.35000000000003,22.1801999999999,-45.6637999999999));
#5455=CARTESIAN_POINT('',(4.35000000000003,26.0265371389264,-45.6637999999999));
#5456=CARTESIAN_POINT('',(4.35000000000003,22.1802,-30.0637999999999));
#5457=CARTESIAN_POINT('Origin',(2.25000000000003,23.6801999999999,-16.4638));
#5458=CARTESIAN_POINT('',(-17.75,23.6801999999999,3.53620000000005));
#5459=CARTESIAN_POINT('',(-17.75,23.6801999999999,-36.4637999999999));
#5460=CARTESIAN_POINT('',(-17.75,23.6801999999999,-26.4638));
#5461=CARTESIAN_POINT('',(22.25,23.6801999999999,3.53620000000005));
#5462=CARTESIAN_POINT('',(-7.74999999999997,23.6801999999999,3.53620000000005));
#5463=CARTESIAN_POINT('',(22.25,23.6801999999999,-36.4637999999999));
#5464=CARTESIAN_POINT('',(22.25,23.6801999999999,-6.46379999999995));
#5465=CARTESIAN_POINT('',(12.25,23.6801999999999,-36.4637999999999));
#5466=CARTESIAN_POINT('',(-16.25,23.6801999999999,-16.4638));
#5467=CARTESIAN_POINT('Origin',(2.25000000000003,23.6801999999999,-16.4637999999999));
#5468=CARTESIAN_POINT('Origin',(-17.75,22.1801999999999,3.53620000000005));
#5469=CARTESIAN_POINT('',(-17.75,24.1801999999999,3.53620000000005));
#5470=CARTESIAN_POINT('',(-17.75,22.1801999999999,3.53620000000005));
#5471=CARTESIAN_POINT('',(22.25,24.1801999999999,3.53620000000005));
#5472=CARTESIAN_POINT('',(22.25,24.1801999999999,3.53620000000005));
#5473=CARTESIAN_POINT('',(22.25,22.1801999999999,3.53620000000005));
#5474=CARTESIAN_POINT('Origin',(22.25,22.1801999999999,3.53620000000005));
#5475=CARTESIAN_POINT('',(22.25,24.1801999999999,-36.4637999999999));
#5476=CARTESIAN_POINT('',(22.25,24.1801999999999,-36.4637999999999));
#5477=CARTESIAN_POINT('',(22.25,22.1801999999999,-36.4637999999999));
#5478=CARTESIAN_POINT('Origin',(22.25,22.1801999999999,-36.4637999999999));
#5479=CARTESIAN_POINT('',(-17.75,24.1801999999999,-36.4637999999999));
#5480=CARTESIAN_POINT('',(-17.75,24.1801999999999,-36.4637999999999));
#5481=CARTESIAN_POINT('',(-17.75,22.1801999999999,-36.4637999999999));
#5482=CARTESIAN_POINT('Origin',(-17.75,22.1801999999999,-36.4637999999999));
#5483=CARTESIAN_POINT('',(-17.75,24.1801999999999,3.53620000000005));
#5484=CARTESIAN_POINT('Origin',(-45.2500000000001,44.7802000000001,85.5462000000001));
#5485=CARTESIAN_POINT('',(-38.95,36.6802,85.5462000000002));
#5486=CARTESIAN_POINT('',(-38.95,44.7802,85.5462000000002));
#5487=CARTESIAN_POINT('',(-38.9500000000001,44.7802000000001,85.5462000000001));
#5488=CARTESIAN_POINT('',(39.4500000000001,44.7802,85.5462000000001));
#5489=CARTESIAN_POINT('',(-22.5,44.7802000000001,85.5462000000001));
#5490=CARTESIAN_POINT('',(39.4500000000001,36.6802,85.5462000000001));
#5491=CARTESIAN_POINT('',(39.4500000000001,44.7802,85.5462000000001));
#5492=CARTESIAN_POINT('',(-48.95,36.6802,85.5462000000001));
#5493=CARTESIAN_POINT('Origin',(2.25000000000003,24.1801999999999,-16.4637999999999));
#5494=CARTESIAN_POINT('',(-16.25,22.1801999999999,-16.4638));
#5495=CARTESIAN_POINT('Origin',(2.25000000000003,22.1801999999999,-16.4637999999999));
#5496=CARTESIAN_POINT('',(-16.25,24.1801999999999,-16.4637999999999));
#5497=CARTESIAN_POINT('Origin',(39.8642135623731,44.7802,-47.6537999999998));
#5498=CARTESIAN_POINT('',(40.0102876160166,46.7802,-48.0064539614168));
#5499=CARTESIAN_POINT('',(53.3026539614169,46.7802,-34.7140876160165));
#5500=CARTESIAN_POINT('',(46.9850241793101,46.7802,-41.0317173981233));
#5501=CARTESIAN_POINT('',(39.8642135623731,44.7802,-47.6537999999998));
#5502=CARTESIAN_POINT('',(39.6603220846179,41.9885820135111,-47.1615624291508));
#5503=CARTESIAN_POINT('',(52.95,44.7802,-34.568013562373));
#5504=CARTESIAN_POINT('',(46.7356601717798,44.7801999999999,-40.7823533905931));
#5505=CARTESIAN_POINT('',(52.835023641215,44.128136666737,-34.520388795212));
#5506=CARTESIAN_POINT('Origin',(-39.3642135623731,44.7802,-47.6537999999999));
#5507=CARTESIAN_POINT('',(-39.5102876160166,46.7802,-48.0064539614168));
#5508=CARTESIAN_POINT('',(-19.5571067811866,46.7802,-48.0064539614168));
#5509=CARTESIAN_POINT('',(-39.3642135623731,44.7802,-47.6537999999999));
#5510=CARTESIAN_POINT('',(-39.3165887952121,44.128136666737,-47.5388236412149));
#5511=CARTESIAN_POINT('',(-19.5571067811866,44.7801999999999,-47.6537999999998));
#5512=CARTESIAN_POINT('Origin',(-52.45,44.7802,-34.568013562373));
#5513=CARTESIAN_POINT('',(-52.8026539614169,46.7802,-34.7140876160165));
#5514=CARTESIAN_POINT('',(-53.0279173981235,46.7802,-34.4888241793099));
#5515=CARTESIAN_POINT('',(-52.45,44.7802,-34.568013562373));
#5516=CARTESIAN_POINT('',(-51.7788311723417,40.9738124298073,-34.2900063313148));
#5517=CARTESIAN_POINT('',(-52.7785533905933,44.7801999999999,-34.2394601717797));
#5518=CARTESIAN_POINT('Origin',(-52.4500000000001,44.7802,73.4604135623732));
#5519=CARTESIAN_POINT('',(-52.802653961417,46.7802,73.6064876160167));
#5520=CARTESIAN_POINT('',(-52.802653961417,46.7802,46.4533067811867));
#5521=CARTESIAN_POINT('',(-52.4500000000001,44.7802,73.4604135623732));
#5522=CARTESIAN_POINT('',(-52.3350236412151,44.128136666737,73.4127887952122));
#5523=CARTESIAN_POINT('',(-52.4500000000001,44.7802000000001,46.4533067811866));
#5524=CARTESIAN_POINT('Origin',(-39.3642135623732,44.7802,86.5462000000001));
#5525=CARTESIAN_POINT('',(-39.5102876160167,46.7802,86.898853961417));
#5526=CARTESIAN_POINT('',(-46.4850241793101,46.7802,79.9241173981236));
#5527=CARTESIAN_POINT('',(-39.3642135623732,44.7802,86.5462000000001));
#5528=CARTESIAN_POINT('',(-39.160322084618,41.9885820135114,86.0539624291511));
#5529=CARTESIAN_POINT('',(-46.2356601717799,44.7802000000001,79.6747533905934));
#5530=CARTESIAN_POINT('Origin',(39.8642135623731,44.7802,86.5462000000002));
#5531=CARTESIAN_POINT('',(40.0102876160166,46.7802,86.8988539614171));
#5532=CARTESIAN_POINT('',(20.0571067811865,46.7802,86.8988539614171));
#5533=CARTESIAN_POINT('',(39.8642135623731,44.7802,86.5462000000002));
#5534=CARTESIAN_POINT('',(39.8165887952121,44.128136666737,86.4312236412152));
#5535=CARTESIAN_POINT('',(20.0571067811865,44.7802000000001,86.5462000000002));
#5536=CARTESIAN_POINT('Origin',(52.95,44.7802,73.4604135623733));
#5537=CARTESIAN_POINT('',(53.3026539614169,46.7802,73.6064876160168));
#5538=CARTESIAN_POINT('',(53.5279173981235,46.7802,73.3812241793102));
#5539=CARTESIAN_POINT('',(52.95,44.7802,73.4604135623733));
#5540=CARTESIAN_POINT('',(52.2788311723417,40.9738124298073,73.1824063313151));
#5541=CARTESIAN_POINT('',(53.2785533905933,44.7802000000001,73.13186017178));
#5542=CARTESIAN_POINT('Origin',(52.95,44.7802,-34.568013562373));
#5543=CARTESIAN_POINT('',(53.3026539614169,46.7802,-7.5609067811864));
#5544=CARTESIAN_POINT('',(52.95,44.7802,-7.56090678118644));
#5545=CARTESIAN_POINT('Origin',(2.25000000000003,24.1801999999999,-16.4638));
#5546=CARTESIAN_POINT('',(-16.25,24.1801999999999,-16.4638));
#5547=CARTESIAN_POINT('Origin',(2.25000000000003,24.1801999999999,-16.4637999999999));
#5548=CARTESIAN_POINT('Origin',(39.4500000000001,44.7802,85.5462000000001));
#5549=CARTESIAN_POINT('',(51.95,44.7802,73.0462000000001));
#5550=CARTESIAN_POINT('',(51.95,44.7802,73.0462000000001));
#5551=CARTESIAN_POINT('',(51.95,36.6802,73.0462000000001));
#5552=CARTESIAN_POINT('',(51.95,44.7802000000001,73.0462000000002));
#5553=CARTESIAN_POINT('',(44.125,36.6802000000001,80.8712000000001));
#5554=CARTESIAN_POINT('Origin',(51.95,36.6802000000001,79.3462000000001));
#5555=CARTESIAN_POINT('',(-51.45,36.6802,73.0462000000002));
#5556=CARTESIAN_POINT('',(-24.025,36.6802000000002,100.4712));
#5557=CARTESIAN_POINT('',(51.95,36.6802,17.5962000000001));
#5558=CARTESIAN_POINT('',(51.95,36.6802000000001,79.3462000000001));
#5559=CARTESIAN_POINT('',(-51.45,36.6802,17.5962000000001));
#5560=CARTESIAN_POINT('',(41.55,36.6802,17.5962000000001));
#5561=CARTESIAN_POINT('',(-51.45,36.6802,83.0462000000001));
#5562=CARTESIAN_POINT('Origin',(-51.45,44.7802,73.0462000000002));
#5563=CARTESIAN_POINT('',(-51.45,44.7802,73.0462000000002));
#5564=CARTESIAN_POINT('',(-51.45,44.7802,73.0462000000002));
#5565=CARTESIAN_POINT('',(-51.45,44.7802,73.0462000000001));
#5566=CARTESIAN_POINT('Origin',(0.249999999999995,44.7802,19.4462000000001));
#5567=CARTESIAN_POINT('',(-51.45,44.7802,-34.1537999999999));
#5568=CARTESIAN_POINT('',(-51.45,44.7802,-12.3537999999999));
#5569=CARTESIAN_POINT('',(-38.95,44.7802,-46.6537999999999));
#5570=CARTESIAN_POINT('',(-38.95,44.7802,-46.6537999999999));
#5571=CARTESIAN_POINT('',(39.45,44.7802,-46.6537999999999));
#5572=CARTESIAN_POINT('',(24.85,44.7801999999999,-46.6537999999999));
#5573=CARTESIAN_POINT('',(51.95,44.7802,-34.1537999999999));
#5574=CARTESIAN_POINT('',(39.45,44.7802,-46.6537999999999));
#5575=CARTESIAN_POINT('',(51.95,44.7802000000001,49.3962000000001));
#5576=CARTESIAN_POINT('Origin',(2.25000000000003,22.1802,-16.4637999999999));
#5577=CARTESIAN_POINT('',(35.55,22.1801999999999,12.5962000000001));
#5578=CARTESIAN_POINT('',(35.55,22.1802,-1.93379999999991));
#5579=CARTESIAN_POINT('',(-35.0499999999999,22.1801999999999,12.5962000000001));
#5580=CARTESIAN_POINT('',(-16.4,22.1802,12.5962000000001));
#5581=CARTESIAN_POINT('',(-35.0499999999999,22.1802,-32.1587999999999));
#5582=CARTESIAN_POINT('',(-1.84999999999997,22.1802,-28.9637999999999));
#5583=CARTESIAN_POINT('Origin',(35.55,22.1801999999999,12.5962000000001));
#5584=CARTESIAN_POINT('',(35.283878333707,25.2219845646265,12.3300783337071));
#5585=CARTESIAN_POINT('Origin',(-35.0499999999999,22.1801999999999,12.5962000000001));
#5586=CARTESIAN_POINT('',(-34.8221380350225,24.7846741775025,12.3683380350226));
#5587=CARTESIAN_POINT('Origin',(-35.0499999999999,22.1801999999999,-47.8537999999999));
#5588=CARTESIAN_POINT('Origin',(-38.3002267294815,2.18019999999995,15.8464267294816));
#5589=CARTESIAN_POINT('',(38.8002267294815,2.18019999999995,15.8464267294816));
#5590=CARTESIAN_POINT('',(25.9501511529878,15.0302755764938,2.99635115298783));
#5591=CARTESIAN_POINT('',(-38.3002267294815,2.18019999999995,15.8464267294816));
#5592=CARTESIAN_POINT('',(40.55,2.18019999999995,15.8464267294816));
#5593=CARTESIAN_POINT('',(-27.1418178196543,13.3386089098271,4.68801781965447));
#5594=CARTESIAN_POINT('Origin',(0.24999999999998,46.7802,19.4462000000002));
#5595=CARTESIAN_POINT('',(-56.1973460385831,46.7802,-36.1202151144591));
#5596=CARTESIAN_POINT('',(-40.9164151144593,46.7802,-51.4011460385829));
#5597=CARTESIAN_POINT('',(-40.8131251605726,46.7802,-51.5044359924696));
#5598=CARTESIAN_POINT('',(-56.1973460385831,46.7802,75.0126151144594));
#5599=CARTESIAN_POINT('',(-56.1973460385831,46.7802,-36.2662891681026));
#5600=CARTESIAN_POINT('',(-40.9164151144594,46.7802,90.2935460385832));
#5601=CARTESIAN_POINT('',(-56.3006359924699,46.7802,74.9093251605727));
#5602=CARTESIAN_POINT('',(41.4164151144593,46.7802,90.2935460385833));
#5603=CARTESIAN_POINT('',(-41.0624891681029,46.7802,90.2935460385832));
#5604=CARTESIAN_POINT('',(56.6973460385831,46.7802,75.0126151144595));
#5605=CARTESIAN_POINT('',(41.3131251605726,46.7802,90.39683599247));
#5606=CARTESIAN_POINT('',(56.6973460385831,46.7802,-36.1202151144592));
#5607=CARTESIAN_POINT('',(56.697346038583,46.7802,75.158689168103));
#5608=CARTESIAN_POINT('',(41.4164151144593,46.7802,-51.4011460385829));
#5609=CARTESIAN_POINT('',(56.8006359924698,46.7802,-36.0169251605724));
#5610=CARTESIAN_POINT('',(41.5624891681028,46.7802,-51.4011460385829));
#5611=CARTESIAN_POINT('Origin',(33.85,35.0801999999999,-1.2637999999999));
#5612=CARTESIAN_POINT('',(36.35,27.3580145455024,-3.7637999999999));
#5613=CARTESIAN_POINT('',(39.1163262856312,27.3097281405741,-6.53012628563104));
#5614=CARTESIAN_POINT('',(36.35,37.7801999999999,-3.7637999999999));
#5615=CARTESIAN_POINT('',(41.45,37.7801999999999,-8.8637999999999));
#5616=CARTESIAN_POINT('',(36.35,35.0801999999999,-3.7637999999999));
#5617=CARTESIAN_POINT('Origin',(36.35,32.3801999999999,-16.4637999999999));
#5618=CARTESIAN_POINT('',(36.35,26.7051951171871,-41.1637999999999));
#5619=CARTESIAN_POINT('',(36.35,27.0848027929226,-19.416090822368));
#5620=CARTESIAN_POINT('',(36.35,37.7801999999999,-41.1637999999999));
#5621=CARTESIAN_POINT('',(36.35,37.7801999999999,1.2362000000001));
#5622=CARTESIAN_POINT('',(36.35,37.7801999999999,-41.1637999999999));
#5623=CARTESIAN_POINT('Origin',(33.85,27.0316731545618,-22.4598857655192));
#5624=CARTESIAN_POINT('Origin',(31.35,26.7051951171871,-41.1637999999999));
#5625=CARTESIAN_POINT('',(31.35,26.7750153769,-37.1637999999999));
#5626=CARTESIAN_POINT('',(31.35,26.8248516463824,-34.3086820335332));
#5627=CARTESIAN_POINT('',(31.35,26.9295501364899,-28.3105095524759));
#5628=CARTESIAN_POINT('Origin',(2.25000000000003,25.1802,-16.4637999999999));
#5629=CARTESIAN_POINT('',(-16.25,24.9801999999999,-16.4637999999999));
#5630=CARTESIAN_POINT('Origin',(2.25000000000003,24.9801999999999,-16.4637999999999));
#5631=CARTESIAN_POINT('',(-16.25,25.1802,-16.4637999999999));
#5632=CARTESIAN_POINT('Origin',(51.95,44.7802000000001,79.3462000000001));
#5633=CARTESIAN_POINT('',(51.95,39.7802,-34.1537999999999));
#5634=CARTESIAN_POINT('',(51.95,44.7802000000001,-34.1537999999999));
#5635=CARTESIAN_POINT('',(51.95,39.7802,17.5962000000001));
#5636=CARTESIAN_POINT('',(51.95,39.7802,49.3962000000001));
#5637=CARTESIAN_POINT('',(51.95,37.2802000000001,17.5962));
#5638=CARTESIAN_POINT('Origin',(31.15,25.1802,17.5962000000001));
#5639=CARTESIAN_POINT('',(-51.45,39.7802,17.5962000000001));
#5640=CARTESIAN_POINT('',(17.1,39.7802,17.5962000000001));
#5641=CARTESIAN_POINT('',(-51.45,37.2802,17.5962000000001));
#5642=CARTESIAN_POINT('Origin',(-51.45,44.7801999999999,-44.1537999999999));
#5643=CARTESIAN_POINT('',(-51.45,39.7802,-34.1537999999999));
#5644=CARTESIAN_POINT('',(-51.45,39.7802,-12.3537999999999));
#5645=CARTESIAN_POINT('',(-51.45,44.7802,-34.1537999999999));
#5646=CARTESIAN_POINT('Origin',(-38.95,44.7802,-46.6537999999999));
#5647=CARTESIAN_POINT('',(-38.95,39.7802,-46.6537999999999));
#5648=CARTESIAN_POINT('',(-30.835,39.7802,-54.7687999999999));
#5649=CARTESIAN_POINT('',(-38.95,44.7802000000001,-46.6537999999999));
#5650=CARTESIAN_POINT('Origin',(49.45,44.7801999999999,-46.6537999999999));
#5651=CARTESIAN_POINT('',(39.45,39.7802,-46.6537999999999));
#5652=CARTESIAN_POINT('',(39.45,44.7801999999999,-46.6537999999999));
#5653=CARTESIAN_POINT('',(24.85,39.7802,-46.6537999999999));
#5654=CARTESIAN_POINT('Origin',(51.95,44.7802,-34.1537999999999));
#5655=CARTESIAN_POINT('',(38.585,39.7802,-47.5187999999999));
#5656=CARTESIAN_POINT('Origin',(31.35,26.9801999999999,-34.1637999999999));
#5657=CARTESIAN_POINT('',(31.35,37.7801999999999,-37.1637999999999));
#5658=CARTESIAN_POINT('',(31.35,26.9801999999999,-37.1637999999999));
#5659=CARTESIAN_POINT('',(31.35,37.7801999999999,-34.1637999999999));
#5660=CARTESIAN_POINT('Origin',(35.55,22.1801999999999,-47.8537999999999));
#5661=CARTESIAN_POINT('',(0.350000000000034,22.1801999999999,-47.8537999999999));
#5662=CARTESIAN_POINT('',(18.9,22.1801999999999,-47.8537999999999));
#5663=CARTESIAN_POINT('',(0.350000000000037,22.7820505948569,-47.8011448958136));
#5664=CARTESIAN_POINT('Origin',(-1.84999999999997,22.1801999999999,-41.4637999999999));
#5665=CARTESIAN_POINT('Origin',(-51.9893921292465,39.6801999999999,-47.1931921292462));
#5666=CARTESIAN_POINT('',(-55.9893921292465,39.6801999999999,-47.1931921292462));
#5667=CARTESIAN_POINT('Origin',(-51.9893921292465,39.6801999999999,-47.1931921292462));
#5668=CARTESIAN_POINT('',(-54.2393921292465,39.6801999999999,-47.1931921292462));
#5669=CARTESIAN_POINT('Origin',(-51.9893921292465,39.6801999999999,-47.1931921292462));
#5670=CARTESIAN_POINT('Origin',(-51.9893921292465,39.6801999999999,86.0855921292466));
#5671=CARTESIAN_POINT('',(-55.9893921292465,39.6801999999999,86.0855921292466));
#5672=CARTESIAN_POINT('Origin',(-51.9893921292465,39.6801999999999,86.0855921292466));
#5673=CARTESIAN_POINT('',(-54.2393921292465,39.6801999999999,86.0855921292466));
#5674=CARTESIAN_POINT('Origin',(-51.9893921292465,39.6801999999999,86.0855921292466));
#5675=CARTESIAN_POINT('Origin',(-38.3002267294815,2.18019999999995,-51.1040267294814));
#5676=CARTESIAN_POINT('',(-38.3002267294815,2.18019999999995,-51.1040267294814));
#5677=CARTESIAN_POINT('',(-38.3002267294815,2.18019999999995,17.5962000000001));
#5678=CARTESIAN_POINT('',(-25.4501511529877,15.0302755764938,-38.2539511529876));
#5679=CARTESIAN_POINT('Origin',(38.8002267294815,2.18019999999995,15.8464267294816));
#5680=CARTESIAN_POINT('',(38.8002267294815,2.18019999999995,-51.1040267294814));
#5681=CARTESIAN_POINT('',(27.6418178196544,13.3386089098272,-39.9456178196542));
#5682=CARTESIAN_POINT('',(38.8002267294815,2.18019999999995,-52.8537999999999));
#5683=CARTESIAN_POINT('Origin',(-40.0499999999999,22.1801999999999,17.5962000000001));
#5684=CARTESIAN_POINT('',(40.55,22.1801999999999,17.5962000000001));
#5685=CARTESIAN_POINT('',(40.2461840466967,18.7075677633299,17.2923840466968));
#5686=CARTESIAN_POINT('',(-40.0499999999999,22.1801999999999,17.5962000000001));
#5687=CARTESIAN_POINT('',(16.7,22.1802,17.5962000000001));
#5688=CARTESIAN_POINT('',(-39.7844437480121,19.144878150454,17.3306437480123));
#5689=CARTESIAN_POINT('Origin',(52.4893921292465,39.6801999999999,86.0855921292467));
#5690=CARTESIAN_POINT('',(48.4893921292465,39.6801999999999,86.0855921292467));
#5691=CARTESIAN_POINT('Origin',(52.4893921292465,39.6801999999999,86.0855921292467));
#5692=CARTESIAN_POINT('',(50.2393921292465,39.6801999999999,86.0855921292467));
#5693=CARTESIAN_POINT('Origin',(52.4893921292465,39.6801999999999,86.0855921292467));
#5694=CARTESIAN_POINT('Origin',(52.4893921292465,39.6801999999999,-47.1931921292464));
#5695=CARTESIAN_POINT('',(48.4893921292465,39.6801999999999,-47.1931921292464));
#5696=CARTESIAN_POINT('Origin',(52.4893921292465,39.6801999999999,-47.1931921292464));
#5697=CARTESIAN_POINT('',(50.2393921292465,39.6801999999999,-47.1931921292464));
#5698=CARTESIAN_POINT('Origin',(52.4893921292465,39.6801999999999,-47.1931921292464));
#5699=CARTESIAN_POINT('Origin',(60.1767623792416,39.7801999999999,-52.8537999999999));
#5700=CARTESIAN_POINT('',(59.739319061614,44.7801999999999,31.281881602324));
#5701=CARTESIAN_POINT('',(60.1767623792433,39.7801999999997,16.3462000000001));
#5702=CARTESIAN_POINT('',(61.131366420688,28.8690258778501,-16.2469645191874));
#5703=CARTESIAN_POINT('',(59.7393190616133,44.7801999999999,3.28827027540459));
#5704=CARTESIAN_POINT('',(58.3388157366095,60.7880262549736,-38.5175437807904));
#5705=CARTESIAN_POINT('',(59.739319061612,44.7802,-52.8537999999999));
#5706=CARTESIAN_POINT('Origin',(60.1767623792433,29.7801999999999,16.3462000000001));
#5707=CARTESIAN_POINT('',(58.1500000000001,39.7802,85.5462000000001));
#5708=CARTESIAN_POINT('',(61.1884064724277,39.7801999999998,-18.1944901002859));
#5709=CARTESIAN_POINT('',(58.15,44.7802000000001,85.5462000000001));
#5710=CARTESIAN_POINT('',(59.0279527534525,44.7802000000001,55.5701499405));
#5711=CARTESIAN_POINT('',(58.15,44.7802000000001,85.5462000000001));
#5712=CARTESIAN_POINT('Origin',(58.15,29.7802,94.6478490145008));
#5713=CARTESIAN_POINT('',(-23.1323795453284,44.7802000000001,93.335519061611));
#5714=CARTESIAN_POINT('',(0.250000000000012,29.7801999999999,94.6478490145001));
#5715=CARTESIAN_POINT('',(20.7139426203914,16.6524026896019,95.7963824562263));
#5716=CARTESIAN_POINT('',(23.6323795453184,44.7802000000001,93.3355190616115));
#5717=CARTESIAN_POINT('',(39.0441407966085,54.6669789876262,92.4705379814081));
#5718=CARTESIAN_POINT('',(30.75,44.7802000000001,93.3355190616116));
#5719=CARTESIAN_POINT('Origin',(-57.65,29.7801999999999,85.5462000000001));
#5720=CARTESIAN_POINT('',(-59.2393190616099,44.7801999999998,31.2818816023737));
#5721=CARTESIAN_POINT('',(-57.65,44.7802000000001,85.5462000000001));
#5722=CARTESIAN_POINT('',(-57.5119146174566,44.7802000000001,90.2608663910289));
#5723=CARTESIAN_POINT('',(-59.6767623792399,39.7801999999998,16.3462000000001));
#5724=CARTESIAN_POINT('',(-59.6978376437563,39.5393086242834,15.6266246223086));
#5725=CARTESIAN_POINT('',(-57.65,39.7802,85.5462000000001));
#5726=CARTESIAN_POINT('',(-59.6758938310213,39.7801999999998,16.375854949857));
#5727=CARTESIAN_POINT('',(-57.65,44.7802000000001,85.5462000000001));
#5728=CARTESIAN_POINT('Origin',(-59.239319061612,44.7802,-52.8537999999999));
#5729=CARTESIAN_POINT('',(-59.2393190616106,44.7801999999999,3.28827027540254));
#5730=CARTESIAN_POINT('',(-59.239319061612,44.7802,-52.8537999999999));
#5731=CARTESIAN_POINT('',(-58.6945868827119,51.0065172958133,-12.9722924629527));
#5732=CARTESIAN_POINT('Origin',(-56.5500000000001,44.7802,75.1586891681029));
#5733=CARTESIAN_POINT('',(-56.55,44.7802,-36.2662891681026));
#5734=CARTESIAN_POINT('',(-55.8577287703597,48.7062652389039,-35.9795410359449));
#5735=CARTESIAN_POINT('',(-56.5500000000001,44.7802,75.1586891681029));
#5736=CARTESIAN_POINT('',(-56.5500000000001,44.7802000000001,47.3024445840515));
#5737=CARTESIAN_POINT('',(-56.413921239233,45.5519410019742,75.1023234998423));
#5738=CARTESIAN_POINT('Origin',(-41.0624891681029,44.7802,90.6462000000001));
#5739=CARTESIAN_POINT('',(-41.0624891681029,44.7802,90.6462000000001));
#5740=CARTESIAN_POINT('',(-48.5343668760772,44.7802000000001,83.1743222920258));
#5741=CARTESIAN_POINT('',(-40.849856789248,47.6914956552001,90.132860027169));
#5742=CARTESIAN_POINT('Origin',(41.5624891681028,44.7802,90.6462000000002));
#5743=CARTESIAN_POINT('',(41.5624891681028,44.7802,90.6462000000002));
#5744=CARTESIAN_POINT('',(20.9062445840514,44.7802000000001,90.6462000000002));
#5745=CARTESIAN_POINT('',(41.5061234998422,45.5519410019742,90.5101212392332));
#5746=CARTESIAN_POINT('Origin',(57.05,44.7802,75.158689168103));
#5747=CARTESIAN_POINT('',(57.05,44.7802,75.158689168103));
#5748=CARTESIAN_POINT('',(56.7781222920257,44.7802000000001,75.4305668760772));
#5749=CARTESIAN_POINT('',(56.3577287703597,48.7062652389036,74.8719410359452));
#5750=CARTESIAN_POINT('Origin',(57.05,44.7802,-36.2662891681027));
#5751=CARTESIAN_POINT('',(57.05,44.7802,-36.2662891681027));
#5752=CARTESIAN_POINT('',(57.05,44.7802,-8.41004458405127));
#5753=CARTESIAN_POINT('',(56.913921239233,45.5519410019742,-36.209923499842));
#5754=CARTESIAN_POINT('Origin',(41.5624891681028,44.7802,-51.7537999999998));
#5755=CARTESIAN_POINT('',(41.5624891681028,44.7802,-51.7537999999998));
#5756=CARTESIAN_POINT('',(49.0343668760771,44.7801999999999,-44.2819222920256));
#5757=CARTESIAN_POINT('',(41.3498567892479,47.6914956552001,-51.2404600271687));
#5758=CARTESIAN_POINT('Origin',(-41.0624891681028,44.7802,-51.7537999999999));
#5759=CARTESIAN_POINT('',(-41.0624891681028,44.7802,-51.7537999999999));
#5760=CARTESIAN_POINT('',(-20.4062445840514,44.7801999999999,-51.7537999999999));
#5761=CARTESIAN_POINT('',(-41.0061234998422,45.5519410019742,-51.6177212392328));
#5762=CARTESIAN_POINT('Origin',(-56.55,44.7802,-36.2662891681026));
#5763=CARTESIAN_POINT('',(-56.2781222920257,44.7801999999999,-36.538166876077));
#5764=CARTESIAN_POINT('Origin',(-51.9893921292465,44.7802,-47.1931921292462));
#5765=CARTESIAN_POINT('',(-54.2393921292465,44.7802,-47.1931921292462));
#5766=CARTESIAN_POINT('Origin',(-51.9893921292465,44.7802,-47.1931921292462));
#5767=CARTESIAN_POINT('',(-54.2393921292465,44.7802,-47.1931921292462));
#5768=CARTESIAN_POINT('Origin',(52.4893921292465,44.7802,86.0855921292467));
#5769=CARTESIAN_POINT('',(50.2393921292465,44.7802,86.0855921292467));
#5770=CARTESIAN_POINT('Origin',(52.4893921292465,44.7802,86.0855921292467));
#5771=CARTESIAN_POINT('',(50.2393921292465,44.7802,86.0855921292467));
#5772=CARTESIAN_POINT('Origin',(52.4893921292465,44.7802,-47.1931921292464));
#5773=CARTESIAN_POINT('',(50.2393921292465,44.7802,-47.1931921292464));
#5774=CARTESIAN_POINT('Origin',(52.4893921292465,44.7802,-47.1931921292464));
#5775=CARTESIAN_POINT('',(50.2393921292465,44.7802,-47.1931921292464));
#5776=CARTESIAN_POINT('Origin',(-51.9893921292465,44.7802,86.0855921292466));
#5777=CARTESIAN_POINT('',(-54.2393921292465,44.7802,86.0855921292466));
#5778=CARTESIAN_POINT('Origin',(-51.9893921292465,44.7802,86.0855921292466));
#5779=CARTESIAN_POINT('',(-54.2393921292465,44.7802,86.0855921292466));
#5780=CARTESIAN_POINT('Origin',(49.45,44.7801999999999,-54.4431190616119));
#5781=CARTESIAN_POINT('',(15.9328920723015,44.7801999999999,-54.4431190616116));
#5782=CARTESIAN_POINT('',(0.250000000000004,36.2801999999999,-55.1867727015818));
#5783=CARTESIAN_POINT('',(21.0223924404577,47.5386678214888,-54.2017843985303));
#5784=CARTESIAN_POINT('',(-15.4328920723068,44.7801999999999,-54.4431190616114));
#5785=CARTESIAN_POINT('',(-1.58364404189192,37.2740201630298,-55.0998247037332));
#5786=CARTESIAN_POINT('',(49.45,44.7801999999999,-54.4431190616119));
#5787=CARTESIAN_POINT('Origin',(29.35,26.9801999999999,-39.1637999999999));
#5788=CARTESIAN_POINT('',(31.35,26.3662771954854,-37.1637999999999));
#5789=CARTESIAN_POINT('',(39.9137490912905,27.4177733673422,-28.6000509087094));
#5790=CARTESIAN_POINT('',(31.1,37.7802,-37.4137999999999));
#5791=CARTESIAN_POINT('',(31.35,26.9801999999999,-37.1637999999999));
#5792=CARTESIAN_POINT('Origin',(5.35000000000004,26.9801999999999,-42.1637999999999));
#5793=CARTESIAN_POINT('',(4.35000000000004,37.7801999999999,-43.1637999999999));
#5794=CARTESIAN_POINT('',(13.85,37.7801999999999,-33.6637999999999));
#5795=CARTESIAN_POINT('',(4.35000000000004,23.051094051107,-43.1637999999999));
#5796=CARTESIAN_POINT('',(22.7928071658183,25.3155860307789,-24.7209928341816));
#5797=CARTESIAN_POINT('',(4.35000000000003,26.9801999999999,-43.1637999999999));
#5798=CARTESIAN_POINT('Origin',(31.35,37.7801999999999,-34.1637999999999));
#5799=CARTESIAN_POINT('',(4.35000000000004,37.7801999999999,-40.1637999999999));
#5800=CARTESIAN_POINT('Origin',(31.35,37.7801999999999,-41.1637999999999));
#5801=CARTESIAN_POINT('Origin',(31.35,32.3801999999999,-41.1637999999999));
#5802=CARTESIAN_POINT('Origin',(31.35,26.9801999999999,-46.1637999999999));
#5803=CARTESIAN_POINT('',(31.35,26.3662771954854,-22.4637999999999));
#5804=CARTESIAN_POINT('Origin',(2.25000000000003,24.9801999999999,-16.4637999999999));
#5805=CARTESIAN_POINT('Origin',(2.25000000000003,39.7802,-37.9137999999999));
#5806=CARTESIAN_POINT('Origin',(2.25000000000003,22.1802,-16.4637999999999));
#5807=CARTESIAN_POINT('',(0.350000000000034,22.1801999999999,-45.6637999999999));
#5808=CARTESIAN_POINT('',(1.30000000000003,22.1801999999999,-45.6637999999999));
#5809=CARTESIAN_POINT('',(0.350000000000034,22.1802,-32.1587999999999));
#5810=CARTESIAN_POINT('Origin',(0.350000000000035,23.0265371389264,-43.6637999999999));
#5811=CARTESIAN_POINT('',(0.350000000000034,22.5265371389264,-45.6637999999999));
#5812=CARTESIAN_POINT('',(0.350000000000034,23.0265371389264,-45.6637999999999));
#5813=CARTESIAN_POINT('',(0.350000000000034,22.5265371389264,-43.6637999999999));
#5814=CARTESIAN_POINT('',(0.350000000000035,22.5265371389264,-21.2137999999999));
#5815=CARTESIAN_POINT('',(0.350000000000034,23.0265371389264,-43.6637999999999));
#5816=CARTESIAN_POINT('Origin',(4.59813653791036,22.8315613869583,-21.7137999999999));
#5817=CARTESIAN_POINT('',(4.84627307582069,23.1120287228096,-43.6637999999999));
#5818=CARTESIAN_POINT('',(4.45832202787626,22.6735298311348,-43.6637999999999));
#5819=CARTESIAN_POINT('',(4.84627307582069,23.1120287228096,-45.6637999999999));
#5820=CARTESIAN_POINT('',(4.84627307582069,23.1120287228096,-21.7137999999999));
#5821=CARTESIAN_POINT('',(3.71391241414527,21.8321278235809,-45.6637999999999));
#5822=CARTESIAN_POINT('Origin',(4.35000000000003,26.9801999999999,-46.1637999999999));
#5823=CARTESIAN_POINT('',(4.35000000000003,26.0265371389264,-45.6637999999999));
#5824=CARTESIAN_POINT('',(4.35000000000003,23.051094051107,-45.6637999999999));
#5825=CARTESIAN_POINT('',(4.35000000000003,25.0033685694632,-45.6637999999999));
#5826=CARTESIAN_POINT('',(4.35000000000003,23.051094051107,-22.4637999999999));
#5827=CARTESIAN_POINT('',(4.35000000000004,26.9801999999999,-46.1637999999999));
#5828=CARTESIAN_POINT('',(4.35000000000003,23.051094051107,-43.6637999999999));
#5829=CARTESIAN_POINT('',(4.35000000000003,23.051094051107,-22.4637999999999));
#5830=CARTESIAN_POINT('',(4.35000000000003,26.0265371389264,-43.6637999999999));
#5831=CARTESIAN_POINT('',(4.35000000000003,26.5033685694632,-43.6637999999999));
#5832=CARTESIAN_POINT('',(4.35000000000003,26.0265371389264,-45.9137999999999));
#5833=CARTESIAN_POINT('Origin',(-59.6767623792399,29.7801999999999,16.3462000000001));
#5834=CARTESIAN_POINT('',(-57.65,39.7802,-44.1537999999999));
#5835=CARTESIAN_POINT('',(-58.5189546651222,39.7801999999998,-18.2150132046715));
#5836=CARTESIAN_POINT('',(-57.65,44.7801999999999,-44.1537999999999));
#5837=CARTESIAN_POINT('',(-60.9272518491558,44.7802000000001,53.6740158825335));
#5838=CARTESIAN_POINT('',(-57.65,44.7801999999999,-44.1537999999999));
#5839=CARTESIAN_POINT('Origin',(-51.9893921292465,2.18019999999995,-47.1931921292462));
#5840=CARTESIAN_POINT('',(-55.9893921292465,38.1195921292465,-47.1931921292462));
#5841=CARTESIAN_POINT('Origin',(-51.9893921292465,34.1195921292465,-47.1931921292462));
#5842=CARTESIAN_POINT('',(-55.9893921292465,2.18019999999995,-47.1931921292462));
#5843=CARTESIAN_POINT('Origin',(-51.9893921292465,2.18019999999995,86.0855921292466));
#5844=CARTESIAN_POINT('',(-55.9893921292465,38.1195921292465,86.0855921292466));
#5845=CARTESIAN_POINT('Origin',(-51.9893921292465,34.1195921292465,86.0855921292466));
#5846=CARTESIAN_POINT('',(-55.9893921292465,2.18019999999995,86.0855921292466));
#5847=CARTESIAN_POINT('Origin',(-59.6767623792416,39.7801999999999,-52.8537999999999));
#5848=CARTESIAN_POINT('',(-57.65,39.7802000000001,51.5712000000001));
#5849=CARTESIAN_POINT('Origin',(-51.4500000000001,44.7802000000001,85.5462000000001));
#5850=CARTESIAN_POINT('',(-51.45,33.5802000000001,91.7462000000001));
#5851=CARTESIAN_POINT('Origin',(-51.4500000000001,33.5802000000001,85.5462000000001));
#5852=CARTESIAN_POINT('',(-51.45,44.7802000000001,91.7461999999987));
#5853=CARTESIAN_POINT('',(-51.45,29.7801999999998,91.7461999999987));
#5854=CARTESIAN_POINT('Origin',(-51.4500000000001,44.7802000000001,85.5462000000001));
#5855=CARTESIAN_POINT('Origin',(0.250000000000012,29.7801999999999,94.6478490145001));
#5856=CARTESIAN_POINT('',(1.7545471235872,44.7802000000001,94.7322913293633));
#5857=CARTESIAN_POINT('',(-47.6499999999999,29.7801999999999,91.9594740088028));
#5858=CARTESIAN_POINT('',(-41.8520160340231,23.9822160340231,92.284884346539));
#5859=CARTESIAN_POINT('',(29.0279227891246,29.7802,96.2630024245663));
#5860=CARTESIAN_POINT('Origin',(-40.0499999999999,22.1801999999999,-52.8537999999999));
#5861=CARTESIAN_POINT('',(-40.0499999999999,22.1801999999999,-52.8537999999999));
#5862=CARTESIAN_POINT('',(-40.0499999999999,22.1801999999999,6.0362000000001));
#5863=CARTESIAN_POINT('',(-39.7461840466966,18.7075677633299,-52.5499840466966));
#5864=CARTESIAN_POINT('Origin',(38.8002267294815,2.18019999999995,-51.1040267294814));
#5865=CARTESIAN_POINT('',(-40.0499999999999,2.18019999999995,-51.1040267294814));
#5866=CARTESIAN_POINT('Origin',(40.55,22.1801999999999,17.5962000000001));
#5867=CARTESIAN_POINT('',(40.55,22.1801999999999,-52.8537999999999));
#5868=CARTESIAN_POINT('',(40.2844437480122,19.144878150454,-52.5882437480121));
#5869=CARTESIAN_POINT('',(40.55,22.1801999999999,6.0362000000001));
#5870=CARTESIAN_POINT('Origin',(-57.65,29.7802,25.1962000000002));
#5871=CARTESIAN_POINT('',(48.15,29.7802,25.1962000000002));
#5872=CARTESIAN_POINT('',(29.2500000000001,10.8802,6.29620000000019));
#5873=CARTESIAN_POINT('',(-47.65,29.7802,25.1962000000002));
#5874=CARTESIAN_POINT('',(-28.7,29.7802,25.1962000000002));
#5875=CARTESIAN_POINT('',(-45.5166666666666,27.6468666666667,23.0628666666668));
#5876=CARTESIAN_POINT('Origin',(58.15,29.7802,91.7462));
#5877=CARTESIAN_POINT('',(-47.6499999999998,29.7801999999999,91.7461999999987));
#5878=CARTESIAN_POINT('',(48.15,29.7801999999999,91.9594740088028));
#5879=CARTESIAN_POINT('',(48.15,29.7802,91.7461999999999));
#5880=CARTESIAN_POINT('',(55.0402657052242,29.7802,91.5727596433636));
#5881=CARTESIAN_POINT('Origin',(51.95,29.7801999999999,91.7462000000001));
#5882=CARTESIAN_POINT('',(51.95,33.5801999999999,91.7462000000001));
#5883=CARTESIAN_POINT('',(46.5111789543361,28.1413789543361,92.0514524125183));
#5884=CARTESIAN_POINT('',(51.95,44.7802000000001,91.7462));
#5885=CARTESIAN_POINT('',(51.95,66.4462000000001,91.7462));
#5886=CARTESIAN_POINT('',(27.685718581637,44.7802000000001,93.1080264654768));
#5887=CARTESIAN_POINT('Origin',(51.95,44.7802000000001,85.5462000000001));
#5888=CARTESIAN_POINT('Origin',(51.95,33.5801999999999,85.5462000000001));
#5889=CARTESIAN_POINT('Origin',(51.95,44.7802000000001,85.5462000000001));
#5890=CARTESIAN_POINT('Origin',(58.1500000000001,39.7801999999999,-52.8537999999999));
#5891=CARTESIAN_POINT('',(58.15,39.7802,-44.1537999999999));
#5892=CARTESIAN_POINT('',(58.15,39.7802,-13.2787999999999));
#5893=CARTESIAN_POINT('',(58.0044374694677,39.7801999999999,-48.4989236254427));
#5894=CARTESIAN_POINT('Origin',(52.4893921292465,2.18019999999995,86.0855921292467));
#5895=CARTESIAN_POINT('',(48.4893921292465,30.1195921292465,86.0855921292467));
#5896=CARTESIAN_POINT('Origin',(52.4893921292465,34.1195921292465,86.0855921292467));
#5897=CARTESIAN_POINT('',(48.4893921292465,2.18019999999995,86.0855921292467));
#5898=CARTESIAN_POINT('Origin',(52.4893921292465,2.18019999999995,-47.1931921292464));
#5899=CARTESIAN_POINT('',(48.4893921292465,30.1195921292465,-47.1931921292464));
#5900=CARTESIAN_POINT('Origin',(52.4893921292465,34.1195921292465,-47.1931921292464));
#5901=CARTESIAN_POINT('',(48.4893921292465,2.18019999999995,-47.1931921292464));
#5902=CARTESIAN_POINT('Origin',(58.15,29.7801999999999,-44.1537999999999));
#5903=CARTESIAN_POINT('',(58.15,44.7801999999999,-44.1537999999999));
#5904=CARTESIAN_POINT('',(58.15,39.7801999999999,-44.1537999999999));
#5905=CARTESIAN_POINT('',(60.4173457770401,44.7802,23.5277500996926));
#5906=CARTESIAN_POINT('Origin',(3.35000000000003,44.7802000000001,93.1970245072498));
#5907=CARTESIAN_POINT('',(49.45,44.7801999999999,-52.8537999999999));
#5908=CARTESIAN_POINT('',(5.30667232828034,44.7801999999999,-54.9469946832338));
#5909=CARTESIAN_POINT('',(-48.95,44.7801999999999,-52.8537999999999));
#5910=CARTESIAN_POINT('',(-26.3136269801613,44.7801999999999,-53.9271748032135));
#5911=CARTESIAN_POINT('Origin',(-48.95,44.7801999999999,-44.1537999999999));
#5912=CARTESIAN_POINT('Origin',(49.45,44.7801999999999,-44.1537999999999));
#5913=CARTESIAN_POINT('Origin',(0.250000000000004,36.2801999999999,-55.1867727015818));
#5914=CARTESIAN_POINT('',(49.45,36.2801999999999,-52.8537999999999));
#5915=CARTESIAN_POINT('',(49.45,39.7801999999999,-52.8537999999999));
#5916=CARTESIAN_POINT('',(24.7948114721701,36.2801999999999,-54.0229032883695));
#5917=CARTESIAN_POINT('Origin',(-48.95,36.2801999999999,-52.8537999999999));
#5918=CARTESIAN_POINT('',(-48.95,36.2801999999999,-52.8537999999999));
#5919=CARTESIAN_POINT('',(0.194811472170109,36.2801999999999,-55.1841557640032));
#5920=CARTESIAN_POINT('',(-48.95,39.7801999999999,-52.8537999999999));
#5921=CARTESIAN_POINT('Origin',(31.3872692417934,26.3708532829742,1.2362000000001));
#5922=CARTESIAN_POINT('',(15.8968536809345,24.4688694101306,-45.6637999999999));
#5923=CARTESIAN_POINT('',(16.0782951026343,24.4911476154236,-43.6637999999999));
#5924=CARTESIAN_POINT('Origin',(20.35,31.6301999999999,-46.6637999999999));
#5925=CARTESIAN_POINT('',(19.85,31.6301999999999,-47.1637999999999));
#5926=CARTESIAN_POINT('Origin',(10.35,31.6301999999999,-46.6637999999999));
#5927=CARTESIAN_POINT('',(9.85000000000003,26.2963785944027,-47.1637999999999));
#5928=CARTESIAN_POINT('',(10.8852549823604,26.6731805928577,-46.1285450176396));
#5929=CARTESIAN_POINT('',(9.85000000000003,33.0963785944027,-47.1637999999999));
#5930=CARTESIAN_POINT('',(9.1325967011253,32.835265147648,-47.8812032988746));
#5931=CARTESIAN_POINT('',(9.85000000000003,31.6301999999999,-47.1637999999999));
#5932=CARTESIAN_POINT('Origin',(4.60000000000003,27.7301999999999,-46.4137999999999));
#5933=CARTESIAN_POINT('',(4.85000000000003,26.4783637115358,-46.6637999999999));
#5934=CARTESIAN_POINT('',(5.58544821761668,26.2106824514792,-47.3992482176165));
#5935=CARTESIAN_POINT('',(4.85000000000003,33.2783637115358,-46.6637999999999));
#5936=CARTESIAN_POINT('',(4.85000000000003,27.7301999999999,-46.6637999999999));
#5937=CARTESIAN_POINT('',(4.99341239102492,33.2261658699778,-46.8072123910248));
#5938=CARTESIAN_POINT('Origin',(-31.85,32.3801999999999,-16.4637999999999));
#5939=CARTESIAN_POINT('',(-31.85,37.7802,-41.1637999999999));
#5940=CARTESIAN_POINT('',(-31.85,35.0802,-41.1637999999999));
#5941=CARTESIAN_POINT('',(-31.85,37.7801999999999,-3.76379999999991));
#5942=CARTESIAN_POINT('',(-31.85,37.7801999999999,-7.6137999999999));
#5943=CARTESIAN_POINT('',(-31.85,29.6801999999999,-3.76379999999991));
#5944=CARTESIAN_POINT('Origin',(-29.35,29.6801999999999,-1.26379999999991));
#5945=CARTESIAN_POINT('',(-22.4,37.7801999999999,5.6862000000001));
#5946=CARTESIAN_POINT('Origin',(-26.85,37.7801999999999,-34.1637999999999));
#5947=CARTESIAN_POINT('',(-26.85,37.7802,-37.1637999999999));
#5948=CARTESIAN_POINT('',(-26.85,37.7801999999999,-34.1637999999999));
#5949=CARTESIAN_POINT('',(-26.85,26.3662771954854,-37.1637999999999));
#5950=CARTESIAN_POINT('',(-26.85,32.3801999999999,-37.1637999999999));
#5951=CARTESIAN_POINT('',(-26.85,26.3662771954854,-46.1637999999999));
#5952=CARTESIAN_POINT('',(-26.85,26.3662771954854,1.23620000000009));
#5953=CARTESIAN_POINT('',(-26.85,32.3802,-46.1637999999999));
#5954=CARTESIAN_POINT('Origin',(0.101863462089705,22.8070044747777,-21.2137999999999));
#5955=CARTESIAN_POINT('',(-0.146273075820625,23.087471810629,-45.6637999999999));
#5956=CARTESIAN_POINT('',(0.101863462089705,22.8070044747777,-45.6637999999999));
#5957=CARTESIAN_POINT('',(-0.146273075820625,23.087471810629,-43.6637999999999));
#5958=CARTESIAN_POINT('',(-0.146273075820625,23.087471810629,-21.2137999999999));
#5959=CARTESIAN_POINT('',(-0.642546151641287,23.6484064823316,-43.6637999999999));
#5960=CARTESIAN_POINT('Origin',(31.35,26.9801999999999,-41.1637999999999));
#5961=CARTESIAN_POINT('',(-1.64999999999997,23.2721062607322,-41.1637999999999));
#5962=CARTESIAN_POINT('',(-1.64999999999996,37.7801999999999,-41.1637999999999));
#5963=CARTESIAN_POINT('',(-1.64999999999997,32.3801999999999,-41.1637999999999));
#5964=CARTESIAN_POINT('',(-22.85,25.8751389518738,-41.1637999999999));
#5965=CARTESIAN_POINT('',(30.6451308670266,19.3067627979225,-41.1637999999999));
#5966=CARTESIAN_POINT('',(-22.85,37.7801999999999,-41.1637999999999));
#5967=CARTESIAN_POINT('',(-22.85,32.3801999999999,-41.1637999999999));
#5968=CARTESIAN_POINT('',(-26.85,37.7801999999999,-41.1637999999999));
#5969=CARTESIAN_POINT('Origin',(-24.85,32.3801999999999,-39.1637999999999));
#5970=CARTESIAN_POINT('',(-21.0286753222451,25.6515084010541,-42.9851246777548));
#5971=CARTESIAN_POINT('',(-12.05,37.7801999999999,-51.9637999999999));
#5972=CARTESIAN_POINT('Origin',(-26.85,32.3801999999999,-41.1637999999999));
#5973=CARTESIAN_POINT('',(-26.65,26.3417202833048,-46.1597983987186));
#5974=CARTESIAN_POINT('Origin',(-26.85,26.3662771954854,-41.1637999999999));
#5975=CARTESIAN_POINT('',(-26.65,37.7801999999999,-46.1597983987186));
#5976=CARTESIAN_POINT('',(-26.65,32.3802,-46.1597983987186));
#5977=CARTESIAN_POINT('Origin',(-26.85,37.7802,-41.1637999999999));
#5978=CARTESIAN_POINT('Origin',(0.350000000000034,26.0265371389264,-45.6637999999999));
#5979=CARTESIAN_POINT('',(0.350000000000034,26.0265371389264,-45.6637999999999));
#5980=CARTESIAN_POINT('',(0.350000000000034,26.0265371389264,-43.6637999999999));
#5981=CARTESIAN_POINT('',(0.350000000000034,26.0265371389264,-45.9137999999999));
#5982=CARTESIAN_POINT('',(0.350000000000034,26.0265371389264,-45.6637999999999));
#5983=CARTESIAN_POINT('',(0.350000000000034,26.0265371389264,-43.6637999999999));
#5984=CARTESIAN_POINT('Origin',(0.350000000000034,23.0265371389264,-45.6637999999999));
#5985=CARTESIAN_POINT('',(0.350000000000034,23.0265371389264,-45.6637999999999));
#5986=CARTESIAN_POINT('',(0.350000000000034,30.4033685694632,-45.6637999999999));
#5987=CARTESIAN_POINT('',(15.6144583918658,21.1522973178605,-45.6637999999999));
#5988=CARTESIAN_POINT('Origin',(-0.649999999999966,32.3801999999999,-42.1637999999999));
#5989=CARTESIAN_POINT('',(0.350000000000034,23.0265371389264,-43.1637999999999));
#5990=CARTESIAN_POINT('',(-3.75885564089917,23.5310411746076,-39.0549443591007));
#5991=CARTESIAN_POINT('',(0.350000000000033,37.7801999999999,-43.1637999999999));
#5992=CARTESIAN_POINT('',(5.35000000000003,37.7801999999999,-48.1637999999999));
#5993=CARTESIAN_POINT('',(0.350000000000034,32.3801999999999,-43.1637999999999));
#5994=CARTESIAN_POINT('Origin',(0.350000000000034,26.0265371389264,-43.6637999999999));
#5995=CARTESIAN_POINT('',(0.350000000000034,23.0265371389264,-43.6637999999999));
#5996=CARTESIAN_POINT('',(0.350000000000034,31.9033685694632,-43.6637999999999));
#5997=CARTESIAN_POINT('',(15.4330169701661,21.1745755231535,-43.6637999999999));
#5998=CARTESIAN_POINT('Origin',(-48.95,44.7801999999999,-44.1537999999999));
#5999=CARTESIAN_POINT('',(-48.95,31.0802,-52.8537999999999));
#6000=CARTESIAN_POINT('Origin',(-48.95,31.0802,-44.1537999999999));
#6001=CARTESIAN_POINT('',(-48.95,39.7801999999999,-52.8537999999999));
#6002=CARTESIAN_POINT('Origin',(-57.65,39.7802,6.0362000000001));
#6003=CARTESIAN_POINT('',(-56.725,38.8552,-52.8537999999999));
#6004=CARTESIAN_POINT('Origin',(40.55,22.1801999999999,-52.8537999999999));
#6005=CARTESIAN_POINT('',(33.95,22.1801999999999,-52.8537999999999));
#6006=CARTESIAN_POINT('Origin',(40.55,22.1801999999999,6.0362000000001));
#6007=CARTESIAN_POINT('',(49.45,31.0802,-52.8537999999999));
#6008=CARTESIAN_POINT('',(23.825,5.4551999999999,-52.8537999999998));
#6009=CARTESIAN_POINT('Origin',(49.45,31.0802,-44.1537999999999));
#6010=CARTESIAN_POINT('Origin',(49.45,44.7801999999999,-44.1537999999999));
#6011=CARTESIAN_POINT('',(49.45,39.7801999999999,-52.8537999999999));
#6012=CARTESIAN_POINT('Origin',(49.45,36.2801999999999,-55.1867727015822));
#6013=CARTESIAN_POINT('',(-42.0499999999999,36.2802,-52.8537999999999));
#6014=CARTESIAN_POINT('Origin',(-25.15,28.4801999999999,-46.1637999999999));
#6015=CARTESIAN_POINT('',(-25.15,31.025387961428,-52.8537999999999));
#6016=CARTESIAN_POINT('',(-25.15,33.0963785944027,-47.1637999999999));
#6017=CARTESIAN_POINT('',(-25.15,33.2239406828799,-46.8133260423305));
#6018=CARTESIAN_POINT('',(-25.15,26.2963785944027,-47.1637999999999));
#6019=CARTESIAN_POINT('',(-25.15,27.7301999999999,-47.1637999999999));
#6020=CARTESIAN_POINT('',(-25.15,24.225387961428,-52.8537999999999));
#6021=CARTESIAN_POINT('',(-25.15,26.8216651295776,-45.7205871058634));
#6022=CARTESIAN_POINT('',(-25.15,36.6301999999999,-52.8537999999999));
#6023=CARTESIAN_POINT('Origin',(-20.15,36.2801999999999,-46.1637999999999));
#6024=CARTESIAN_POINT('',(-20.15,33.0963785944027,-47.1637999999999));
#6025=CARTESIAN_POINT('',(-20.15,31.025387961428,-52.8537999999999));
#6026=CARTESIAN_POINT('',(-20.15,33.6801540187979,-45.5598902034418));
#6027=CARTESIAN_POINT('',(-20.15,24.2253879614281,-52.8537999999999));
#6028=CARTESIAN_POINT('',(-20.15,40.5301999999999,-52.8537999999999));
#6029=CARTESIAN_POINT('',(-20.15,26.2963785944027,-47.1637999999999));
#6030=CARTESIAN_POINT('',(-20.15,27.2778784654956,-44.4671512669746));
#6031=CARTESIAN_POINT('',(-20.15,31.6301999999999,-47.1637999999999));
#6032=CARTESIAN_POINT('Origin',(-15.15,28.4801999999999,-46.1637999999999));
#6033=CARTESIAN_POINT('',(-15.15,31.025387961428,-52.8537999999999));
#6034=CARTESIAN_POINT('',(-15.15,33.0963785944027,-47.1637999999999));
#6035=CARTESIAN_POINT('',(-15.15,33.2239406828799,-46.8133260423305));
#6036=CARTESIAN_POINT('',(-15.15,26.2963785944027,-47.1637999999999));
#6037=CARTESIAN_POINT('',(-15.15,27.7301999999999,-47.1637999999999));
#6038=CARTESIAN_POINT('',(-15.15,24.225387961428,-52.8537999999999));
#6039=CARTESIAN_POINT('',(-15.15,26.8216651295776,-45.7205871058634));
#6040=CARTESIAN_POINT('',(-15.15,36.6301999999999,-52.8537999999999));
#6041=CARTESIAN_POINT('Origin',(-10.15,36.2801999999999,-46.1637999999999));
#6042=CARTESIAN_POINT('',(-10.15,33.0963785944027,-47.1637999999999));
#6043=CARTESIAN_POINT('',(-10.15,31.025387961428,-52.8537999999999));
#6044=CARTESIAN_POINT('',(-10.15,33.6801540187979,-45.5598902034418));
#6045=CARTESIAN_POINT('',(-10.15,24.2253879614281,-52.8537999999999));
#6046=CARTESIAN_POINT('',(-10.15,40.5301999999999,-52.8537999999999));
#6047=CARTESIAN_POINT('',(-10.15,26.2963785944027,-47.1637999999999));
#6048=CARTESIAN_POINT('',(-10.15,27.2778784654956,-44.4671512669746));
#6049=CARTESIAN_POINT('',(-10.15,31.6301999999999,-47.1637999999999));
#6050=CARTESIAN_POINT('Origin',(19.85,36.2801999999999,-46.1637999999999));
#6051=CARTESIAN_POINT('',(19.85,40.5301999999999,-52.8537999999999));
#6052=CARTESIAN_POINT('Origin',(4.85000000000003,33.5700992833716,-45.8622631039294));
#6053=CARTESIAN_POINT('',(9.85000000000003,31.025387961428,-52.8537999999999));
#6054=CARTESIAN_POINT('',(4.85000000000003,31.025387961428,-52.8537999999999));
#6055=CARTESIAN_POINT('',(13.125,31.025387961428,-52.8537999999999));
#6056=CARTESIAN_POINT('',(9.85000000000003,33.6801540187979,-45.5598902034418));
#6057=CARTESIAN_POINT('',(4.85000000000003,33.2239406828799,-46.8133260423305));
#6058=CARTESIAN_POINT('Origin',(9.85000000000003,36.2801999999999,-46.1637999999999));
#6059=CARTESIAN_POINT('',(9.85000000000003,24.2253879614281,-52.8537999999999));
#6060=CARTESIAN_POINT('',(9.85000000000003,40.5301999999999,-52.8537999999999));
#6061=CARTESIAN_POINT('',(9.85000000000003,27.2778784654956,-44.4671512669746));
#6062=CARTESIAN_POINT('Origin',(9.85000000000003,26.7700992833716,-45.8622631039294));
#6063=CARTESIAN_POINT('',(4.85000000000003,24.225387961428,-52.8537999999999));
#6064=CARTESIAN_POINT('',(-19.55,24.2253879614281,-52.8537999999999));
#6065=CARTESIAN_POINT('',(4.85000000000003,26.8216651295776,-45.7205871058634));
#6066=CARTESIAN_POINT('Origin',(4.85000000000003,28.4801999999999,-46.1637999999999));
#6067=CARTESIAN_POINT('',(4.85000000000003,36.6301999999999,-52.8537999999999));
#6068=CARTESIAN_POINT('Origin',(-9.64999999999996,31.6301999999999,-46.6637999999999));
#6069=CARTESIAN_POINT('',(-9.14999999999996,26.6603488286689,-46.1637999999999));
#6070=CARTESIAN_POINT('',(-9.11474501763965,26.6731805928577,-46.1285450176396));
#6071=CARTESIAN_POINT('',(-9.14999999999996,33.4603488286689,-46.1637999999999));
#6072=CARTESIAN_POINT('',(-9.14999999999996,31.6301999999999,-46.1637999999999));
#6073=CARTESIAN_POINT('',(-10.8674032988747,32.835265147648,-47.8812032988746));
#6074=CARTESIAN_POINT('Origin',(-15.15,33.5700992833716,-45.8622631039294));
#6075=CARTESIAN_POINT('',(3.12500000000002,31.025387961428,-52.8537999999999));
#6076=CARTESIAN_POINT('',(-16.15,33.4603488286689,-46.1637999999999));
#6077=CARTESIAN_POINT('',(8.10000000000004,33.4603488286689,-46.1637999999999));
#6078=CARTESIAN_POINT('',(-15.2721181981924,33.140825983607,-47.0416818018075));
#6079=CARTESIAN_POINT('Origin',(-15.65,27.7301999999999,-46.6637999999999));
#6080=CARTESIAN_POINT('',(-16.15,26.6603488286689,-46.1637999999999));
#6081=CARTESIAN_POINT('',(-16.15,27.7301999999999,-46.1637999999999));
#6082=CARTESIAN_POINT('',(-14.6800823716006,26.1253425651084,-47.6337176283992));
#6083=CARTESIAN_POINT('Origin',(-10.15,26.7700992833716,-45.8622631039294));
#6084=CARTESIAN_POINT('',(-29.55,24.2253879614281,-52.8537999999999));
#6085=CARTESIAN_POINT('',(10.6,26.6603488286689,-46.1637999999999));
#6086=CARTESIAN_POINT('Origin',(-20.15,26.7700992833716,-45.8622631039294));
#6087=CARTESIAN_POINT('',(-34.55,24.2253879614281,-52.8537999999999));
#6088=CARTESIAN_POINT('',(-26.15,26.6603488286689,-46.1637999999999));
#6089=CARTESIAN_POINT('',(-24.6800823716007,26.1253425651084,-47.6337176283992));
#6090=CARTESIAN_POINT('',(-19.15,26.6603488286689,-46.1637999999999));
#6091=CARTESIAN_POINT('',(5.60000000000004,26.6603488286689,-46.1637999999999));
#6092=CARTESIAN_POINT('',(-19.1147450176396,26.6731805928577,-46.1285450176396));
#6093=CARTESIAN_POINT('Origin',(-19.65,31.6301999999999,-46.6637999999999));
#6094=CARTESIAN_POINT('',(-19.15,33.4603488286689,-46.1637999999999));
#6095=CARTESIAN_POINT('',(-19.15,31.6301999999999,-46.1637999999999));
#6096=CARTESIAN_POINT('',(-20.8674032988747,32.835265147648,-47.8812032988746));
#6097=CARTESIAN_POINT('Origin',(-25.15,33.5700992833716,-45.8622631039294));
#6098=CARTESIAN_POINT('',(-1.87499999999998,31.025387961428,-52.8537999999999));
#6099=CARTESIAN_POINT('',(-26.15,33.4603488286689,-46.1637999999999));
#6100=CARTESIAN_POINT('',(3.10000000000004,33.4603488286689,-46.1637999999999));
#6101=CARTESIAN_POINT('',(-25.2721181981924,33.140825983607,-47.0416818018075));
#6102=CARTESIAN_POINT('Origin',(-25.65,27.7301999999999,-46.6637999999999));
#6103=CARTESIAN_POINT('',(-26.15,27.7301999999999,-46.1637999999999));
#6104=CARTESIAN_POINT('Origin',(-26.65,26.9801999999999,-41.1637999999999));
#6105=CARTESIAN_POINT('',(-26.65,26.3417202833048,-46.1637999999999));
#6106=CARTESIAN_POINT('',(-26.65,26.3417202833048,-19.9637999999999));
#6107=CARTESIAN_POINT('',(-26.65,37.7801999999999,-46.1637999999999));
#6108=CARTESIAN_POINT('',(-26.65,37.7801999999999,-46.1637999999999));
#6109=CARTESIAN_POINT('',(-26.65,37.7801999999999,-41.1637999999999));
#6110=CARTESIAN_POINT('Origin',(31.35,37.7801999999999,-34.1637999999999));
#6111=CARTESIAN_POINT('',(0.350000000000034,37.7801999999999,-46.1637999999999));
#6112=CARTESIAN_POINT('',(31.35,37.7801999999999,-46.1637999999999));
#6113=CARTESIAN_POINT('',(0.350000000000033,37.7801999999999,-40.1637999999999));
#6114=CARTESIAN_POINT('Origin',(30.8789167837316,19.2780574967946,1.2362000000001));
#6115=CARTESIAN_POINT('',(0.350000000000035,23.0265371389264,-46.1637999999999));
#6116=CARTESIAN_POINT('',(0.350000000000035,23.0265371389264,-22.4637999999999));
#6117=CARTESIAN_POINT('',(30.6451308670266,19.3067627979225,-46.1637999999999));
#6118=CARTESIAN_POINT('',(0.350000000000035,23.0265371389264,-22.4637999999999));
#6119=CARTESIAN_POINT('Origin',(0.350000000000034,37.7801999999999,-46.1637999999999));
#6120=CARTESIAN_POINT('',(0.350000000000034,33.4603488286689,-46.1637999999999));
#6121=CARTESIAN_POINT('',(0.350000000000033,32.3801999999999,-46.1637999999999));
#6122=CARTESIAN_POINT('',(0.350000000000033,26.6603488286689,-46.1637999999999));
#6123=CARTESIAN_POINT('',(0.350000000000033,32.3801999999999,-46.1637999999999));
#6124=CARTESIAN_POINT('',(0.350000000000033,32.3801999999999,-46.1637999999999));
#6125=CARTESIAN_POINT('Origin',(21.4,35.96015,-52.8537999999999));
#6126=CARTESIAN_POINT('',(-0.149999999999966,24.2253879614281,-52.8537999999999));
#6127=CARTESIAN_POINT('',(-0.149999999999966,31.025387961428,-52.8537999999999));
#6128=CARTESIAN_POINT('',(-0.14999999999997,40.5301999999999,-52.8537999999999));
#6129=CARTESIAN_POINT('',(-5.14999999999997,31.025387961428,-52.8537999999999));
#6130=CARTESIAN_POINT('',(8.12500000000002,31.025387961428,-52.8537999999999));
#6131=CARTESIAN_POINT('',(-5.14999999999997,24.225387961428,-52.8537999999999));
#6132=CARTESIAN_POINT('',(-5.14999999999997,36.6301999999999,-52.8537999999999));
#6133=CARTESIAN_POINT('',(-24.55,24.2253879614281,-52.8537999999999));
#6134=CARTESIAN_POINT('Origin',(-5.14999999999997,28.4801999999999,-46.1637999999999));
#6135=CARTESIAN_POINT('',(-5.14999999999997,33.0963785944027,-47.1637999999999));
#6136=CARTESIAN_POINT('',(-5.14999999999997,33.2239406828799,-46.8133260423305));
#6137=CARTESIAN_POINT('',(-5.14999999999997,26.2963785944027,-47.1637999999999));
#6138=CARTESIAN_POINT('',(-5.14999999999997,27.7301999999999,-47.1637999999999));
#6139=CARTESIAN_POINT('',(-5.14999999999997,26.8216651295776,-45.7205871058634));
#6140=CARTESIAN_POINT('Origin',(-5.64999999999997,27.7301999999999,-46.6637999999999));
#6141=CARTESIAN_POINT('',(-6.14999999999996,33.4603488286689,-46.1637999999999));
#6142=CARTESIAN_POINT('',(-6.14999999999996,26.6603488286689,-46.1637999999999));
#6143=CARTESIAN_POINT('',(-6.14999999999997,27.7301999999999,-46.1637999999999));
#6144=CARTESIAN_POINT('',(-4.68008237160065,26.1253425651084,-47.6337176283992));
#6145=CARTESIAN_POINT('',(-5.2721181981924,33.140825983607,-47.0416818018075));
#6146=CARTESIAN_POINT('Origin',(31.35,26.9801999999999,-46.1637999999999));
#6147=CARTESIAN_POINT('',(15.6,26.6603488286689,-46.1637999999999));
#6148=CARTESIAN_POINT('',(13.1,33.4603488286689,-46.1637999999999));
#6149=CARTESIAN_POINT('Origin',(0.100000000000035,31.6301999999999,-46.4137999999999));
#6150=CARTESIAN_POINT('',(-0.149999999999966,26.4783637115358,-46.6637999999999));
#6151=CARTESIAN_POINT('',(0.619724393143033,26.7585204792285,-45.8940756068569));
#6152=CARTESIAN_POINT('',(-0.149999999999966,33.2783637115358,-46.6637999999999));
#6153=CARTESIAN_POINT('',(-1.13293388809201,32.9206050340188,-47.6467338880919));
#6154=CARTESIAN_POINT('',(-0.149999999999966,31.6301999999999,-46.6637999999999));
#6155=CARTESIAN_POINT('Origin',(-0.149999999999966,36.2801999999999,-46.1637999999999));
#6156=CARTESIAN_POINT('',(-0.149999999999966,27.2778784654956,-44.4671512669746));
#6157=CARTESIAN_POINT('',(-0.149999999999966,33.6801540187979,-45.5598902034418));
#6158=CARTESIAN_POINT('Origin',(-0.149999999999966,26.7700992833716,-45.8622631039294));
#6159=CARTESIAN_POINT('Origin',(-5.14999999999997,33.5700992833716,-45.8622631039294));
#6160=UNCERTAINTY_MEASURE_WITH_UNIT(LENGTH_MEASURE(0.01),#6164,
'DISTANCE_ACCURACY_VALUE',
'Maximum model space distance between geometric entities at asserted c
onnectivities');
#6161=UNCERTAINTY_MEASURE_WITH_UNIT(LENGTH_MEASURE(0.01),#6164,
'DISTANCE_ACCURACY_VALUE',
'Maximum model space distance between geometric entities at asserted c
onnectivities');
#6162=(
GEOMETRIC_REPRESENTATION_CONTEXT(3)
GLOBAL_UNCERTAINTY_ASSIGNED_CONTEXT((#6160))
GLOBAL_UNIT_ASSIGNED_CONTEXT((#6164,#6166,#6167))
REPRESENTATION_CONTEXT('','3D')
);
#6163=(
GEOMETRIC_REPRESENTATION_CONTEXT(3)
GLOBAL_UNCERTAINTY_ASSIGNED_CONTEXT((#6161))
GLOBAL_UNIT_ASSIGNED_CONTEXT((#6164,#6166,#6167))
REPRESENTATION_CONTEXT('','3D')
);
#6164=(
LENGTH_UNIT()
NAMED_UNIT(*)
SI_UNIT(.MILLI.,.METRE.)
);
#6165=(
LENGTH_UNIT()
NAMED_UNIT(*)
SI_UNIT($,.METRE.)
);
#6166=(
NAMED_UNIT(*)
PLANE_ANGLE_UNIT()
SI_UNIT($,.RADIAN.)
);
#6167=(
NAMED_UNIT(*)
SI_UNIT($,.STERADIAN.)
SOLID_ANGLE_UNIT()
);
#6168=SHAPE_DEFINITION_REPRESENTATION(#6169,#6170);
#6169=PRODUCT_DEFINITION_SHAPE('',$,#6172);
#6170=SHAPE_REPRESENTATION('',(#3865),#6162);
#6171=PRODUCT_DEFINITION_CONTEXT('part definition',#6176,'design');
#6172=PRODUCT_DEFINITION('2026-08-17-19-33-40-142','Orion Bottom',#6173,
#6171);
#6173=PRODUCT_DEFINITION_FORMATION('',$,#6178);
#6174=PRODUCT_RELATED_PRODUCT_CATEGORY('Orion Bottom','Orion Bottom',(#6178));
#6175=APPLICATION_PROTOCOL_DEFINITION('international standard',
'automotive_design',2009,#6176);
#6176=APPLICATION_CONTEXT(
'Core Data for Automotive Mechanical Design Process');
#6177=PRODUCT_CONTEXT('part definition',#6176,'mechanical');
#6178=PRODUCT('2026-08-17-19-33-40-142','Orion Bottom',$,(#6177));
#6179=PRESENTATION_STYLE_ASSIGNMENT((#6181));
#6180=PRESENTATION_STYLE_ASSIGNMENT((#6182));
#6181=SURFACE_STYLE_USAGE(.BOTH.,#6183);
#6182=SURFACE_STYLE_USAGE(.BOTH.,#6184);
#6183=SURFACE_SIDE_STYLE('',(#6185));
#6184=SURFACE_SIDE_STYLE('',(#6186));
#6185=SURFACE_STYLE_FILL_AREA(#6187);
#6186=SURFACE_STYLE_FILL_AREA(#6188);
#6187=FILL_AREA_STYLE('Steel - Satin',(#6189));
#6188=FILL_AREA_STYLE('ABS (White)',(#6190));
#6189=FILL_AREA_STYLE_COLOUR('Steel - Satin',#6191);
#6190=FILL_AREA_STYLE_COLOUR('ABS (White)',#6192);
#6191=COLOUR_RGB('Steel - Satin',0.627450980392157,0.627450980392157,0.627450980392157);
#6192=COLOUR_RGB('ABS (White)',0.964705882352941,0.964705882352941,0.952941176470588);
ENDSEC;
END-ISO-10303-21;
