ISO-10303-21;
HEADER;
/* Generated by software containing ST-Developer
 * from STEP Tools, Inc. (www.steptools.com) 
 */

FILE_DESCRIPTION(
/* description */ (''),
/* implementation_level */ '2;1');

FILE_NAME(
/* name */ 'Sensor Top Housing.step',
/* time_stamp */ '2026-08-17T19:33:23+05:30',
/* author */ (''),
/* organization */ (''),
/* preprocessor_version */ 'ST-DEVELOPER v20.1',
/* originating_system */ 'Autodesk Translation Framework v15.8.0.0',
/* authorisation */ '');

FILE_SCHEMA (('AUTOMOTIVE_DESIGN { 1 0 10303 214 3 1 1 }'));
ENDSEC;

DATA;
#10=MECHANICAL_DESIGN_GEOMETRIC_PRESENTATION_REPRESENTATION('',(#13),#2498);
#11=SHAPE_REPRESENTATION_RELATIONSHIP('SRR','None',#2505,#12);
#12=ADVANCED_BREP_SHAPE_REPRESENTATION('',(#14),#2497);
#13=STYLED_ITEM('',(#2515),#14);
#14=MANIFOLD_SOLID_BREP('Sensor Top',#1445);
#15=CONICAL_SURFACE('',#1487,2.425,0.785398163397448);
#16=CONICAL_SURFACE('',#1499,2.425,0.785398163397448);
#17=CONICAL_SURFACE('',#1511,2.425,0.785398163397448);
#18=CONICAL_SURFACE('',#1515,2.425,0.785398163397448);
#19=B_SPLINE_SURFACE_WITH_KNOTS('',3,1,((#2097,#2098),(#2099,#2100),(#2101,
#2102),(#2103,#2104)),.UNSPECIFIED.,.F.,.F.,.F.,(4,4),(2,2),(-1.32514070816303,
-1.16626583483036),(0.,0.720839757072681),.UNSPECIFIED.);
#20=B_SPLINE_SURFACE_WITH_KNOTS('',3,1,((#2135,#2136),(#2137,#2138),(#2139,
#2140),(#2141,#2142)),.UNSPECIFIED.,.F.,.F.,.F.,(4,4),(2,2),(-1.32514070816303,
-1.16626583483036),(0.,0.720839757072681),.UNSPECIFIED.);
#21=B_SPLINE_SURFACE_WITH_KNOTS('',3,1,((#2408,#2409),(#2410,#2411),(#2412,
#2413),(#2414,#2415)),.UNSPECIFIED.,.F.,.F.,.F.,(4,4),(2,2),(-1.32514070816303,
-1.16626583483036),(0.,0.720839757072681),.UNSPECIFIED.);
#22=B_SPLINE_SURFACE_WITH_KNOTS('',3,1,((#2427,#2428),(#2429,#2430),(#2431,
#2432),(#2433,#2434)),.UNSPECIFIED.,.F.,.F.,.F.,(4,4),(2,2),(-1.32514070816303,
-1.16626583483036),(0.,0.720839757072681),.UNSPECIFIED.);
#23=CYLINDRICAL_SURFACE('',#1469,14.3927139286626);
#24=CYLINDRICAL_SURFACE('',#1474,14.3927139286626);
#25=CYLINDRICAL_SURFACE('',#1478,14.3927139286626);
#26=CYLINDRICAL_SURFACE('',#1483,14.3927139286626);
#27=CYLINDRICAL_SURFACE('',#1497,2.225);
#28=CYLINDRICAL_SURFACE('',#1509,2.225);
#29=CYLINDRICAL_SURFACE('',#1513,2.225);
#30=CYLINDRICAL_SURFACE('',#1517,2.225);
#31=CYLINDRICAL_SURFACE('',#1519,5.);
#32=CYLINDRICAL_SURFACE('',#1522,5.);
#33=CYLINDRICAL_SURFACE('',#1540,1.40000000000001);
#34=CYLINDRICAL_SURFACE('',#1542,1.40000000000001);
#35=CYLINDRICAL_SURFACE('',#1545,1.40000000000001);
#36=CYLINDRICAL_SURFACE('',#1547,1.4);
#37=CYLINDRICAL_SURFACE('',#1565,14.3927139286626);
#38=CYLINDRICAL_SURFACE('',#1568,14.3927139286626);
#39=CYLINDRICAL_SURFACE('',#1570,14.3927139286626);
#40=CYLINDRICAL_SURFACE('',#1573,14.3927139286626);
#41=CYLINDRICAL_SURFACE('',#1575,20.7);
#42=CYLINDRICAL_SURFACE('',#1592,8.2);
#43=CYLINDRICAL_SURFACE('',#1594,8.20000000000001);
#44=CYLINDRICAL_SURFACE('',#1596,8.20000000000001);
#45=CYLINDRICAL_SURFACE('',#1598,8.20000000000001);
#46=FACE_BOUND('',#410,.T.);
#47=FACE_BOUND('',#425,.T.);
#48=FACE_BOUND('',#426,.T.);
#49=FACE_BOUND('',#430,.T.);
#50=FACE_BOUND('',#431,.T.);
#51=B_SPLINE_CURVE_WITH_KNOTS('',3,(#2031,#2032,#2033,#2034,#2035,#2036),
 .UNSPECIFIED.,.F.,.F.,(4,2,4),(-0.123653921603272,-0.0618269608016356,
0.),.UNSPECIFIED.);
#52=B_SPLINE_CURVE_WITH_KNOTS('',3,(#2048,#2049,#2050,#2051),
 .UNSPECIFIED.,.F.,.F.,(4,4),(-0.123653921603285,-1.38777878078145E-17),
 .UNSPECIFIED.);
#53=B_SPLINE_CURVE_WITH_KNOTS('',3,(#2063,#2064,#2065,#2066),
 .UNSPECIFIED.,.F.,.F.,(4,4),(-0.12365392160328,0.),.UNSPECIFIED.);
#54=B_SPLINE_CURVE_WITH_KNOTS('',3,(#2078,#2079,#2080,#2081),
 .UNSPECIFIED.,.F.,.F.,(4,4),(-0.123653921603267,0.),.UNSPECIFIED.);
#55=B_SPLINE_CURVE_WITH_KNOTS('',3,(#2107,#2108,#2109,#2110),
 .UNSPECIFIED.,.F.,.F.,(4,4),(1.16626583483036,1.32514070816303),
 .UNSPECIFIED.);
#56=B_SPLINE_CURVE_WITH_KNOTS('',3,(#2145,#2146,#2147,#2148),
 .UNSPECIFIED.,.F.,.F.,(4,4),(1.16626583483036,1.32514070816303),
 .UNSPECIFIED.);
#57=B_SPLINE_CURVE_WITH_KNOTS('',3,(#2386,#2387,#2388,#2389),
 .UNSPECIFIED.,.F.,.F.,(4,4),(1.16626583483036,1.32514070816303),
 .UNSPECIFIED.);
#58=B_SPLINE_CURVE_WITH_KNOTS('',3,(#2397,#2398,#2399,#2400),
 .UNSPECIFIED.,.F.,.F.,(4,4),(1.16626583483036,1.32514070816303),
 .UNSPECIFIED.);
#59=LINE('',#2025,#194);
#60=LINE('',#2029,#195);
#61=LINE('',#2038,#196);
#62=LINE('',#2042,#197);
#63=LINE('',#2046,#198);
#64=LINE('',#2053,#199);
#65=LINE('',#2057,#200);
#66=LINE('',#2061,#201);
#67=LINE('',#2068,#202);
#68=LINE('',#2072,#203);
#69=LINE('',#2076,#204);
#70=LINE('',#2083,#205);
#71=LINE('',#2087,#206);
#72=LINE('',#2092,#207);
#73=LINE('',#2095,#208);
#74=LINE('',#2096,#209);
#75=LINE('',#2106,#210);
#76=LINE('',#2113,#211);
#77=LINE('',#2114,#212);
#78=LINE('',#2117,#213);
#79=LINE('',#2123,#214);
#80=LINE('',#2124,#215);
#81=LINE('',#2127,#216);
#82=LINE('',#2133,#217);
#83=LINE('',#2134,#218);
#84=LINE('',#2144,#219);
#85=LINE('',#2151,#220);
#86=LINE('',#2152,#221);
#87=LINE('',#2155,#222);
#88=LINE('',#2161,#223);
#89=LINE('',#2162,#224);
#90=LINE('',#2167,#225);
#91=LINE('',#2172,#226);
#92=LINE('',#2174,#227);
#93=LINE('',#2178,#228);
#94=LINE('',#2182,#229);
#95=LINE('',#2184,#230);
#96=LINE('',#2188,#231);
#97=LINE('',#2190,#232);
#98=LINE('',#2192,#233);
#99=LINE('',#2196,#234);
#100=LINE('',#2199,#235);
#101=LINE('',#2205,#236);
#102=LINE('',#2210,#237);
#103=LINE('',#2215,#238);
#104=LINE('',#2217,#239);
#105=LINE('',#2221,#240);
#106=LINE('',#2225,#241);
#107=LINE('',#2227,#242);
#108=LINE('',#2229,#243);
#109=LINE('',#2233,#244);
#110=LINE('',#2235,#245);
#111=LINE('',#2239,#246);
#112=LINE('',#2242,#247);
#113=LINE('',#2248,#248);
#114=LINE('',#2251,#249);
#115=LINE('',#2256,#250);
#116=LINE('',#2259,#251);
#117=LINE('',#2264,#252);
#118=LINE('',#2270,#253);
#119=LINE('',#2273,#254);
#120=LINE('',#2279,#255);
#121=LINE('',#2282,#256);
#122=LINE('',#2284,#257);
#123=LINE('',#2285,#258);
#124=LINE('',#2287,#259);
#125=LINE('',#2288,#260);
#126=LINE('',#2290,#261);
#127=LINE('',#2291,#262);
#128=LINE('',#2293,#263);
#129=LINE('',#2294,#264);
#130=LINE('',#2297,#265);
#131=LINE('',#2299,#266);
#132=LINE('',#2301,#267);
#133=LINE('',#2303,#268);
#134=LINE('',#2304,#269);
#135=LINE('',#2307,#270);
#136=LINE('',#2308,#271);
#137=LINE('',#2309,#272);
#138=LINE('',#2311,#273);
#139=LINE('',#2312,#274);
#140=LINE('',#2315,#275);
#141=LINE('',#2317,#276);
#142=LINE('',#2318,#277);
#143=LINE('',#2321,#278);
#144=LINE('',#2323,#279);
#145=LINE('',#2324,#280);
#146=LINE('',#2327,#281);
#147=LINE('',#2328,#282);
#148=LINE('',#2332,#283);
#149=LINE('',#2334,#284);
#150=LINE('',#2339,#285);
#151=LINE('',#2341,#286);
#152=LINE('',#2342,#287);
#153=LINE('',#2344,#288);
#154=LINE('',#2345,#289);
#155=LINE('',#2350,#290);
#156=LINE('',#2354,#291);
#157=LINE('',#2355,#292);
#158=LINE('',#2357,#293);
#159=LINE('',#2358,#294);
#160=LINE('',#2367,#295);
#161=LINE('',#2375,#296);
#162=LINE('',#2384,#297);
#163=LINE('',#2390,#298);
#164=LINE('',#2395,#299);
#165=LINE('',#2402,#300);
#166=LINE('',#2405,#301);
#167=LINE('',#2407,#302);
#168=LINE('',#2416,#303);
#169=LINE('',#2418,#304);
#170=LINE('',#2420,#305);
#171=LINE('',#2422,#306);
#172=LINE('',#2424,#307);
#173=LINE('',#2426,#308);
#174=LINE('',#2435,#309);
#175=LINE('',#2437,#310);
#176=LINE('',#2439,#311);
#177=LINE('',#2443,#312);
#178=LINE('',#2453,#313);
#179=LINE('',#2456,#314);
#180=LINE('',#2459,#315);
#181=LINE('',#2462,#316);
#182=LINE('',#2465,#317);
#183=LINE('',#2468,#318);
#184=LINE('',#2471,#319);
#185=LINE('',#2474,#320);
#186=LINE('',#2480,#321);
#187=LINE('',#2481,#322);
#188=LINE('',#2483,#323);
#189=LINE('',#2485,#324);
#190=LINE('',#2487,#325);
#191=LINE('',#2489,#326);
#192=LINE('',#2491,#327);
#193=LINE('',#2493,#328);
#194=VECTOR('',#1606,10.);
#195=VECTOR('',#1609,10.);
#196=VECTOR('',#1610,10.);
#197=VECTOR('',#1613,10.);
#198=VECTOR('',#1616,10.);
#199=VECTOR('',#1617,10.);
#200=VECTOR('',#1620,10.);
#201=VECTOR('',#1623,10.);
#202=VECTOR('',#1624,10.);
#203=VECTOR('',#1627,10.);
#204=VECTOR('',#1630,10.);
#205=VECTOR('',#1631,10.);
#206=VECTOR('',#1636,10.);
#207=VECTOR('',#1641,10.);
#208=VECTOR('',#1644,10.);
#209=VECTOR('',#1645,10.);
#210=VECTOR('',#1646,10.);
#211=VECTOR('',#1649,10.);
#212=VECTOR('',#1650,10.);
#213=VECTOR('',#1653,10.);
#214=VECTOR('',#1660,10.);
#215=VECTOR('',#1661,10.);
#216=VECTOR('',#1664,10.);
#217=VECTOR('',#1671,10.);
#218=VECTOR('',#1672,10.);
#219=VECTOR('',#1673,10.);
#220=VECTOR('',#1676,10.);
#221=VECTOR('',#1677,10.);
#222=VECTOR('',#1680,10.);
#223=VECTOR('',#1687,10.);
#224=VECTOR('',#1688,10.);
#225=VECTOR('',#1693,2.425);
#226=VECTOR('',#1698,10.);
#227=VECTOR('',#1699,10.);
#228=VECTOR('',#1702,10.);
#229=VECTOR('',#1705,10.);
#230=VECTOR('',#1706,10.);
#231=VECTOR('',#1709,10.);
#232=VECTOR('',#1710,10.);
#233=VECTOR('',#1711,10.);
#234=VECTOR('',#1714,10.);
#235=VECTOR('',#1717,10.);
#236=VECTOR('',#1724,2.225);
#237=VECTOR('',#1729,2.425);
#238=VECTOR('',#1734,10.);
#239=VECTOR('',#1735,10.);
#240=VECTOR('',#1738,10.);
#241=VECTOR('',#1741,10.);
#242=VECTOR('',#1742,10.);
#243=VECTOR('',#1743,10.);
#244=VECTOR('',#1746,10.);
#245=VECTOR('',#1747,10.);
#246=VECTOR('',#1750,10.);
#247=VECTOR('',#1753,10.);
#248=VECTOR('',#1760,2.225);
#249=VECTOR('',#1763,2.425);
#250=VECTOR('',#1770,2.225);
#251=VECTOR('',#1773,2.425);
#252=VECTOR('',#1780,2.225);
#253=VECTOR('',#1785,10.);
#254=VECTOR('',#1788,10.);
#255=VECTOR('',#1793,10.);
#256=VECTOR('',#1796,10.);
#257=VECTOR('',#1799,10.);
#258=VECTOR('',#1800,10.);
#259=VECTOR('',#1803,10.);
#260=VECTOR('',#1804,10.);
#261=VECTOR('',#1807,10.);
#262=VECTOR('',#1808,10.);
#263=VECTOR('',#1811,10.);
#264=VECTOR('',#1812,10.);
#265=VECTOR('',#1815,10.);
#266=VECTOR('',#1816,10.);
#267=VECTOR('',#1817,10.);
#268=VECTOR('',#1818,10.);
#269=VECTOR('',#1819,10.);
#270=VECTOR('',#1822,10.);
#271=VECTOR('',#1823,10.);
#272=VECTOR('',#1824,10.);
#273=VECTOR('',#1825,10.);
#274=VECTOR('',#1826,10.);
#275=VECTOR('',#1829,10.);
#276=VECTOR('',#1830,10.);
#277=VECTOR('',#1831,10.);
#278=VECTOR('',#1834,10.);
#279=VECTOR('',#1835,10.);
#280=VECTOR('',#1836,10.);
#281=VECTOR('',#1839,10.);
#282=VECTOR('',#1840,10.);
#283=VECTOR('',#1845,10.);
#284=VECTOR('',#1848,10.);
#285=VECTOR('',#1855,10.);
#286=VECTOR('',#1856,10.);
#287=VECTOR('',#1857,10.);
#288=VECTOR('',#1858,10.);
#289=VECTOR('',#1859,10.);
#290=VECTOR('',#1866,10.);
#291=VECTOR('',#1871,10.);
#292=VECTOR('',#1872,10.);
#293=VECTOR('',#1873,10.);
#294=VECTOR('',#1874,10.);
#295=VECTOR('',#1887,10.);
#296=VECTOR('',#1900,10.);
#297=VECTOR('',#1911,10.);
#298=VECTOR('',#1912,10.);
#299=VECTOR('',#1917,10.);
#300=VECTOR('',#1918,10.);
#301=VECTOR('',#1923,10.);
#302=VECTOR('',#1926,10.);
#303=VECTOR('',#1927,10.);
#304=VECTOR('',#1930,10.);
#305=VECTOR('',#1933,10.);
#306=VECTOR('',#1936,10.);
#307=VECTOR('',#1939,10.);
#308=VECTOR('',#1942,10.);
#309=VECTOR('',#1943,10.);
#310=VECTOR('',#1946,10.);
#311=VECTOR('',#1949,10.);
#312=VECTOR('',#1954,20.7);
#313=VECTOR('',#1965,10.);
#314=VECTOR('',#1968,10.);
#315=VECTOR('',#1971,10.);
#316=VECTOR('',#1974,10.);
#317=VECTOR('',#1977,10.);
#318=VECTOR('',#1980,10.);
#319=VECTOR('',#1983,10.);
#320=VECTOR('',#1986,10.);
#321=VECTOR('',#1997,10.);
#322=VECTOR('',#1998,10.);
#323=VECTOR('',#2001,10.);
#324=VECTOR('',#2004,10.);
#325=VECTOR('',#2007,10.);
#326=VECTOR('',#2010,10.);
#327=VECTOR('',#2013,10.);
#328=VECTOR('',#2016,10.);
#329=FACE_OUTER_BOUND('',#409,.T.);
#330=FACE_OUTER_BOUND('',#411,.T.);
#331=FACE_OUTER_BOUND('',#412,.T.);
#332=FACE_OUTER_BOUND('',#413,.T.);
#333=FACE_OUTER_BOUND('',#414,.T.);
#334=FACE_OUTER_BOUND('',#415,.T.);
#335=FACE_OUTER_BOUND('',#416,.T.);
#336=FACE_OUTER_BOUND('',#417,.T.);
#337=FACE_OUTER_BOUND('',#418,.T.);
#338=FACE_OUTER_BOUND('',#419,.T.);
#339=FACE_OUTER_BOUND('',#420,.T.);
#340=FACE_OUTER_BOUND('',#421,.T.);
#341=FACE_OUTER_BOUND('',#422,.T.);
#342=FACE_OUTER_BOUND('',#423,.T.);
#343=FACE_OUTER_BOUND('',#424,.T.);
#344=FACE_OUTER_BOUND('',#427,.T.);
#345=FACE_OUTER_BOUND('',#428,.T.);
#346=FACE_OUTER_BOUND('',#429,.T.);
#347=FACE_OUTER_BOUND('',#432,.T.);
#348=FACE_OUTER_BOUND('',#433,.T.);
#349=FACE_OUTER_BOUND('',#434,.T.);
#350=FACE_OUTER_BOUND('',#435,.T.);
#351=FACE_OUTER_BOUND('',#436,.T.);
#352=FACE_OUTER_BOUND('',#437,.T.);
#353=FACE_OUTER_BOUND('',#438,.T.);
#354=FACE_OUTER_BOUND('',#439,.T.);
#355=FACE_OUTER_BOUND('',#440,.T.);
#356=FACE_OUTER_BOUND('',#441,.T.);
#357=FACE_OUTER_BOUND('',#442,.T.);
#358=FACE_OUTER_BOUND('',#443,.T.);
#359=FACE_OUTER_BOUND('',#444,.T.);
#360=FACE_OUTER_BOUND('',#445,.T.);
#361=FACE_OUTER_BOUND('',#446,.T.);
#362=FACE_OUTER_BOUND('',#447,.T.);
#363=FACE_OUTER_BOUND('',#448,.T.);
#364=FACE_OUTER_BOUND('',#449,.T.);
#365=FACE_OUTER_BOUND('',#450,.T.);
#366=FACE_OUTER_BOUND('',#451,.T.);
#367=FACE_OUTER_BOUND('',#452,.T.);
#368=FACE_OUTER_BOUND('',#453,.T.);
#369=FACE_OUTER_BOUND('',#454,.T.);
#370=FACE_OUTER_BOUND('',#455,.T.);
#371=FACE_OUTER_BOUND('',#456,.T.);
#372=FACE_OUTER_BOUND('',#457,.T.);
#373=FACE_OUTER_BOUND('',#458,.T.);
#374=FACE_OUTER_BOUND('',#459,.T.);
#375=FACE_OUTER_BOUND('',#460,.T.);
#376=FACE_OUTER_BOUND('',#461,.T.);
#377=FACE_OUTER_BOUND('',#462,.T.);
#378=FACE_OUTER_BOUND('',#463,.T.);
#379=FACE_OUTER_BOUND('',#464,.T.);
#380=FACE_OUTER_BOUND('',#465,.T.);
#381=FACE_OUTER_BOUND('',#466,.T.);
#382=FACE_OUTER_BOUND('',#467,.T.);
#383=FACE_OUTER_BOUND('',#468,.T.);
#384=FACE_OUTER_BOUND('',#469,.T.);
#385=FACE_OUTER_BOUND('',#470,.T.);
#386=FACE_OUTER_BOUND('',#471,.T.);
#387=FACE_OUTER_BOUND('',#472,.T.);
#388=FACE_OUTER_BOUND('',#473,.T.);
#389=FACE_OUTER_BOUND('',#474,.T.);
#390=FACE_OUTER_BOUND('',#475,.T.);
#391=FACE_OUTER_BOUND('',#476,.T.);
#392=FACE_OUTER_BOUND('',#477,.T.);
#393=FACE_OUTER_BOUND('',#478,.T.);
#394=FACE_OUTER_BOUND('',#479,.T.);
#395=FACE_OUTER_BOUND('',#480,.T.);
#396=FACE_OUTER_BOUND('',#481,.T.);
#397=FACE_OUTER_BOUND('',#482,.T.);
#398=FACE_OUTER_BOUND('',#483,.T.);
#399=FACE_OUTER_BOUND('',#484,.T.);
#400=FACE_OUTER_BOUND('',#485,.T.);
#401=FACE_OUTER_BOUND('',#486,.T.);
#402=FACE_OUTER_BOUND('',#487,.T.);
#403=FACE_OUTER_BOUND('',#488,.T.);
#404=FACE_OUTER_BOUND('',#489,.T.);
#405=FACE_OUTER_BOUND('',#490,.T.);
#406=FACE_OUTER_BOUND('',#491,.T.);
#407=FACE_OUTER_BOUND('',#492,.T.);
#408=FACE_OUTER_BOUND('',#493,.T.);
#409=EDGE_LOOP('',(#900));
#410=EDGE_LOOP('',(#901,#902,#903,#904,#905,#906,#907,#908,#909,#910,#911,
#912,#913,#914,#915,#916,#917,#918,#919,#920,#921,#922,#923,#924));
#411=EDGE_LOOP('',(#925,#926,#927,#928,#929));
#412=EDGE_LOOP('',(#930,#931,#932,#933));
#413=EDGE_LOOP('',(#934,#935,#936,#937));
#414=EDGE_LOOP('',(#938,#939,#940,#941));
#415=EDGE_LOOP('',(#942,#943,#944,#945,#946));
#416=EDGE_LOOP('',(#947,#948,#949,#950));
#417=EDGE_LOOP('',(#951,#952,#953,#954,#955));
#418=EDGE_LOOP('',(#956,#957,#958,#959));
#419=EDGE_LOOP('',(#960,#961,#962,#963));
#420=EDGE_LOOP('',(#964,#965,#966,#967));
#421=EDGE_LOOP('',(#968,#969,#970,#971,#972));
#422=EDGE_LOOP('',(#973,#974,#975,#976));
#423=EDGE_LOOP('',(#977,#978,#979,#980));
#424=EDGE_LOOP('',(#981,#982,#983,#984,#985,#986,#987,#988,#989,#990,#991,
#992,#993,#994,#995));
#425=EDGE_LOOP('',(#996));
#426=EDGE_LOOP('',(#997));
#427=EDGE_LOOP('',(#998,#999,#1000,#1001));
#428=EDGE_LOOP('',(#1002,#1003,#1004,#1005));
#429=EDGE_LOOP('',(#1006,#1007,#1008,#1009,#1010,#1011,#1012,#1013,#1014,
#1015,#1016,#1017,#1018,#1019,#1020));
#430=EDGE_LOOP('',(#1021));
#431=EDGE_LOOP('',(#1022));
#432=EDGE_LOOP('',(#1023,#1024,#1025,#1026));
#433=EDGE_LOOP('',(#1027,#1028,#1029,#1030));
#434=EDGE_LOOP('',(#1031,#1032,#1033,#1034));
#435=EDGE_LOOP('',(#1035,#1036,#1037,#1038));
#436=EDGE_LOOP('',(#1039,#1040,#1041,#1042));
#437=EDGE_LOOP('',(#1043,#1044,#1045,#1046));
#438=EDGE_LOOP('',(#1047,#1048,#1049,#1050));
#439=EDGE_LOOP('',(#1051,#1052,#1053,#1054));
#440=EDGE_LOOP('',(#1055,#1056,#1057,#1058));
#441=EDGE_LOOP('',(#1059,#1060,#1061,#1062));
#442=EDGE_LOOP('',(#1063,#1064,#1065,#1066));
#443=EDGE_LOOP('',(#1067,#1068,#1069,#1070,#1071,#1072,#1073,#1074,#1075,
#1076));
#444=EDGE_LOOP('',(#1077,#1078,#1079,#1080,#1081,#1082,#1083,#1084,#1085,
#1086));
#445=EDGE_LOOP('',(#1087,#1088,#1089,#1090));
#446=EDGE_LOOP('',(#1091,#1092,#1093,#1094));
#447=EDGE_LOOP('',(#1095,#1096,#1097,#1098));
#448=EDGE_LOOP('',(#1099,#1100,#1101));
#449=EDGE_LOOP('',(#1102,#1103,#1104,#1105));
#450=EDGE_LOOP('',(#1106,#1107,#1108));
#451=EDGE_LOOP('',(#1109,#1110,#1111,#1112,#1113,#1114));
#452=EDGE_LOOP('',(#1115,#1116,#1117,#1118));
#453=EDGE_LOOP('',(#1119,#1120,#1121,#1122));
#454=EDGE_LOOP('',(#1123,#1124,#1125,#1126,#1127,#1128));
#455=EDGE_LOOP('',(#1129,#1130,#1131,#1132,#1133,#1134,#1135,#1136));
#456=EDGE_LOOP('',(#1137,#1138,#1139,#1140,#1141,#1142,#1143,#1144));
#457=EDGE_LOOP('',(#1145,#1146,#1147,#1148));
#458=EDGE_LOOP('',(#1149,#1150,#1151,#1152));
#459=EDGE_LOOP('',(#1153,#1154,#1155,#1156));
#460=EDGE_LOOP('',(#1157,#1158,#1159,#1160));
#461=EDGE_LOOP('',(#1161,#1162,#1163,#1164,#1165,#1166,#1167,#1168));
#462=EDGE_LOOP('',(#1169,#1170,#1171,#1172,#1173,#1174,#1175,#1176));
#463=EDGE_LOOP('',(#1177,#1178,#1179,#1180,#1181,#1182,#1183,#1184));
#464=EDGE_LOOP('',(#1185,#1186,#1187,#1188,#1189,#1190,#1191,#1192));
#465=EDGE_LOOP('',(#1193,#1194,#1195,#1196,#1197));
#466=EDGE_LOOP('',(#1198,#1199,#1200,#1201));
#467=EDGE_LOOP('',(#1202,#1203,#1204,#1205));
#468=EDGE_LOOP('',(#1206,#1207,#1208,#1209));
#469=EDGE_LOOP('',(#1210,#1211,#1212,#1213,#1214));
#470=EDGE_LOOP('',(#1215,#1216,#1217,#1218));
#471=EDGE_LOOP('',(#1219,#1220,#1221,#1222,#1223));
#472=EDGE_LOOP('',(#1224,#1225,#1226,#1227));
#473=EDGE_LOOP('',(#1228,#1229,#1230,#1231));
#474=EDGE_LOOP('',(#1232,#1233,#1234,#1235));
#475=EDGE_LOOP('',(#1236,#1237,#1238,#1239,#1240));
#476=EDGE_LOOP('',(#1241,#1242,#1243,#1244));
#477=EDGE_LOOP('',(#1245,#1246,#1247,#1248,#1249,#1250,#1251));
#478=EDGE_LOOP('',(#1252,#1253,#1254,#1255));
#479=EDGE_LOOP('',(#1256,#1257,#1258,#1259));
#480=EDGE_LOOP('',(#1260,#1261,#1262,#1263));
#481=EDGE_LOOP('',(#1264,#1265,#1266,#1267));
#482=EDGE_LOOP('',(#1268));
#483=EDGE_LOOP('',(#1269));
#484=EDGE_LOOP('',(#1270));
#485=EDGE_LOOP('',(#1271));
#486=EDGE_LOOP('',(#1272,#1273,#1274,#1275));
#487=EDGE_LOOP('',(#1276,#1277,#1278,#1279,#1280));
#488=EDGE_LOOP('',(#1281,#1282,#1283,#1284));
#489=EDGE_LOOP('',(#1285,#1286,#1287,#1288,#1289,#1290,#1291,#1292,#1293));
#490=EDGE_LOOP('',(#1294,#1295,#1296,#1297));
#491=EDGE_LOOP('',(#1298,#1299,#1300,#1301,#1302));
#492=EDGE_LOOP('',(#1303,#1304,#1305,#1306));
#493=EDGE_LOOP('',(#1307,#1308,#1309,#1310,#1311,#1312,#1313,#1314,#1315));
#494=CIRCLE('',#1460,20.7);
#495=CIRCLE('',#1461,14.3927139286626);
#496=CIRCLE('',#1462,14.3927139286626);
#497=CIRCLE('',#1463,14.3927139286626);
#498=CIRCLE('',#1464,14.3927139286626);
#499=CIRCLE('',#1465,14.3927139286626);
#500=CIRCLE('',#1466,14.3927139286626);
#501=CIRCLE('',#1467,14.3927139286626);
#502=CIRCLE('',#1468,14.3927139286626);
#503=CIRCLE('',#1470,14.3927139286626);
#504=CIRCLE('',#1471,14.3927139286626);
#505=CIRCLE('',#1475,14.3927139286626);
#506=CIRCLE('',#1476,14.3927139286626);
#507=CIRCLE('',#1479,14.3927139286626);
#508=CIRCLE('',#1480,14.3927139286626);
#509=CIRCLE('',#1484,14.3927139286626);
#510=CIRCLE('',#1485,14.3927139286626);
#511=CIRCLE('',#1488,2.625);
#512=CIRCLE('',#1489,2.225);
#513=CIRCLE('',#1491,1.40000000000001);
#514=CIRCLE('',#1492,1.4);
#515=CIRCLE('',#1493,1.4);
#516=CIRCLE('',#1494,8.2);
#517=CIRCLE('',#1495,8.20000000000001);
#518=CIRCLE('',#1496,2.625);
#519=CIRCLE('',#1498,2.225);
#520=CIRCLE('',#1500,2.625);
#521=CIRCLE('',#1501,2.225);
#522=CIRCLE('',#1503,8.20000000000001);
#523=CIRCLE('',#1504,8.20000000000001);
#524=CIRCLE('',#1505,1.40000000000001);
#525=CIRCLE('',#1506,1.40000000000001);
#526=CIRCLE('',#1507,1.40000000000001);
#527=CIRCLE('',#1508,2.625);
#528=CIRCLE('',#1510,2.225);
#529=CIRCLE('',#1512,2.225);
#530=CIRCLE('',#1514,2.225);
#531=CIRCLE('',#1516,2.225);
#532=CIRCLE('',#1518,2.225);
#533=CIRCLE('',#1520,5.);
#534=CIRCLE('',#1521,5.);
#535=CIRCLE('',#1523,5.);
#536=CIRCLE('',#1524,5.);
#537=CIRCLE('',#1535,1.40000000000001);
#538=CIRCLE('',#1538,1.4);
#539=CIRCLE('',#1541,1.40000000000001);
#540=CIRCLE('',#1543,1.40000000000001);
#541=CIRCLE('',#1546,1.40000000000001);
#542=CIRCLE('',#1548,1.4);
#543=CIRCLE('',#1550,14.3927139286626);
#544=CIRCLE('',#1551,14.3927139286626);
#545=CIRCLE('',#1553,14.3927139286626);
#546=CIRCLE('',#1556,14.3927139286626);
#547=CIRCLE('',#1560,14.3927139286626);
#548=CIRCLE('',#1561,14.3927139286626);
#549=CIRCLE('',#1563,14.3927139286626);
#550=CIRCLE('',#1564,14.3927139286626);
#551=CIRCLE('',#1576,20.7);
#552=CIRCLE('',#1577,20.7);
#553=CIRCLE('',#1578,20.7);
#554=CIRCLE('',#1579,20.7);
#555=CIRCLE('',#1581,8.20000000000001);
#556=CIRCLE('',#1583,8.2);
#557=CIRCLE('',#1585,8.20000000000001);
#558=CIRCLE('',#1587,8.20000000000001);
#559=VERTEX_POINT('',#2021);
#560=VERTEX_POINT('',#2023);
#561=VERTEX_POINT('',#2024);
#562=VERTEX_POINT('',#2026);
#563=VERTEX_POINT('',#2028);
#564=VERTEX_POINT('',#2030);
#565=VERTEX_POINT('',#2037);
#566=VERTEX_POINT('',#2039);
#567=VERTEX_POINT('',#2041);
#568=VERTEX_POINT('',#2043);
#569=VERTEX_POINT('',#2045);
#570=VERTEX_POINT('',#2047);
#571=VERTEX_POINT('',#2052);
#572=VERTEX_POINT('',#2054);
#573=VERTEX_POINT('',#2056);
#574=VERTEX_POINT('',#2058);
#575=VERTEX_POINT('',#2060);
#576=VERTEX_POINT('',#2062);
#577=VERTEX_POINT('',#2067);
#578=VERTEX_POINT('',#2069);
#579=VERTEX_POINT('',#2071);
#580=VERTEX_POINT('',#2073);
#581=VERTEX_POINT('',#2075);
#582=VERTEX_POINT('',#2077);
#583=VERTEX_POINT('',#2082);
#584=VERTEX_POINT('',#2086);
#585=VERTEX_POINT('',#2088);
#586=VERTEX_POINT('',#2090);
#587=VERTEX_POINT('',#2094);
#588=VERTEX_POINT('',#2105);
#589=VERTEX_POINT('',#2112);
#590=VERTEX_POINT('',#2116);
#591=VERTEX_POINT('',#2118);
#592=VERTEX_POINT('',#2122);
#593=VERTEX_POINT('',#2126);
#594=VERTEX_POINT('',#2128);
#595=VERTEX_POINT('',#2132);
#596=VERTEX_POINT('',#2143);
#597=VERTEX_POINT('',#2150);
#598=VERTEX_POINT('',#2154);
#599=VERTEX_POINT('',#2156);
#600=VERTEX_POINT('',#2160);
#601=VERTEX_POINT('',#2164);
#602=VERTEX_POINT('',#2166);
#603=VERTEX_POINT('',#2170);
#604=VERTEX_POINT('',#2171);
#605=VERTEX_POINT('',#2173);
#606=VERTEX_POINT('',#2175);
#607=VERTEX_POINT('',#2177);
#608=VERTEX_POINT('',#2179);
#609=VERTEX_POINT('',#2181);
#610=VERTEX_POINT('',#2183);
#611=VERTEX_POINT('',#2185);
#612=VERTEX_POINT('',#2187);
#613=VERTEX_POINT('',#2189);
#614=VERTEX_POINT('',#2191);
#615=VERTEX_POINT('',#2193);
#616=VERTEX_POINT('',#2195);
#617=VERTEX_POINT('',#2197);
#618=VERTEX_POINT('',#2200);
#619=VERTEX_POINT('',#2203);
#620=VERTEX_POINT('',#2207);
#621=VERTEX_POINT('',#2209);
#622=VERTEX_POINT('',#2213);
#623=VERTEX_POINT('',#2214);
#624=VERTEX_POINT('',#2216);
#625=VERTEX_POINT('',#2218);
#626=VERTEX_POINT('',#2220);
#627=VERTEX_POINT('',#2222);
#628=VERTEX_POINT('',#2224);
#629=VERTEX_POINT('',#2226);
#630=VERTEX_POINT('',#2228);
#631=VERTEX_POINT('',#2230);
#632=VERTEX_POINT('',#2232);
#633=VERTEX_POINT('',#2234);
#634=VERTEX_POINT('',#2236);
#635=VERTEX_POINT('',#2238);
#636=VERTEX_POINT('',#2240);
#637=VERTEX_POINT('',#2243);
#638=VERTEX_POINT('',#2246);
#639=VERTEX_POINT('',#2250);
#640=VERTEX_POINT('',#2254);
#641=VERTEX_POINT('',#2258);
#642=VERTEX_POINT('',#2262);
#643=VERTEX_POINT('',#2266);
#644=VERTEX_POINT('',#2267);
#645=VERTEX_POINT('',#2269);
#646=VERTEX_POINT('',#2271);
#647=VERTEX_POINT('',#2275);
#648=VERTEX_POINT('',#2276);
#649=VERTEX_POINT('',#2278);
#650=VERTEX_POINT('',#2280);
#651=VERTEX_POINT('',#2296);
#652=VERTEX_POINT('',#2298);
#653=VERTEX_POINT('',#2300);
#654=VERTEX_POINT('',#2302);
#655=VERTEX_POINT('',#2306);
#656=VERTEX_POINT('',#2310);
#657=VERTEX_POINT('',#2314);
#658=VERTEX_POINT('',#2316);
#659=VERTEX_POINT('',#2320);
#660=VERTEX_POINT('',#2322);
#661=VERTEX_POINT('',#2326);
#662=VERTEX_POINT('',#2330);
#663=VERTEX_POINT('',#2338);
#664=VERTEX_POINT('',#2340);
#665=VERTEX_POINT('',#2343);
#666=VERTEX_POINT('',#2349);
#667=VERTEX_POINT('',#2353);
#668=VERTEX_POINT('',#2356);
#669=VERTEX_POINT('',#2364);
#670=VERTEX_POINT('',#2366);
#671=VERTEX_POINT('',#2373);
#672=VERTEX_POINT('',#2379);
#673=VERTEX_POINT('',#2381);
#674=VERTEX_POINT('',#2383);
#675=VERTEX_POINT('',#2385);
#676=VERTEX_POINT('',#2392);
#677=VERTEX_POINT('',#2394);
#678=VERTEX_POINT('',#2396);
#679=VERTEX_POINT('',#2401);
#680=VERTEX_POINT('',#2442);
#681=VERTEX_POINT('',#2444);
#682=VERTEX_POINT('',#2446);
#683=VERTEX_POINT('',#2448);
#684=VERTEX_POINT('',#2452);
#685=VERTEX_POINT('',#2454);
#686=VERTEX_POINT('',#2458);
#687=VERTEX_POINT('',#2460);
#688=VERTEX_POINT('',#2464);
#689=VERTEX_POINT('',#2466);
#690=VERTEX_POINT('',#2470);
#691=VERTEX_POINT('',#2472);
#692=EDGE_CURVE('',#559,#559,#494,.T.);
#693=EDGE_CURVE('',#560,#561,#59,.T.);
#694=EDGE_CURVE('',#562,#560,#495,.T.);
#695=EDGE_CURVE('',#563,#562,#60,.T.);
#696=EDGE_CURVE('',#564,#563,#51,.T.);
#697=EDGE_CURVE('',#565,#564,#61,.T.);
#698=EDGE_CURVE('',#566,#565,#496,.T.);
#699=EDGE_CURVE('',#567,#566,#62,.T.);
#700=EDGE_CURVE('',#568,#567,#497,.T.);
#701=EDGE_CURVE('',#569,#568,#63,.T.);
#702=EDGE_CURVE('',#570,#569,#52,.T.);
#703=EDGE_CURVE('',#571,#570,#64,.T.);
#704=EDGE_CURVE('',#572,#571,#498,.T.);
#705=EDGE_CURVE('',#573,#572,#65,.T.);
#706=EDGE_CURVE('',#574,#573,#499,.T.);
#707=EDGE_CURVE('',#575,#574,#66,.T.);
#708=EDGE_CURVE('',#576,#575,#53,.T.);
#709=EDGE_CURVE('',#577,#576,#67,.T.);
#710=EDGE_CURVE('',#578,#577,#500,.T.);
#711=EDGE_CURVE('',#579,#578,#68,.T.);
#712=EDGE_CURVE('',#580,#579,#501,.T.);
#713=EDGE_CURVE('',#581,#580,#69,.T.);
#714=EDGE_CURVE('',#582,#581,#54,.T.);
#715=EDGE_CURVE('',#583,#582,#70,.T.);
#716=EDGE_CURVE('',#561,#583,#502,.T.);
#717=EDGE_CURVE('',#571,#584,#71,.T.);
#718=EDGE_CURVE('',#585,#584,#503,.T.);
#719=EDGE_CURVE('',#585,#586,#504,.T.);
#720=EDGE_CURVE('',#572,#586,#72,.T.);
#721=EDGE_CURVE('',#570,#587,#73,.T.);
#722=EDGE_CURVE('',#584,#587,#74,.T.);
#723=EDGE_CURVE('',#569,#588,#75,.T.);
#724=EDGE_CURVE('',#587,#588,#55,.T.);
#725=EDGE_CURVE('',#568,#589,#76,.T.);
#726=EDGE_CURVE('',#588,#589,#77,.T.);
#727=EDGE_CURVE('',#567,#590,#78,.T.);
#728=EDGE_CURVE('',#590,#591,#505,.T.);
#729=EDGE_CURVE('',#591,#589,#506,.T.);
#730=EDGE_CURVE('',#566,#592,#79,.T.);
#731=EDGE_CURVE('',#592,#590,#80,.T.);
#732=EDGE_CURVE('',#565,#593,#81,.T.);
#733=EDGE_CURVE('',#593,#594,#507,.T.);
#734=EDGE_CURVE('',#594,#592,#508,.T.);
#735=EDGE_CURVE('',#564,#595,#82,.T.);
#736=EDGE_CURVE('',#593,#595,#83,.T.);
#737=EDGE_CURVE('',#563,#596,#84,.T.);
#738=EDGE_CURVE('',#595,#596,#56,.T.);
#739=EDGE_CURVE('',#562,#597,#85,.T.);
#740=EDGE_CURVE('',#596,#597,#86,.T.);
#741=EDGE_CURVE('',#560,#598,#87,.T.);
#742=EDGE_CURVE('',#598,#599,#509,.T.);
#743=EDGE_CURVE('',#599,#597,#510,.T.);
#744=EDGE_CURVE('',#561,#600,#88,.T.);
#745=EDGE_CURVE('',#600,#598,#89,.T.);
#746=EDGE_CURVE('',#601,#601,#511,.T.);
#747=EDGE_CURVE('',#601,#602,#90,.T.);
#748=EDGE_CURVE('',#602,#602,#512,.T.);
#749=EDGE_CURVE('',#603,#604,#91,.T.);
#750=EDGE_CURVE('',#604,#605,#92,.T.);
#751=EDGE_CURVE('',#605,#606,#513,.T.);
#752=EDGE_CURVE('',#606,#607,#93,.T.);
#753=EDGE_CURVE('',#607,#608,#514,.T.);
#754=EDGE_CURVE('',#608,#609,#94,.T.);
#755=EDGE_CURVE('',#609,#610,#95,.T.);
#756=EDGE_CURVE('',#610,#611,#515,.T.);
#757=EDGE_CURVE('',#611,#612,#96,.T.);
#758=EDGE_CURVE('',#612,#613,#97,.T.);
#759=EDGE_CURVE('',#613,#614,#98,.T.);
#760=EDGE_CURVE('',#614,#615,#516,.T.);
#761=EDGE_CURVE('',#615,#616,#99,.T.);
#762=EDGE_CURVE('',#616,#617,#517,.T.);
#763=EDGE_CURVE('',#617,#603,#100,.T.);
#764=EDGE_CURVE('',#618,#618,#518,.T.);
#765=EDGE_CURVE('',#619,#619,#519,.T.);
#766=EDGE_CURVE('',#619,#602,#101,.T.);
#767=EDGE_CURVE('',#620,#620,#520,.T.);
#768=EDGE_CURVE('',#620,#621,#102,.T.);
#769=EDGE_CURVE('',#621,#621,#521,.T.);
#770=EDGE_CURVE('',#622,#623,#103,.T.);
#771=EDGE_CURVE('',#623,#624,#104,.T.);
#772=EDGE_CURVE('',#624,#625,#522,.T.);
#773=EDGE_CURVE('',#625,#626,#105,.T.);
#774=EDGE_CURVE('',#626,#627,#523,.T.);
#775=EDGE_CURVE('',#627,#628,#106,.T.);
#776=EDGE_CURVE('',#628,#629,#107,.T.);
#777=EDGE_CURVE('',#629,#630,#108,.T.);
#778=EDGE_CURVE('',#630,#631,#524,.T.);
#779=EDGE_CURVE('',#631,#632,#109,.T.);
#780=EDGE_CURVE('',#632,#633,#110,.T.);
#781=EDGE_CURVE('',#633,#634,#525,.T.);
#782=EDGE_CURVE('',#634,#635,#111,.T.);
#783=EDGE_CURVE('',#635,#636,#526,.T.);
#784=EDGE_CURVE('',#636,#622,#112,.T.);
#785=EDGE_CURVE('',#637,#637,#527,.T.);
#786=EDGE_CURVE('',#638,#638,#528,.T.);
#787=EDGE_CURVE('',#638,#621,#113,.T.);
#788=EDGE_CURVE('',#637,#639,#114,.T.);
#789=EDGE_CURVE('',#639,#639,#529,.T.);
#790=EDGE_CURVE('',#640,#640,#530,.T.);
#791=EDGE_CURVE('',#640,#639,#115,.T.);
#792=EDGE_CURVE('',#618,#641,#116,.T.);
#793=EDGE_CURVE('',#641,#641,#531,.T.);
#794=EDGE_CURVE('',#642,#642,#532,.T.);
#795=EDGE_CURVE('',#642,#641,#117,.T.);
#796=EDGE_CURVE('',#643,#644,#533,.T.);
#797=EDGE_CURVE('',#644,#645,#118,.T.);
#798=EDGE_CURVE('',#645,#646,#534,.T.);
#799=EDGE_CURVE('',#646,#643,#119,.T.);
#800=EDGE_CURVE('',#647,#648,#535,.T.);
#801=EDGE_CURVE('',#648,#649,#120,.T.);
#802=EDGE_CURVE('',#649,#650,#536,.T.);
#803=EDGE_CURVE('',#650,#647,#121,.T.);
#804=EDGE_CURVE('',#604,#648,#122,.T.);
#805=EDGE_CURVE('',#649,#603,#123,.T.);
#806=EDGE_CURVE('',#623,#650,#124,.T.);
#807=EDGE_CURVE('',#647,#622,#125,.T.);
#808=EDGE_CURVE('',#613,#644,#126,.T.);
#809=EDGE_CURVE('',#645,#612,#127,.T.);
#810=EDGE_CURVE('',#629,#646,#128,.T.);
#811=EDGE_CURVE('',#643,#628,#129,.T.);
#812=EDGE_CURVE('',#636,#651,#130,.T.);
#813=EDGE_CURVE('',#651,#652,#131,.T.);
#814=EDGE_CURVE('',#653,#652,#132,.T.);
#815=EDGE_CURVE('',#653,#654,#133,.T.);
#816=EDGE_CURVE('',#605,#654,#134,.T.);
#817=EDGE_CURVE('',#611,#655,#135,.T.);
#818=EDGE_CURVE('',#655,#591,#136,.T.);
#819=EDGE_CURVE('',#594,#591,#137,.T.);
#820=EDGE_CURVE('',#594,#656,#138,.T.);
#821=EDGE_CURVE('',#630,#656,#139,.T.);
#822=EDGE_CURVE('',#657,#608,#140,.T.);
#823=EDGE_CURVE('',#657,#658,#141,.T.);
#824=EDGE_CURVE('',#658,#609,#142,.T.);
#825=EDGE_CURVE('',#659,#631,#143,.T.);
#826=EDGE_CURVE('',#659,#660,#144,.T.);
#827=EDGE_CURVE('',#660,#632,#145,.T.);
#828=EDGE_CURVE('',#658,#661,#146,.T.);
#829=EDGE_CURVE('',#610,#661,#147,.T.);
#830=EDGE_CURVE('',#662,#659,#537,.T.);
#831=EDGE_CURVE('',#660,#662,#148,.T.);
#832=EDGE_CURVE('',#633,#662,#149,.T.);
#833=EDGE_CURVE('',#661,#657,#538,.T.);
#834=EDGE_CURVE('',#606,#663,#150,.T.);
#835=EDGE_CURVE('',#663,#664,#151,.T.);
#836=EDGE_CURVE('',#585,#664,#152,.T.);
#837=EDGE_CURVE('',#585,#665,#153,.T.);
#838=EDGE_CURVE('',#607,#665,#154,.T.);
#839=EDGE_CURVE('',#654,#663,#539,.T.);
#840=EDGE_CURVE('',#635,#666,#155,.T.);
#841=EDGE_CURVE('',#666,#651,#540,.T.);
#842=EDGE_CURVE('',#634,#667,#156,.T.);
#843=EDGE_CURVE('',#667,#599,#157,.T.);
#844=EDGE_CURVE('',#668,#599,#158,.T.);
#845=EDGE_CURVE('',#668,#666,#159,.T.);
#846=EDGE_CURVE('',#656,#667,#541,.T.);
#847=EDGE_CURVE('',#665,#655,#542,.T.);
#848=EDGE_CURVE('',#669,#652,#543,.T.);
#849=EDGE_CURVE('',#670,#669,#160,.T.);
#850=EDGE_CURVE('',#653,#670,#544,.T.);
#851=EDGE_CURVE('',#668,#600,#545,.T.);
#852=EDGE_CURVE('',#671,#664,#546,.T.);
#853=EDGE_CURVE('',#586,#671,#161,.T.);
#854=EDGE_CURVE('',#652,#672,#547,.T.);
#855=EDGE_CURVE('',#673,#668,#548,.T.);
#856=EDGE_CURVE('',#673,#674,#162,.T.);
#857=EDGE_CURVE('',#674,#675,#57,.T.);
#858=EDGE_CURVE('',#675,#672,#163,.T.);
#859=EDGE_CURVE('',#653,#676,#549,.T.);
#860=EDGE_CURVE('',#676,#677,#164,.T.);
#861=EDGE_CURVE('',#677,#678,#58,.T.);
#862=EDGE_CURVE('',#678,#679,#165,.T.);
#863=EDGE_CURVE('',#664,#679,#550,.T.);
#864=EDGE_CURVE('',#583,#673,#166,.T.);
#865=EDGE_CURVE('',#582,#674,#167,.T.);
#866=EDGE_CURVE('',#581,#675,#168,.T.);
#867=EDGE_CURVE('',#580,#672,#169,.T.);
#868=EDGE_CURVE('',#579,#669,#170,.T.);
#869=EDGE_CURVE('',#578,#670,#171,.T.);
#870=EDGE_CURVE('',#577,#676,#172,.T.);
#871=EDGE_CURVE('',#576,#677,#173,.T.);
#872=EDGE_CURVE('',#575,#678,#174,.T.);
#873=EDGE_CURVE('',#574,#679,#175,.T.);
#874=EDGE_CURVE('',#573,#671,#176,.T.);
#875=EDGE_CURVE('',#559,#680,#177,.T.);
#876=EDGE_CURVE('',#681,#680,#551,.T.);
#877=EDGE_CURVE('',#682,#681,#552,.T.);
#878=EDGE_CURVE('',#683,#682,#553,.T.);
#879=EDGE_CURVE('',#680,#683,#554,.T.);
#880=EDGE_CURVE('',#683,#684,#178,.T.);
#881=EDGE_CURVE('',#684,#685,#555,.T.);
#882=EDGE_CURVE('',#685,#680,#179,.T.);
#883=EDGE_CURVE('',#682,#686,#180,.T.);
#884=EDGE_CURVE('',#686,#687,#556,.T.);
#885=EDGE_CURVE('',#687,#683,#181,.T.);
#886=EDGE_CURVE('',#681,#688,#182,.T.);
#887=EDGE_CURVE('',#688,#689,#557,.T.);
#888=EDGE_CURVE('',#689,#682,#183,.T.);
#889=EDGE_CURVE('',#680,#690,#184,.T.);
#890=EDGE_CURVE('',#690,#691,#558,.T.);
#891=EDGE_CURVE('',#691,#681,#185,.T.);
#892=EDGE_CURVE('',#687,#614,#186,.T.);
#893=EDGE_CURVE('',#686,#615,#187,.T.);
#894=EDGE_CURVE('',#689,#616,#188,.T.);
#895=EDGE_CURVE('',#688,#617,#189,.T.);
#896=EDGE_CURVE('',#691,#624,#190,.T.);
#897=EDGE_CURVE('',#690,#625,#191,.T.);
#898=EDGE_CURVE('',#685,#626,#192,.T.);
#899=EDGE_CURVE('',#627,#684,#193,.T.);
#900=ORIENTED_EDGE('',*,*,#692,.F.);
#901=ORIENTED_EDGE('',*,*,#693,.F.);
#902=ORIENTED_EDGE('',*,*,#694,.F.);
#903=ORIENTED_EDGE('',*,*,#695,.F.);
#904=ORIENTED_EDGE('',*,*,#696,.F.);
#905=ORIENTED_EDGE('',*,*,#697,.F.);
#906=ORIENTED_EDGE('',*,*,#698,.F.);
#907=ORIENTED_EDGE('',*,*,#699,.F.);
#908=ORIENTED_EDGE('',*,*,#700,.F.);
#909=ORIENTED_EDGE('',*,*,#701,.F.);
#910=ORIENTED_EDGE('',*,*,#702,.F.);
#911=ORIENTED_EDGE('',*,*,#703,.F.);
#912=ORIENTED_EDGE('',*,*,#704,.F.);
#913=ORIENTED_EDGE('',*,*,#705,.F.);
#914=ORIENTED_EDGE('',*,*,#706,.F.);
#915=ORIENTED_EDGE('',*,*,#707,.F.);
#916=ORIENTED_EDGE('',*,*,#708,.F.);
#917=ORIENTED_EDGE('',*,*,#709,.F.);
#918=ORIENTED_EDGE('',*,*,#710,.F.);
#919=ORIENTED_EDGE('',*,*,#711,.F.);
#920=ORIENTED_EDGE('',*,*,#712,.F.);
#921=ORIENTED_EDGE('',*,*,#713,.F.);
#922=ORIENTED_EDGE('',*,*,#714,.F.);
#923=ORIENTED_EDGE('',*,*,#715,.F.);
#924=ORIENTED_EDGE('',*,*,#716,.F.);
#925=ORIENTED_EDGE('',*,*,#704,.T.);
#926=ORIENTED_EDGE('',*,*,#717,.T.);
#927=ORIENTED_EDGE('',*,*,#718,.F.);
#928=ORIENTED_EDGE('',*,*,#719,.T.);
#929=ORIENTED_EDGE('',*,*,#720,.F.);
#930=ORIENTED_EDGE('',*,*,#703,.T.);
#931=ORIENTED_EDGE('',*,*,#721,.T.);
#932=ORIENTED_EDGE('',*,*,#722,.F.);
#933=ORIENTED_EDGE('',*,*,#717,.F.);
#934=ORIENTED_EDGE('',*,*,#702,.T.);
#935=ORIENTED_EDGE('',*,*,#723,.T.);
#936=ORIENTED_EDGE('',*,*,#724,.F.);
#937=ORIENTED_EDGE('',*,*,#721,.F.);
#938=ORIENTED_EDGE('',*,*,#701,.T.);
#939=ORIENTED_EDGE('',*,*,#725,.T.);
#940=ORIENTED_EDGE('',*,*,#726,.F.);
#941=ORIENTED_EDGE('',*,*,#723,.F.);
#942=ORIENTED_EDGE('',*,*,#700,.T.);
#943=ORIENTED_EDGE('',*,*,#727,.T.);
#944=ORIENTED_EDGE('',*,*,#728,.T.);
#945=ORIENTED_EDGE('',*,*,#729,.T.);
#946=ORIENTED_EDGE('',*,*,#725,.F.);
#947=ORIENTED_EDGE('',*,*,#699,.T.);
#948=ORIENTED_EDGE('',*,*,#730,.T.);
#949=ORIENTED_EDGE('',*,*,#731,.T.);
#950=ORIENTED_EDGE('',*,*,#727,.F.);
#951=ORIENTED_EDGE('',*,*,#698,.T.);
#952=ORIENTED_EDGE('',*,*,#732,.T.);
#953=ORIENTED_EDGE('',*,*,#733,.T.);
#954=ORIENTED_EDGE('',*,*,#734,.T.);
#955=ORIENTED_EDGE('',*,*,#730,.F.);
#956=ORIENTED_EDGE('',*,*,#697,.T.);
#957=ORIENTED_EDGE('',*,*,#735,.T.);
#958=ORIENTED_EDGE('',*,*,#736,.F.);
#959=ORIENTED_EDGE('',*,*,#732,.F.);
#960=ORIENTED_EDGE('',*,*,#696,.T.);
#961=ORIENTED_EDGE('',*,*,#737,.T.);
#962=ORIENTED_EDGE('',*,*,#738,.F.);
#963=ORIENTED_EDGE('',*,*,#735,.F.);
#964=ORIENTED_EDGE('',*,*,#695,.T.);
#965=ORIENTED_EDGE('',*,*,#739,.T.);
#966=ORIENTED_EDGE('',*,*,#740,.F.);
#967=ORIENTED_EDGE('',*,*,#737,.F.);
#968=ORIENTED_EDGE('',*,*,#694,.T.);
#969=ORIENTED_EDGE('',*,*,#741,.T.);
#970=ORIENTED_EDGE('',*,*,#742,.T.);
#971=ORIENTED_EDGE('',*,*,#743,.T.);
#972=ORIENTED_EDGE('',*,*,#739,.F.);
#973=ORIENTED_EDGE('',*,*,#693,.T.);
#974=ORIENTED_EDGE('',*,*,#744,.T.);
#975=ORIENTED_EDGE('',*,*,#745,.T.);
#976=ORIENTED_EDGE('',*,*,#741,.F.);
#977=ORIENTED_EDGE('',*,*,#746,.T.);
#978=ORIENTED_EDGE('',*,*,#747,.T.);
#979=ORIENTED_EDGE('',*,*,#748,.T.);
#980=ORIENTED_EDGE('',*,*,#747,.F.);
#981=ORIENTED_EDGE('',*,*,#749,.T.);
#982=ORIENTED_EDGE('',*,*,#750,.T.);
#983=ORIENTED_EDGE('',*,*,#751,.T.);
#984=ORIENTED_EDGE('',*,*,#752,.T.);
#985=ORIENTED_EDGE('',*,*,#753,.T.);
#986=ORIENTED_EDGE('',*,*,#754,.T.);
#987=ORIENTED_EDGE('',*,*,#755,.T.);
#988=ORIENTED_EDGE('',*,*,#756,.T.);
#989=ORIENTED_EDGE('',*,*,#757,.T.);
#990=ORIENTED_EDGE('',*,*,#758,.T.);
#991=ORIENTED_EDGE('',*,*,#759,.T.);
#992=ORIENTED_EDGE('',*,*,#760,.T.);
#993=ORIENTED_EDGE('',*,*,#761,.T.);
#994=ORIENTED_EDGE('',*,*,#762,.T.);
#995=ORIENTED_EDGE('',*,*,#763,.T.);
#996=ORIENTED_EDGE('',*,*,#764,.F.);
#997=ORIENTED_EDGE('',*,*,#746,.F.);
#998=ORIENTED_EDGE('',*,*,#765,.F.);
#999=ORIENTED_EDGE('',*,*,#766,.T.);
#1000=ORIENTED_EDGE('',*,*,#748,.F.);
#1001=ORIENTED_EDGE('',*,*,#766,.F.);
#1002=ORIENTED_EDGE('',*,*,#767,.T.);
#1003=ORIENTED_EDGE('',*,*,#768,.T.);
#1004=ORIENTED_EDGE('',*,*,#769,.T.);
#1005=ORIENTED_EDGE('',*,*,#768,.F.);
#1006=ORIENTED_EDGE('',*,*,#770,.T.);
#1007=ORIENTED_EDGE('',*,*,#771,.T.);
#1008=ORIENTED_EDGE('',*,*,#772,.T.);
#1009=ORIENTED_EDGE('',*,*,#773,.T.);
#1010=ORIENTED_EDGE('',*,*,#774,.T.);
#1011=ORIENTED_EDGE('',*,*,#775,.T.);
#1012=ORIENTED_EDGE('',*,*,#776,.T.);
#1013=ORIENTED_EDGE('',*,*,#777,.T.);
#1014=ORIENTED_EDGE('',*,*,#778,.T.);
#1015=ORIENTED_EDGE('',*,*,#779,.T.);
#1016=ORIENTED_EDGE('',*,*,#780,.T.);
#1017=ORIENTED_EDGE('',*,*,#781,.T.);
#1018=ORIENTED_EDGE('',*,*,#782,.T.);
#1019=ORIENTED_EDGE('',*,*,#783,.T.);
#1020=ORIENTED_EDGE('',*,*,#784,.T.);
#1021=ORIENTED_EDGE('',*,*,#785,.F.);
#1022=ORIENTED_EDGE('',*,*,#767,.F.);
#1023=ORIENTED_EDGE('',*,*,#786,.F.);
#1024=ORIENTED_EDGE('',*,*,#787,.T.);
#1025=ORIENTED_EDGE('',*,*,#769,.F.);
#1026=ORIENTED_EDGE('',*,*,#787,.F.);
#1027=ORIENTED_EDGE('',*,*,#785,.T.);
#1028=ORIENTED_EDGE('',*,*,#788,.T.);
#1029=ORIENTED_EDGE('',*,*,#789,.T.);
#1030=ORIENTED_EDGE('',*,*,#788,.F.);
#1031=ORIENTED_EDGE('',*,*,#790,.F.);
#1032=ORIENTED_EDGE('',*,*,#791,.T.);
#1033=ORIENTED_EDGE('',*,*,#789,.F.);
#1034=ORIENTED_EDGE('',*,*,#791,.F.);
#1035=ORIENTED_EDGE('',*,*,#764,.T.);
#1036=ORIENTED_EDGE('',*,*,#792,.T.);
#1037=ORIENTED_EDGE('',*,*,#793,.T.);
#1038=ORIENTED_EDGE('',*,*,#792,.F.);
#1039=ORIENTED_EDGE('',*,*,#794,.F.);
#1040=ORIENTED_EDGE('',*,*,#795,.T.);
#1041=ORIENTED_EDGE('',*,*,#793,.F.);
#1042=ORIENTED_EDGE('',*,*,#795,.F.);
#1043=ORIENTED_EDGE('',*,*,#796,.T.);
#1044=ORIENTED_EDGE('',*,*,#797,.T.);
#1045=ORIENTED_EDGE('',*,*,#798,.T.);
#1046=ORIENTED_EDGE('',*,*,#799,.T.);
#1047=ORIENTED_EDGE('',*,*,#800,.T.);
#1048=ORIENTED_EDGE('',*,*,#801,.T.);
#1049=ORIENTED_EDGE('',*,*,#802,.T.);
#1050=ORIENTED_EDGE('',*,*,#803,.T.);
#1051=ORIENTED_EDGE('',*,*,#801,.F.);
#1052=ORIENTED_EDGE('',*,*,#804,.F.);
#1053=ORIENTED_EDGE('',*,*,#749,.F.);
#1054=ORIENTED_EDGE('',*,*,#805,.F.);
#1055=ORIENTED_EDGE('',*,*,#803,.F.);
#1056=ORIENTED_EDGE('',*,*,#806,.F.);
#1057=ORIENTED_EDGE('',*,*,#770,.F.);
#1058=ORIENTED_EDGE('',*,*,#807,.F.);
#1059=ORIENTED_EDGE('',*,*,#797,.F.);
#1060=ORIENTED_EDGE('',*,*,#808,.F.);
#1061=ORIENTED_EDGE('',*,*,#758,.F.);
#1062=ORIENTED_EDGE('',*,*,#809,.F.);
#1063=ORIENTED_EDGE('',*,*,#799,.F.);
#1064=ORIENTED_EDGE('',*,*,#810,.F.);
#1065=ORIENTED_EDGE('',*,*,#776,.F.);
#1066=ORIENTED_EDGE('',*,*,#811,.F.);
#1067=ORIENTED_EDGE('',*,*,#804,.T.);
#1068=ORIENTED_EDGE('',*,*,#800,.F.);
#1069=ORIENTED_EDGE('',*,*,#807,.T.);
#1070=ORIENTED_EDGE('',*,*,#784,.F.);
#1071=ORIENTED_EDGE('',*,*,#812,.T.);
#1072=ORIENTED_EDGE('',*,*,#813,.T.);
#1073=ORIENTED_EDGE('',*,*,#814,.F.);
#1074=ORIENTED_EDGE('',*,*,#815,.T.);
#1075=ORIENTED_EDGE('',*,*,#816,.F.);
#1076=ORIENTED_EDGE('',*,*,#750,.F.);
#1077=ORIENTED_EDGE('',*,*,#810,.T.);
#1078=ORIENTED_EDGE('',*,*,#798,.F.);
#1079=ORIENTED_EDGE('',*,*,#809,.T.);
#1080=ORIENTED_EDGE('',*,*,#757,.F.);
#1081=ORIENTED_EDGE('',*,*,#817,.T.);
#1082=ORIENTED_EDGE('',*,*,#818,.T.);
#1083=ORIENTED_EDGE('',*,*,#819,.F.);
#1084=ORIENTED_EDGE('',*,*,#820,.T.);
#1085=ORIENTED_EDGE('',*,*,#821,.F.);
#1086=ORIENTED_EDGE('',*,*,#777,.F.);
#1087=ORIENTED_EDGE('',*,*,#822,.F.);
#1088=ORIENTED_EDGE('',*,*,#823,.T.);
#1089=ORIENTED_EDGE('',*,*,#824,.T.);
#1090=ORIENTED_EDGE('',*,*,#754,.F.);
#1091=ORIENTED_EDGE('',*,*,#825,.F.);
#1092=ORIENTED_EDGE('',*,*,#826,.T.);
#1093=ORIENTED_EDGE('',*,*,#827,.T.);
#1094=ORIENTED_EDGE('',*,*,#779,.F.);
#1095=ORIENTED_EDGE('',*,*,#755,.F.);
#1096=ORIENTED_EDGE('',*,*,#824,.F.);
#1097=ORIENTED_EDGE('',*,*,#828,.T.);
#1098=ORIENTED_EDGE('',*,*,#829,.F.);
#1099=ORIENTED_EDGE('',*,*,#830,.F.);
#1100=ORIENTED_EDGE('',*,*,#831,.F.);
#1101=ORIENTED_EDGE('',*,*,#826,.F.);
#1102=ORIENTED_EDGE('',*,*,#780,.F.);
#1103=ORIENTED_EDGE('',*,*,#827,.F.);
#1104=ORIENTED_EDGE('',*,*,#831,.T.);
#1105=ORIENTED_EDGE('',*,*,#832,.F.);
#1106=ORIENTED_EDGE('',*,*,#833,.F.);
#1107=ORIENTED_EDGE('',*,*,#828,.F.);
#1108=ORIENTED_EDGE('',*,*,#823,.F.);
#1109=ORIENTED_EDGE('',*,*,#752,.F.);
#1110=ORIENTED_EDGE('',*,*,#834,.T.);
#1111=ORIENTED_EDGE('',*,*,#835,.T.);
#1112=ORIENTED_EDGE('',*,*,#836,.F.);
#1113=ORIENTED_EDGE('',*,*,#837,.T.);
#1114=ORIENTED_EDGE('',*,*,#838,.F.);
#1115=ORIENTED_EDGE('',*,*,#751,.F.);
#1116=ORIENTED_EDGE('',*,*,#816,.T.);
#1117=ORIENTED_EDGE('',*,*,#839,.T.);
#1118=ORIENTED_EDGE('',*,*,#834,.F.);
#1119=ORIENTED_EDGE('',*,*,#783,.F.);
#1120=ORIENTED_EDGE('',*,*,#840,.T.);
#1121=ORIENTED_EDGE('',*,*,#841,.T.);
#1122=ORIENTED_EDGE('',*,*,#812,.F.);
#1123=ORIENTED_EDGE('',*,*,#782,.F.);
#1124=ORIENTED_EDGE('',*,*,#842,.T.);
#1125=ORIENTED_EDGE('',*,*,#843,.T.);
#1126=ORIENTED_EDGE('',*,*,#844,.F.);
#1127=ORIENTED_EDGE('',*,*,#845,.T.);
#1128=ORIENTED_EDGE('',*,*,#840,.F.);
#1129=ORIENTED_EDGE('',*,*,#825,.T.);
#1130=ORIENTED_EDGE('',*,*,#778,.F.);
#1131=ORIENTED_EDGE('',*,*,#821,.T.);
#1132=ORIENTED_EDGE('',*,*,#846,.T.);
#1133=ORIENTED_EDGE('',*,*,#842,.F.);
#1134=ORIENTED_EDGE('',*,*,#781,.F.);
#1135=ORIENTED_EDGE('',*,*,#832,.T.);
#1136=ORIENTED_EDGE('',*,*,#830,.T.);
#1137=ORIENTED_EDGE('',*,*,#822,.T.);
#1138=ORIENTED_EDGE('',*,*,#753,.F.);
#1139=ORIENTED_EDGE('',*,*,#838,.T.);
#1140=ORIENTED_EDGE('',*,*,#847,.T.);
#1141=ORIENTED_EDGE('',*,*,#817,.F.);
#1142=ORIENTED_EDGE('',*,*,#756,.F.);
#1143=ORIENTED_EDGE('',*,*,#829,.T.);
#1144=ORIENTED_EDGE('',*,*,#833,.T.);
#1145=ORIENTED_EDGE('',*,*,#814,.T.);
#1146=ORIENTED_EDGE('',*,*,#848,.F.);
#1147=ORIENTED_EDGE('',*,*,#849,.F.);
#1148=ORIENTED_EDGE('',*,*,#850,.F.);
#1149=ORIENTED_EDGE('',*,*,#844,.T.);
#1150=ORIENTED_EDGE('',*,*,#742,.F.);
#1151=ORIENTED_EDGE('',*,*,#745,.F.);
#1152=ORIENTED_EDGE('',*,*,#851,.F.);
#1153=ORIENTED_EDGE('',*,*,#819,.T.);
#1154=ORIENTED_EDGE('',*,*,#728,.F.);
#1155=ORIENTED_EDGE('',*,*,#731,.F.);
#1156=ORIENTED_EDGE('',*,*,#734,.F.);
#1157=ORIENTED_EDGE('',*,*,#836,.T.);
#1158=ORIENTED_EDGE('',*,*,#852,.F.);
#1159=ORIENTED_EDGE('',*,*,#853,.F.);
#1160=ORIENTED_EDGE('',*,*,#719,.F.);
#1161=ORIENTED_EDGE('',*,*,#718,.T.);
#1162=ORIENTED_EDGE('',*,*,#722,.T.);
#1163=ORIENTED_EDGE('',*,*,#724,.T.);
#1164=ORIENTED_EDGE('',*,*,#726,.T.);
#1165=ORIENTED_EDGE('',*,*,#729,.F.);
#1166=ORIENTED_EDGE('',*,*,#818,.F.);
#1167=ORIENTED_EDGE('',*,*,#847,.F.);
#1168=ORIENTED_EDGE('',*,*,#837,.F.);
#1169=ORIENTED_EDGE('',*,*,#743,.F.);
#1170=ORIENTED_EDGE('',*,*,#843,.F.);
#1171=ORIENTED_EDGE('',*,*,#846,.F.);
#1172=ORIENTED_EDGE('',*,*,#820,.F.);
#1173=ORIENTED_EDGE('',*,*,#733,.F.);
#1174=ORIENTED_EDGE('',*,*,#736,.T.);
#1175=ORIENTED_EDGE('',*,*,#738,.T.);
#1176=ORIENTED_EDGE('',*,*,#740,.T.);
#1177=ORIENTED_EDGE('',*,*,#854,.F.);
#1178=ORIENTED_EDGE('',*,*,#813,.F.);
#1179=ORIENTED_EDGE('',*,*,#841,.F.);
#1180=ORIENTED_EDGE('',*,*,#845,.F.);
#1181=ORIENTED_EDGE('',*,*,#855,.F.);
#1182=ORIENTED_EDGE('',*,*,#856,.T.);
#1183=ORIENTED_EDGE('',*,*,#857,.T.);
#1184=ORIENTED_EDGE('',*,*,#858,.T.);
#1185=ORIENTED_EDGE('',*,*,#859,.T.);
#1186=ORIENTED_EDGE('',*,*,#860,.T.);
#1187=ORIENTED_EDGE('',*,*,#861,.T.);
#1188=ORIENTED_EDGE('',*,*,#862,.T.);
#1189=ORIENTED_EDGE('',*,*,#863,.F.);
#1190=ORIENTED_EDGE('',*,*,#835,.F.);
#1191=ORIENTED_EDGE('',*,*,#839,.F.);
#1192=ORIENTED_EDGE('',*,*,#815,.F.);
#1193=ORIENTED_EDGE('',*,*,#716,.T.);
#1194=ORIENTED_EDGE('',*,*,#864,.T.);
#1195=ORIENTED_EDGE('',*,*,#855,.T.);
#1196=ORIENTED_EDGE('',*,*,#851,.T.);
#1197=ORIENTED_EDGE('',*,*,#744,.F.);
#1198=ORIENTED_EDGE('',*,*,#715,.T.);
#1199=ORIENTED_EDGE('',*,*,#865,.T.);
#1200=ORIENTED_EDGE('',*,*,#856,.F.);
#1201=ORIENTED_EDGE('',*,*,#864,.F.);
#1202=ORIENTED_EDGE('',*,*,#714,.T.);
#1203=ORIENTED_EDGE('',*,*,#866,.T.);
#1204=ORIENTED_EDGE('',*,*,#857,.F.);
#1205=ORIENTED_EDGE('',*,*,#865,.F.);
#1206=ORIENTED_EDGE('',*,*,#713,.T.);
#1207=ORIENTED_EDGE('',*,*,#867,.T.);
#1208=ORIENTED_EDGE('',*,*,#858,.F.);
#1209=ORIENTED_EDGE('',*,*,#866,.F.);
#1210=ORIENTED_EDGE('',*,*,#712,.T.);
#1211=ORIENTED_EDGE('',*,*,#868,.T.);
#1212=ORIENTED_EDGE('',*,*,#848,.T.);
#1213=ORIENTED_EDGE('',*,*,#854,.T.);
#1214=ORIENTED_EDGE('',*,*,#867,.F.);
#1215=ORIENTED_EDGE('',*,*,#711,.T.);
#1216=ORIENTED_EDGE('',*,*,#869,.T.);
#1217=ORIENTED_EDGE('',*,*,#849,.T.);
#1218=ORIENTED_EDGE('',*,*,#868,.F.);
#1219=ORIENTED_EDGE('',*,*,#710,.T.);
#1220=ORIENTED_EDGE('',*,*,#870,.T.);
#1221=ORIENTED_EDGE('',*,*,#859,.F.);
#1222=ORIENTED_EDGE('',*,*,#850,.T.);
#1223=ORIENTED_EDGE('',*,*,#869,.F.);
#1224=ORIENTED_EDGE('',*,*,#709,.T.);
#1225=ORIENTED_EDGE('',*,*,#871,.T.);
#1226=ORIENTED_EDGE('',*,*,#860,.F.);
#1227=ORIENTED_EDGE('',*,*,#870,.F.);
#1228=ORIENTED_EDGE('',*,*,#708,.T.);
#1229=ORIENTED_EDGE('',*,*,#872,.T.);
#1230=ORIENTED_EDGE('',*,*,#861,.F.);
#1231=ORIENTED_EDGE('',*,*,#871,.F.);
#1232=ORIENTED_EDGE('',*,*,#707,.T.);
#1233=ORIENTED_EDGE('',*,*,#873,.T.);
#1234=ORIENTED_EDGE('',*,*,#862,.F.);
#1235=ORIENTED_EDGE('',*,*,#872,.F.);
#1236=ORIENTED_EDGE('',*,*,#706,.T.);
#1237=ORIENTED_EDGE('',*,*,#874,.T.);
#1238=ORIENTED_EDGE('',*,*,#852,.T.);
#1239=ORIENTED_EDGE('',*,*,#863,.T.);
#1240=ORIENTED_EDGE('',*,*,#873,.F.);
#1241=ORIENTED_EDGE('',*,*,#705,.T.);
#1242=ORIENTED_EDGE('',*,*,#720,.T.);
#1243=ORIENTED_EDGE('',*,*,#853,.T.);
#1244=ORIENTED_EDGE('',*,*,#874,.F.);
#1245=ORIENTED_EDGE('',*,*,#692,.T.);
#1246=ORIENTED_EDGE('',*,*,#875,.T.);
#1247=ORIENTED_EDGE('',*,*,#876,.F.);
#1248=ORIENTED_EDGE('',*,*,#877,.F.);
#1249=ORIENTED_EDGE('',*,*,#878,.F.);
#1250=ORIENTED_EDGE('',*,*,#879,.F.);
#1251=ORIENTED_EDGE('',*,*,#875,.F.);
#1252=ORIENTED_EDGE('',*,*,#879,.T.);
#1253=ORIENTED_EDGE('',*,*,#880,.T.);
#1254=ORIENTED_EDGE('',*,*,#881,.T.);
#1255=ORIENTED_EDGE('',*,*,#882,.T.);
#1256=ORIENTED_EDGE('',*,*,#878,.T.);
#1257=ORIENTED_EDGE('',*,*,#883,.T.);
#1258=ORIENTED_EDGE('',*,*,#884,.T.);
#1259=ORIENTED_EDGE('',*,*,#885,.T.);
#1260=ORIENTED_EDGE('',*,*,#877,.T.);
#1261=ORIENTED_EDGE('',*,*,#886,.T.);
#1262=ORIENTED_EDGE('',*,*,#887,.T.);
#1263=ORIENTED_EDGE('',*,*,#888,.T.);
#1264=ORIENTED_EDGE('',*,*,#876,.T.);
#1265=ORIENTED_EDGE('',*,*,#889,.T.);
#1266=ORIENTED_EDGE('',*,*,#890,.T.);
#1267=ORIENTED_EDGE('',*,*,#891,.T.);
#1268=ORIENTED_EDGE('',*,*,#790,.T.);
#1269=ORIENTED_EDGE('',*,*,#786,.T.);
#1270=ORIENTED_EDGE('',*,*,#794,.T.);
#1271=ORIENTED_EDGE('',*,*,#765,.T.);
#1272=ORIENTED_EDGE('',*,*,#892,.F.);
#1273=ORIENTED_EDGE('',*,*,#884,.F.);
#1274=ORIENTED_EDGE('',*,*,#893,.T.);
#1275=ORIENTED_EDGE('',*,*,#760,.F.);
#1276=ORIENTED_EDGE('',*,*,#893,.F.);
#1277=ORIENTED_EDGE('',*,*,#883,.F.);
#1278=ORIENTED_EDGE('',*,*,#888,.F.);
#1279=ORIENTED_EDGE('',*,*,#894,.T.);
#1280=ORIENTED_EDGE('',*,*,#761,.F.);
#1281=ORIENTED_EDGE('',*,*,#894,.F.);
#1282=ORIENTED_EDGE('',*,*,#887,.F.);
#1283=ORIENTED_EDGE('',*,*,#895,.T.);
#1284=ORIENTED_EDGE('',*,*,#762,.F.);
#1285=ORIENTED_EDGE('',*,*,#805,.T.);
#1286=ORIENTED_EDGE('',*,*,#763,.F.);
#1287=ORIENTED_EDGE('',*,*,#895,.F.);
#1288=ORIENTED_EDGE('',*,*,#886,.F.);
#1289=ORIENTED_EDGE('',*,*,#891,.F.);
#1290=ORIENTED_EDGE('',*,*,#896,.T.);
#1291=ORIENTED_EDGE('',*,*,#771,.F.);
#1292=ORIENTED_EDGE('',*,*,#806,.T.);
#1293=ORIENTED_EDGE('',*,*,#802,.F.);
#1294=ORIENTED_EDGE('',*,*,#896,.F.);
#1295=ORIENTED_EDGE('',*,*,#890,.F.);
#1296=ORIENTED_EDGE('',*,*,#897,.T.);
#1297=ORIENTED_EDGE('',*,*,#772,.F.);
#1298=ORIENTED_EDGE('',*,*,#897,.F.);
#1299=ORIENTED_EDGE('',*,*,#889,.F.);
#1300=ORIENTED_EDGE('',*,*,#882,.F.);
#1301=ORIENTED_EDGE('',*,*,#898,.T.);
#1302=ORIENTED_EDGE('',*,*,#773,.F.);
#1303=ORIENTED_EDGE('',*,*,#898,.F.);
#1304=ORIENTED_EDGE('',*,*,#881,.F.);
#1305=ORIENTED_EDGE('',*,*,#899,.F.);
#1306=ORIENTED_EDGE('',*,*,#774,.F.);
#1307=ORIENTED_EDGE('',*,*,#811,.T.);
#1308=ORIENTED_EDGE('',*,*,#775,.F.);
#1309=ORIENTED_EDGE('',*,*,#899,.T.);
#1310=ORIENTED_EDGE('',*,*,#880,.F.);
#1311=ORIENTED_EDGE('',*,*,#885,.F.);
#1312=ORIENTED_EDGE('',*,*,#892,.T.);
#1313=ORIENTED_EDGE('',*,*,#759,.F.);
#1314=ORIENTED_EDGE('',*,*,#808,.T.);
#1315=ORIENTED_EDGE('',*,*,#796,.F.);
#1316=PLANE('',#1459);
#1317=PLANE('',#1472);
#1318=PLANE('',#1473);
#1319=PLANE('',#1477);
#1320=PLANE('',#1481);
#1321=PLANE('',#1482);
#1322=PLANE('',#1486);
#1323=PLANE('',#1490);
#1324=PLANE('',#1502);
#1325=PLANE('',#1525);
#1326=PLANE('',#1526);
#1327=PLANE('',#1527);
#1328=PLANE('',#1528);
#1329=PLANE('',#1529);
#1330=PLANE('',#1530);
#1331=PLANE('',#1531);
#1332=PLANE('',#1532);
#1333=PLANE('',#1533);
#1334=PLANE('',#1534);
#1335=PLANE('',#1536);
#1336=PLANE('',#1537);
#1337=PLANE('',#1539);
#1338=PLANE('',#1544);
#1339=PLANE('',#1549);
#1340=PLANE('',#1552);
#1341=PLANE('',#1554);
#1342=PLANE('',#1555);
#1343=PLANE('',#1557);
#1344=PLANE('',#1558);
#1345=PLANE('',#1559);
#1346=PLANE('',#1562);
#1347=PLANE('',#1566);
#1348=PLANE('',#1567);
#1349=PLANE('',#1569);
#1350=PLANE('',#1571);
#1351=PLANE('',#1572);
#1352=PLANE('',#1574);
#1353=PLANE('',#1580);
#1354=PLANE('',#1582);
#1355=PLANE('',#1584);
#1356=PLANE('',#1586);
#1357=PLANE('',#1588);
#1358=PLANE('',#1589);
#1359=PLANE('',#1590);
#1360=PLANE('',#1591);
#1361=PLANE('',#1593);
#1362=PLANE('',#1595);
#1363=PLANE('',#1597);
#1364=PLANE('',#1599);
#1365=ADVANCED_FACE('',(#329,#46),#1316,.T.);
#1366=ADVANCED_FACE('',(#330),#23,.F.);
#1367=ADVANCED_FACE('',(#331),#1317,.F.);
#1368=ADVANCED_FACE('',(#332),#19,.F.);
#1369=ADVANCED_FACE('',(#333),#1318,.F.);
#1370=ADVANCED_FACE('',(#334),#24,.F.);
#1371=ADVANCED_FACE('',(#335),#1319,.F.);
#1372=ADVANCED_FACE('',(#336),#25,.F.);
#1373=ADVANCED_FACE('',(#337),#1320,.F.);
#1374=ADVANCED_FACE('',(#338),#20,.F.);
#1375=ADVANCED_FACE('',(#339),#1321,.F.);
#1376=ADVANCED_FACE('',(#340),#26,.F.);
#1377=ADVANCED_FACE('',(#341),#1322,.F.);
#1378=ADVANCED_FACE('',(#342),#15,.F.);
#1379=ADVANCED_FACE('',(#343,#47,#48),#1323,.T.);
#1380=ADVANCED_FACE('',(#344),#27,.F.);
#1381=ADVANCED_FACE('',(#345),#16,.F.);
#1382=ADVANCED_FACE('',(#346,#49,#50),#1324,.T.);
#1383=ADVANCED_FACE('',(#347),#28,.F.);
#1384=ADVANCED_FACE('',(#348),#17,.F.);
#1385=ADVANCED_FACE('',(#349),#29,.F.);
#1386=ADVANCED_FACE('',(#350),#18,.F.);
#1387=ADVANCED_FACE('',(#351),#30,.F.);
#1388=ADVANCED_FACE('',(#352),#31,.F.);
#1389=ADVANCED_FACE('',(#353),#32,.F.);
#1390=ADVANCED_FACE('',(#354),#1325,.F.);
#1391=ADVANCED_FACE('',(#355),#1326,.F.);
#1392=ADVANCED_FACE('',(#356),#1327,.F.);
#1393=ADVANCED_FACE('',(#357),#1328,.F.);
#1394=ADVANCED_FACE('',(#358),#1329,.F.);
#1395=ADVANCED_FACE('',(#359),#1330,.F.);
#1396=ADVANCED_FACE('',(#360),#1331,.F.);
#1397=ADVANCED_FACE('',(#361),#1332,.F.);
#1398=ADVANCED_FACE('',(#362),#1333,.F.);
#1399=ADVANCED_FACE('',(#363),#1334,.T.);
#1400=ADVANCED_FACE('',(#364),#1335,.F.);
#1401=ADVANCED_FACE('',(#365),#1336,.T.);
#1402=ADVANCED_FACE('',(#366),#1337,.F.);
#1403=ADVANCED_FACE('',(#367),#33,.F.);
#1404=ADVANCED_FACE('',(#368),#34,.F.);
#1405=ADVANCED_FACE('',(#369),#1338,.F.);
#1406=ADVANCED_FACE('',(#370),#35,.F.);
#1407=ADVANCED_FACE('',(#371),#36,.F.);
#1408=ADVANCED_FACE('',(#372),#1339,.T.);
#1409=ADVANCED_FACE('',(#373),#1340,.T.);
#1410=ADVANCED_FACE('',(#374),#1341,.T.);
#1411=ADVANCED_FACE('',(#375),#1342,.T.);
#1412=ADVANCED_FACE('',(#376),#1343,.F.);
#1413=ADVANCED_FACE('',(#377),#1344,.F.);
#1414=ADVANCED_FACE('',(#378),#1345,.F.);
#1415=ADVANCED_FACE('',(#379),#1346,.F.);
#1416=ADVANCED_FACE('',(#380),#37,.F.);
#1417=ADVANCED_FACE('',(#381),#1347,.F.);
#1418=ADVANCED_FACE('',(#382),#21,.F.);
#1419=ADVANCED_FACE('',(#383),#1348,.F.);
#1420=ADVANCED_FACE('',(#384),#38,.F.);
#1421=ADVANCED_FACE('',(#385),#1349,.F.);
#1422=ADVANCED_FACE('',(#386),#39,.F.);
#1423=ADVANCED_FACE('',(#387),#1350,.F.);
#1424=ADVANCED_FACE('',(#388),#22,.F.);
#1425=ADVANCED_FACE('',(#389),#1351,.F.);
#1426=ADVANCED_FACE('',(#390),#40,.F.);
#1427=ADVANCED_FACE('',(#391),#1352,.F.);
#1428=ADVANCED_FACE('',(#392),#41,.T.);
#1429=ADVANCED_FACE('',(#393),#1353,.F.);
#1430=ADVANCED_FACE('',(#394),#1354,.F.);
#1431=ADVANCED_FACE('',(#395),#1355,.F.);
#1432=ADVANCED_FACE('',(#396),#1356,.F.);
#1433=ADVANCED_FACE('',(#397),#1357,.T.);
#1434=ADVANCED_FACE('',(#398),#1358,.T.);
#1435=ADVANCED_FACE('',(#399),#1359,.T.);
#1436=ADVANCED_FACE('',(#400),#1360,.T.);
#1437=ADVANCED_FACE('',(#401),#42,.T.);
#1438=ADVANCED_FACE('',(#402),#1361,.T.);
#1439=ADVANCED_FACE('',(#403),#43,.T.);
#1440=ADVANCED_FACE('',(#404),#1362,.T.);
#1441=ADVANCED_FACE('',(#405),#44,.T.);
#1442=ADVANCED_FACE('',(#406),#1363,.T.);
#1443=ADVANCED_FACE('',(#407),#45,.T.);
#1444=ADVANCED_FACE('',(#408),#1364,.T.);
#1445=CLOSED_SHELL('',(#1365,#1366,#1367,#1368,#1369,#1370,#1371,#1372,
#1373,#1374,#1375,#1376,#1377,#1378,#1379,#1380,#1381,#1382,#1383,#1384,
#1385,#1386,#1387,#1388,#1389,#1390,#1391,#1392,#1393,#1394,#1395,#1396,
#1397,#1398,#1399,#1400,#1401,#1402,#1403,#1404,#1405,#1406,#1407,#1408,
#1409,#1410,#1411,#1412,#1413,#1414,#1415,#1416,#1417,#1418,#1419,#1420,
#1421,#1422,#1423,#1424,#1425,#1426,#1427,#1428,#1429,#1430,#1431,#1432,
#1433,#1434,#1435,#1436,#1437,#1438,#1439,#1440,#1441,#1442,#1443,#1444));
#1446=DERIVED_UNIT_ELEMENT(#1448,1.);
#1447=DERIVED_UNIT_ELEMENT(#2500,-3.);
#1448=(
MASS_UNIT()
NAMED_UNIT(*)
SI_UNIT(.KILO.,.GRAM.)
);
#1449=DERIVED_UNIT((#1446,#1447));
#1450=MEASURE_REPRESENTATION_ITEM('density measure',
POSITIVE_RATIO_MEASURE(7850.),#1449);
#1451=PROPERTY_DEFINITION_REPRESENTATION(#1456,#1453);
#1452=PROPERTY_DEFINITION_REPRESENTATION(#1457,#1454);
#1453=REPRESENTATION('material name',(#1455),#2497);
#1454=REPRESENTATION('density',(#1450),#2497);
#1455=DESCRIPTIVE_REPRESENTATION_ITEM('Steel','Steel');
#1456=PROPERTY_DEFINITION('material property','material name',#2507);
#1457=PROPERTY_DEFINITION('material property','density of part',#2507);
#1458=AXIS2_PLACEMENT_3D('',#2019,#1600,#1601);
#1459=AXIS2_PLACEMENT_3D('',#2020,#1602,#1603);
#1460=AXIS2_PLACEMENT_3D('',#2022,#1604,#1605);
#1461=AXIS2_PLACEMENT_3D('',#2027,#1607,#1608);
#1462=AXIS2_PLACEMENT_3D('',#2040,#1611,#1612);
#1463=AXIS2_PLACEMENT_3D('',#2044,#1614,#1615);
#1464=AXIS2_PLACEMENT_3D('',#2055,#1618,#1619);
#1465=AXIS2_PLACEMENT_3D('',#2059,#1621,#1622);
#1466=AXIS2_PLACEMENT_3D('',#2070,#1625,#1626);
#1467=AXIS2_PLACEMENT_3D('',#2074,#1628,#1629);
#1468=AXIS2_PLACEMENT_3D('',#2084,#1632,#1633);
#1469=AXIS2_PLACEMENT_3D('',#2085,#1634,#1635);
#1470=AXIS2_PLACEMENT_3D('',#2089,#1637,#1638);
#1471=AXIS2_PLACEMENT_3D('',#2091,#1639,#1640);
#1472=AXIS2_PLACEMENT_3D('',#2093,#1642,#1643);
#1473=AXIS2_PLACEMENT_3D('',#2111,#1647,#1648);
#1474=AXIS2_PLACEMENT_3D('',#2115,#1651,#1652);
#1475=AXIS2_PLACEMENT_3D('',#2119,#1654,#1655);
#1476=AXIS2_PLACEMENT_3D('',#2120,#1656,#1657);
#1477=AXIS2_PLACEMENT_3D('',#2121,#1658,#1659);
#1478=AXIS2_PLACEMENT_3D('',#2125,#1662,#1663);
#1479=AXIS2_PLACEMENT_3D('',#2129,#1665,#1666);
#1480=AXIS2_PLACEMENT_3D('',#2130,#1667,#1668);
#1481=AXIS2_PLACEMENT_3D('',#2131,#1669,#1670);
#1482=AXIS2_PLACEMENT_3D('',#2149,#1674,#1675);
#1483=AXIS2_PLACEMENT_3D('',#2153,#1678,#1679);
#1484=AXIS2_PLACEMENT_3D('',#2157,#1681,#1682);
#1485=AXIS2_PLACEMENT_3D('',#2158,#1683,#1684);
#1486=AXIS2_PLACEMENT_3D('',#2159,#1685,#1686);
#1487=AXIS2_PLACEMENT_3D('',#2163,#1689,#1690);
#1488=AXIS2_PLACEMENT_3D('',#2165,#1691,#1692);
#1489=AXIS2_PLACEMENT_3D('',#2168,#1694,#1695);
#1490=AXIS2_PLACEMENT_3D('',#2169,#1696,#1697);
#1491=AXIS2_PLACEMENT_3D('',#2176,#1700,#1701);
#1492=AXIS2_PLACEMENT_3D('',#2180,#1703,#1704);
#1493=AXIS2_PLACEMENT_3D('',#2186,#1707,#1708);
#1494=AXIS2_PLACEMENT_3D('',#2194,#1712,#1713);
#1495=AXIS2_PLACEMENT_3D('',#2198,#1715,#1716);
#1496=AXIS2_PLACEMENT_3D('',#2201,#1718,#1719);
#1497=AXIS2_PLACEMENT_3D('',#2202,#1720,#1721);
#1498=AXIS2_PLACEMENT_3D('',#2204,#1722,#1723);
#1499=AXIS2_PLACEMENT_3D('',#2206,#1725,#1726);
#1500=AXIS2_PLACEMENT_3D('',#2208,#1727,#1728);
#1501=AXIS2_PLACEMENT_3D('',#2211,#1730,#1731);
#1502=AXIS2_PLACEMENT_3D('',#2212,#1732,#1733);
#1503=AXIS2_PLACEMENT_3D('',#2219,#1736,#1737);
#1504=AXIS2_PLACEMENT_3D('',#2223,#1739,#1740);
#1505=AXIS2_PLACEMENT_3D('',#2231,#1744,#1745);
#1506=AXIS2_PLACEMENT_3D('',#2237,#1748,#1749);
#1507=AXIS2_PLACEMENT_3D('',#2241,#1751,#1752);
#1508=AXIS2_PLACEMENT_3D('',#2244,#1754,#1755);
#1509=AXIS2_PLACEMENT_3D('',#2245,#1756,#1757);
#1510=AXIS2_PLACEMENT_3D('',#2247,#1758,#1759);
#1511=AXIS2_PLACEMENT_3D('',#2249,#1761,#1762);
#1512=AXIS2_PLACEMENT_3D('',#2252,#1764,#1765);
#1513=AXIS2_PLACEMENT_3D('',#2253,#1766,#1767);
#1514=AXIS2_PLACEMENT_3D('',#2255,#1768,#1769);
#1515=AXIS2_PLACEMENT_3D('',#2257,#1771,#1772);
#1516=AXIS2_PLACEMENT_3D('',#2260,#1774,#1775);
#1517=AXIS2_PLACEMENT_3D('',#2261,#1776,#1777);
#1518=AXIS2_PLACEMENT_3D('',#2263,#1778,#1779);
#1519=AXIS2_PLACEMENT_3D('',#2265,#1781,#1782);
#1520=AXIS2_PLACEMENT_3D('',#2268,#1783,#1784);
#1521=AXIS2_PLACEMENT_3D('',#2272,#1786,#1787);
#1522=AXIS2_PLACEMENT_3D('',#2274,#1789,#1790);
#1523=AXIS2_PLACEMENT_3D('',#2277,#1791,#1792);
#1524=AXIS2_PLACEMENT_3D('',#2281,#1794,#1795);
#1525=AXIS2_PLACEMENT_3D('',#2283,#1797,#1798);
#1526=AXIS2_PLACEMENT_3D('',#2286,#1801,#1802);
#1527=AXIS2_PLACEMENT_3D('',#2289,#1805,#1806);
#1528=AXIS2_PLACEMENT_3D('',#2292,#1809,#1810);
#1529=AXIS2_PLACEMENT_3D('',#2295,#1813,#1814);
#1530=AXIS2_PLACEMENT_3D('',#2305,#1820,#1821);
#1531=AXIS2_PLACEMENT_3D('',#2313,#1827,#1828);
#1532=AXIS2_PLACEMENT_3D('',#2319,#1832,#1833);
#1533=AXIS2_PLACEMENT_3D('',#2325,#1837,#1838);
#1534=AXIS2_PLACEMENT_3D('',#2329,#1841,#1842);
#1535=AXIS2_PLACEMENT_3D('',#2331,#1843,#1844);
#1536=AXIS2_PLACEMENT_3D('',#2333,#1846,#1847);
#1537=AXIS2_PLACEMENT_3D('',#2335,#1849,#1850);
#1538=AXIS2_PLACEMENT_3D('',#2336,#1851,#1852);
#1539=AXIS2_PLACEMENT_3D('',#2337,#1853,#1854);
#1540=AXIS2_PLACEMENT_3D('',#2346,#1860,#1861);
#1541=AXIS2_PLACEMENT_3D('',#2347,#1862,#1863);
#1542=AXIS2_PLACEMENT_3D('',#2348,#1864,#1865);
#1543=AXIS2_PLACEMENT_3D('',#2351,#1867,#1868);
#1544=AXIS2_PLACEMENT_3D('',#2352,#1869,#1870);
#1545=AXIS2_PLACEMENT_3D('',#2359,#1875,#1876);
#1546=AXIS2_PLACEMENT_3D('',#2360,#1877,#1878);
#1547=AXIS2_PLACEMENT_3D('',#2361,#1879,#1880);
#1548=AXIS2_PLACEMENT_3D('',#2362,#1881,#1882);
#1549=AXIS2_PLACEMENT_3D('',#2363,#1883,#1884);
#1550=AXIS2_PLACEMENT_3D('',#2365,#1885,#1886);
#1551=AXIS2_PLACEMENT_3D('',#2368,#1888,#1889);
#1552=AXIS2_PLACEMENT_3D('',#2369,#1890,#1891);
#1553=AXIS2_PLACEMENT_3D('',#2370,#1892,#1893);
#1554=AXIS2_PLACEMENT_3D('',#2371,#1894,#1895);
#1555=AXIS2_PLACEMENT_3D('',#2372,#1896,#1897);
#1556=AXIS2_PLACEMENT_3D('',#2374,#1898,#1899);
#1557=AXIS2_PLACEMENT_3D('',#2376,#1901,#1902);
#1558=AXIS2_PLACEMENT_3D('',#2377,#1903,#1904);
#1559=AXIS2_PLACEMENT_3D('',#2378,#1905,#1906);
#1560=AXIS2_PLACEMENT_3D('',#2380,#1907,#1908);
#1561=AXIS2_PLACEMENT_3D('',#2382,#1909,#1910);
#1562=AXIS2_PLACEMENT_3D('',#2391,#1913,#1914);
#1563=AXIS2_PLACEMENT_3D('',#2393,#1915,#1916);
#1564=AXIS2_PLACEMENT_3D('',#2403,#1919,#1920);
#1565=AXIS2_PLACEMENT_3D('',#2404,#1921,#1922);
#1566=AXIS2_PLACEMENT_3D('',#2406,#1924,#1925);
#1567=AXIS2_PLACEMENT_3D('',#2417,#1928,#1929);
#1568=AXIS2_PLACEMENT_3D('',#2419,#1931,#1932);
#1569=AXIS2_PLACEMENT_3D('',#2421,#1934,#1935);
#1570=AXIS2_PLACEMENT_3D('',#2423,#1937,#1938);
#1571=AXIS2_PLACEMENT_3D('',#2425,#1940,#1941);
#1572=AXIS2_PLACEMENT_3D('',#2436,#1944,#1945);
#1573=AXIS2_PLACEMENT_3D('',#2438,#1947,#1948);
#1574=AXIS2_PLACEMENT_3D('',#2440,#1950,#1951);
#1575=AXIS2_PLACEMENT_3D('',#2441,#1952,#1953);
#1576=AXIS2_PLACEMENT_3D('',#2445,#1955,#1956);
#1577=AXIS2_PLACEMENT_3D('',#2447,#1957,#1958);
#1578=AXIS2_PLACEMENT_3D('',#2449,#1959,#1960);
#1579=AXIS2_PLACEMENT_3D('',#2450,#1961,#1962);
#1580=AXIS2_PLACEMENT_3D('',#2451,#1963,#1964);
#1581=AXIS2_PLACEMENT_3D('',#2455,#1966,#1967);
#1582=AXIS2_PLACEMENT_3D('',#2457,#1969,#1970);
#1583=AXIS2_PLACEMENT_3D('',#2461,#1972,#1973);
#1584=AXIS2_PLACEMENT_3D('',#2463,#1975,#1976);
#1585=AXIS2_PLACEMENT_3D('',#2467,#1978,#1979);
#1586=AXIS2_PLACEMENT_3D('',#2469,#1981,#1982);
#1587=AXIS2_PLACEMENT_3D('',#2473,#1984,#1985);
#1588=AXIS2_PLACEMENT_3D('',#2475,#1987,#1988);
#1589=AXIS2_PLACEMENT_3D('',#2476,#1989,#1990);
#1590=AXIS2_PLACEMENT_3D('',#2477,#1991,#1992);
#1591=AXIS2_PLACEMENT_3D('',#2478,#1993,#1994);
#1592=AXIS2_PLACEMENT_3D('',#2479,#1995,#1996);
#1593=AXIS2_PLACEMENT_3D('',#2482,#1999,#2000);
#1594=AXIS2_PLACEMENT_3D('',#2484,#2002,#2003);
#1595=AXIS2_PLACEMENT_3D('',#2486,#2005,#2006);
#1596=AXIS2_PLACEMENT_3D('',#2488,#2008,#2009);
#1597=AXIS2_PLACEMENT_3D('',#2490,#2011,#2012);
#1598=AXIS2_PLACEMENT_3D('',#2492,#2014,#2015);
#1599=AXIS2_PLACEMENT_3D('',#2494,#2017,#2018);
#1600=DIRECTION('axis',(0.,0.,1.));
#1601=DIRECTION('refdir',(1.,0.,0.));
#1602=DIRECTION('center_axis',(-3.05311331771918E-16,1.,9.32150093083422E-32));
#1603=DIRECTION('ref_axis',(-1.,-3.05311331771918E-16,2.18952885050753E-47));
#1604=DIRECTION('center_axis',(3.05311331771918E-16,-1.,-9.32150093083422E-32));
#1605=DIRECTION('ref_axis',(-1.,0.,0.));
#1606=DIRECTION('',(9.30950641013081E-15,2.93551280952459E-30,-1.));
#1607=DIRECTION('center_axis',(-3.05311331771918E-16,1.,9.32150093083422E-32));
#1608=DIRECTION('ref_axis',(0.742662305789622,0.,0.669666110505259));
#1609=DIRECTION('',(0.911984143658298,2.78439093455187E-16,-0.410225452301341));
#1610=DIRECTION('',(0.410225452301201,1.25246479168817E-16,-0.911984143658362));
#1611=DIRECTION('center_axis',(-3.05311331771918E-16,1.,9.32150093083422E-32));
#1612=DIRECTION('ref_axis',(0.232005837576418,0.,0.972714393504313));
#1613=DIRECTION('',(1.,3.05311331771918E-16,9.97447115371173E-15));
#1614=DIRECTION('center_axis',(-3.05311331771918E-16,1.,9.32150093083422E-32));
#1615=DIRECTION('ref_axis',(-0.669666110505259,0.,0.742662305789622));
#1616=DIRECTION('',(0.410225452301276,1.2524647916884E-16,0.911984143658328));
#1617=DIRECTION('',(0.911984143658344,2.78439093455201E-16,0.41022545230124));
#1618=DIRECTION('center_axis',(-3.05311331771918E-16,1.,9.32150093083422E-32));
#1619=DIRECTION('ref_axis',(-0.972714393504309,0.,0.232005837576436));
#1620=DIRECTION('',(-1.06394358972917E-14,-3.34155535241242E-30,1.));
#1621=DIRECTION('center_axis',(-3.05311331771918E-16,1.,9.32150093083422E-32));
#1622=DIRECTION('ref_axis',(-0.742662305789623,0.,-0.669666110505258));
#1623=DIRECTION('',(-0.911984143658332,-2.78439093455198E-16,0.410225452301267));
#1624=DIRECTION('',(-0.410225452301232,-1.25246479168827E-16,0.911984143658348));
#1625=DIRECTION('center_axis',(-3.05311331771918E-16,1.,9.32150093083422E-32));
#1626=DIRECTION('ref_axis',(-0.232005837576439,0.,-0.972714393504309));
#1627=DIRECTION('',(-1.,-3.05311331771918E-16,1.32992948716151E-15));
#1628=DIRECTION('center_axis',(-3.05311331771918E-16,1.,9.32150093083422E-32));
#1629=DIRECTION('ref_axis',(0.669666110505259,0.,-0.742662305789622));
#1630=DIRECTION('',(-0.410225452301248,-1.25246479168831E-16,-0.91198414365834));
#1631=DIRECTION('',(-0.911984143658353,-2.78439093455204E-16,-0.410225452301219));
#1632=DIRECTION('center_axis',(-3.05311331771918E-16,1.,9.32150093083422E-32));
#1633=DIRECTION('ref_axis',(0.972714393504313,0.,-0.232005837576422));
#1634=DIRECTION('center_axis',(0.,-1.,0.));
#1635=DIRECTION('ref_axis',(-0.972714393504309,0.,0.232005837576436));
#1636=DIRECTION('',(0.,-1.,0.));
#1637=DIRECTION('center_axis',(-3.05311331771918E-16,1.,9.32150093083422E-32));
#1638=DIRECTION('ref_axis',(-0.972714393504309,0.,0.232005837576436));
#1639=DIRECTION('center_axis',(-1.27102482353655E-32,-1.,3.05407777719843E-33));
#1640=DIRECTION('ref_axis',(-0.972714393504309,1.30720052762752E-32,0.232005837576436));
#1641=DIRECTION('',(0.,-1.,0.));
#1642=DIRECTION('center_axis',(-0.41022545230124,0.,0.911984143658344));
#1643=DIRECTION('ref_axis',(-0.911984143658344,-5.08488317059044E-14,-0.41022545230124));
#1644=DIRECTION('',(0.,-1.,0.));
#1645=DIRECTION('',(0.911984143658344,2.78439093455201E-16,0.41022545230124));
#1646=DIRECTION('',(0.,-1.,0.));
#1647=DIRECTION('center_axis',(-0.911984143658328,0.,0.410225452301276));
#1648=DIRECTION('ref_axis',(-0.410225452301276,4.85939589054339E-14,-0.911984143658328));
#1649=DIRECTION('',(0.,-1.,0.));
#1650=DIRECTION('',(0.410225452301276,1.2524647916884E-16,0.911984143658328));
#1651=DIRECTION('center_axis',(0.,-1.,0.));
#1652=DIRECTION('ref_axis',(-0.669666110505259,0.,0.742662305789622));
#1653=DIRECTION('',(0.,-1.,0.));
#1654=DIRECTION('center_axis',(-1.10348861785769E-32,-1.,1.23116376312275E-32));
#1655=DIRECTION('ref_axis',(-0.669666110505259,1.65330784983295E-32,0.742662305789622));
#1656=DIRECTION('center_axis',(-1.10348861785769E-32,-1.,1.23116376312275E-32));
#1657=DIRECTION('ref_axis',(-0.669666110505259,1.65330784983295E-32,0.742662305789622));
#1658=DIRECTION('center_axis',(-9.97447115371173E-15,0.,1.));
#1659=DIRECTION('ref_axis',(-1.,-4.16920866091129E-32,-9.97447115371173E-15));
#1660=DIRECTION('',(0.,-1.,0.));
#1661=DIRECTION('',(-1.,-4.16920866091129E-32,-9.97447115371173E-15));
#1662=DIRECTION('center_axis',(0.,-1.,0.));
#1663=DIRECTION('ref_axis',(0.232005837576418,0.,0.972714393504313));
#1664=DIRECTION('',(0.,-1.,0.));
#1665=DIRECTION('center_axis',(5.50380702935514E-33,-1.,2.29053608604657E-32));
#1666=DIRECTION('ref_axis',(0.232005837576418,2.35572895570899E-32,0.972714393504313));
#1667=DIRECTION('center_axis',(5.50380702935514E-33,-1.,2.29053608604657E-32));
#1668=DIRECTION('ref_axis',(0.232005837576418,2.35572895570899E-32,0.972714393504313));
#1669=DIRECTION('center_axis',(0.911984143658362,0.,0.410225452301201));
#1670=DIRECTION('ref_axis',(-0.410225452301201,-5.08488317059087E-14,0.911984143658362));
#1671=DIRECTION('',(0.,-1.,0.));
#1672=DIRECTION('',(0.410225452301201,1.25246479168817E-16,-0.911984143658362));
#1673=DIRECTION('',(0.,-1.,0.));
#1674=DIRECTION('center_axis',(0.410225452301341,0.,0.911984143658298));
#1675=DIRECTION('ref_axis',(-0.911984143658298,4.85939589054276E-14,0.410225452301341));
#1676=DIRECTION('',(0.,-1.,0.));
#1677=DIRECTION('',(0.911984143658298,2.78439093455187E-16,-0.410225452301341));
#1678=DIRECTION('center_axis',(0.,-1.,0.));
#1679=DIRECTION('ref_axis',(0.742662305789622,0.,0.669666110505259));
#1680=DIRECTION('',(0.,-1.,0.));
#1681=DIRECTION('center_axis',(-1.62036213143163E-32,-1.,-1.45232602063203E-32));
#1682=DIRECTION('ref_axis',(0.742662305789622,-2.17595539416543E-32,0.669666110505259));
#1683=DIRECTION('center_axis',(-1.62036213143163E-32,-1.,-1.45232602063203E-32));
#1684=DIRECTION('ref_axis',(0.742662305789622,-2.17595539416543E-32,0.669666110505259));
#1685=DIRECTION('center_axis',(1.,0.,9.30950641013081E-15));
#1686=DIRECTION('ref_axis',(-9.30950641013081E-15,8.70796401062995E-32,
1.));
#1687=DIRECTION('',(0.,-1.,0.));
#1688=DIRECTION('',(-9.30950641013081E-15,8.70796401062995E-32,1.));
#1689=DIRECTION('center_axis',(0.,-1.,0.));
#1690=DIRECTION('ref_axis',(1.,2.24049323821662E-47,-5.22118995139087E-79));
#1691=DIRECTION('center_axis',(4.1395779829907E-47,-1.,2.3303752327085E-32));
#1692=DIRECTION('ref_axis',(1.,4.1395779829907E-47,-9.64677000542694E-79));
#1693=DIRECTION('',(0.707106781186547,0.707106781186547,8.65956056235493E-17));
#1694=DIRECTION('center_axis',(-4.1395779829907E-47,1.,-2.3303752327085E-32));
#1695=DIRECTION('ref_axis',(1.,0.,0.));
#1696=DIRECTION('center_axis',(4.1395779829907E-47,-1.,2.3303752327085E-32));
#1697=DIRECTION('ref_axis',(1.,4.1395779829907E-47,0.));
#1698=DIRECTION('',(-2.14535850169112E-16,2.3303752327085E-32,1.));
#1699=DIRECTION('',(-1.,-3.93259908384116E-47,8.88178419700125E-17));
#1700=DIRECTION('center_axis',(-4.1395779829907E-47,1.,-2.3303752327085E-32));
#1701=DIRECTION('ref_axis',(-1.,0.,7.93016446160823E-15));
#1702=DIRECTION('',(1.77635683940025E-16,2.3303752327085E-32,1.));
#1703=DIRECTION('center_axis',(-4.1395779829907E-47,1.,-2.3303752327085E-32));
#1704=DIRECTION('ref_axis',(0.,0.,1.));
#1705=DIRECTION('',(0.,2.3303752327085E-32,1.));
#1706=DIRECTION('',(1.,4.1395779829907E-47,-4.99549433581265E-63));
#1707=DIRECTION('center_axis',(-4.1395779829907E-47,1.,-2.3303752327085E-32));
#1708=DIRECTION('ref_axis',(0.,0.,1.));
#1709=DIRECTION('',(1.,3.93259908384116E-47,-8.88178419700125E-17));
#1710=DIRECTION('',(-2.14535850169112E-16,2.3303752327085E-32,1.));
#1711=DIRECTION('',(-1.,-6.43003090706417E-64,0.));
#1712=DIRECTION('center_axis',(-2.12336953065855E-78,-1.,-1.96037527654396E-63));
#1713=DIRECTION('ref_axis',(1.08314441426844E-15,-1.96037527654396E-63,
1.));
#1714=DIRECTION('',(-3.55271367880051E-16,-6.90749303294884E-79,-1.));
#1715=DIRECTION('center_axis',(-7.19954981488913E-79,-1.,5.26375271289009E-93));
#1716=DIRECTION('ref_axis',(-1.,7.19954981488913E-79,7.311224796312E-15));
#1717=DIRECTION('',(1.,1.227496419973E-77,-1.77635683940025E-16));
#1718=DIRECTION('center_axis',(4.1395779829907E-47,-1.,2.3303752327085E-32));
#1719=DIRECTION('ref_axis',(1.,4.1395779829907E-47,-9.64677000542694E-79));
#1720=DIRECTION('center_axis',(0.,1.,0.));
#1721=DIRECTION('ref_axis',(1.,0.,0.));
#1722=DIRECTION('center_axis',(0.,-1.,0.));
#1723=DIRECTION('ref_axis',(1.,0.,0.));
#1724=DIRECTION('',(0.,-1.,0.));
#1725=DIRECTION('center_axis',(0.,-1.,0.));
#1726=DIRECTION('ref_axis',(1.,2.24049323821662E-47,-5.22118995139087E-79));
#1727=DIRECTION('center_axis',(4.1395779829907E-47,-1.,2.3303752327085E-32));
#1728=DIRECTION('ref_axis',(1.,4.1395779829907E-47,-9.64677000542694E-79));
#1729=DIRECTION('',(0.707106781186547,0.707106781186547,8.65956056235493E-17));
#1730=DIRECTION('center_axis',(-4.1395779829907E-47,1.,-2.3303752327085E-32));
#1731=DIRECTION('ref_axis',(1.,0.,0.));
#1732=DIRECTION('center_axis',(4.1395779829907E-47,-1.,2.3303752327085E-32));
#1733=DIRECTION('ref_axis',(1.,4.1395779829907E-47,0.));
#1734=DIRECTION('',(2.14535850169112E-16,-2.3303752327085E-32,-1.));
#1735=DIRECTION('',(1.,1.227496419973E-77,-1.77635683940025E-16));
#1736=DIRECTION('center_axis',(7.79815216724457E-94,-1.,-2.87981992595565E-78));
#1737=DIRECTION('ref_axis',(2.70786103567111E-16,2.87981992595565E-78,-1.));
#1738=DIRECTION('',(5.32907051820075E-16,1.35190524148238E-78,1.));
#1739=DIRECTION('center_axis',(2.07758437515372E-78,-1.,-2.25032391111915E-93));
#1740=DIRECTION('ref_axis',(1.,2.07758437515372E-78,-1.08314441426844E-15));
#1741=DIRECTION('',(-1.,-6.43003090706417E-64,0.));
#1742=DIRECTION('',(2.14535850169112E-16,-2.3303752327085E-32,-1.));
#1743=DIRECTION('',(1.,3.93259908384116E-47,-8.88178419700125E-17));
#1744=DIRECTION('center_axis',(-4.1395779829907E-47,1.,-2.3303752327085E-32));
#1745=DIRECTION('ref_axis',(1.,0.,0.));
#1746=DIRECTION('',(1.,4.1395779829907E-47,-4.99549433581265E-63));
#1747=DIRECTION('',(0.,-2.3303752327085E-32,-1.));
#1748=DIRECTION('center_axis',(-4.1395779829907E-47,1.,-2.3303752327085E-32));
#1749=DIRECTION('ref_axis',(1.,0.,0.));
#1750=DIRECTION('',(-2.66453525910037E-16,-2.3303752327085E-32,-1.));
#1751=DIRECTION('center_axis',(-4.1395779829907E-47,1.,-2.3303752327085E-32));
#1752=DIRECTION('ref_axis',(1.58603289232164E-15,0.,-1.));
#1753=DIRECTION('',(-1.,-3.93259908384116E-47,8.88178419700125E-17));
#1754=DIRECTION('center_axis',(4.1395779829907E-47,-1.,2.3303752327085E-32));
#1755=DIRECTION('ref_axis',(1.,4.1395779829907E-47,-9.64677000542694E-79));
#1756=DIRECTION('center_axis',(0.,1.,0.));
#1757=DIRECTION('ref_axis',(1.,0.,0.));
#1758=DIRECTION('center_axis',(0.,-1.,0.));
#1759=DIRECTION('ref_axis',(1.,0.,0.));
#1760=DIRECTION('',(0.,-1.,0.));
#1761=DIRECTION('center_axis',(0.,-1.,0.));
#1762=DIRECTION('ref_axis',(1.,2.24049323821662E-47,-5.22118995139087E-79));
#1763=DIRECTION('',(0.707106781186547,0.707106781186547,8.65956056235493E-17));
#1764=DIRECTION('center_axis',(-4.1395779829907E-47,1.,-2.3303752327085E-32));
#1765=DIRECTION('ref_axis',(1.,0.,0.));
#1766=DIRECTION('center_axis',(0.,1.,0.));
#1767=DIRECTION('ref_axis',(1.,0.,0.));
#1768=DIRECTION('center_axis',(0.,-1.,0.));
#1769=DIRECTION('ref_axis',(1.,0.,0.));
#1770=DIRECTION('',(0.,-1.,0.));
#1771=DIRECTION('center_axis',(0.,-1.,0.));
#1772=DIRECTION('ref_axis',(1.,2.24049323821662E-47,-5.22118995139087E-79));
#1773=DIRECTION('',(0.707106781186547,0.707106781186547,8.65956056235493E-17));
#1774=DIRECTION('center_axis',(-4.1395779829907E-47,1.,-2.3303752327085E-32));
#1775=DIRECTION('ref_axis',(1.,0.,0.));
#1776=DIRECTION('center_axis',(0.,1.,0.));
#1777=DIRECTION('ref_axis',(1.,0.,0.));
#1778=DIRECTION('center_axis',(0.,-1.,0.));
#1779=DIRECTION('ref_axis',(1.,0.,0.));
#1780=DIRECTION('',(0.,-1.,0.));
#1781=DIRECTION('center_axis',(2.14535850169112E-16,5.4209349559667E-49,
-1.));
#1782=DIRECTION('ref_axis',(0.707106781186547,0.707106781186547,0.));
#1783=DIRECTION('center_axis',(0.,0.,1.));
#1784=DIRECTION('ref_axis',(0.707106781186547,0.707106781186547,0.));
#1785=DIRECTION('',(2.14535850169112E-16,5.4209349559667E-49,-1.));
#1786=DIRECTION('center_axis',(-8.88178419700125E-17,0.,-1.));
#1787=DIRECTION('ref_axis',(-0.707106781186548,0.707106781186547,0.));
#1788=DIRECTION('',(-2.14535850169112E-16,-5.4209349559667E-49,1.));
#1789=DIRECTION('center_axis',(2.14535850169112E-16,5.4209349559667E-49,
-1.));
#1790=DIRECTION('ref_axis',(0.707106781186548,0.707106781186547,0.));
#1791=DIRECTION('center_axis',(8.88178419700125E-17,0.,1.));
#1792=DIRECTION('ref_axis',(0.707106781186548,0.707106781186547,0.));
#1793=DIRECTION('',(2.14535850169112E-16,5.4209349559667E-49,-1.));
#1794=DIRECTION('center_axis',(-1.77635683940025E-16,0.,-1.));
#1795=DIRECTION('ref_axis',(-0.707106781186547,0.707106781186547,0.));
#1796=DIRECTION('',(-2.14535850169112E-16,-5.4209349559667E-49,1.));
#1797=DIRECTION('center_axis',(-1.,0.,-2.14535850169112E-16));
#1798=DIRECTION('ref_axis',(-2.14535850169112E-16,-5.4209349559667E-49,
1.));
#1799=DIRECTION('',(0.,1.,0.));
#1800=DIRECTION('',(0.,-1.,0.));
#1801=DIRECTION('center_axis',(1.,0.,2.14535850169112E-16));
#1802=DIRECTION('ref_axis',(2.14535850169112E-16,5.4209349559667E-49,-1.));
#1803=DIRECTION('',(0.,1.,0.));
#1804=DIRECTION('',(0.,-1.,0.));
#1805=DIRECTION('center_axis',(-1.,0.,-2.14535850169112E-16));
#1806=DIRECTION('ref_axis',(-2.14535850169112E-16,-5.4209349559667E-49,
1.));
#1807=DIRECTION('',(0.,1.,0.));
#1808=DIRECTION('',(0.,-1.,0.));
#1809=DIRECTION('center_axis',(1.,0.,2.14535850169112E-16));
#1810=DIRECTION('ref_axis',(2.14535850169112E-16,5.4209349559667E-49,-1.));
#1811=DIRECTION('',(0.,1.,0.));
#1812=DIRECTION('',(0.,-1.,0.));
#1813=DIRECTION('center_axis',(-8.88178419700125E-17,0.,-1.));
#1814=DIRECTION('ref_axis',(-1.,1.08820768288602E-62,8.88178419700125E-17));
#1815=DIRECTION('',(0.,1.,0.));
#1816=DIRECTION('',(-1.,1.08820768288602E-62,8.88178419700125E-17));
#1817=DIRECTION('',(1.,5.50380702935513E-33,-8.88178419700125E-17));
#1818=DIRECTION('',(-1.,1.08820768288602E-62,8.88178419700125E-17));
#1819=DIRECTION('',(0.,1.,0.));
#1820=DIRECTION('center_axis',(8.88178419700125E-17,0.,1.));
#1821=DIRECTION('ref_axis',(1.,-1.31371731030469E-49,-8.88178419700125E-17));
#1822=DIRECTION('',(0.,1.,0.));
#1823=DIRECTION('',(1.,-1.31371731030469E-49,-8.88178419700125E-17));
#1824=DIRECTION('',(-1.,-5.50380702935513E-33,8.88178419700125E-17));
#1825=DIRECTION('',(1.,-1.31371731030469E-49,-8.88178419700125E-17));
#1826=DIRECTION('',(0.,1.,0.));
#1827=DIRECTION('center_axis',(-1.,0.,0.));
#1828=DIRECTION('ref_axis',(0.,-1.22464674570954E-16,-1.));
#1829=DIRECTION('',(0.,-1.,0.));
#1830=DIRECTION('',(0.,1.22464674570954E-16,1.));
#1831=DIRECTION('',(0.,-1.,1.20676415720126E-16));
#1832=DIRECTION('center_axis',(0.,1.20676415720126E-16,1.));
#1833=DIRECTION('ref_axis',(-1.,0.,0.));
#1834=DIRECTION('',(0.,-1.,0.));
#1835=DIRECTION('',(1.,0.,0.));
#1836=DIRECTION('',(0.,-1.,1.20676415720126E-16));
#1837=DIRECTION('center_axis',(0.,1.20676415720126E-16,1.));
#1838=DIRECTION('ref_axis',(-1.,0.,0.));
#1839=DIRECTION('',(1.,0.,0.));
#1840=DIRECTION('',(0.,1.,0.));
#1841=DIRECTION('center_axis',(0.,-1.,1.22464674570954E-16));
#1842=DIRECTION('ref_axis',(1.,0.,0.));
#1843=DIRECTION('center_axis',(0.,-1.,1.22464674570954E-16));
#1844=DIRECTION('ref_axis',(1.,0.,0.));
#1845=DIRECTION('',(0.,-1.22464674570954E-16,-1.));
#1846=DIRECTION('center_axis',(1.,0.,0.));
#1847=DIRECTION('ref_axis',(0.,1.22464674570954E-16,1.));
#1848=DIRECTION('',(0.,1.,0.));
#1849=DIRECTION('center_axis',(0.,-1.,1.22464674570954E-16));
#1850=DIRECTION('ref_axis',(1.,0.,0.));
#1851=DIRECTION('center_axis',(0.,-1.,1.22464674570954E-16));
#1852=DIRECTION('ref_axis',(0.,0.,1.));
#1853=DIRECTION('center_axis',(-1.,0.,1.77635683940025E-16));
#1854=DIRECTION('ref_axis',(1.77635683940025E-16,-2.00129571382623E-48,
1.));
#1855=DIRECTION('',(0.,1.,0.));
#1856=DIRECTION('',(1.77635683940025E-16,-2.00129571382623E-48,1.));
#1857=DIRECTION('',(-1.77635683940025E-16,-2.29053608604657E-32,-1.));
#1858=DIRECTION('',(1.77635683940025E-16,-2.00129571382623E-48,1.));
#1859=DIRECTION('',(0.,1.,0.));
#1860=DIRECTION('center_axis',(0.,1.,0.));
#1861=DIRECTION('ref_axis',(-1.,0.,7.93016446160823E-15));
#1862=DIRECTION('center_axis',(3.57374234611827E-47,1.,-2.83403645481315E-61));
#1863=DIRECTION('ref_axis',(-1.,3.57374234611827E-47,7.93016446160823E-15));
#1864=DIRECTION('center_axis',(0.,1.,0.));
#1865=DIRECTION('ref_axis',(1.58603289232164E-15,0.,-1.));
#1866=DIRECTION('',(0.,1.,0.));
#1867=DIRECTION('center_axis',(0.,1.,0.));
#1868=DIRECTION('ref_axis',(1.58603289232164E-15,0.,-1.));
#1869=DIRECTION('center_axis',(1.,0.,-2.66453525910037E-16));
#1870=DIRECTION('ref_axis',(-2.66453525910037E-16,4.74959882287513E-48,
-1.));
#1871=DIRECTION('',(0.,1.,0.));
#1872=DIRECTION('',(-2.66453525910037E-16,4.74959882287513E-48,-1.));
#1873=DIRECTION('',(2.66453525910037E-16,2.29053608604657E-32,1.));
#1874=DIRECTION('',(-2.66453525910037E-16,4.74959882287513E-48,-1.));
#1875=DIRECTION('center_axis',(0.,1.,0.));
#1876=DIRECTION('ref_axis',(1.,0.,0.));
#1877=DIRECTION('center_axis',(8.48142646941985E-47,1.,0.));
#1878=DIRECTION('ref_axis',(1.,-8.48142646941985E-47,0.));
#1879=DIRECTION('center_axis',(0.,1.,0.));
#1880=DIRECTION('ref_axis',(0.,0.,1.));
#1881=DIRECTION('center_axis',(0.,1.,-2.34592376840092E-48));
#1882=DIRECTION('ref_axis',(0.,2.34592376840092E-48,1.));
#1883=DIRECTION('center_axis',(-5.50380702935514E-33,1.,-2.29053608604657E-32));
#1884=DIRECTION('ref_axis',(-1.,-5.50380702935514E-33,0.));
#1885=DIRECTION('center_axis',(-1.1034886178577E-32,-1.,1.23116376312277E-32));
#1886=DIRECTION('ref_axis',(0.669666110505259,-1.65330784983297E-32,-0.742662305789622));
#1887=DIRECTION('',(1.,-4.48348337548315E-33,-1.32992948716151E-15));
#1888=DIRECTION('center_axis',(4.97942970711956E-34,-1.,2.07230438335789E-33));
#1889=DIRECTION('ref_axis',(-0.232005837576439,-2.13128597739961E-33,-0.972714393504309));
#1890=DIRECTION('center_axis',(-5.50380702935514E-33,1.,-2.29053608604657E-32));
#1891=DIRECTION('ref_axis',(-1.,-5.50380702935514E-33,0.));
#1892=DIRECTION('center_axis',(-6.55420531727366E-32,-1.,1.5748750485442E-32));
#1893=DIRECTION('ref_axis',(0.972714393504313,-6.74075005481029E-32,-0.232005837576422));
#1894=DIRECTION('center_axis',(-5.50380702935514E-33,1.,-2.29053608604657E-32));
#1895=DIRECTION('ref_axis',(-1.,-5.50380702935514E-33,0.));
#1896=DIRECTION('center_axis',(-5.50380702935514E-33,1.,-2.29053608604657E-32));
#1897=DIRECTION('ref_axis',(-1.,-5.50380702935514E-33,0.));
#1898=DIRECTION('center_axis',(-1.62036213143156E-32,-1.,-1.45232602063197E-32));
#1899=DIRECTION('ref_axis',(-0.742662305789623,2.17595539416534E-32,-0.669666110505258));
#1900=DIRECTION('',(1.06394358972917E-14,3.00197739416882E-32,-1.));
#1901=DIRECTION('center_axis',(-3.05311331771918E-16,1.,9.32150093083422E-32));
#1902=DIRECTION('ref_axis',(-1.,-3.05311331771918E-16,2.18952885050753E-47));
#1903=DIRECTION('center_axis',(-3.05311331771918E-16,1.,9.32150093083422E-32));
#1904=DIRECTION('ref_axis',(-1.,-3.05311331771918E-16,2.18952885050753E-47));
#1905=DIRECTION('center_axis',(-3.05311331771918E-16,1.,9.32150093083422E-32));
#1906=DIRECTION('ref_axis',(-1.,-3.05311331771918E-16,2.18952885050753E-47));
#1907=DIRECTION('center_axis',(-1.1034886178577E-32,-1.,1.23116376312277E-32));
#1908=DIRECTION('ref_axis',(0.669666110505259,-1.65330784983297E-32,-0.742662305789622));
#1909=DIRECTION('center_axis',(-6.55420531727366E-32,-1.,1.5748750485442E-32));
#1910=DIRECTION('ref_axis',(0.972714393504313,-6.74075005481029E-32,-0.232005837576422));
#1911=DIRECTION('',(-0.911984143658353,-2.78439093455204E-16,-0.410225452301219));
#1912=DIRECTION('',(-0.410225452301248,-1.25246479168831E-16,-0.91198414365834));
#1913=DIRECTION('center_axis',(-3.05311331771918E-16,1.,9.32150093083422E-32));
#1914=DIRECTION('ref_axis',(-1.,-3.05311331771918E-16,2.18952885050753E-47));
#1915=DIRECTION('center_axis',(-3.05311331771918E-16,1.,9.32150093083422E-32));
#1916=DIRECTION('ref_axis',(-0.232005837576439,0.,-0.972714393504309));
#1917=DIRECTION('',(-0.410225452301232,-1.25246479168827E-16,0.911984143658348));
#1918=DIRECTION('',(-0.911984143658332,-2.78439093455198E-16,0.410225452301267));
#1919=DIRECTION('center_axis',(-1.62036213143156E-32,-1.,-1.45232602063197E-32));
#1920=DIRECTION('ref_axis',(-0.742662305789623,2.17595539416534E-32,-0.669666110505258));
#1921=DIRECTION('center_axis',(0.,-1.,0.));
#1922=DIRECTION('ref_axis',(0.972714393504313,0.,-0.232005837576422));
#1923=DIRECTION('',(0.,-1.,0.));
#1924=DIRECTION('center_axis',(0.410225452301219,0.,-0.911984143658353));
#1925=DIRECTION('ref_axis',(0.911984143658353,-5.08488317059E-14,0.410225452301219));
#1926=DIRECTION('',(0.,-1.,0.));
#1927=DIRECTION('',(0.,-1.,0.));
#1928=DIRECTION('center_axis',(0.91198414365834,0.,-0.410225452301248));
#1929=DIRECTION('ref_axis',(0.410225452301248,4.85939589054306E-14,0.91198414365834));
#1930=DIRECTION('',(0.,-1.,0.));
#1931=DIRECTION('center_axis',(0.,-1.,0.));
#1932=DIRECTION('ref_axis',(0.669666110505259,0.,-0.742662305789622));
#1933=DIRECTION('',(0.,-1.,0.));
#1934=DIRECTION('center_axis',(-1.32992948716151E-15,0.,-1.));
#1935=DIRECTION('ref_axis',(1.,-4.48348337548315E-33,-1.32992948716151E-15));
#1936=DIRECTION('',(0.,-1.,0.));
#1937=DIRECTION('center_axis',(0.,-1.,0.));
#1938=DIRECTION('ref_axis',(-0.232005837576439,0.,-0.972714393504309));
#1939=DIRECTION('',(0.,-1.,0.));
#1940=DIRECTION('center_axis',(-0.911984143658348,0.,-0.410225452301232));
#1941=DIRECTION('ref_axis',(0.410225452301232,-5.08488317058988E-14,-0.911984143658348));
#1942=DIRECTION('',(0.,-1.,0.));
#1943=DIRECTION('',(0.,-1.,0.));
#1944=DIRECTION('center_axis',(-0.410225452301267,0.,-0.911984143658332));
#1945=DIRECTION('ref_axis',(0.911984143658332,4.85939589054293E-14,-0.410225452301267));
#1946=DIRECTION('',(0.,-1.,0.));
#1947=DIRECTION('center_axis',(0.,-1.,0.));
#1948=DIRECTION('ref_axis',(-0.742662305789623,0.,-0.669666110505258));
#1949=DIRECTION('',(0.,-1.,0.));
#1950=DIRECTION('center_axis',(-1.,0.,-1.06394358972917E-14));
#1951=DIRECTION('ref_axis',(1.06394358972917E-14,3.00197739416882E-32,-1.));
#1952=DIRECTION('center_axis',(0.,1.,0.));
#1953=DIRECTION('ref_axis',(-1.,0.,0.));
#1954=DIRECTION('',(0.,-1.,0.));
#1955=DIRECTION('center_axis',(4.1395779829907E-47,-1.,2.3303752327085E-32));
#1956=DIRECTION('ref_axis',(-1.,0.,0.));
#1957=DIRECTION('center_axis',(4.1395779829907E-47,-1.,2.3303752327085E-32));
#1958=DIRECTION('ref_axis',(-1.,0.,0.));
#1959=DIRECTION('center_axis',(4.1395779829907E-47,-1.,2.3303752327085E-32));
#1960=DIRECTION('ref_axis',(-1.,0.,0.));
#1961=DIRECTION('center_axis',(4.1395779829907E-47,-1.,2.3303752327085E-32));
#1962=DIRECTION('ref_axis',(-1.,0.,0.));
#1963=DIRECTION('center_axis',(4.1395779829907E-47,-1.,2.3303752327085E-32));
#1964=DIRECTION('ref_axis',(1.,4.1395779829907E-47,0.));
#1965=DIRECTION('',(1.,6.43003090706417E-64,0.));
#1966=DIRECTION('center_axis',(-2.07758437515372E-78,1.,2.25032391111915E-93));
#1967=DIRECTION('ref_axis',(1.,2.07758437515372E-78,-1.08314441426844E-15));
#1968=DIRECTION('',(-5.32907051820075E-16,-1.35190524148238E-78,-1.));
#1969=DIRECTION('center_axis',(4.1395779829907E-47,-1.,2.3303752327085E-32));
#1970=DIRECTION('ref_axis',(1.,4.1395779829907E-47,0.));
#1971=DIRECTION('',(3.55271367880051E-16,6.90749303294884E-79,1.));
#1972=DIRECTION('center_axis',(2.12336953065855E-78,1.,1.96037527654396E-63));
#1973=DIRECTION('ref_axis',(1.08314441426844E-15,-1.96037527654396E-63,
1.));
#1974=DIRECTION('',(1.,6.43003090706417E-64,0.));
#1975=DIRECTION('center_axis',(4.1395779829907E-47,-1.,2.3303752327085E-32));
#1976=DIRECTION('ref_axis',(1.,4.1395779829907E-47,0.));
#1977=DIRECTION('',(-1.,-1.227496419973E-77,1.77635683940025E-16));
#1978=DIRECTION('center_axis',(7.19954981488913E-79,1.,-5.26375271289009E-93));
#1979=DIRECTION('ref_axis',(-1.,7.19954981488913E-79,7.311224796312E-15));
#1980=DIRECTION('',(3.55271367880051E-16,6.90749303294884E-79,1.));
#1981=DIRECTION('center_axis',(4.1395779829907E-47,-1.,2.3303752327085E-32));
#1982=DIRECTION('ref_axis',(1.,4.1395779829907E-47,0.));
#1983=DIRECTION('',(-5.32907051820075E-16,-1.35190524148238E-78,-1.));
#1984=DIRECTION('center_axis',(-7.79815216724457E-94,1.,2.87981992595565E-78));
#1985=DIRECTION('ref_axis',(2.70786103567111E-16,2.87981992595565E-78,-1.));
#1986=DIRECTION('',(-1.,-1.227496419973E-77,1.77635683940025E-16));
#1987=DIRECTION('center_axis',(0.,-1.,0.));
#1988=DIRECTION('ref_axis',(1.,0.,0.));
#1989=DIRECTION('center_axis',(0.,-1.,0.));
#1990=DIRECTION('ref_axis',(1.,0.,0.));
#1991=DIRECTION('center_axis',(0.,-1.,0.));
#1992=DIRECTION('ref_axis',(1.,0.,0.));
#1993=DIRECTION('center_axis',(0.,-1.,0.));
#1994=DIRECTION('ref_axis',(1.,0.,0.));
#1995=DIRECTION('center_axis',(0.,1.,0.));
#1996=DIRECTION('ref_axis',(1.08314441426844E-15,0.,1.));
#1997=DIRECTION('',(0.,-1.,0.));
#1998=DIRECTION('',(0.,-1.,0.));
#1999=DIRECTION('center_axis',(-1.,0.,3.5527136788005E-16));
#2000=DIRECTION('ref_axis',(3.55271367880051E-16,6.90749303294884E-79,1.));
#2001=DIRECTION('',(0.,-1.,0.));
#2002=DIRECTION('center_axis',(0.,1.,0.));
#2003=DIRECTION('ref_axis',(-1.,0.,7.311224796312E-15));
#2004=DIRECTION('',(0.,-1.,0.));
#2005=DIRECTION('center_axis',(-1.77635683940025E-16,0.,-1.));
#2006=DIRECTION('ref_axis',(-1.,-1.227496419973E-77,1.77635683940025E-16));
#2007=DIRECTION('',(0.,-1.,0.));
#2008=DIRECTION('center_axis',(0.,1.,0.));
#2009=DIRECTION('ref_axis',(2.70786103567111E-16,0.,-1.));
#2010=DIRECTION('',(0.,-1.,0.));
#2011=DIRECTION('center_axis',(1.,0.,-5.32907051820075E-16));
#2012=DIRECTION('ref_axis',(-5.32907051820075E-16,-1.35190524148238E-78,
-1.));
#2013=DIRECTION('',(0.,-1.,0.));
#2014=DIRECTION('center_axis',(0.,1.,0.));
#2015=DIRECTION('ref_axis',(1.,0.,-1.08314441426844E-15));
#2016=DIRECTION('',(0.,1.,0.));
#2017=DIRECTION('center_axis',(0.,0.,1.));
#2018=DIRECTION('ref_axis',(1.,6.43003090706417E-64,0.));
#2019=CARTESIAN_POINT('',(0.,0.,0.));
#2020=CARTESIAN_POINT('Origin',(-4.3289441469631E-16,21.1633333333333,2.95822839457879E-30));
#2021=CARTESIAN_POINT('',(20.7,21.1633333333333,-6.66133814775094E-15));
#2022=CARTESIAN_POINT('Origin',(1.66533453693773E-15,21.1633333333333,-4.44089209850063E-15));
#2023=CARTESIAN_POINT('',(14.,21.1633333333333,3.33919365001745));
#2024=CARTESIAN_POINT('',(14.0000000000001,21.1633333333333,-3.3391936500172));
#2025=CARTESIAN_POINT('',(14.0000000000001,21.1633333333333,-1.66959682500854));
#2026=CARTESIAN_POINT('',(10.688926112831,21.1633333333333,9.63831275622231));
#2027=CARTESIAN_POINT('Origin',(1.66533453693773E-15,21.1633333333333,-4.44089209850063E-15));
#2028=CARTESIAN_POINT('',(10.5526167310879,21.1633333333333,9.69962695578084));
#2029=CARTESIAN_POINT('',(8.04679408812025,21.1633333333333,10.8267871528593));
#2030=CARTESIAN_POINT('',(9.69962695578083,21.1633333333333,10.5526167310879));
#2031=CARTESIAN_POINT('Ctrl Pts',(9.69962695578082,21.1633333333333,10.5526167310879));
#2032=CARTESIAN_POINT('Ctrl Pts',(9.78417026564503,21.1633333333333,10.3646660380823));
#2033=CARTESIAN_POINT('Ctrl Pts',(9.90219092783956,21.1633333333333,10.1936460161262));
#2034=CARTESIAN_POINT('Ctrl Pts',(10.1936460161262,21.1633333333333,9.90219092783958));
#2035=CARTESIAN_POINT('Ctrl Pts',(10.3646660380823,21.1633333333333,9.78417026564505));
#2036=CARTESIAN_POINT('Ctrl Pts',(10.5526167310879,21.1633333333333,9.69962695578084));
#2037=CARTESIAN_POINT('',(9.63831275622234,21.1633333333333,10.6889261128309));
#2038=CARTESIAN_POINT('',(10.8574442526386,21.1633333333333,7.9786393972476));
#2039=CARTESIAN_POINT('',(3.33919365001714,21.1633333333333,14.0000000000001));
#2040=CARTESIAN_POINT('Origin',(1.66533453693773E-15,21.1633333333333,-4.44089209850063E-15));
#2041=CARTESIAN_POINT('',(-3.3391936500174,21.1633333333333,14.));
#2042=CARTESIAN_POINT('',(1.6695968250085,21.1633333333333,14.0000000000001));
#2043=CARTESIAN_POINT('',(-9.63831275622232,21.1633333333333,10.6889261128309));
#2044=CARTESIAN_POINT('Origin',(1.66533453693773E-15,21.1633333333333,-4.44089209850063E-15));
#2045=CARTESIAN_POINT('',(-9.69962695578084,21.1633333333333,10.5526167310879));
#2046=CARTESIAN_POINT('',(-10.8267871528593,21.1633333333333,8.04679408811973));
#2047=CARTESIAN_POINT('',(-10.5526167310879,21.1633333333333,9.69962695578083));
#2048=CARTESIAN_POINT('Ctrl Pts',(-10.5526167310879,21.1633333333333,9.69962695578083));
#2049=CARTESIAN_POINT('Ctrl Pts',(-10.1876758717565,21.1633333333333,9.86378335052021));
#2050=CARTESIAN_POINT('Ctrl Pts',(-9.86378335052021,21.1633333333333,10.1876758717565));
#2051=CARTESIAN_POINT('Ctrl Pts',(-9.69962695578084,21.1633333333333,10.5526167310879));
#2052=CARTESIAN_POINT('',(-10.6889261128309,21.1633333333333,9.63831275622233));
#2053=CARTESIAN_POINT('',(-7.97863939724791,21.1633333333333,10.8574442526386));
#2054=CARTESIAN_POINT('',(-14.,21.1633333333333,3.3391936500174));
#2055=CARTESIAN_POINT('Origin',(1.66533453693773E-15,21.1633333333333,-4.44089209850063E-15));
#2056=CARTESIAN_POINT('',(-14.,21.1633333333333,-3.33919365001768));
#2057=CARTESIAN_POINT('',(-14.,21.1633333333333,1.66959682500862));
#2058=CARTESIAN_POINT('',(-10.688926112831,21.1633333333333,-9.63831275622231));
#2059=CARTESIAN_POINT('Origin',(1.66533453693773E-15,21.1633333333333,-4.44089209850063E-15));
#2060=CARTESIAN_POINT('',(-10.5526167310879,21.1633333333333,-9.69962695578083));
#2061=CARTESIAN_POINT('',(-8.04679408811966,21.1633333333333,-10.8267871528593));
#2062=CARTESIAN_POINT('',(-9.69962695578083,21.1633333333333,-10.5526167310879));
#2063=CARTESIAN_POINT('Ctrl Pts',(-9.69962695578083,21.1633333333333,-10.5526167310879));
#2064=CARTESIAN_POINT('Ctrl Pts',(-9.86378335052021,21.1633333333333,-10.1876758717565));
#2065=CARTESIAN_POINT('Ctrl Pts',(-10.1876758717565,21.1633333333333,-9.8637833505202));
#2066=CARTESIAN_POINT('Ctrl Pts',(-10.5526167310879,21.1633333333333,-9.69962695578083));
#2067=CARTESIAN_POINT('',(-9.63831275622233,21.1633333333333,-10.6889261128309));
#2068=CARTESIAN_POINT('',(-10.8574442526386,21.1633333333333,-7.97863939724784));
#2069=CARTESIAN_POINT('',(-3.33919365001743,21.1633333333333,-14.));
#2070=CARTESIAN_POINT('Origin',(1.66533453693773E-15,21.1633333333333,-4.44089209850063E-15));
#2071=CARTESIAN_POINT('',(3.33919365001739,21.1633333333333,-14.));
#2072=CARTESIAN_POINT('',(-1.66959682500872,21.1633333333333,-14.));
#2073=CARTESIAN_POINT('',(9.63831275622232,21.1633333333333,-10.6889261128309));
#2074=CARTESIAN_POINT('Origin',(1.66533453693773E-15,21.1633333333333,-4.44089209850063E-15));
#2075=CARTESIAN_POINT('',(9.69962695578083,21.1633333333333,-10.5526167310879));
#2076=CARTESIAN_POINT('',(10.8267871528593,21.1633333333333,-8.04679408811951));
#2077=CARTESIAN_POINT('',(10.5526167310879,21.1633333333333,-9.69962695578083));
#2078=CARTESIAN_POINT('Ctrl Pts',(10.5526167310879,21.1633333333333,-9.69962695578083));
#2079=CARTESIAN_POINT('Ctrl Pts',(10.1876758717565,21.1633333333333,-9.8637833505202));
#2080=CARTESIAN_POINT('Ctrl Pts',(9.8637833505202,21.1633333333333,-10.1876758717565));
#2081=CARTESIAN_POINT('Ctrl Pts',(9.69962695578083,21.1633333333333,-10.5526167310879));
#2082=CARTESIAN_POINT('',(10.688926112831,21.1633333333333,-9.63831275622232));
#2083=CARTESIAN_POINT('',(7.97863939724774,21.1633333333333,-10.8574442526386));
#2084=CARTESIAN_POINT('Origin',(1.66533453693773E-15,21.1633333333333,-4.44089209850063E-15));
#2085=CARTESIAN_POINT('Origin',(1.66533453693773E-15,23.1633333333333,-4.44089209850063E-15));
#2086=CARTESIAN_POINT('',(-10.6889261128309,15.9633333333333,9.63831275622233));
#2087=CARTESIAN_POINT('',(-10.6889261128309,23.1633333333333,9.63831275622233));
#2088=CARTESIAN_POINT('',(-13.9,15.9633333333333,3.73365962994985));
#2089=CARTESIAN_POINT('Origin',(1.66533453693773E-15,15.9633333333333,-4.44089209850063E-15));
#2090=CARTESIAN_POINT('',(-14.,15.9633333333333,3.3391936500174));
#2091=CARTESIAN_POINT('Origin',(1.66533453693773E-15,15.9633333333333,-4.44089209850063E-15));
#2092=CARTESIAN_POINT('',(-14.,23.1633333333333,3.33919365001739));
#2093=CARTESIAN_POINT('Origin',(-10.5526167310879,23.1633333333333,9.69962695578083));
#2094=CARTESIAN_POINT('',(-10.5526167310879,15.9633333333333,9.69962695578083));
#2095=CARTESIAN_POINT('',(-10.5526167310879,23.1633333333333,9.69962695578083));
#2096=CARTESIAN_POINT('',(-7.97863939724791,15.9633333333333,10.8574442526386));
#2097=CARTESIAN_POINT('Ctrl Pts',(-9.69962695578084,23.1633333333333,10.5526167310879));
#2098=CARTESIAN_POINT('Ctrl Pts',(-9.69962695578084,15.9549357626065,10.5526167310879));
#2099=CARTESIAN_POINT('Ctrl Pts',(-9.86378335052021,23.1633333333333,10.1876758717565));
#2100=CARTESIAN_POINT('Ctrl Pts',(-9.86378335052021,15.9549357626065,10.1876758717565));
#2101=CARTESIAN_POINT('Ctrl Pts',(-10.1876758717565,23.1633333333333,9.86378335052021));
#2102=CARTESIAN_POINT('Ctrl Pts',(-10.1876758717565,15.9549357626065,9.86378335052021));
#2103=CARTESIAN_POINT('Ctrl Pts',(-10.5526167310879,23.1633333333333,9.69962695578083));
#2104=CARTESIAN_POINT('Ctrl Pts',(-10.5526167310879,15.9549357626065,9.69962695578083));
#2105=CARTESIAN_POINT('',(-9.69962695578083,15.9633333333333,10.5526167310879));
#2106=CARTESIAN_POINT('',(-9.69962695578083,23.1633333333333,10.5526167310879));
#2107=CARTESIAN_POINT('Ctrl Pts',(-10.5526167310879,15.9633333333333,9.69962695578083));
#2108=CARTESIAN_POINT('Ctrl Pts',(-10.1876758717565,15.9633333333333,9.86378335052021));
#2109=CARTESIAN_POINT('Ctrl Pts',(-9.86378335052021,15.9633333333333,10.1876758717565));
#2110=CARTESIAN_POINT('Ctrl Pts',(-9.69962695578084,15.9633333333333,10.5526167310879));
#2111=CARTESIAN_POINT('Origin',(-9.63831275622232,23.1633333333333,10.6889261128309));
#2112=CARTESIAN_POINT('',(-9.63831275622232,15.9633333333333,10.6889261128309));
#2113=CARTESIAN_POINT('',(-9.63831275622232,23.1633333333333,10.6889261128309));
#2114=CARTESIAN_POINT('',(-10.8267871528593,15.9633333333333,8.04679408811973));
#2115=CARTESIAN_POINT('Origin',(1.66533453693773E-15,23.1633333333333,-4.44089209850063E-15));
#2116=CARTESIAN_POINT('',(-3.3391936500174,15.9633333333333,14.));
#2117=CARTESIAN_POINT('',(-3.3391936500174,23.1633333333333,14.));
#2118=CARTESIAN_POINT('',(-3.73365962994979,15.9633333333333,13.9));
#2119=CARTESIAN_POINT('Origin',(1.66533453693773E-15,15.9633333333333,-4.44089209850063E-15));
#2120=CARTESIAN_POINT('Origin',(1.66533453693773E-15,15.9633333333333,-4.44089209850063E-15));
#2121=CARTESIAN_POINT('Origin',(3.33919365001714,23.1633333333333,14.0000000000001));
#2122=CARTESIAN_POINT('',(3.33919365001714,15.9633333333333,14.0000000000001));
#2123=CARTESIAN_POINT('',(3.33919365001714,23.1633333333333,14.0000000000001));
#2124=CARTESIAN_POINT('',(3.33919365001714,15.9633333333333,14.0000000000001));
#2125=CARTESIAN_POINT('Origin',(1.66533453693773E-15,23.1633333333333,-4.44089209850063E-15));
#2126=CARTESIAN_POINT('',(9.63831275622234,15.9633333333333,10.6889261128309));
#2127=CARTESIAN_POINT('',(9.63831275622234,23.1633333333333,10.6889261128309));
#2128=CARTESIAN_POINT('',(3.7336596299498,15.9633333333333,13.9));
#2129=CARTESIAN_POINT('Origin',(1.66533453693773E-15,15.9633333333333,-4.44089209850063E-15));
#2130=CARTESIAN_POINT('Origin',(1.66533453693773E-15,15.9633333333333,-4.44089209850063E-15));
#2131=CARTESIAN_POINT('Origin',(9.69962695578082,23.1633333333333,10.5526167310879));
#2132=CARTESIAN_POINT('',(9.69962695578083,15.9633333333333,10.5526167310879));
#2133=CARTESIAN_POINT('',(9.69962695578083,23.1633333333333,10.5526167310879));
#2134=CARTESIAN_POINT('',(10.8574442526386,15.9633333333333,7.9786393972476));
#2135=CARTESIAN_POINT('Ctrl Pts',(10.5526167310879,23.1633333333333,9.69962695578084));
#2136=CARTESIAN_POINT('Ctrl Pts',(10.5526167310879,15.9549357626065,9.69962695578084));
#2137=CARTESIAN_POINT('Ctrl Pts',(10.1876758717565,23.1633333333333,9.86378335052021));
#2138=CARTESIAN_POINT('Ctrl Pts',(10.1876758717565,15.9549357626065,9.86378335052021));
#2139=CARTESIAN_POINT('Ctrl Pts',(9.8637833505202,23.1633333333333,10.1876758717565));
#2140=CARTESIAN_POINT('Ctrl Pts',(9.8637833505202,15.9549357626065,10.1876758717565));
#2141=CARTESIAN_POINT('Ctrl Pts',(9.69962695578083,23.1633333333333,10.5526167310879));
#2142=CARTESIAN_POINT('Ctrl Pts',(9.69962695578083,15.9549357626065,10.5526167310879));
#2143=CARTESIAN_POINT('',(10.5526167310879,15.9633333333333,9.69962695578084));
#2144=CARTESIAN_POINT('',(10.5526167310879,23.1633333333333,9.69962695578084));
#2145=CARTESIAN_POINT('Ctrl Pts',(9.69962695578083,15.9633333333333,10.5526167310879));
#2146=CARTESIAN_POINT('Ctrl Pts',(9.8637833505202,15.9633333333333,10.1876758717565));
#2147=CARTESIAN_POINT('Ctrl Pts',(10.1876758717565,15.9633333333333,9.86378335052021));
#2148=CARTESIAN_POINT('Ctrl Pts',(10.5526167310879,15.9633333333333,9.69962695578084));
#2149=CARTESIAN_POINT('Origin',(10.688926112831,23.1633333333333,9.63831275622231));
#2150=CARTESIAN_POINT('',(10.688926112831,15.9633333333333,9.63831275622231));
#2151=CARTESIAN_POINT('',(10.688926112831,23.1633333333333,9.63831275622231));
#2152=CARTESIAN_POINT('',(8.04679408812025,15.9633333333333,10.8267871528593));
#2153=CARTESIAN_POINT('Origin',(1.66533453693773E-15,23.1633333333333,-4.44089209850063E-15));
#2154=CARTESIAN_POINT('',(14.,15.9633333333333,3.33919365001745));
#2155=CARTESIAN_POINT('',(14.,23.1633333333333,3.33919365001745));
#2156=CARTESIAN_POINT('',(13.9,15.9633333333333,3.73365962994981));
#2157=CARTESIAN_POINT('Origin',(1.66533453693773E-15,15.9633333333333,-4.44089209850063E-15));
#2158=CARTESIAN_POINT('Origin',(1.66533453693773E-15,15.9633333333333,-4.44089209850063E-15));
#2159=CARTESIAN_POINT('Origin',(14.0000000000001,23.1633333333333,-3.3391936500172));
#2160=CARTESIAN_POINT('',(14.0000000000001,15.9633333333333,-3.3391936500172));
#2161=CARTESIAN_POINT('',(14.0000000000001,23.1633333333333,-3.3391936500172));
#2162=CARTESIAN_POINT('',(14.0000000000001,15.9633333333333,-3.3391936500172));
#2163=CARTESIAN_POINT('Origin',(-15.8234018715768,-28.3116666666667,-15.8234018715768));
#2164=CARTESIAN_POINT('',(-18.4484018715768,-28.5116666666667,-15.8234018715768));
#2165=CARTESIAN_POINT('Origin',(-15.8234018715768,-28.5116666666667,-15.8234018715768));
#2166=CARTESIAN_POINT('',(-18.0484018715768,-28.1116666666667,-15.8234018715768));
#2167=CARTESIAN_POINT('',(-18.2484018715768,-28.3116666666667,-15.8234018715768));
#2168=CARTESIAN_POINT('Origin',(-15.8234018715768,-28.1116666666667,-15.8234018715768));
#2169=CARTESIAN_POINT('Origin',(4.44089209850063E-15,-28.5116666666667,
-4.31197996922017E-62));
#2170=CARTESIAN_POINT('',(-5.,-28.5116666666667,-20.7));
#2171=CARTESIAN_POINT('',(-5.,-28.5116666666667,-13.9));
#2172=CARTESIAN_POINT('',(-5.,-28.5116666666667,-10.35));
#2173=CARTESIAN_POINT('',(-12.5,-28.5116666666667,-13.9));
#2174=CARTESIAN_POINT('',(6.25,-28.5116666666667,-13.9));
#2175=CARTESIAN_POINT('',(-13.9,-28.5116666666667,-12.5));
#2176=CARTESIAN_POINT('Origin',(-12.5,-28.5116666666667,-12.5));
#2177=CARTESIAN_POINT('',(-13.9,-28.5116666666667,12.5));
#2178=CARTESIAN_POINT('',(-13.9,-28.5116666666667,-6.25));
#2179=CARTESIAN_POINT('',(-13.5000002011657,-28.5116666666667,13.4797956917994));
#2180=CARTESIAN_POINT('Origin',(-12.5,-28.5116666666667,12.5));
#2181=CARTESIAN_POINT('',(-13.5000002011657,-28.5116666666667,13.5000002011657));
#2182=CARTESIAN_POINT('',(-13.5000002011657,-28.5116666666667,6.75000010058284));
#2183=CARTESIAN_POINT('',(-13.4797956917994,-28.5116666666667,13.5000002011657));
#2184=CARTESIAN_POINT('',(6.75000010058284,-28.5116666666667,13.5000002011657));
#2185=CARTESIAN_POINT('',(-12.5,-28.5116666666667,13.9));
#2186=CARTESIAN_POINT('Origin',(-12.5,-28.5116666666667,12.5));
#2187=CARTESIAN_POINT('',(-5.,-28.5116666666667,13.9));
#2188=CARTESIAN_POINT('',(-6.24999999999999,-28.5116666666667,13.9));
#2189=CARTESIAN_POINT('',(-5.,-28.5116666666667,20.7));
#2190=CARTESIAN_POINT('',(-5.,-28.5116666666667,6.95000000000001));
#2191=CARTESIAN_POINT('',(-12.5,-28.5116666666667,20.7));
#2192=CARTESIAN_POINT('',(12.5,-28.5116666666667,20.7));
#2193=CARTESIAN_POINT('',(-20.7,-28.5116666666667,12.5));
#2194=CARTESIAN_POINT('Origin',(-12.5,-28.5116666666667,12.5));
#2195=CARTESIAN_POINT('',(-20.7,-28.5116666666667,-12.5));
#2196=CARTESIAN_POINT('',(-20.7,-28.5116666666667,12.5));
#2197=CARTESIAN_POINT('',(-12.5,-28.5116666666667,-20.7));
#2198=CARTESIAN_POINT('Origin',(-12.5,-28.5116666666667,-12.5));
#2199=CARTESIAN_POINT('',(-12.5,-28.5116666666667,-20.7));
#2200=CARTESIAN_POINT('',(-18.4484018715768,-28.5116666666667,15.8234018715768));
#2201=CARTESIAN_POINT('Origin',(-15.8234018715768,-28.5116666666667,15.8234018715768));
#2202=CARTESIAN_POINT('Origin',(-15.8234018715768,-28.5116666666667,-15.8234018715768));
#2203=CARTESIAN_POINT('',(-18.0484018715768,9.48833333333333,-15.8234018715768));
#2204=CARTESIAN_POINT('Origin',(-15.8234018715768,9.48833333333333,-15.8234018715768));
#2205=CARTESIAN_POINT('',(-18.0484018715768,-28.5116666666667,-15.8234018715768));
#2206=CARTESIAN_POINT('Origin',(15.8234018715768,-28.3116666666667,-15.8234018715768));
#2207=CARTESIAN_POINT('',(13.1984018715768,-28.5116666666667,-15.8234018715768));
#2208=CARTESIAN_POINT('Origin',(15.8234018715768,-28.5116666666667,-15.8234018715768));
#2209=CARTESIAN_POINT('',(13.5984018715768,-28.1116666666667,-15.8234018715768));
#2210=CARTESIAN_POINT('',(13.3984018715768,-28.3116666666667,-15.8234018715768));
#2211=CARTESIAN_POINT('Origin',(15.8234018715768,-28.1116666666667,-15.8234018715768));
#2212=CARTESIAN_POINT('Origin',(4.44089209850063E-15,-28.5116666666667,
-4.31197996922017E-62));
#2213=CARTESIAN_POINT('',(5.,-28.5116666666667,-13.9));
#2214=CARTESIAN_POINT('',(5.,-28.5116666666667,-20.7));
#2215=CARTESIAN_POINT('',(5.,-28.5116666666667,-6.95000000000001));
#2216=CARTESIAN_POINT('',(12.5,-28.5116666666667,-20.7));
#2217=CARTESIAN_POINT('',(-12.5,-28.5116666666667,-20.7));
#2218=CARTESIAN_POINT('',(20.7,-28.5116666666667,-12.5));
#2219=CARTESIAN_POINT('Origin',(12.5,-28.5116666666667,-12.5));
#2220=CARTESIAN_POINT('',(20.7,-28.5116666666667,12.5));
#2221=CARTESIAN_POINT('',(20.7,-28.5116666666667,-12.5));
#2222=CARTESIAN_POINT('',(12.5,-28.5116666666667,20.7));
#2223=CARTESIAN_POINT('Origin',(12.5,-28.5116666666667,12.5));
#2224=CARTESIAN_POINT('',(5.,-28.5116666666667,20.7));
#2225=CARTESIAN_POINT('',(12.5,-28.5116666666667,20.7));
#2226=CARTESIAN_POINT('',(5.,-28.5116666666667,13.9));
#2227=CARTESIAN_POINT('',(5.,-28.5116666666667,10.35));
#2228=CARTESIAN_POINT('',(12.5,-28.5116666666667,13.9));
#2229=CARTESIAN_POINT('',(-6.24999999999999,-28.5116666666667,13.9));
#2230=CARTESIAN_POINT('',(13.4797956917994,-28.5116666666667,13.5000002011657));
#2231=CARTESIAN_POINT('Origin',(12.5,-28.5116666666667,12.5));
#2232=CARTESIAN_POINT('',(13.5000002011657,-28.5116666666667,13.5000002011657));
#2233=CARTESIAN_POINT('',(6.75000010058284,-28.5116666666667,13.5000002011657));
#2234=CARTESIAN_POINT('',(13.5000002011657,-28.5116666666667,13.4797956917994));
#2235=CARTESIAN_POINT('',(13.5000002011657,-28.5116666666667,2.25));
#2236=CARTESIAN_POINT('',(13.9,-28.5116666666667,12.5));
#2237=CARTESIAN_POINT('Origin',(12.5,-28.5116666666667,12.5));
#2238=CARTESIAN_POINT('',(13.9,-28.5116666666667,-12.5));
#2239=CARTESIAN_POINT('',(13.9,-28.5116666666667,6.25));
#2240=CARTESIAN_POINT('',(12.5,-28.5116666666667,-13.9));
#2241=CARTESIAN_POINT('Origin',(12.5,-28.5116666666667,-12.5));
#2242=CARTESIAN_POINT('',(6.25,-28.5116666666667,-13.9));
#2243=CARTESIAN_POINT('',(13.1984018715768,-28.5116666666667,15.8234018715768));
#2244=CARTESIAN_POINT('Origin',(15.8234018715768,-28.5116666666667,15.8234018715768));
#2245=CARTESIAN_POINT('Origin',(15.8234018715768,-28.5116666666667,-15.8234018715768));
#2246=CARTESIAN_POINT('',(13.5984018715768,9.48833333333333,-15.8234018715768));
#2247=CARTESIAN_POINT('Origin',(15.8234018715768,9.48833333333333,-15.8234018715768));
#2248=CARTESIAN_POINT('',(13.5984018715768,-28.5116666666667,-15.8234018715768));
#2249=CARTESIAN_POINT('Origin',(15.8234018715768,-28.3116666666667,15.8234018715768));
#2250=CARTESIAN_POINT('',(13.5984018715768,-28.1116666666667,15.8234018715768));
#2251=CARTESIAN_POINT('',(13.3984018715768,-28.3116666666667,15.8234018715768));
#2252=CARTESIAN_POINT('Origin',(15.8234018715768,-28.1116666666667,15.8234018715768));
#2253=CARTESIAN_POINT('Origin',(15.8234018715768,-28.5116666666667,15.8234018715768));
#2254=CARTESIAN_POINT('',(13.5984018715768,9.48833333333333,15.8234018715768));
#2255=CARTESIAN_POINT('Origin',(15.8234018715768,9.48833333333333,15.8234018715768));
#2256=CARTESIAN_POINT('',(13.5984018715768,-28.5116666666667,15.8234018715768));
#2257=CARTESIAN_POINT('Origin',(-15.8234018715768,-28.3116666666667,15.8234018715768));
#2258=CARTESIAN_POINT('',(-18.0484018715768,-28.1116666666667,15.8234018715768));
#2259=CARTESIAN_POINT('',(-18.2484018715768,-28.3116666666667,15.8234018715768));
#2260=CARTESIAN_POINT('Origin',(-15.8234018715768,-28.1116666666667,15.8234018715768));
#2261=CARTESIAN_POINT('Origin',(-15.8234018715768,-28.5116666666667,15.8234018715768));
#2262=CARTESIAN_POINT('',(-18.0484018715768,9.48833333333333,15.8234018715768));
#2263=CARTESIAN_POINT('Origin',(-15.8234018715768,9.48833333333333,15.8234018715768));
#2264=CARTESIAN_POINT('',(-18.0484018715768,-28.5116666666667,15.8234018715768));
#2265=CARTESIAN_POINT('Origin',(-4.34435096592452E-15,-23.5116666666667,
20.25));
#2266=CARTESIAN_POINT('',(5.,-23.5116666666667,20.7));
#2267=CARTESIAN_POINT('',(-5.00000000000001,-23.5116666666667,20.7));
#2268=CARTESIAN_POINT('Origin',(-4.44089209850063E-15,-23.5116666666667,
20.7));
#2269=CARTESIAN_POINT('',(-5.,-23.5116666666667,13.9));
#2270=CARTESIAN_POINT('',(-5.,-23.5116666666667,16.85));
#2271=CARTESIAN_POINT('',(5.,-23.5116666666667,13.9));
#2272=CARTESIAN_POINT('Origin',(-3.33066907387547E-15,-23.5116666666667,
13.9));
#2273=CARTESIAN_POINT('',(5.,-23.5116666666667,20.25));
#2274=CARTESIAN_POINT('Origin',(3.96354983187435E-15,-23.5116666666667,
-16.85));
#2275=CARTESIAN_POINT('',(5.,-23.5116666666667,-13.9));
#2276=CARTESIAN_POINT('',(-5.,-23.5116666666667,-13.9));
#2277=CARTESIAN_POINT('Origin',(3.33066907387547E-15,-23.5116666666667,
-13.9));
#2278=CARTESIAN_POINT('',(-5.,-23.5116666666667,-20.7));
#2279=CARTESIAN_POINT('',(-5.,-23.5116666666667,-20.25));
#2280=CARTESIAN_POINT('',(5.,-23.5116666666667,-20.7));
#2281=CARTESIAN_POINT('Origin',(4.44089209850063E-15,-23.5116666666667,
-20.7));
#2282=CARTESIAN_POINT('',(5.,-23.5116666666667,-16.85));
#2283=CARTESIAN_POINT('Origin',(-5.,-28.5116666666667,-20.7));
#2284=CARTESIAN_POINT('',(-5.,-28.5116666666667,-13.9));
#2285=CARTESIAN_POINT('',(-5.,-13.5116666666667,-20.7));
#2286=CARTESIAN_POINT('Origin',(5.,-28.5116666666667,-13.9));
#2287=CARTESIAN_POINT('',(5.,-28.5116666666667,-20.7));
#2288=CARTESIAN_POINT('',(5.,-28.5116666666667,-13.9));
#2289=CARTESIAN_POINT('Origin',(-5.,-28.5116666666667,13.9));
#2290=CARTESIAN_POINT('',(-5.00000000000001,-13.5116666666667,20.7));
#2291=CARTESIAN_POINT('',(-5.,-28.5116666666667,13.9));
#2292=CARTESIAN_POINT('Origin',(5.,-28.5116666666667,20.7));
#2293=CARTESIAN_POINT('',(5.,-28.5116666666667,13.9));
#2294=CARTESIAN_POINT('',(5.,-13.5116666666667,20.7));
#2295=CARTESIAN_POINT('Origin',(12.5,-28.5116666666667,-13.9));
#2296=CARTESIAN_POINT('',(12.5,15.9633333333333,-13.9));
#2297=CARTESIAN_POINT('',(12.5,-28.5116666666667,-13.9));
#2298=CARTESIAN_POINT('',(3.73365962994978,15.9633333333333,-13.9));
#2299=CARTESIAN_POINT('',(12.5,15.9633333333333,-13.9));
#2300=CARTESIAN_POINT('',(-3.73365962994978,15.9633333333333,-13.9));
#2301=CARTESIAN_POINT('',(6.25000000000001,15.9633333333333,-13.9));
#2302=CARTESIAN_POINT('',(-12.5,15.9633333333333,-13.9));
#2303=CARTESIAN_POINT('',(12.5,15.9633333333333,-13.9));
#2304=CARTESIAN_POINT('',(-12.5,-28.5116666666667,-13.9));
#2305=CARTESIAN_POINT('Origin',(-12.5,-28.5116666666667,13.9));
#2306=CARTESIAN_POINT('',(-12.5,15.9633333333333,13.9));
#2307=CARTESIAN_POINT('',(-12.5,-28.5116666666667,13.9));
#2308=CARTESIAN_POINT('',(-12.5,15.9633333333333,13.9));
#2309=CARTESIAN_POINT('',(-6.24999999999998,15.9633333333333,13.9));
#2310=CARTESIAN_POINT('',(12.5,15.9633333333333,13.9));
#2311=CARTESIAN_POINT('',(-12.5,15.9633333333333,13.9));
#2312=CARTESIAN_POINT('',(12.5,-28.5116666666667,13.9));
#2313=CARTESIAN_POINT('Origin',(-13.5000002011657,1.58853333333334,13.5000002011657));
#2314=CARTESIAN_POINT('',(-13.5000002011657,1.58853333333334,13.4797956917994));
#2315=CARTESIAN_POINT('',(-13.5000002011657,-28.5116666666667,13.4797956917994));
#2316=CARTESIAN_POINT('',(-13.5000002011657,1.58853333333334,13.5000002011657));
#2317=CARTESIAN_POINT('',(-13.5000002011657,1.58853333333334,4.5));
#2318=CARTESIAN_POINT('',(-13.5000002011657,1.58853333333334,13.5000002011657));
#2319=CARTESIAN_POINT('Origin',(13.5000002011657,1.58853333333334,13.5000002011657));
#2320=CARTESIAN_POINT('',(13.4797956917994,1.58853333333334,13.5000002011657));
#2321=CARTESIAN_POINT('',(13.4797956917994,-28.5116666666667,13.5000002011657));
#2322=CARTESIAN_POINT('',(13.5000002011657,1.58853333333334,13.5000002011657));
#2323=CARTESIAN_POINT('',(-13.5000002011657,1.58853333333334,13.5000002011657));
#2324=CARTESIAN_POINT('',(13.5000002011657,1.58853333333334,13.5000002011657));
#2325=CARTESIAN_POINT('Origin',(13.5000002011657,1.58853333333334,13.5000002011657));
#2326=CARTESIAN_POINT('',(-13.4797956917994,1.58853333333334,13.5000002011657));
#2327=CARTESIAN_POINT('',(-13.5000002011657,1.58853333333334,13.5000002011657));
#2328=CARTESIAN_POINT('',(-13.4797956917994,-28.5116666666667,13.5000002011657));
#2329=CARTESIAN_POINT('Origin',(0.,1.58853333333334,9.00000010058284));
#2330=CARTESIAN_POINT('',(13.5000002011657,1.58853333333334,13.4797956917994));
#2331=CARTESIAN_POINT('Origin',(12.5,1.58853333333334,12.5));
#2332=CARTESIAN_POINT('',(13.5000002011657,1.58853333333334,13.5000002011657));
#2333=CARTESIAN_POINT('Origin',(13.5000002011657,1.58853333333334,4.5));
#2334=CARTESIAN_POINT('',(13.5000002011657,-28.5116666666667,13.4797956917994));
#2335=CARTESIAN_POINT('Origin',(0.,1.58853333333334,9.00000010058284));
#2336=CARTESIAN_POINT('Origin',(-12.5,1.58853333333334,12.5));
#2337=CARTESIAN_POINT('Origin',(-13.9,-28.5116666666667,-12.5));
#2338=CARTESIAN_POINT('',(-13.9,15.9633333333333,-12.5));
#2339=CARTESIAN_POINT('',(-13.9,-28.5116666666667,-12.5));
#2340=CARTESIAN_POINT('',(-13.9,15.9633333333333,-3.73365962994983));
#2341=CARTESIAN_POINT('',(-13.9,15.9633333333333,-12.5));
#2342=CARTESIAN_POINT('',(-13.9,15.9633333333333,-6.24999999999998));
#2343=CARTESIAN_POINT('',(-13.9,15.9633333333333,12.5));
#2344=CARTESIAN_POINT('',(-13.9,15.9633333333333,-12.5));
#2345=CARTESIAN_POINT('',(-13.9,-28.5116666666667,12.5));
#2346=CARTESIAN_POINT('Origin',(-12.5,-28.5116666666667,-12.5));
#2347=CARTESIAN_POINT('Origin',(-12.5,15.9633333333333,-12.5));
#2348=CARTESIAN_POINT('Origin',(12.5,-28.5116666666667,-12.5));
#2349=CARTESIAN_POINT('',(13.9,15.9633333333333,-12.5));
#2350=CARTESIAN_POINT('',(13.9,-28.5116666666667,-12.5));
#2351=CARTESIAN_POINT('Origin',(12.5,15.9633333333333,-12.5));
#2352=CARTESIAN_POINT('Origin',(13.9,-28.5116666666667,12.5));
#2353=CARTESIAN_POINT('',(13.9,15.9633333333333,12.5));
#2354=CARTESIAN_POINT('',(13.9,-28.5116666666667,12.5));
#2355=CARTESIAN_POINT('',(13.9,15.9633333333333,12.5));
#2356=CARTESIAN_POINT('',(13.9,15.9633333333333,-3.73365962994984));
#2357=CARTESIAN_POINT('',(13.9,15.9633333333333,6.25000000000002));
#2358=CARTESIAN_POINT('',(13.9,15.9633333333333,12.5));
#2359=CARTESIAN_POINT('Origin',(12.5,-28.5116666666667,12.5));
#2360=CARTESIAN_POINT('Origin',(12.5,15.9633333333333,12.5));
#2361=CARTESIAN_POINT('Origin',(-12.5,-28.5116666666667,12.5));
#2362=CARTESIAN_POINT('Origin',(-12.5,15.9633333333333,12.5));
#2363=CARTESIAN_POINT('Origin',(2.44249065417534E-14,15.9633333333333,3.10862446895044E-14));
#2364=CARTESIAN_POINT('',(3.33919365001739,15.9633333333333,-14.));
#2365=CARTESIAN_POINT('Origin',(1.66533453693773E-15,15.9633333333333,-4.44089209850063E-15));
#2366=CARTESIAN_POINT('',(-3.33919365001743,15.9633333333333,-14.));
#2367=CARTESIAN_POINT('',(-3.33919365001743,15.9633333333333,-14.));
#2368=CARTESIAN_POINT('Origin',(1.66533453693773E-15,15.9633333333333,-4.44089209850063E-15));
#2369=CARTESIAN_POINT('Origin',(2.44249065417534E-14,15.9633333333333,3.10862446895044E-14));
#2370=CARTESIAN_POINT('Origin',(1.66533453693773E-15,15.9633333333333,-4.44089209850063E-15));
#2371=CARTESIAN_POINT('Origin',(2.44249065417534E-14,15.9633333333333,3.10862446895044E-14));
#2372=CARTESIAN_POINT('Origin',(2.44249065417534E-14,15.9633333333333,3.10862446895044E-14));
#2373=CARTESIAN_POINT('',(-14.,15.9633333333333,-3.33919365001768));
#2374=CARTESIAN_POINT('Origin',(1.66533453693773E-15,15.9633333333333,-4.44089209850063E-15));
#2375=CARTESIAN_POINT('',(-14.,15.9633333333333,3.33919365001739));
#2376=CARTESIAN_POINT('Origin',(1.787551634554E-15,15.9633333333333,2.2186712959341E-30));
#2377=CARTESIAN_POINT('Origin',(1.787551634554E-15,15.9633333333333,2.2186712959341E-30));
#2378=CARTESIAN_POINT('Origin',(1.787551634554E-15,15.9633333333333,2.2186712959341E-30));
#2379=CARTESIAN_POINT('',(9.63831275622232,15.9633333333333,-10.6889261128309));
#2380=CARTESIAN_POINT('Origin',(1.66533453693773E-15,15.9633333333333,-4.44089209850063E-15));
#2381=CARTESIAN_POINT('',(10.688926112831,15.9633333333333,-9.63831275622232));
#2382=CARTESIAN_POINT('Origin',(1.66533453693773E-15,15.9633333333333,-4.44089209850063E-15));
#2383=CARTESIAN_POINT('',(10.5526167310879,15.9633333333333,-9.69962695578083));
#2384=CARTESIAN_POINT('',(7.97863939724774,15.9633333333333,-10.8574442526386));
#2385=CARTESIAN_POINT('',(9.69962695578083,15.9633333333333,-10.5526167310879));
#2386=CARTESIAN_POINT('Ctrl Pts',(10.5526167310879,15.9633333333333,-9.69962695578083));
#2387=CARTESIAN_POINT('Ctrl Pts',(10.1876758717565,15.9633333333333,-9.8637833505202));
#2388=CARTESIAN_POINT('Ctrl Pts',(9.8637833505202,15.9633333333333,-10.1876758717565));
#2389=CARTESIAN_POINT('Ctrl Pts',(9.69962695578083,15.9633333333333,-10.5526167310879));
#2390=CARTESIAN_POINT('',(10.8267871528593,15.9633333333333,-8.04679408811951));
#2391=CARTESIAN_POINT('Origin',(1.787551634554E-15,15.9633333333333,2.2186712959341E-30));
#2392=CARTESIAN_POINT('',(-9.63831275622233,15.9633333333333,-10.6889261128309));
#2393=CARTESIAN_POINT('Origin',(1.66533453693773E-15,15.9633333333333,-4.44089209850063E-15));
#2394=CARTESIAN_POINT('',(-9.69962695578083,15.9633333333333,-10.5526167310879));
#2395=CARTESIAN_POINT('',(-10.8574442526386,15.9633333333333,-7.97863939724784));
#2396=CARTESIAN_POINT('',(-10.5526167310879,15.9633333333333,-9.69962695578083));
#2397=CARTESIAN_POINT('Ctrl Pts',(-9.69962695578083,15.9633333333333,-10.5526167310879));
#2398=CARTESIAN_POINT('Ctrl Pts',(-9.86378335052021,15.9633333333333,-10.1876758717565));
#2399=CARTESIAN_POINT('Ctrl Pts',(-10.1876758717565,15.9633333333333,-9.8637833505202));
#2400=CARTESIAN_POINT('Ctrl Pts',(-10.5526167310879,15.9633333333333,-9.69962695578083));
#2401=CARTESIAN_POINT('',(-10.688926112831,15.9633333333333,-9.63831275622231));
#2402=CARTESIAN_POINT('',(-8.04679408811966,15.9633333333333,-10.8267871528593));
#2403=CARTESIAN_POINT('Origin',(1.66533453693773E-15,15.9633333333333,-4.44089209850063E-15));
#2404=CARTESIAN_POINT('Origin',(1.66533453693773E-15,23.1633333333333,-4.44089209850063E-15));
#2405=CARTESIAN_POINT('',(10.688926112831,23.1633333333333,-9.63831275622232));
#2406=CARTESIAN_POINT('Origin',(10.5526167310879,23.1633333333333,-9.69962695578083));
#2407=CARTESIAN_POINT('',(10.5526167310879,23.1633333333333,-9.69962695578083));
#2408=CARTESIAN_POINT('Ctrl Pts',(9.69962695578083,23.1633333333333,-10.5526167310879));
#2409=CARTESIAN_POINT('Ctrl Pts',(9.69962695578083,15.9549357626065,-10.5526167310879));
#2410=CARTESIAN_POINT('Ctrl Pts',(9.8637833505202,23.1633333333333,-10.1876758717565));
#2411=CARTESIAN_POINT('Ctrl Pts',(9.8637833505202,15.9549357626065,-10.1876758717565));
#2412=CARTESIAN_POINT('Ctrl Pts',(10.1876758717565,23.1633333333333,-9.8637833505202));
#2413=CARTESIAN_POINT('Ctrl Pts',(10.1876758717565,15.9549357626065,-9.8637833505202));
#2414=CARTESIAN_POINT('Ctrl Pts',(10.5526167310879,23.1633333333333,-9.69962695578083));
#2415=CARTESIAN_POINT('Ctrl Pts',(10.5526167310879,15.9549357626065,-9.69962695578083));
#2416=CARTESIAN_POINT('',(9.69962695578083,23.1633333333333,-10.5526167310879));
#2417=CARTESIAN_POINT('Origin',(9.63831275622232,23.1633333333333,-10.6889261128309));
#2418=CARTESIAN_POINT('',(9.63831275622232,23.1633333333333,-10.6889261128309));
#2419=CARTESIAN_POINT('Origin',(1.66533453693773E-15,23.1633333333333,-4.44089209850063E-15));
#2420=CARTESIAN_POINT('',(3.33919365001739,23.1633333333333,-14.));
#2421=CARTESIAN_POINT('Origin',(-3.33919365001743,23.1633333333333,-14.));
#2422=CARTESIAN_POINT('',(-3.33919365001743,23.1633333333333,-14.));
#2423=CARTESIAN_POINT('Origin',(1.66533453693773E-15,23.1633333333333,-4.44089209850063E-15));
#2424=CARTESIAN_POINT('',(-9.63831275622233,23.1633333333333,-10.6889261128309));
#2425=CARTESIAN_POINT('Origin',(-9.69962695578083,23.1633333333333,-10.5526167310879));
#2426=CARTESIAN_POINT('',(-9.69962695578083,23.1633333333333,-10.5526167310879));
#2427=CARTESIAN_POINT('Ctrl Pts',(-10.5526167310879,23.1633333333333,-9.69962695578083));
#2428=CARTESIAN_POINT('Ctrl Pts',(-10.5526167310879,15.9549357626065,-9.69962695578083));
#2429=CARTESIAN_POINT('Ctrl Pts',(-10.1876758717565,23.1633333333333,-9.8637833505202));
#2430=CARTESIAN_POINT('Ctrl Pts',(-10.1876758717565,15.9549357626065,-9.8637833505202));
#2431=CARTESIAN_POINT('Ctrl Pts',(-9.86378335052021,23.1633333333333,-10.1876758717565));
#2432=CARTESIAN_POINT('Ctrl Pts',(-9.86378335052021,15.9549357626065,-10.1876758717565));
#2433=CARTESIAN_POINT('Ctrl Pts',(-9.69962695578083,23.1633333333333,-10.5526167310879));
#2434=CARTESIAN_POINT('Ctrl Pts',(-9.69962695578083,15.9549357626065,-10.5526167310879));
#2435=CARTESIAN_POINT('',(-10.5526167310879,23.1633333333333,-9.69962695578083));
#2436=CARTESIAN_POINT('Origin',(-10.688926112831,23.1633333333333,-9.63831275622231));
#2437=CARTESIAN_POINT('',(-10.688926112831,23.1633333333333,-9.63831275622231));
#2438=CARTESIAN_POINT('Origin',(1.66533453693773E-15,23.1633333333333,-4.44089209850063E-15));
#2439=CARTESIAN_POINT('',(-14.,23.1633333333333,-3.33919365001768));
#2440=CARTESIAN_POINT('Origin',(-14.,23.1633333333333,3.33919365001739));
#2441=CARTESIAN_POINT('Origin',(1.66533453693773E-15,15.9633333333333,-4.44089209850063E-15));
#2442=CARTESIAN_POINT('',(20.7,15.9633333333333,-6.97591097273565E-15));
#2443=CARTESIAN_POINT('',(20.7,15.9633333333333,-6.97591097273565E-15));
#2444=CARTESIAN_POINT('',(-1.66533453693773E-15,15.9633333333333,-20.7));
#2445=CARTESIAN_POINT('Origin',(1.66533453693773E-15,15.9633333333333,-4.44089209850063E-15));
#2446=CARTESIAN_POINT('',(-20.7,15.9633333333333,3.33066907387547E-15));
#2447=CARTESIAN_POINT('Origin',(1.66533453693773E-15,15.9633333333333,-4.44089209850063E-15));
#2448=CARTESIAN_POINT('',(1.66533453693773E-15,15.9633333333333,20.7));
#2449=CARTESIAN_POINT('Origin',(1.66533453693773E-15,15.9633333333333,-4.44089209850063E-15));
#2450=CARTESIAN_POINT('Origin',(1.66533453693773E-15,15.9633333333333,-4.44089209850063E-15));
#2451=CARTESIAN_POINT('Origin',(4.44089209850063E-15,15.9633333333333,-4.31197996922017E-62));
#2452=CARTESIAN_POINT('',(12.5,15.9633333333333,20.7));
#2453=CARTESIAN_POINT('',(12.5,15.9633333333333,20.7));
#2454=CARTESIAN_POINT('',(20.7,15.9633333333333,12.5));
#2455=CARTESIAN_POINT('Origin',(12.5,15.9633333333333,12.5));
#2456=CARTESIAN_POINT('',(20.7,15.9633333333333,-12.5));
#2457=CARTESIAN_POINT('Origin',(4.44089209850063E-15,15.9633333333333,-4.31197996922017E-62));
#2458=CARTESIAN_POINT('',(-20.7,15.9633333333333,12.5));
#2459=CARTESIAN_POINT('',(-20.7,15.9633333333333,12.5));
#2460=CARTESIAN_POINT('',(-12.5,15.9633333333333,20.7));
#2461=CARTESIAN_POINT('Origin',(-12.5,15.9633333333333,12.5));
#2462=CARTESIAN_POINT('',(12.5,15.9633333333333,20.7));
#2463=CARTESIAN_POINT('Origin',(4.44089209850063E-15,15.9633333333333,-4.31197996922017E-62));
#2464=CARTESIAN_POINT('',(-12.5,15.9633333333333,-20.7));
#2465=CARTESIAN_POINT('',(-12.5,15.9633333333333,-20.7));
#2466=CARTESIAN_POINT('',(-20.7,15.9633333333333,-12.4999999999999));
#2467=CARTESIAN_POINT('Origin',(-12.5,15.9633333333333,-12.5));
#2468=CARTESIAN_POINT('',(-20.7,15.9633333333333,12.5));
#2469=CARTESIAN_POINT('Origin',(4.44089209850063E-15,15.9633333333333,-4.31197996922017E-62));
#2470=CARTESIAN_POINT('',(20.7,15.9633333333333,-12.5));
#2471=CARTESIAN_POINT('',(20.7,15.9633333333333,-12.5));
#2472=CARTESIAN_POINT('',(12.5,15.9633333333333,-20.7));
#2473=CARTESIAN_POINT('Origin',(12.5,15.9633333333333,-12.5));
#2474=CARTESIAN_POINT('',(-12.5,15.9633333333333,-20.7));
#2475=CARTESIAN_POINT('Origin',(15.8234018715768,9.48833333333333,15.8234018715768));
#2476=CARTESIAN_POINT('Origin',(15.8234018715768,9.48833333333333,-15.8234018715768));
#2477=CARTESIAN_POINT('Origin',(-15.8234018715768,9.48833333333333,15.8234018715768));
#2478=CARTESIAN_POINT('Origin',(-15.8234018715768,9.48833333333333,-15.8234018715768));
#2479=CARTESIAN_POINT('Origin',(-12.5,1.48833333333333,12.5));
#2480=CARTESIAN_POINT('',(-12.5,1.48833333333333,20.7));
#2481=CARTESIAN_POINT('',(-20.7,1.48833333333333,12.5));
#2482=CARTESIAN_POINT('Origin',(-20.7,1.48833333333333,-12.5));
#2483=CARTESIAN_POINT('',(-20.7,1.48833333333333,-12.5));
#2484=CARTESIAN_POINT('Origin',(-12.5,1.48833333333333,-12.5));
#2485=CARTESIAN_POINT('',(-12.5,1.48833333333333,-20.7));
#2486=CARTESIAN_POINT('Origin',(12.5,1.48833333333333,-20.7));
#2487=CARTESIAN_POINT('',(12.5,1.48833333333333,-20.7));
#2488=CARTESIAN_POINT('Origin',(12.5,1.48833333333333,-12.5));
#2489=CARTESIAN_POINT('',(20.7,1.48833333333333,-12.5));
#2490=CARTESIAN_POINT('Origin',(20.7,1.48833333333333,12.5));
#2491=CARTESIAN_POINT('',(20.7,1.48833333333333,12.5));
#2492=CARTESIAN_POINT('Origin',(12.5,1.48833333333333,12.5));
#2493=CARTESIAN_POINT('',(12.5,1.48833333333333,20.7));
#2494=CARTESIAN_POINT('Origin',(-12.5,1.48833333333333,20.7));
#2495=UNCERTAINTY_MEASURE_WITH_UNIT(LENGTH_MEASURE(0.01),#2499,
'DISTANCE_ACCURACY_VALUE',
'Maximum model space distance between geometric entities at asserted c
onnectivities');
#2496=UNCERTAINTY_MEASURE_WITH_UNIT(LENGTH_MEASURE(0.01),#2499,
'DISTANCE_ACCURACY_VALUE',
'Maximum model space distance between geometric entities at asserted c
onnectivities');
#2497=(
GEOMETRIC_REPRESENTATION_CONTEXT(3)
GLOBAL_UNCERTAINTY_ASSIGNED_CONTEXT((#2495))
GLOBAL_UNIT_ASSIGNED_CONTEXT((#2499,#2501,#2502))
REPRESENTATION_CONTEXT('','3D')
);
#2498=(
GEOMETRIC_REPRESENTATION_CONTEXT(3)
GLOBAL_UNCERTAINTY_ASSIGNED_CONTEXT((#2496))
GLOBAL_UNIT_ASSIGNED_CONTEXT((#2499,#2501,#2502))
REPRESENTATION_CONTEXT('','3D')
);
#2499=(
LENGTH_UNIT()
NAMED_UNIT(*)
SI_UNIT(.MILLI.,.METRE.)
);
#2500=(
LENGTH_UNIT()
NAMED_UNIT(*)
SI_UNIT($,.METRE.)
);
#2501=(
NAMED_UNIT(*)
PLANE_ANGLE_UNIT()
SI_UNIT($,.RADIAN.)
);
#2502=(
NAMED_UNIT(*)
SI_UNIT($,.STERADIAN.)
SOLID_ANGLE_UNIT()
);
#2503=SHAPE_DEFINITION_REPRESENTATION(#2504,#2505);
#2504=PRODUCT_DEFINITION_SHAPE('',$,#2507);
#2505=SHAPE_REPRESENTATION('',(#1458),#2497);
#2506=PRODUCT_DEFINITION_CONTEXT('part definition',#2511,'design');
#2507=PRODUCT_DEFINITION('2026-08-17-19-33-23-590','Sensor Top',#2508,#2506);
#2508=PRODUCT_DEFINITION_FORMATION('',$,#2513);
#2509=PRODUCT_RELATED_PRODUCT_CATEGORY('Sensor Top','Sensor Top',(#2513));
#2510=APPLICATION_PROTOCOL_DEFINITION('international standard',
'automotive_design',2009,#2511);
#2511=APPLICATION_CONTEXT(
'Core Data for Automotive Mechanical Design Process');
#2512=PRODUCT_CONTEXT('part definition',#2511,'mechanical');
#2513=PRODUCT('2026-08-17-19-33-23-590','Sensor Top',$,(#2512));
#2514=PRESENTATION_STYLE_ASSIGNMENT((#2516));
#2515=PRESENTATION_STYLE_ASSIGNMENT((#2517));
#2516=SURFACE_STYLE_USAGE(.BOTH.,#2518);
#2517=SURFACE_STYLE_USAGE(.BOTH.,#2519);
#2518=SURFACE_SIDE_STYLE('',(#2520));
#2519=SURFACE_SIDE_STYLE('',(#2521));
#2520=SURFACE_STYLE_FILL_AREA(#2522);
#2521=SURFACE_STYLE_FILL_AREA(#2523);
#2522=FILL_AREA_STYLE('Steel - Satin',(#2524));
#2523=FILL_AREA_STYLE('ABS (White)',(#2525));
#2524=FILL_AREA_STYLE_COLOUR('Steel - Satin',#2526);
#2525=FILL_AREA_STYLE_COLOUR('ABS (White)',#2527);
#2526=COLOUR_RGB('Steel - Satin',0.627450980392157,0.627450980392157,0.627450980392157);
#2527=COLOUR_RGB('ABS (White)',0.964705882352941,0.964705882352941,0.952941176470588);
ENDSEC;
END-ISO-10303-21;
